# Blender 4.4.1
# www.blender.org
mtllib UmbrellaTopClose.mtl
o 円錐
v 0.000000 -1.176509 -0.500074
v 0.089046 -1.176509 -0.490465
v 0.174670 -1.176509 -0.462008
v 0.253581 -1.176509 -0.415796
v 0.322747 -1.176509 -0.353606
v 0.379511 -1.176509 -0.277826
v 0.421689 -1.176509 -0.191370
v 0.447663 -1.176509 -0.097560
v 0.456433 -1.176509 0.000000
v 0.447663 -1.176509 0.097560
v 0.421689 -1.176509 0.191370
v 0.379511 -1.176509 0.277826
v 0.322747 -1.176509 0.353606
v 0.253581 -1.176509 0.415796
v 0.174670 -1.176509 0.462008
v 0.089046 -1.176509 0.490465
v 0.000000 -1.176509 0.500074
v -0.089046 -1.176509 0.490465
v -0.174670 -1.176509 0.462008
v -0.253581 -1.176509 0.415796
v -0.322747 -1.176509 0.353606
v -0.379511 -1.176509 0.277826
v -0.421689 -1.176509 0.191370
v -0.447663 -1.176509 0.097560
v -0.456433 -1.176509 0.000000
v -0.447663 -1.176509 -0.097560
v -0.421689 -1.176509 -0.191370
v -0.379511 -1.176509 -0.277826
v -0.322747 -1.176509 -0.353606
v -0.253581 -1.176509 -0.415796
v -0.174670 -1.176509 -0.462008
v -0.089046 -1.176509 -0.490465
v 0.000000 0.251086 -0.000000
v -0.000000 -1.176379 -0.498565
v 0.088777 -1.176379 -0.488985
v 0.174143 -1.176379 -0.460614
v 0.252816 -1.176379 -0.414542
v 0.321773 -1.176379 -0.352539
v 0.378366 -1.176379 -0.276988
v 0.420417 -1.176379 -0.190793
v 0.446313 -1.176379 -0.097266
v 0.455056 -1.176379 0.000000
v 0.446313 -1.176379 0.097266
v 0.420417 -1.176379 0.190793
v 0.378366 -1.176379 0.276988
v 0.321773 -1.176379 0.352539
v 0.252816 -1.176379 0.414542
v 0.174143 -1.176379 0.460614
v -0.000000 -1.176379 0.498566
v -0.088777 -1.176379 0.488986
v -0.174143 -1.176379 0.460614
v -0.252816 -1.176379 0.414542
v -0.321773 -1.176379 0.352539
v -0.378366 -1.176379 0.276988
v -0.420417 -1.176379 0.190793
v -0.446313 -1.176379 0.097266
v -0.455056 -1.176379 0.000000
v -0.446313 -1.176379 -0.097266
v -0.420417 -1.176379 -0.190793
v -0.378366 -1.176379 -0.276988
v -0.321773 -1.176379 -0.352539
v -0.252816 -1.176379 -0.414542
v -0.174143 -1.176379 -0.460614
v -0.088777 -1.176379 -0.488985
v -0.000000 0.246910 -0.000000
v 0.000000 -1.176509 -0.500074
v 0.089046 -1.176509 -0.490465
v 0.174670 -1.176509 -0.462008
v 0.253581 -1.176509 -0.415796
v 0.322747 -1.176509 -0.353606
v 0.379511 -1.176509 -0.277826
v 0.421689 -1.176509 -0.191370
v 0.447663 -1.176509 -0.097560
v 0.456433 -1.176509 0.000000
v 0.447663 -1.176509 0.097560
v 0.421689 -1.176509 0.191370
v 0.379511 -1.176509 0.277826
v 0.322747 -1.176509 0.353606
v 0.253581 -1.176509 0.415796
v 0.174670 -1.176509 0.462008
v 0.089046 -1.176509 0.490465
v 0.000000 -1.176509 0.500074
v -0.089046 -1.176509 0.490465
v -0.174670 -1.176509 0.462008
v -0.253581 -1.176509 0.415796
v -0.322747 -1.176509 0.353606
v -0.379511 -1.176509 0.277826
v -0.421689 -1.176509 0.191370
v -0.447663 -1.176509 0.097560
v -0.456433 -1.176509 0.000000
v -0.447663 -1.176509 -0.097560
v -0.421689 -1.176509 -0.191370
v -0.379511 -1.176509 -0.277826
v -0.322747 -1.176509 -0.353606
v -0.253581 -1.176509 -0.415796
v -0.174670 -1.176509 -0.462008
v -0.089046 -1.176509 -0.490465
v 0.000000 0.251086 -0.000000
v 0.002297 -0.032289 -0.087452
v -0.002297 -0.032289 -0.087452
v -0.002297 -0.030770 -0.083116
v 0.002297 -0.030770 -0.083116
v 0.002297 -0.043356 -0.083575
v -0.002297 -0.043356 -0.083575
v -0.002297 -0.041837 -0.079239
v 0.002297 -0.041837 -0.079239
v 0.002297 -0.054423 -0.079699
v -0.002297 -0.054423 -0.079699
v -0.002297 -0.052904 -0.075363
v 0.002297 -0.052904 -0.075363
v 0.002297 -0.065489 -0.075822
v -0.002297 -0.065489 -0.075822
v -0.002297 -0.063970 -0.071486
v 0.002297 -0.063970 -0.071486
v 0.002297 -0.076556 -0.071946
v -0.002297 -0.076556 -0.071946
v -0.002297 -0.075037 -0.067610
v 0.002297 -0.075037 -0.067610
v 0.002297 -0.087623 -0.068069
v -0.002297 -0.087623 -0.068069
v -0.002297 -0.086104 -0.063733
v 0.002297 -0.086104 -0.063733
v 0.002297 -0.098689 -0.064193
v -0.002297 -0.098689 -0.064193
v -0.002297 -0.097170 -0.059857
v 0.002297 -0.097170 -0.059857
v 0.002297 -0.109756 -0.060316
v -0.002297 -0.109756 -0.060316
v -0.002297 -0.108237 -0.055980
v 0.002297 -0.108237 -0.055980
v 0.002297 -0.120822 -0.056440
v -0.002297 -0.120822 -0.056440
v -0.002297 -0.119304 -0.052104
v 0.002297 -0.119304 -0.052104
v 0.002297 -0.131889 -0.052563
v -0.002297 -0.131889 -0.052563
v -0.002297 -0.130370 -0.048227
v 0.002297 -0.130370 -0.048227
v 0.002297 -0.142956 -0.048687
v -0.002297 -0.142956 -0.048687
v -0.002297 -0.141437 -0.044351
v 0.002297 -0.141437 -0.044351
v 0.002297 -0.154022 -0.044810
v -0.002297 -0.154022 -0.044810
v -0.002297 -0.152503 -0.040474
v 0.002297 -0.152503 -0.040474
v 0.002297 -0.165089 -0.040933
v -0.002297 -0.165089 -0.040933
v -0.002297 -0.163570 -0.036597
v 0.002297 -0.163570 -0.036597
v 0.002297 -0.176156 -0.037057
v -0.002297 -0.176156 -0.037057
v -0.002297 -0.174637 -0.032721
v 0.002297 -0.174637 -0.032721
v 0.002297 -0.187222 -0.033180
v -0.002297 -0.187222 -0.033180
v -0.002297 -0.185703 -0.028844
v 0.002297 -0.185703 -0.028844
v 0.002297 -0.198289 -0.029304
v -0.002297 -0.198289 -0.029304
v -0.002297 -0.196770 -0.024968
v 0.002297 -0.196770 -0.024968
v 0.002297 -0.209355 -0.025427
v -0.002297 -0.209355 -0.025427
v -0.002297 -0.207837 -0.021091
v 0.002297 -0.207837 -0.021091
v 0.002297 -0.220422 -0.021551
v -0.002297 -0.220422 -0.021551
v -0.002297 -0.218903 -0.017215
v 0.002297 -0.218903 -0.017215
v 0.002297 -0.231489 -0.017674
v -0.002297 -0.231489 -0.017674
v -0.002297 -0.229970 -0.013338
v 0.002297 -0.229970 -0.013338
v 0.002297 -0.242555 -0.013798
v -0.002297 -0.242555 -0.013798
v -0.002297 -0.241036 -0.009462
v 0.002297 -0.241036 -0.009462
v 0.002297 -0.253622 -0.009921
v -0.002297 -0.253622 -0.009921
v -0.002297 -0.252103 -0.005585
v 0.002297 -0.252103 -0.005585
v 0.003489 -0.264866 -0.005652
v -0.001066 -0.264341 -0.005652
v -0.000925 -0.262993 -0.001271
v 0.003630 -0.263517 -0.001271
v -0.017432 -0.032417 -0.085818
v -0.012847 -0.032131 -0.085818
v -0.012940 -0.030643 -0.081472
v -0.017525 -0.030929 -0.081472
v -0.016742 -0.043483 -0.082016
v -0.012157 -0.043197 -0.082016
v -0.012250 -0.041710 -0.077670
v -0.016835 -0.041996 -0.077670
v -0.016052 -0.054550 -0.078214
v -0.011467 -0.054264 -0.078214
v -0.011559 -0.052777 -0.073868
v -0.016145 -0.053063 -0.073868
v -0.015362 -0.065616 -0.074412
v -0.010776 -0.065330 -0.074412
v -0.010869 -0.063843 -0.070066
v -0.015454 -0.064129 -0.070066
v -0.014671 -0.076683 -0.070610
v -0.010086 -0.076397 -0.070610
v -0.010179 -0.074910 -0.066264
v -0.014764 -0.075196 -0.066264
v -0.013981 -0.087750 -0.066808
v -0.009396 -0.087464 -0.066808
v -0.009488 -0.085976 -0.062462
v -0.014074 -0.086262 -0.062462
v -0.013291 -0.098816 -0.063006
v -0.008705 -0.098530 -0.063006
v -0.008798 -0.097043 -0.058660
v -0.013384 -0.097329 -0.058660
v -0.012601 -0.109883 -0.059204
v -0.008015 -0.109597 -0.059204
v -0.008108 -0.108110 -0.054858
v -0.012693 -0.108396 -0.054858
v -0.011910 -0.120950 -0.055402
v -0.007325 -0.120664 -0.055402
v -0.007418 -0.119176 -0.051056
v -0.012003 -0.119462 -0.051056
v -0.011220 -0.132016 -0.051600
v -0.006635 -0.131730 -0.051600
v -0.006727 -0.130243 -0.047254
v -0.011313 -0.130529 -0.047254
v -0.010530 -0.143083 -0.047798
v -0.005944 -0.142797 -0.047798
v -0.006037 -0.141310 -0.043452
v -0.010622 -0.141596 -0.043452
v -0.009839 -0.154150 -0.043996
v -0.005254 -0.153864 -0.043996
v -0.005347 -0.152376 -0.039650
v -0.009932 -0.152662 -0.039650
v -0.009149 -0.165216 -0.040194
v -0.004564 -0.164930 -0.040194
v -0.004657 -0.163443 -0.035848
v -0.009242 -0.163729 -0.035848
v -0.008459 -0.176283 -0.036391
v -0.003873 -0.175997 -0.036391
v -0.003966 -0.174509 -0.032046
v -0.008552 -0.174796 -0.032046
v -0.007769 -0.187349 -0.032589
v -0.003183 -0.187063 -0.032589
v -0.003276 -0.185576 -0.028244
v -0.007861 -0.185862 -0.028244
v -0.007078 -0.198416 -0.028787
v -0.002493 -0.198130 -0.028787
v -0.002586 -0.196643 -0.024442
v -0.007171 -0.196929 -0.024442
v -0.006388 -0.209483 -0.024985
v -0.001803 -0.209197 -0.024985
v -0.001895 -0.207709 -0.020639
v -0.006481 -0.207995 -0.020639
v -0.005698 -0.220549 -0.021183
v -0.001112 -0.220263 -0.021183
v -0.001205 -0.218776 -0.016837
v -0.005791 -0.219062 -0.016837
v -0.005007 -0.231616 -0.017381
v -0.000422 -0.231330 -0.017381
v -0.000515 -0.229843 -0.013035
v -0.005100 -0.230129 -0.013035
v -0.004317 -0.242683 -0.013579
v 0.000268 -0.242397 -0.013579
v 0.000175 -0.240909 -0.009233
v -0.004410 -0.241195 -0.009233
v -0.003627 -0.253749 -0.009777
v 0.000958 -0.253463 -0.009777
v 0.000866 -0.251976 -0.005431
v -0.003720 -0.252262 -0.005431
v -0.031984 -0.032506 -0.080979
v -0.027423 -0.031948 -0.080979
v -0.027594 -0.030554 -0.076605
v -0.032154 -0.031112 -0.076605
v -0.030629 -0.043573 -0.077398
v -0.026069 -0.043015 -0.077398
v -0.026240 -0.041620 -0.073024
v -0.030800 -0.042178 -0.073024
v -0.029275 -0.054640 -0.073816
v -0.024715 -0.054082 -0.073816
v -0.024886 -0.052687 -0.069442
v -0.029446 -0.053245 -0.069442
v -0.027921 -0.065706 -0.070235
v -0.023361 -0.065148 -0.070235
v -0.023532 -0.063753 -0.065861
v -0.028092 -0.064311 -0.065861
v -0.026567 -0.076773 -0.066653
v -0.022007 -0.076215 -0.066653
v -0.022178 -0.074820 -0.062279
v -0.026738 -0.075378 -0.062279
v -0.025213 -0.087839 -0.063072
v -0.020653 -0.087281 -0.063072
v -0.020824 -0.085887 -0.058698
v -0.025384 -0.086445 -0.058698
v -0.023859 -0.098906 -0.059490
v -0.019299 -0.098348 -0.059490
v -0.019470 -0.096953 -0.055116
v -0.024030 -0.097511 -0.055116
v -0.022505 -0.109973 -0.055909
v -0.017945 -0.109415 -0.055909
v -0.018116 -0.108020 -0.051535
v -0.022676 -0.108578 -0.051535
v -0.021151 -0.121039 -0.052327
v -0.016591 -0.120481 -0.052327
v -0.016762 -0.119087 -0.047953
v -0.021322 -0.119645 -0.047953
v -0.019797 -0.132106 -0.048746
v -0.015237 -0.131548 -0.048746
v -0.015408 -0.130153 -0.044372
v -0.019968 -0.130711 -0.044372
v -0.018443 -0.143173 -0.045165
v -0.013883 -0.142615 -0.045165
v -0.014054 -0.141220 -0.040790
v -0.018614 -0.141778 -0.040790
v -0.017089 -0.154239 -0.041583
v -0.012529 -0.153681 -0.041583
v -0.012700 -0.152287 -0.037209
v -0.017260 -0.152845 -0.037209
v -0.015735 -0.165306 -0.038002
v -0.011175 -0.164748 -0.038002
v -0.011346 -0.163353 -0.033628
v -0.015906 -0.163911 -0.033628
v -0.014381 -0.176372 -0.034420
v -0.009821 -0.175815 -0.034420
v -0.009992 -0.174420 -0.030046
v -0.014552 -0.174978 -0.030046
v -0.013027 -0.187439 -0.030839
v -0.008467 -0.186881 -0.030839
v -0.008637 -0.185486 -0.026465
v -0.013198 -0.186044 -0.026465
v -0.011673 -0.198506 -0.027257
v -0.007113 -0.197948 -0.027257
v -0.007283 -0.196553 -0.022883
v -0.011844 -0.197111 -0.022883
v -0.010319 -0.209572 -0.023676
v -0.005759 -0.209014 -0.023676
v -0.005929 -0.207620 -0.019302
v -0.010490 -0.208178 -0.019302
v -0.008965 -0.220639 -0.020094
v -0.004405 -0.220081 -0.020094
v -0.004575 -0.218686 -0.015720
v -0.009136 -0.219244 -0.015720
v -0.007611 -0.231706 -0.016513
v -0.003051 -0.231148 -0.016513
v -0.003221 -0.229753 -0.012139
v -0.007782 -0.230311 -0.012139
v -0.006257 -0.242772 -0.012932
v -0.001697 -0.242214 -0.012932
v -0.001867 -0.240820 -0.008557
v -0.006428 -0.241378 -0.008557
v -0.004903 -0.253839 -0.009350
v -0.000343 -0.253281 -0.009350
v -0.000513 -0.251886 -0.004976
v -0.005074 -0.252444 -0.004976
v -0.045397 -0.032555 -0.073119
v -0.040874 -0.031752 -0.073119
v -0.041095 -0.030505 -0.068703
v -0.045619 -0.031308 -0.068703
v -0.043432 -0.043622 -0.069896
v -0.038908 -0.042818 -0.069896
v -0.039130 -0.041571 -0.065480
v -0.043653 -0.042375 -0.065480
v -0.041466 -0.054688 -0.066673
v -0.036942 -0.053885 -0.066673
v -0.037164 -0.052638 -0.062256
v -0.041687 -0.053441 -0.062256
v -0.039500 -0.065755 -0.063449
v -0.034977 -0.064952 -0.063449
v -0.035198 -0.063705 -0.059033
v -0.039722 -0.064508 -0.059033
v -0.037534 -0.076822 -0.060226
v -0.033011 -0.076018 -0.060226
v -0.033232 -0.074771 -0.055810
v -0.037756 -0.075575 -0.055810
v -0.035569 -0.087888 -0.057003
v -0.031045 -0.087085 -0.057003
v -0.031267 -0.085838 -0.052587
v -0.035790 -0.086641 -0.052587
v -0.033603 -0.098955 -0.053780
v -0.029079 -0.098151 -0.053780
v -0.029301 -0.096905 -0.049363
v -0.033824 -0.097708 -0.049363
v -0.031637 -0.110022 -0.050557
v -0.027114 -0.109218 -0.050557
v -0.027335 -0.107971 -0.046140
v -0.031859 -0.108775 -0.046140
v -0.029671 -0.121088 -0.047333
v -0.025148 -0.120285 -0.047333
v -0.025369 -0.119038 -0.042917
v -0.029893 -0.119841 -0.042917
v -0.027706 -0.132155 -0.044110
v -0.023182 -0.131351 -0.044110
v -0.023404 -0.130104 -0.039694
v -0.027927 -0.130908 -0.039694
v -0.025740 -0.143221 -0.040887
v -0.021216 -0.142418 -0.040887
v -0.021438 -0.141171 -0.036471
v -0.025961 -0.141975 -0.036471
v -0.023774 -0.154288 -0.037664
v -0.019251 -0.153485 -0.037664
v -0.019472 -0.152238 -0.033247
v -0.023996 -0.153041 -0.033247
v -0.021808 -0.165355 -0.034440
v -0.017285 -0.164551 -0.034440
v -0.017506 -0.163304 -0.030024
v -0.022030 -0.164108 -0.030024
v -0.019843 -0.176421 -0.031217
v -0.015319 -0.175618 -0.031217
v -0.015541 -0.174371 -0.026801
v -0.020064 -0.175174 -0.026801
v -0.017877 -0.187488 -0.027994
v -0.013354 -0.186684 -0.027994
v -0.013575 -0.185437 -0.023578
v -0.018098 -0.186241 -0.023578
v -0.015911 -0.198555 -0.024771
v -0.011388 -0.197751 -0.024771
v -0.011609 -0.196504 -0.020355
v -0.016133 -0.197308 -0.020355
v -0.013946 -0.209621 -0.021548
v -0.009422 -0.208818 -0.021548
v -0.009644 -0.207571 -0.017131
v -0.014167 -0.208374 -0.017131
v -0.011980 -0.220688 -0.018324
v -0.007456 -0.219884 -0.018324
v -0.007678 -0.218637 -0.013908
v -0.012201 -0.219441 -0.013908
v -0.010014 -0.231754 -0.015101
v -0.005491 -0.230951 -0.015101
v -0.005712 -0.229704 -0.010685
v -0.010236 -0.230508 -0.010685
v -0.008048 -0.242821 -0.011878
v -0.003525 -0.242018 -0.011878
v -0.003746 -0.240771 -0.007462
v -0.008270 -0.241574 -0.007462
v -0.006083 -0.253888 -0.008655
v -0.001559 -0.253084 -0.008655
v -0.001781 -0.251837 -0.004238
v -0.006304 -0.252641 -0.004238
v -0.057164 -0.032563 -0.062538
v -0.052683 -0.031550 -0.062538
v -0.052920 -0.030497 -0.058072
v -0.057402 -0.031510 -0.058072
v -0.054662 -0.043629 -0.059797
v -0.050181 -0.042616 -0.059797
v -0.050419 -0.041564 -0.055331
v -0.054900 -0.042577 -0.055331
v -0.052160 -0.054696 -0.057056
v -0.047679 -0.053683 -0.057056
v -0.047917 -0.052630 -0.052590
v -0.052398 -0.053644 -0.052590
v -0.049658 -0.065763 -0.054314
v -0.045177 -0.064749 -0.054314
v -0.045415 -0.063697 -0.049849
v -0.049896 -0.064710 -0.049849
v -0.047156 -0.076829 -0.051573
v -0.042675 -0.075816 -0.051573
v -0.042913 -0.074764 -0.047107
v -0.047394 -0.075777 -0.047107
v -0.044654 -0.087896 -0.048832
v -0.040173 -0.086883 -0.048832
v -0.040411 -0.085830 -0.044366
v -0.044892 -0.086843 -0.044366
v -0.042152 -0.098962 -0.046091
v -0.037671 -0.097949 -0.046091
v -0.037909 -0.096897 -0.041625
v -0.042390 -0.097910 -0.041625
v -0.039650 -0.110029 -0.043350
v -0.035169 -0.109016 -0.043350
v -0.035407 -0.107964 -0.038884
v -0.039888 -0.108977 -0.038884
v -0.037148 -0.121096 -0.040609
v -0.032667 -0.120083 -0.040609
v -0.032905 -0.119030 -0.036143
v -0.037386 -0.120043 -0.036143
v -0.034647 -0.132162 -0.037868
v -0.030165 -0.131149 -0.037868
v -0.030403 -0.130097 -0.033402
v -0.034884 -0.131110 -0.033402
v -0.032145 -0.143229 -0.035127
v -0.027663 -0.142216 -0.035127
v -0.027901 -0.141164 -0.030661
v -0.032383 -0.142177 -0.030661
v -0.029643 -0.154296 -0.032385
v -0.025162 -0.153282 -0.032385
v -0.025399 -0.152230 -0.027920
v -0.029881 -0.153243 -0.027920
v -0.027141 -0.165362 -0.029644
v -0.022660 -0.164349 -0.029644
v -0.022898 -0.163297 -0.025178
v -0.027379 -0.164310 -0.025178
v -0.024639 -0.176429 -0.026903
v -0.020158 -0.175416 -0.026903
v -0.020396 -0.174363 -0.022437
v -0.024877 -0.175377 -0.022437
v -0.022137 -0.187495 -0.024162
v -0.017656 -0.186482 -0.024162
v -0.017894 -0.185430 -0.019696
v -0.022375 -0.186443 -0.019696
v -0.019635 -0.198562 -0.021421
v -0.015154 -0.197549 -0.021421
v -0.015392 -0.196497 -0.016955
v -0.019873 -0.197510 -0.016955
v -0.017133 -0.209629 -0.018680
v -0.012652 -0.208616 -0.018680
v -0.012890 -0.207563 -0.014214
v -0.017371 -0.208576 -0.014214
v -0.014631 -0.220695 -0.015939
v -0.010150 -0.219682 -0.015939
v -0.010388 -0.218630 -0.011473
v -0.014869 -0.219643 -0.011473
v -0.012129 -0.231762 -0.013197
v -0.007648 -0.230749 -0.013197
v -0.007886 -0.229697 -0.008732
v -0.012367 -0.230710 -0.008732
v -0.009627 -0.242829 -0.010456
v -0.005146 -0.241816 -0.010456
v -0.005384 -0.240763 -0.005991
v -0.009865 -0.241776 -0.005991
v -0.007126 -0.253895 -0.007715
v -0.002644 -0.252882 -0.007715
v -0.002882 -0.251830 -0.003249
v -0.007363 -0.252843 -0.003249
v -0.066834 -0.032530 -0.049639
v -0.062394 -0.031350 -0.049639
v -0.062612 -0.030529 -0.045124
v -0.067052 -0.031710 -0.045124
v -0.063892 -0.043597 -0.047485
v -0.059452 -0.042417 -0.047485
v -0.059670 -0.041596 -0.042970
v -0.064110 -0.042776 -0.042970
v -0.060950 -0.054664 -0.045331
v -0.056510 -0.053483 -0.045331
v -0.056728 -0.052663 -0.040816
v -0.061168 -0.053843 -0.040816
v -0.058008 -0.065730 -0.043178
v -0.053568 -0.064550 -0.043178
v -0.053786 -0.063729 -0.038663
v -0.058226 -0.064910 -0.038663
v -0.055066 -0.076797 -0.041024
v -0.050626 -0.075617 -0.041024
v -0.050844 -0.074796 -0.036509
v -0.055284 -0.075976 -0.036509
v -0.052124 -0.087864 -0.038870
v -0.047684 -0.086683 -0.038870
v -0.047902 -0.085863 -0.034355
v -0.052342 -0.087043 -0.034355
v -0.049182 -0.098930 -0.036717
v -0.044742 -0.097750 -0.036717
v -0.044960 -0.096929 -0.032202
v -0.049400 -0.098110 -0.032202
v -0.046240 -0.109997 -0.034563
v -0.041800 -0.108817 -0.034563
v -0.042018 -0.107996 -0.030048
v -0.046458 -0.109176 -0.030048
v -0.043298 -0.121064 -0.032409
v -0.038858 -0.119883 -0.032409
v -0.039076 -0.119062 -0.027894
v -0.043516 -0.120243 -0.027894
v -0.040356 -0.132130 -0.030256
v -0.035916 -0.130950 -0.030256
v -0.036134 -0.130129 -0.025740
v -0.040574 -0.131309 -0.025740
v -0.037414 -0.143197 -0.028102
v -0.032974 -0.142016 -0.028102
v -0.033192 -0.141196 -0.023587
v -0.037633 -0.142376 -0.023587
v -0.034472 -0.154263 -0.025948
v -0.030032 -0.153083 -0.025948
v -0.030250 -0.152262 -0.021433
v -0.034691 -0.153443 -0.021433
v -0.031530 -0.165330 -0.023794
v -0.027090 -0.164150 -0.023794
v -0.027309 -0.163329 -0.019279
v -0.031749 -0.164509 -0.019279
v -0.028588 -0.176397 -0.021641
v -0.024148 -0.175216 -0.021641
v -0.024367 -0.174396 -0.017126
v -0.028807 -0.175576 -0.017126
v -0.025647 -0.187463 -0.019487
v -0.021207 -0.186283 -0.019487
v -0.021425 -0.185462 -0.014972
v -0.025865 -0.186643 -0.014972
v -0.022705 -0.198530 -0.017333
v -0.018265 -0.197350 -0.017333
v -0.018483 -0.196529 -0.012818
v -0.022923 -0.197709 -0.012818
v -0.019763 -0.209596 -0.015180
v -0.015323 -0.208416 -0.015180
v -0.015541 -0.207595 -0.010665
v -0.019981 -0.208776 -0.010665
v -0.016821 -0.220663 -0.013026
v -0.012381 -0.219483 -0.013026
v -0.012599 -0.218662 -0.008511
v -0.017039 -0.219842 -0.008511
v -0.013879 -0.231730 -0.010872
v -0.009439 -0.230549 -0.010872
v -0.009657 -0.229729 -0.006357
v -0.014097 -0.230909 -0.006357
v -0.010937 -0.242796 -0.008719
v -0.006497 -0.241616 -0.008719
v -0.006715 -0.240795 -0.004204
v -0.011155 -0.241976 -0.004204
v -0.007995 -0.253863 -0.006565
v -0.003555 -0.252683 -0.006565
v -0.003773 -0.251862 -0.002050
v -0.008213 -0.253042 -0.002050
v -0.074036 -0.032462 -0.034915
v -0.069630 -0.031160 -0.034915
v -0.069796 -0.030598 -0.030358
v -0.074202 -0.031900 -0.030358
v -0.070767 -0.043528 -0.033432
v -0.066361 -0.042227 -0.033432
v -0.066527 -0.041665 -0.028875
v -0.070933 -0.042966 -0.028875
v -0.067498 -0.054595 -0.031948
v -0.063092 -0.053293 -0.031948
v -0.063258 -0.052732 -0.027391
v -0.067664 -0.054033 -0.027391
v -0.064229 -0.065661 -0.030465
v -0.059823 -0.064360 -0.030465
v -0.059989 -0.063798 -0.025908
v -0.064395 -0.065100 -0.025908
v -0.060960 -0.076728 -0.028981
v -0.056554 -0.075427 -0.028981
v -0.056720 -0.074865 -0.024424
v -0.061126 -0.076166 -0.024424
v -0.057692 -0.087795 -0.027498
v -0.053285 -0.086493 -0.027498
v -0.053451 -0.085931 -0.022941
v -0.057857 -0.087233 -0.022941
v -0.054423 -0.098861 -0.026014
v -0.050017 -0.097560 -0.026014
v -0.050182 -0.096998 -0.021457
v -0.054589 -0.098300 -0.021457
v -0.051154 -0.109928 -0.024531
v -0.046748 -0.108627 -0.024531
v -0.046914 -0.108065 -0.019974
v -0.051320 -0.109366 -0.019974
v -0.047885 -0.120995 -0.023047
v -0.043479 -0.119693 -0.023047
v -0.043645 -0.119131 -0.018490
v -0.048051 -0.120433 -0.018490
v -0.044616 -0.132061 -0.021564
v -0.040210 -0.130760 -0.021564
v -0.040376 -0.130198 -0.017007
v -0.044782 -0.131499 -0.017007
v -0.041347 -0.143128 -0.020080
v -0.036941 -0.141826 -0.020080
v -0.037107 -0.141265 -0.015524
v -0.041513 -0.142566 -0.015524
v -0.038078 -0.154195 -0.018597
v -0.033672 -0.152893 -0.018597
v -0.033838 -0.152331 -0.014040
v -0.038244 -0.153633 -0.014040
v -0.034809 -0.165261 -0.017113
v -0.030403 -0.163960 -0.017113
v -0.030569 -0.163398 -0.012557
v -0.034975 -0.164699 -0.012557
v -0.031540 -0.176328 -0.015630
v -0.027134 -0.175026 -0.015630
v -0.027300 -0.174464 -0.011073
v -0.031706 -0.175766 -0.011073
v -0.028271 -0.187394 -0.014146
v -0.023865 -0.186093 -0.014146
v -0.024031 -0.185531 -0.009590
v -0.028437 -0.186833 -0.009590
v -0.025002 -0.198461 -0.012663
v -0.020596 -0.197160 -0.012663
v -0.020762 -0.196598 -0.008106
v -0.025168 -0.197899 -0.008106
v -0.021734 -0.209528 -0.011179
v -0.017327 -0.208226 -0.011179
v -0.017493 -0.207664 -0.006623
v -0.021900 -0.208966 -0.006623
v -0.018465 -0.220594 -0.009696
v -0.014059 -0.219293 -0.009696
v -0.014225 -0.218731 -0.005139
v -0.018631 -0.220032 -0.005139
v -0.015196 -0.231661 -0.008212
v -0.010790 -0.230359 -0.008212
v -0.010956 -0.229798 -0.003656
v -0.015362 -0.231099 -0.003656
v -0.011927 -0.242728 -0.006729
v -0.007521 -0.241426 -0.006729
v -0.007687 -0.240864 -0.002172
v -0.012093 -0.242166 -0.002172
v -0.008658 -0.253794 -0.005245
v -0.004252 -0.252493 -0.005245
v -0.004418 -0.251931 -0.000689
v -0.008824 -0.253232 -0.000689
v -0.078493 -0.032360 -0.018930
v -0.074109 -0.030985 -0.018930
v -0.074198 -0.030700 -0.014346
v -0.078582 -0.032075 -0.014346
v -0.075023 -0.043427 -0.018174
v -0.070639 -0.042052 -0.018174
v -0.070728 -0.041767 -0.013590
v -0.075112 -0.043141 -0.013590
v -0.071552 -0.054493 -0.017418
v -0.067169 -0.053118 -0.017418
v -0.067258 -0.052833 -0.012833
v -0.071642 -0.054208 -0.012833
v -0.068082 -0.065560 -0.016662
v -0.063698 -0.064185 -0.016662
v -0.063788 -0.063900 -0.012077
v -0.068172 -0.065275 -0.012077
v -0.064612 -0.076626 -0.015905
v -0.060228 -0.075252 -0.015905
v -0.060317 -0.074967 -0.011321
v -0.064701 -0.076341 -0.011321
v -0.061142 -0.087693 -0.015149
v -0.056758 -0.086318 -0.015149
v -0.056847 -0.086033 -0.010564
v -0.061231 -0.087408 -0.010564
v -0.057671 -0.098760 -0.014393
v -0.053287 -0.097385 -0.014393
v -0.053377 -0.097100 -0.009808
v -0.057761 -0.098474 -0.009808
v -0.054201 -0.109826 -0.013636
v -0.049817 -0.108452 -0.013636
v -0.049907 -0.108166 -0.009052
v -0.054290 -0.109541 -0.009052
v -0.050731 -0.120893 -0.012880
v -0.046347 -0.119518 -0.012880
v -0.046436 -0.119233 -0.008296
v -0.050820 -0.120608 -0.008296
v -0.047261 -0.131960 -0.012124
v -0.042877 -0.130585 -0.012124
v -0.042966 -0.130300 -0.007539
v -0.047350 -0.131674 -0.007539
v -0.043790 -0.143026 -0.011368
v -0.039406 -0.141652 -0.011368
v -0.039496 -0.141366 -0.006783
v -0.043880 -0.142741 -0.006783
v -0.040320 -0.154093 -0.010611
v -0.035936 -0.152718 -0.010611
v -0.036026 -0.152433 -0.006027
v -0.040409 -0.153808 -0.006027
v -0.036850 -0.165159 -0.009855
v -0.032466 -0.163785 -0.009855
v -0.032555 -0.163500 -0.005271
v -0.036939 -0.164874 -0.005271
v -0.033380 -0.176226 -0.009099
v -0.028996 -0.174851 -0.009099
v -0.029085 -0.174566 -0.004514
v -0.033469 -0.175941 -0.004514
v -0.029909 -0.187293 -0.008343
v -0.025525 -0.185918 -0.008343
v -0.025615 -0.185633 -0.003758
v -0.029999 -0.187007 -0.003758
v -0.026439 -0.198359 -0.007586
v -0.022055 -0.196985 -0.007586
v -0.022145 -0.196699 -0.003002
v -0.026528 -0.198074 -0.003002
v -0.022969 -0.209426 -0.006830
v -0.018585 -0.208051 -0.006830
v -0.018674 -0.207766 -0.002245
v -0.023058 -0.209141 -0.002245
v -0.019499 -0.220493 -0.006074
v -0.015115 -0.219118 -0.006074
v -0.015204 -0.218833 -0.001489
v -0.019588 -0.220207 -0.001489
v -0.016028 -0.231559 -0.005317
v -0.011644 -0.230185 -0.005317
v -0.011734 -0.229899 -0.000733
v -0.016118 -0.231274 -0.000733
v -0.012558 -0.242626 -0.004561
v -0.008174 -0.241251 -0.004561
v -0.008264 -0.240966 0.000023
v -0.012647 -0.242341 0.000023
v -0.009088 -0.253692 -0.003805
v -0.004704 -0.252318 -0.003805
v -0.004793 -0.252033 0.000780
v -0.009177 -0.253407 0.000780
v -0.080029 -0.032229 -0.002297
v -0.075653 -0.030830 -0.002297
v -0.075653 -0.030830 0.002297
v -0.080029 -0.032229 0.002297
v -0.076491 -0.043296 -0.002297
v -0.072115 -0.041897 -0.002297
v -0.072115 -0.041897 0.002297
v -0.076491 -0.043296 0.002297
v -0.072953 -0.054363 -0.002297
v -0.068577 -0.052964 -0.002297
v -0.068577 -0.052964 0.002297
v -0.072953 -0.054363 0.002297
v -0.069415 -0.065429 -0.002297
v -0.065039 -0.064030 -0.002297
v -0.065039 -0.064030 0.002297
v -0.069415 -0.065429 0.002297
v -0.065876 -0.076496 -0.002297
v -0.061500 -0.075097 -0.002297
v -0.061500 -0.075097 0.002297
v -0.065876 -0.076496 0.002297
v -0.062338 -0.087563 -0.002297
v -0.057962 -0.086164 -0.002297
v -0.057962 -0.086164 0.002297
v -0.062338 -0.087563 0.002297
v -0.058800 -0.098629 -0.002297
v -0.054424 -0.097230 -0.002297
v -0.054424 -0.097230 0.002297
v -0.058800 -0.098629 0.002297
v -0.055262 -0.109696 -0.002297
v -0.050886 -0.108297 -0.002297
v -0.050886 -0.108297 0.002297
v -0.055262 -0.109696 0.002297
v -0.051723 -0.120763 -0.002297
v -0.047347 -0.119363 -0.002297
v -0.047347 -0.119363 0.002297
v -0.051723 -0.120763 0.002297
v -0.048185 -0.131829 -0.002297
v -0.043809 -0.130430 -0.002297
v -0.043809 -0.130430 0.002297
v -0.048185 -0.131829 0.002297
v -0.044647 -0.142896 -0.002297
v -0.040271 -0.141497 -0.002297
v -0.040271 -0.141497 0.002297
v -0.044647 -0.142896 0.002297
v -0.041109 -0.153962 -0.002297
v -0.036733 -0.152563 -0.002297
v -0.036733 -0.152563 0.002297
v -0.041109 -0.153962 0.002297
v -0.037570 -0.165029 -0.002297
v -0.033194 -0.163630 -0.002297
v -0.033194 -0.163630 0.002297
v -0.037570 -0.165029 0.002297
v -0.034032 -0.176096 -0.002297
v -0.029656 -0.174697 -0.002297
v -0.029656 -0.174697 0.002297
v -0.034032 -0.176096 0.002297
v -0.030494 -0.187162 -0.002297
v -0.026118 -0.185763 -0.002297
v -0.026118 -0.185763 0.002297
v -0.030494 -0.187162 0.002297
v -0.026956 -0.198229 -0.002297
v -0.022580 -0.196830 -0.002297
v -0.022580 -0.196830 0.002297
v -0.026956 -0.198229 0.002297
v -0.023418 -0.209296 -0.002297
v -0.019041 -0.207896 -0.002297
v -0.019041 -0.207896 0.002297
v -0.023418 -0.209296 0.002297
v -0.019879 -0.220362 -0.002297
v -0.015503 -0.218963 -0.002297
v -0.015503 -0.218963 0.002297
v -0.019879 -0.220362 0.002297
v -0.016341 -0.231429 -0.002297
v -0.011965 -0.230030 -0.002297
v -0.011965 -0.230030 0.002297
v -0.016341 -0.231429 0.002297
v -0.012803 -0.242495 -0.002297
v -0.008427 -0.241096 -0.002297
v -0.008427 -0.241096 0.002297
v -0.012803 -0.242495 0.002297
v -0.009265 -0.253562 -0.002297
v -0.004889 -0.252163 -0.002297
v -0.004889 -0.252163 0.002297
v -0.009265 -0.253562 0.002297
v -0.078582 -0.032075 0.014346
v -0.074198 -0.030700 0.014346
v -0.074109 -0.030985 0.018930
v -0.078493 -0.032360 0.018930
v -0.075112 -0.043141 0.013590
v -0.070728 -0.041767 0.013590
v -0.070639 -0.042052 0.018174
v -0.075023 -0.043427 0.018174
v -0.071642 -0.054208 0.012833
v -0.067258 -0.052833 0.012833
v -0.067169 -0.053118 0.017418
v -0.071552 -0.054493 0.017418
v -0.068172 -0.065275 0.012077
v -0.063788 -0.063900 0.012077
v -0.063698 -0.064185 0.016662
v -0.068082 -0.065560 0.016662
v -0.064701 -0.076341 0.011321
v -0.060317 -0.074967 0.011321
v -0.060228 -0.075252 0.015905
v -0.064612 -0.076626 0.015905
v -0.061231 -0.087408 0.010564
v -0.056847 -0.086033 0.010564
v -0.056758 -0.086318 0.015149
v -0.061142 -0.087693 0.015149
v -0.057761 -0.098474 0.009808
v -0.053377 -0.097100 0.009808
v -0.053287 -0.097385 0.014393
v -0.057671 -0.098760 0.014393
v -0.054290 -0.109541 0.009052
v -0.049907 -0.108166 0.009052
v -0.049817 -0.108452 0.013636
v -0.054201 -0.109826 0.013636
v -0.050820 -0.120608 0.008296
v -0.046436 -0.119233 0.008296
v -0.046347 -0.119518 0.012880
v -0.050731 -0.120893 0.012880
v -0.047350 -0.131674 0.007539
v -0.042966 -0.130300 0.007539
v -0.042877 -0.130585 0.012124
v -0.047261 -0.131960 0.012124
v -0.043880 -0.142741 0.006783
v -0.039496 -0.141366 0.006783
v -0.039406 -0.141652 0.011368
v -0.043790 -0.143026 0.011368
v -0.040409 -0.153808 0.006027
v -0.036026 -0.152433 0.006027
v -0.035936 -0.152718 0.010611
v -0.040320 -0.154093 0.010611
v -0.036939 -0.164874 0.005270
v -0.032555 -0.163500 0.005270
v -0.032466 -0.163785 0.009855
v -0.036850 -0.165159 0.009855
v -0.033469 -0.175941 0.004514
v -0.029085 -0.174566 0.004514
v -0.028996 -0.174851 0.009099
v -0.033380 -0.176226 0.009099
v -0.029999 -0.187007 0.003758
v -0.025615 -0.185633 0.003758
v -0.025525 -0.185918 0.008342
v -0.029909 -0.187293 0.008342
v -0.026528 -0.198074 0.003002
v -0.022145 -0.196699 0.003002
v -0.022055 -0.196985 0.007586
v -0.026439 -0.198359 0.007586
v -0.023058 -0.209141 0.002245
v -0.018674 -0.207766 0.002245
v -0.018585 -0.208051 0.006830
v -0.022969 -0.209426 0.006830
v -0.019588 -0.220207 0.001489
v -0.015204 -0.218833 0.001489
v -0.015115 -0.219118 0.006074
v -0.019499 -0.220493 0.006074
v -0.016118 -0.231274 0.000733
v -0.011734 -0.229899 0.000733
v -0.011644 -0.230185 0.005317
v -0.016028 -0.231559 0.005317
v -0.012647 -0.242341 -0.000024
v -0.008264 -0.240966 -0.000024
v -0.008174 -0.241251 0.004561
v -0.012558 -0.242626 0.004561
v -0.009177 -0.253407 -0.000780
v -0.004793 -0.252033 -0.000780
v -0.004704 -0.252318 0.003805
v -0.009088 -0.253692 0.003805
v -0.074202 -0.031900 0.030358
v -0.069796 -0.030598 0.030358
v -0.069630 -0.031160 0.034915
v -0.074036 -0.032462 0.034915
v -0.070933 -0.042966 0.028875
v -0.066527 -0.041665 0.028875
v -0.066361 -0.042227 0.033432
v -0.070767 -0.043528 0.033432
v -0.067664 -0.054033 0.027391
v -0.063258 -0.052732 0.027391
v -0.063092 -0.053293 0.031948
v -0.067498 -0.054595 0.031948
v -0.064395 -0.065100 0.025908
v -0.059989 -0.063798 0.025908
v -0.059823 -0.064360 0.030465
v -0.064229 -0.065661 0.030465
v -0.061126 -0.076166 0.024424
v -0.056720 -0.074865 0.024424
v -0.056554 -0.075427 0.028981
v -0.060960 -0.076728 0.028981
v -0.057857 -0.087233 0.022941
v -0.053451 -0.085931 0.022941
v -0.053285 -0.086493 0.027498
v -0.057692 -0.087795 0.027498
v -0.054589 -0.098300 0.021457
v -0.050182 -0.096998 0.021457
v -0.050017 -0.097560 0.026014
v -0.054423 -0.098861 0.026014
v -0.051320 -0.109366 0.019974
v -0.046914 -0.108065 0.019974
v -0.046748 -0.108627 0.024531
v -0.051154 -0.109928 0.024531
v -0.048051 -0.120433 0.018490
v -0.043645 -0.119131 0.018490
v -0.043479 -0.119693 0.023047
v -0.047885 -0.120995 0.023047
v -0.044782 -0.131499 0.017007
v -0.040376 -0.130198 0.017007
v -0.040210 -0.130760 0.021564
v -0.044616 -0.132061 0.021564
v -0.041513 -0.142566 0.015523
v -0.037107 -0.141265 0.015523
v -0.036941 -0.141826 0.020080
v -0.041347 -0.143128 0.020080
v -0.038244 -0.153633 0.014040
v -0.033838 -0.152331 0.014040
v -0.033672 -0.152893 0.018597
v -0.038078 -0.154195 0.018597
v -0.034975 -0.164699 0.012556
v -0.030569 -0.163398 0.012556
v -0.030403 -0.163960 0.017113
v -0.034809 -0.165261 0.017113
v -0.031706 -0.175766 0.011073
v -0.027300 -0.174464 0.011073
v -0.027134 -0.175026 0.015630
v -0.031540 -0.176328 0.015630
v -0.028437 -0.186833 0.009589
v -0.024031 -0.185531 0.009589
v -0.023865 -0.186093 0.014146
v -0.028271 -0.187394 0.014146
v -0.025168 -0.197899 0.008106
v -0.020762 -0.196598 0.008106
v -0.020596 -0.197160 0.012663
v -0.025002 -0.198461 0.012663
v -0.021900 -0.208966 0.006622
v -0.017493 -0.207664 0.006622
v -0.017327 -0.208226 0.011179
v -0.021734 -0.209528 0.011179
v -0.018631 -0.220032 0.005139
v -0.014225 -0.218731 0.005139
v -0.014059 -0.219293 0.009696
v -0.018465 -0.220594 0.009696
v -0.015362 -0.231099 0.003656
v -0.010956 -0.229798 0.003656
v -0.010790 -0.230359 0.008212
v -0.015196 -0.231661 0.008212
v -0.012093 -0.242166 0.002172
v -0.007687 -0.240864 0.002172
v -0.007521 -0.241426 0.006729
v -0.011927 -0.242728 0.006729
v -0.008824 -0.253232 0.000689
v -0.004418 -0.251931 0.000689
v -0.004252 -0.252493 0.005245
v -0.008658 -0.253794 0.005245
v -0.067052 -0.031710 0.045124
v -0.062612 -0.030529 0.045124
v -0.062394 -0.031350 0.049639
v -0.066834 -0.032530 0.049639
v -0.064110 -0.042776 0.042970
v -0.059670 -0.041596 0.042970
v -0.059452 -0.042417 0.047485
v -0.063892 -0.043597 0.047485
v -0.061168 -0.053843 0.040816
v -0.056728 -0.052663 0.040816
v -0.056510 -0.053483 0.045331
v -0.060950 -0.054664 0.045331
v -0.058226 -0.064910 0.038663
v -0.053786 -0.063729 0.038663
v -0.053568 -0.064550 0.043178
v -0.058008 -0.065730 0.043178
v -0.055284 -0.075976 0.036509
v -0.050844 -0.074796 0.036509
v -0.050626 -0.075617 0.041024
v -0.055066 -0.076797 0.041024
v -0.052342 -0.087043 0.034355
v -0.047902 -0.085863 0.034355
v -0.047684 -0.086683 0.038870
v -0.052124 -0.087864 0.038870
v -0.049400 -0.098110 0.032201
v -0.044960 -0.096929 0.032201
v -0.044742 -0.097750 0.036717
v -0.049182 -0.098930 0.036717
v -0.046458 -0.109176 0.030048
v -0.042018 -0.107996 0.030048
v -0.041800 -0.108817 0.034563
v -0.046240 -0.109997 0.034563
v -0.043516 -0.120243 0.027894
v -0.039076 -0.119062 0.027894
v -0.038858 -0.119883 0.032409
v -0.043298 -0.121064 0.032409
v -0.040574 -0.131309 0.025740
v -0.036134 -0.130129 0.025740
v -0.035916 -0.130950 0.030255
v -0.040356 -0.132130 0.030255
v -0.037633 -0.142376 0.023587
v -0.033192 -0.141196 0.023587
v -0.032974 -0.142016 0.028102
v -0.037414 -0.143197 0.028102
v -0.034691 -0.153443 0.021433
v -0.030250 -0.152262 0.021433
v -0.030032 -0.153083 0.025948
v -0.034472 -0.154263 0.025948
v -0.031749 -0.164509 0.019279
v -0.027309 -0.163329 0.019279
v -0.027090 -0.164150 0.023794
v -0.031530 -0.165330 0.023794
v -0.028807 -0.175576 0.017126
v -0.024367 -0.174396 0.017126
v -0.024148 -0.175216 0.021641
v -0.028588 -0.176397 0.021641
v -0.025865 -0.186643 0.014972
v -0.021425 -0.185462 0.014972
v -0.021207 -0.186283 0.019487
v -0.025647 -0.187463 0.019487
v -0.022923 -0.197709 0.012818
v -0.018483 -0.196529 0.012818
v -0.018265 -0.197350 0.017333
v -0.022705 -0.198530 0.017333
v -0.019981 -0.208776 0.010665
v -0.015541 -0.207595 0.010665
v -0.015323 -0.208416 0.015180
v -0.019763 -0.209596 0.015180
v -0.017039 -0.219842 0.008511
v -0.012599 -0.218662 0.008511
v -0.012381 -0.219483 0.013026
v -0.016821 -0.220663 0.013026
v -0.014097 -0.230909 0.006357
v -0.009657 -0.229729 0.006357
v -0.009439 -0.230549 0.010872
v -0.013879 -0.231730 0.010872
v -0.011155 -0.241976 0.004203
v -0.006715 -0.240795 0.004203
v -0.006497 -0.241616 0.008719
v -0.010937 -0.242796 0.008719
v -0.008213 -0.253042 0.002050
v -0.003773 -0.251862 0.002050
v -0.003555 -0.252683 0.006565
v -0.007995 -0.253863 0.006565
v -0.057402 -0.031510 0.058072
v -0.052920 -0.030497 0.058072
v -0.052683 -0.031550 0.062538
v -0.057164 -0.032563 0.062538
v -0.054900 -0.042577 0.055331
v -0.050419 -0.041564 0.055331
v -0.050181 -0.042616 0.059797
v -0.054662 -0.043629 0.059797
v -0.052398 -0.053644 0.052590
v -0.047917 -0.052630 0.052590
v -0.047679 -0.053683 0.057056
v -0.052160 -0.054696 0.057056
v -0.049896 -0.064710 0.049849
v -0.045415 -0.063697 0.049849
v -0.045177 -0.064749 0.054314
v -0.049658 -0.065763 0.054314
v -0.047394 -0.075777 0.047107
v -0.042913 -0.074764 0.047107
v -0.042675 -0.075816 0.051573
v -0.047156 -0.076829 0.051573
v -0.044892 -0.086843 0.044366
v -0.040411 -0.085830 0.044366
v -0.040173 -0.086883 0.048832
v -0.044654 -0.087896 0.048832
v -0.042390 -0.097910 0.041625
v -0.037909 -0.096897 0.041625
v -0.037671 -0.097949 0.046091
v -0.042152 -0.098962 0.046091
v -0.039888 -0.108977 0.038884
v -0.035407 -0.107964 0.038884
v -0.035169 -0.109016 0.043350
v -0.039650 -0.110029 0.043350
v -0.037386 -0.120043 0.036143
v -0.032905 -0.119030 0.036143
v -0.032667 -0.120083 0.040609
v -0.037148 -0.121096 0.040609
v -0.034884 -0.131110 0.033402
v -0.030403 -0.130097 0.033402
v -0.030165 -0.131149 0.037868
v -0.034647 -0.132162 0.037868
v -0.032383 -0.142177 0.030661
v -0.027901 -0.141164 0.030661
v -0.027663 -0.142216 0.035126
v -0.032145 -0.143229 0.035126
v -0.029881 -0.153243 0.027920
v -0.025399 -0.152230 0.027920
v -0.025162 -0.153283 0.032385
v -0.029643 -0.154296 0.032385
v -0.027379 -0.164310 0.025178
v -0.022898 -0.163297 0.025178
v -0.022660 -0.164349 0.029644
v -0.027141 -0.165362 0.029644
v -0.024877 -0.175377 0.022437
v -0.020396 -0.174363 0.022437
v -0.020158 -0.175416 0.026903
v -0.024639 -0.176429 0.026903
v -0.022375 -0.186443 0.019696
v -0.017894 -0.185430 0.019696
v -0.017656 -0.186482 0.024162
v -0.022137 -0.187495 0.024162
v -0.019873 -0.197510 0.016955
v -0.015392 -0.196497 0.016955
v -0.015154 -0.197549 0.021421
v -0.019635 -0.198562 0.021421
v -0.017371 -0.208576 0.014214
v -0.012890 -0.207563 0.014214
v -0.012652 -0.208616 0.018680
v -0.017133 -0.209629 0.018680
v -0.014869 -0.219643 0.011473
v -0.010388 -0.218630 0.011473
v -0.010150 -0.219682 0.015939
v -0.014631 -0.220695 0.015939
v -0.012367 -0.230710 0.008732
v -0.007886 -0.229697 0.008732
v -0.007648 -0.230749 0.013197
v -0.012129 -0.231762 0.013197
v -0.009865 -0.241776 0.005990
v -0.005384 -0.240763 0.005990
v -0.005146 -0.241816 0.010456
v -0.009627 -0.242829 0.010456
v -0.007363 -0.252843 0.003249
v -0.002882 -0.251830 0.003249
v -0.002644 -0.252882 0.007715
v -0.007126 -0.253895 0.007715
v -0.045619 -0.031308 0.068703
v -0.041095 -0.030505 0.068703
v -0.040874 -0.031752 0.073119
v -0.045397 -0.032555 0.073119
v -0.043653 -0.042375 0.065480
v -0.039130 -0.041571 0.065480
v -0.038908 -0.042818 0.069896
v -0.043432 -0.043622 0.069896
v -0.041687 -0.053442 0.062256
v -0.037164 -0.052638 0.062256
v -0.036942 -0.053885 0.066673
v -0.041466 -0.054688 0.066673
v -0.039722 -0.064508 0.059033
v -0.035198 -0.063705 0.059033
v -0.034977 -0.064952 0.063449
v -0.039500 -0.065755 0.063449
v -0.037756 -0.075575 0.055810
v -0.033232 -0.074771 0.055810
v -0.033011 -0.076018 0.060226
v -0.037534 -0.076822 0.060226
v -0.035790 -0.086641 0.052587
v -0.031267 -0.085838 0.052587
v -0.031045 -0.087085 0.057003
v -0.035569 -0.087888 0.057003
v -0.033824 -0.097708 0.049363
v -0.029301 -0.096905 0.049363
v -0.029079 -0.098151 0.053780
v -0.033603 -0.098955 0.053780
v -0.031859 -0.108775 0.046140
v -0.027335 -0.107971 0.046140
v -0.027114 -0.109218 0.050556
v -0.031637 -0.110022 0.050556
v -0.029893 -0.119841 0.042917
v -0.025369 -0.119038 0.042917
v -0.025148 -0.120285 0.047333
v -0.029671 -0.121088 0.047333
v -0.027927 -0.130908 0.039694
v -0.023404 -0.130104 0.039694
v -0.023182 -0.131351 0.044110
v -0.027706 -0.132155 0.044110
v -0.025961 -0.141975 0.036471
v -0.021438 -0.141171 0.036471
v -0.021216 -0.142418 0.040887
v -0.025740 -0.143221 0.040887
v -0.023996 -0.153041 0.033247
v -0.019472 -0.152238 0.033247
v -0.019251 -0.153485 0.037664
v -0.023774 -0.154288 0.037664
v -0.022030 -0.164108 0.030024
v -0.017506 -0.163304 0.030024
v -0.017285 -0.164551 0.034440
v -0.021808 -0.165355 0.034440
v -0.020064 -0.175174 0.026801
v -0.015541 -0.174371 0.026801
v -0.015319 -0.175618 0.031217
v -0.019843 -0.176421 0.031217
v -0.018098 -0.186241 0.023578
v -0.013575 -0.185438 0.023578
v -0.013354 -0.186684 0.027994
v -0.017877 -0.187488 0.027994
v -0.016133 -0.197308 0.020354
v -0.011609 -0.196504 0.020354
v -0.011388 -0.197751 0.024771
v -0.015911 -0.198555 0.024771
v -0.014167 -0.208374 0.017131
v -0.009644 -0.207571 0.017131
v -0.009422 -0.208818 0.021547
v -0.013946 -0.209621 0.021547
v -0.012201 -0.219441 0.013908
v -0.007678 -0.218637 0.013908
v -0.007456 -0.219884 0.018324
v -0.011980 -0.220688 0.018324
v -0.010236 -0.230508 0.010685
v -0.005712 -0.229704 0.010685
v -0.005491 -0.230951 0.015101
v -0.010014 -0.231754 0.015101
v -0.008270 -0.241574 0.007461
v -0.003746 -0.240771 0.007461
v -0.003525 -0.242018 0.011878
v -0.008048 -0.242821 0.011878
v -0.006304 -0.252641 0.004238
v -0.001781 -0.251837 0.004238
v -0.001559 -0.253084 0.008655
v -0.006083 -0.253888 0.008655
v -0.032154 -0.031112 0.076605
v -0.027594 -0.030554 0.076605
v -0.027423 -0.031948 0.080979
v -0.031984 -0.032506 0.080979
v -0.030800 -0.042178 0.073024
v -0.026240 -0.041620 0.073024
v -0.026069 -0.043015 0.077398
v -0.030629 -0.043573 0.077398
v -0.029446 -0.053245 0.069442
v -0.024886 -0.052687 0.069442
v -0.024715 -0.054082 0.073816
v -0.029275 -0.054640 0.073816
v -0.028092 -0.064311 0.065861
v -0.023532 -0.063754 0.065861
v -0.023361 -0.065148 0.070235
v -0.027921 -0.065706 0.070235
v -0.026738 -0.075378 0.062279
v -0.022178 -0.074820 0.062279
v -0.022007 -0.076215 0.066653
v -0.026567 -0.076773 0.066653
v -0.025384 -0.086445 0.058698
v -0.020824 -0.085887 0.058698
v -0.020653 -0.087281 0.063072
v -0.025213 -0.087839 0.063072
v -0.024030 -0.097511 0.055116
v -0.019470 -0.096953 0.055116
v -0.019299 -0.098348 0.059490
v -0.023859 -0.098906 0.059490
v -0.022676 -0.108578 0.051535
v -0.018116 -0.108020 0.051535
v -0.017945 -0.109415 0.055909
v -0.022505 -0.109973 0.055909
v -0.021322 -0.119645 0.047953
v -0.016762 -0.119087 0.047953
v -0.016591 -0.120481 0.052327
v -0.021151 -0.121039 0.052327
v -0.019968 -0.130711 0.044372
v -0.015408 -0.130153 0.044372
v -0.015237 -0.131548 0.048746
v -0.019797 -0.132106 0.048746
v -0.018614 -0.141778 0.040790
v -0.014054 -0.141220 0.040790
v -0.013883 -0.142615 0.045165
v -0.018443 -0.143173 0.045165
v -0.017260 -0.152845 0.037209
v -0.012700 -0.152287 0.037209
v -0.012529 -0.153681 0.041583
v -0.017089 -0.154239 0.041583
v -0.015906 -0.163911 0.033627
v -0.011346 -0.163353 0.033627
v -0.011175 -0.164748 0.038002
v -0.015735 -0.165306 0.038002
v -0.014552 -0.174978 0.030046
v -0.009992 -0.174420 0.030046
v -0.009821 -0.175815 0.034420
v -0.014381 -0.176373 0.034420
v -0.013198 -0.186044 0.026465
v -0.008637 -0.185486 0.026465
v -0.008467 -0.186881 0.030839
v -0.013027 -0.187439 0.030839
v -0.011844 -0.197111 0.022883
v -0.007283 -0.196553 0.022883
v -0.007113 -0.197948 0.027257
v -0.011673 -0.198506 0.027257
v -0.010490 -0.208178 0.019302
v -0.005929 -0.207620 0.019302
v -0.005759 -0.209014 0.023676
v -0.010319 -0.209572 0.023676
v -0.009136 -0.219244 0.015720
v -0.004575 -0.218686 0.015720
v -0.004405 -0.220081 0.020094
v -0.008965 -0.220639 0.020094
v -0.007782 -0.230311 0.012139
v -0.003221 -0.229753 0.012139
v -0.003051 -0.231148 0.016513
v -0.007611 -0.231706 0.016513
v -0.006428 -0.241378 0.008557
v -0.001867 -0.240820 0.008557
v -0.001697 -0.242214 0.012931
v -0.006257 -0.242772 0.012931
v -0.005074 -0.252444 0.004976
v -0.000513 -0.251886 0.004976
v -0.000343 -0.253281 0.009350
v -0.004903 -0.253839 0.009350
v -0.017525 -0.030929 0.081472
v -0.012940 -0.030643 0.081472
v -0.012847 -0.032131 0.085818
v -0.017432 -0.032417 0.085818
v -0.016835 -0.041996 0.077670
v -0.012250 -0.041710 0.077670
v -0.012157 -0.043197 0.082016
v -0.016742 -0.043483 0.082016
v -0.016145 -0.053063 0.073868
v -0.011559 -0.052777 0.073868
v -0.011467 -0.054264 0.078214
v -0.016052 -0.054550 0.078214
v -0.015454 -0.064129 0.070066
v -0.010869 -0.063843 0.070066
v -0.010776 -0.065330 0.074412
v -0.015362 -0.065617 0.074412
v -0.014764 -0.075196 0.066264
v -0.010179 -0.074910 0.066264
v -0.010086 -0.076397 0.070610
v -0.014671 -0.076683 0.070610
v -0.014074 -0.086262 0.062462
v -0.009488 -0.085976 0.062462
v -0.009396 -0.087464 0.066808
v -0.013981 -0.087750 0.066808
v -0.013384 -0.097329 0.058660
v -0.008798 -0.097043 0.058660
v -0.008705 -0.098530 0.063006
v -0.013291 -0.098816 0.063006
v -0.012693 -0.108396 0.054858
v -0.008108 -0.108110 0.054858
v -0.008015 -0.109597 0.059204
v -0.012601 -0.109883 0.059204
v -0.012003 -0.119462 0.051056
v -0.007418 -0.119176 0.051056
v -0.007325 -0.120664 0.055402
v -0.011910 -0.120950 0.055402
v -0.011313 -0.130529 0.047254
v -0.006727 -0.130243 0.047254
v -0.006635 -0.131730 0.051600
v -0.011220 -0.132016 0.051600
v -0.010622 -0.141596 0.043452
v -0.006037 -0.141310 0.043452
v -0.005944 -0.142797 0.047798
v -0.010530 -0.143083 0.047798
v -0.009932 -0.152662 0.039650
v -0.005347 -0.152376 0.039650
v -0.005254 -0.153864 0.043995
v -0.009839 -0.154150 0.043995
v -0.009242 -0.163729 0.035848
v -0.004657 -0.163443 0.035848
v -0.004564 -0.164930 0.040193
v -0.009149 -0.165216 0.040193
v -0.008552 -0.174796 0.032045
v -0.003966 -0.174510 0.032045
v -0.003873 -0.175997 0.036391
v -0.008459 -0.176283 0.036391
v -0.007861 -0.185862 0.028243
v -0.003276 -0.185576 0.028243
v -0.003183 -0.187063 0.032589
v -0.007769 -0.187349 0.032589
v -0.007171 -0.196929 0.024441
v -0.002586 -0.196643 0.024441
v -0.002493 -0.198130 0.028787
v -0.007078 -0.198416 0.028787
v -0.006481 -0.207995 0.020639
v -0.001895 -0.207709 0.020639
v -0.001803 -0.209197 0.024985
v -0.006388 -0.209483 0.024985
v -0.005791 -0.219062 0.016837
v -0.001205 -0.218776 0.016837
v -0.001112 -0.220263 0.021183
v -0.005698 -0.220549 0.021183
v -0.005100 -0.230129 0.013035
v -0.000515 -0.229843 0.013035
v -0.000422 -0.231330 0.017381
v -0.005007 -0.231616 0.017381
v -0.004410 -0.241195 0.009233
v 0.000175 -0.240909 0.009233
v 0.000268 -0.242397 0.013579
v -0.004317 -0.242683 0.013579
v -0.003720 -0.252262 0.005431
v 0.000866 -0.251976 0.005431
v 0.000958 -0.253463 0.009777
v -0.003627 -0.253749 0.009777
v -0.002297 -0.030771 0.083116
v 0.002297 -0.030771 0.083116
v 0.002297 -0.032289 0.087452
v -0.002297 -0.032289 0.087452
v -0.002297 -0.041837 0.079239
v 0.002297 -0.041837 0.079239
v 0.002297 -0.043356 0.083575
v -0.002297 -0.043356 0.083575
v -0.002297 -0.052904 0.075363
v 0.002297 -0.052904 0.075363
v 0.002297 -0.054423 0.079699
v -0.002297 -0.054423 0.079699
v -0.002297 -0.063970 0.071486
v 0.002297 -0.063970 0.071486
v 0.002297 -0.065489 0.075822
v -0.002297 -0.065489 0.075822
v -0.002297 -0.075037 0.067610
v 0.002297 -0.075037 0.067610
v 0.002297 -0.076556 0.071946
v -0.002297 -0.076556 0.071946
v -0.002297 -0.086104 0.063733
v 0.002297 -0.086104 0.063733
v 0.002297 -0.087623 0.068069
v -0.002297 -0.087623 0.068069
v -0.002297 -0.097170 0.059857
v 0.002297 -0.097170 0.059857
v 0.002297 -0.098689 0.064193
v -0.002297 -0.098689 0.064193
v -0.002297 -0.108237 0.055980
v 0.002297 -0.108237 0.055980
v 0.002297 -0.109756 0.060316
v -0.002297 -0.109756 0.060316
v -0.002297 -0.119304 0.052104
v 0.002297 -0.119304 0.052104
v 0.002297 -0.120822 0.056440
v -0.002297 -0.120822 0.056440
v -0.002297 -0.130370 0.048227
v 0.002297 -0.130370 0.048227
v 0.002297 -0.131889 0.052563
v -0.002297 -0.131889 0.052563
v -0.002297 -0.141437 0.044350
v 0.002297 -0.141437 0.044350
v 0.002297 -0.142956 0.048686
v -0.002297 -0.142956 0.048686
v -0.002297 -0.152503 0.040474
v 0.002297 -0.152503 0.040474
v 0.002297 -0.154022 0.044810
v -0.002297 -0.154022 0.044810
v -0.002297 -0.163570 0.036597
v 0.002297 -0.163570 0.036597
v 0.002297 -0.165089 0.040933
v -0.002297 -0.165089 0.040933
v -0.002297 -0.174637 0.032721
v 0.002297 -0.174637 0.032721
v 0.002297 -0.176156 0.037057
v -0.002297 -0.176156 0.037057
v -0.002297 -0.185703 0.028844
v 0.002297 -0.185703 0.028844
v 0.002297 -0.187222 0.033180
v -0.002297 -0.187222 0.033180
v -0.002297 -0.196770 0.024968
v 0.002297 -0.196770 0.024968
v 0.002297 -0.198289 0.029304
v -0.002297 -0.198289 0.029304
v -0.002297 -0.207837 0.021091
v 0.002297 -0.207837 0.021091
v 0.002297 -0.209355 0.025427
v -0.002297 -0.209355 0.025427
v -0.002297 -0.218903 0.017215
v 0.002297 -0.218903 0.017215
v 0.002297 -0.220422 0.021551
v -0.002297 -0.220422 0.021551
v -0.002297 -0.229970 0.013338
v 0.002297 -0.229970 0.013338
v 0.002297 -0.231489 0.017674
v -0.002297 -0.231489 0.017674
v -0.002297 -0.241036 0.009462
v 0.002297 -0.241036 0.009462
v 0.002297 -0.242555 0.013798
v -0.002297 -0.242555 0.013798
v -0.002297 -0.252103 0.005585
v 0.002297 -0.252103 0.005585
v 0.002297 -0.253622 0.009921
v -0.002297 -0.253622 0.009921
v 0.012940 -0.030643 0.081472
v 0.017525 -0.030929 0.081472
v 0.017432 -0.032417 0.085818
v 0.012847 -0.032131 0.085818
v 0.012250 -0.041710 0.077670
v 0.016835 -0.041996 0.077670
v 0.016742 -0.043483 0.082016
v 0.012157 -0.043197 0.082016
v 0.011559 -0.052777 0.073868
v 0.016145 -0.053063 0.073868
v 0.016052 -0.054550 0.078214
v 0.011467 -0.054264 0.078214
v 0.010869 -0.063843 0.070066
v 0.015454 -0.064129 0.070066
v 0.015362 -0.065617 0.074412
v 0.010776 -0.065330 0.074412
v 0.010179 -0.074910 0.066264
v 0.014764 -0.075196 0.066264
v 0.014671 -0.076683 0.070610
v 0.010086 -0.076397 0.070610
v 0.009488 -0.085976 0.062462
v 0.014074 -0.086263 0.062462
v 0.013981 -0.087750 0.066808
v 0.009396 -0.087464 0.066808
v 0.008798 -0.097043 0.058660
v 0.013384 -0.097329 0.058660
v 0.013291 -0.098816 0.063006
v 0.008705 -0.098530 0.063006
v 0.008108 -0.108110 0.054858
v 0.012693 -0.108396 0.054858
v 0.012600 -0.109883 0.059204
v 0.008015 -0.109597 0.059204
v 0.007418 -0.119176 0.051056
v 0.012003 -0.119462 0.051056
v 0.011910 -0.120950 0.055402
v 0.007325 -0.120664 0.055402
v 0.006727 -0.130243 0.047254
v 0.011313 -0.130529 0.047254
v 0.011220 -0.132016 0.051600
v 0.006635 -0.131730 0.051600
v 0.006037 -0.141310 0.043452
v 0.010622 -0.141596 0.043452
v 0.010530 -0.143083 0.047798
v 0.005944 -0.142797 0.047798
v 0.005347 -0.152376 0.039650
v 0.009932 -0.152662 0.039650
v 0.009839 -0.154150 0.043995
v 0.005254 -0.153864 0.043995
v 0.004656 -0.163443 0.035848
v 0.009242 -0.163729 0.035848
v 0.009149 -0.165216 0.040193
v 0.004564 -0.164930 0.040193
v 0.003966 -0.174510 0.032045
v 0.008552 -0.174796 0.032045
v 0.008459 -0.176283 0.036391
v 0.003873 -0.175997 0.036391
v 0.003276 -0.185576 0.028243
v 0.007861 -0.185862 0.028243
v 0.007768 -0.187349 0.032589
v 0.003183 -0.187063 0.032589
v 0.002586 -0.196643 0.024441
v 0.007171 -0.196929 0.024441
v 0.007078 -0.198416 0.028787
v 0.002493 -0.198130 0.028787
v 0.001895 -0.207709 0.020639
v 0.006481 -0.207995 0.020639
v 0.006388 -0.209483 0.024985
v 0.001803 -0.209197 0.024985
v 0.001205 -0.218776 0.016837
v 0.005790 -0.219062 0.016837
v 0.005698 -0.220549 0.021183
v 0.001112 -0.220263 0.021183
v 0.000515 -0.229843 0.013035
v 0.005100 -0.230129 0.013035
v 0.005007 -0.231616 0.017381
v 0.000422 -0.231330 0.017381
v -0.000176 -0.240909 0.009233
v 0.004410 -0.241195 0.009233
v 0.004317 -0.242683 0.013579
v -0.000268 -0.242397 0.013579
v -0.000866 -0.251976 0.005431
v 0.003720 -0.252262 0.005431
v 0.003627 -0.253749 0.009777
v -0.000959 -0.253463 0.009777
v 0.027594 -0.030554 0.076605
v 0.032154 -0.031112 0.076605
v 0.031983 -0.032506 0.080979
v 0.027423 -0.031948 0.080979
v 0.026240 -0.041620 0.073024
v 0.030800 -0.042178 0.073024
v 0.030629 -0.043573 0.077398
v 0.026069 -0.043015 0.077398
v 0.024886 -0.052687 0.069442
v 0.029446 -0.053245 0.069442
v 0.029275 -0.054640 0.073816
v 0.024715 -0.054082 0.073816
v 0.023532 -0.063754 0.065861
v 0.028092 -0.064311 0.065861
v 0.027921 -0.065706 0.070235
v 0.023361 -0.065148 0.070235
v 0.022178 -0.074820 0.062279
v 0.026738 -0.075378 0.062279
v 0.026567 -0.076773 0.066653
v 0.022007 -0.076215 0.066653
v 0.020824 -0.085887 0.058698
v 0.025384 -0.086445 0.058698
v 0.025213 -0.087839 0.063072
v 0.020653 -0.087282 0.063072
v 0.019470 -0.096953 0.055116
v 0.024030 -0.097511 0.055116
v 0.023859 -0.098906 0.059490
v 0.019299 -0.098348 0.059490
v 0.018116 -0.108020 0.051535
v 0.022676 -0.108578 0.051535
v 0.022505 -0.109973 0.055909
v 0.017945 -0.109415 0.055909
v 0.016762 -0.119087 0.047953
v 0.021322 -0.119645 0.047953
v 0.021151 -0.121039 0.052327
v 0.016591 -0.120481 0.052327
v 0.015408 -0.130153 0.044372
v 0.019968 -0.130711 0.044372
v 0.019797 -0.132106 0.048746
v 0.015237 -0.131548 0.048746
v 0.014054 -0.141220 0.040790
v 0.018614 -0.141778 0.040790
v 0.018443 -0.143173 0.045165
v 0.013883 -0.142615 0.045165
v 0.012699 -0.152287 0.037209
v 0.017260 -0.152845 0.037209
v 0.017089 -0.154239 0.041583
v 0.012529 -0.153681 0.041583
v 0.011345 -0.163353 0.033627
v 0.015906 -0.163911 0.033627
v 0.015735 -0.165306 0.038002
v 0.011175 -0.164748 0.038002
v 0.009991 -0.174420 0.030046
v 0.014552 -0.174978 0.030046
v 0.014381 -0.176373 0.034420
v 0.009821 -0.175815 0.034420
v 0.008637 -0.185486 0.026465
v 0.013198 -0.186044 0.026465
v 0.013027 -0.187439 0.030839
v 0.008467 -0.186881 0.030839
v 0.007283 -0.196553 0.022883
v 0.011844 -0.197111 0.022883
v 0.011673 -0.198506 0.027257
v 0.007113 -0.197948 0.027257
v 0.005929 -0.207620 0.019302
v 0.010490 -0.208178 0.019302
v 0.010319 -0.209572 0.023676
v 0.005759 -0.209014 0.023676
v 0.004575 -0.218686 0.015720
v 0.009136 -0.219244 0.015720
v 0.008965 -0.220639 0.020094
v 0.004405 -0.220081 0.020094
v 0.003221 -0.229753 0.012139
v 0.007782 -0.230311 0.012139
v 0.007611 -0.231706 0.016513
v 0.003051 -0.231148 0.016513
v 0.001867 -0.240820 0.008557
v 0.006427 -0.241378 0.008557
v 0.006257 -0.242772 0.012931
v 0.001697 -0.242214 0.012931
v 0.000513 -0.251886 0.004976
v 0.005073 -0.252444 0.004976
v 0.004903 -0.253839 0.009350
v 0.000343 -0.253281 0.009350
v 0.041095 -0.030505 0.068703
v 0.045619 -0.031308 0.068703
v 0.045397 -0.032555 0.073119
v 0.040874 -0.031752 0.073119
v 0.039130 -0.041571 0.065480
v 0.043653 -0.042375 0.065480
v 0.043432 -0.043622 0.069896
v 0.038908 -0.042818 0.069896
v 0.037164 -0.052638 0.062256
v 0.041687 -0.053442 0.062256
v 0.041466 -0.054688 0.066673
v 0.036942 -0.053885 0.066673
v 0.035198 -0.063705 0.059033
v 0.039722 -0.064508 0.059033
v 0.039500 -0.065755 0.063449
v 0.034977 -0.064952 0.063449
v 0.033232 -0.074771 0.055810
v 0.037756 -0.075575 0.055810
v 0.037534 -0.076822 0.060226
v 0.033011 -0.076018 0.060226
v 0.031267 -0.085838 0.052587
v 0.035790 -0.086641 0.052587
v 0.035569 -0.087888 0.057003
v 0.031045 -0.087085 0.057003
v 0.029301 -0.096905 0.049363
v 0.033824 -0.097708 0.049363
v 0.033603 -0.098955 0.053780
v 0.029079 -0.098151 0.053780
v 0.027335 -0.107971 0.046140
v 0.031859 -0.108775 0.046140
v 0.031637 -0.110022 0.050556
v 0.027114 -0.109218 0.050556
v 0.025369 -0.119038 0.042917
v 0.029893 -0.119841 0.042917
v 0.029671 -0.121088 0.047333
v 0.025148 -0.120285 0.047333
v 0.023404 -0.130104 0.039694
v 0.027927 -0.130908 0.039694
v 0.027706 -0.132155 0.044110
v 0.023182 -0.131351 0.044110
v 0.021438 -0.141171 0.036471
v 0.025961 -0.141975 0.036471
v 0.025740 -0.143221 0.040887
v 0.021216 -0.142418 0.040887
v 0.019472 -0.152238 0.033247
v 0.023996 -0.153041 0.033247
v 0.023774 -0.154288 0.037664
v 0.019251 -0.153485 0.037664
v 0.017506 -0.163304 0.030024
v 0.022030 -0.164108 0.030024
v 0.021808 -0.165355 0.034440
v 0.017285 -0.164551 0.034440
v 0.015541 -0.174371 0.026801
v 0.020064 -0.175174 0.026801
v 0.019843 -0.176421 0.031217
v 0.015319 -0.175618 0.031217
v 0.013575 -0.185438 0.023578
v 0.018098 -0.186241 0.023578
v 0.017877 -0.187488 0.027994
v 0.013353 -0.186684 0.027994
v 0.011609 -0.196504 0.020354
v 0.016133 -0.197308 0.020354
v 0.015911 -0.198555 0.024771
v 0.011388 -0.197751 0.024771
v 0.009643 -0.207571 0.017131
v 0.014167 -0.208374 0.017131
v 0.013945 -0.209621 0.021547
v 0.009422 -0.208818 0.021547
v 0.007678 -0.218637 0.013908
v 0.012201 -0.219441 0.013908
v 0.011980 -0.220688 0.018324
v 0.007456 -0.219884 0.018324
v 0.005712 -0.229704 0.010685
v 0.010235 -0.230508 0.010685
v 0.010014 -0.231754 0.015101
v 0.005490 -0.230951 0.015101
v 0.003746 -0.240771 0.007461
v 0.008270 -0.241574 0.007461
v 0.008048 -0.242821 0.011878
v 0.003525 -0.242018 0.011878
v 0.001780 -0.251837 0.004238
v 0.006304 -0.252641 0.004238
v 0.006082 -0.253888 0.008655
v 0.001559 -0.253084 0.008655
v 0.052920 -0.030497 0.058072
v 0.057402 -0.031510 0.058072
v 0.057164 -0.032563 0.062538
v 0.052683 -0.031550 0.062538
v 0.050419 -0.041564 0.055331
v 0.054900 -0.042577 0.055331
v 0.054662 -0.043629 0.059797
v 0.050181 -0.042616 0.059797
v 0.047917 -0.052631 0.052590
v 0.052398 -0.053644 0.052590
v 0.052160 -0.054696 0.057056
v 0.047679 -0.053683 0.057056
v 0.045415 -0.063697 0.049849
v 0.049896 -0.064710 0.049849
v 0.049658 -0.065763 0.054314
v 0.045177 -0.064750 0.054314
v 0.042913 -0.074764 0.047107
v 0.047394 -0.075777 0.047107
v 0.047156 -0.076829 0.051573
v 0.042675 -0.075816 0.051573
v 0.040411 -0.085830 0.044366
v 0.044892 -0.086844 0.044366
v 0.044654 -0.087896 0.048832
v 0.040173 -0.086883 0.048832
v 0.037909 -0.096897 0.041625
v 0.042390 -0.097910 0.041625
v 0.042152 -0.098963 0.046091
v 0.037671 -0.097949 0.046091
v 0.035407 -0.107964 0.038884
v 0.039888 -0.108977 0.038884
v 0.039650 -0.110029 0.043350
v 0.035169 -0.109016 0.043350
v 0.032905 -0.119030 0.036143
v 0.037386 -0.120043 0.036143
v 0.037148 -0.121096 0.040609
v 0.032667 -0.120083 0.040609
v 0.030403 -0.130097 0.033402
v 0.034884 -0.131110 0.033402
v 0.034646 -0.132162 0.037868
v 0.030165 -0.131149 0.037868
v 0.027901 -0.141164 0.030661
v 0.032382 -0.142177 0.030661
v 0.032145 -0.143229 0.035126
v 0.027663 -0.142216 0.035126
v 0.025399 -0.152230 0.027920
v 0.029881 -0.153243 0.027920
v 0.029643 -0.154296 0.032385
v 0.025161 -0.153283 0.032385
v 0.022897 -0.163297 0.025178
v 0.027379 -0.164310 0.025178
v 0.027141 -0.165362 0.029644
v 0.022660 -0.164349 0.029644
v 0.020396 -0.174363 0.022437
v 0.024877 -0.175377 0.022437
v 0.024639 -0.176429 0.026903
v 0.020158 -0.175416 0.026903
v 0.017894 -0.185430 0.019696
v 0.022375 -0.186443 0.019696
v 0.022137 -0.187495 0.024162
v 0.017656 -0.186482 0.024162
v 0.015392 -0.196497 0.016955
v 0.019873 -0.197510 0.016955
v 0.019635 -0.198562 0.021421
v 0.015154 -0.197549 0.021421
v 0.012890 -0.207563 0.014214
v 0.017371 -0.208576 0.014214
v 0.017133 -0.209629 0.018680
v 0.012652 -0.208616 0.018680
v 0.010388 -0.218630 0.011473
v 0.014869 -0.219643 0.011473
v 0.014631 -0.220695 0.015939
v 0.010150 -0.219682 0.015939
v 0.007886 -0.229697 0.008732
v 0.012367 -0.230710 0.008732
v 0.012129 -0.231762 0.013197
v 0.007648 -0.230749 0.013197
v 0.005384 -0.240763 0.005990
v 0.009865 -0.241776 0.005990
v 0.009627 -0.242829 0.010456
v 0.005146 -0.241816 0.010456
v 0.002882 -0.251830 0.003249
v 0.007363 -0.252843 0.003249
v 0.007125 -0.253895 0.007715
v 0.002644 -0.252882 0.007715
v 0.062612 -0.030529 0.045124
v 0.067052 -0.031710 0.045124
v 0.066834 -0.032531 0.049639
v 0.062394 -0.031350 0.049639
v 0.059670 -0.041596 0.042970
v 0.064110 -0.042776 0.042970
v 0.063892 -0.043597 0.047485
v 0.059452 -0.042417 0.047485
v 0.056728 -0.052663 0.040816
v 0.061168 -0.053843 0.040816
v 0.060950 -0.054664 0.045331
v 0.056510 -0.053483 0.045331
v 0.053786 -0.063729 0.038663
v 0.058226 -0.064910 0.038663
v 0.058008 -0.065730 0.043178
v 0.053568 -0.064550 0.043178
v 0.050844 -0.074796 0.036509
v 0.055284 -0.075976 0.036509
v 0.055066 -0.076797 0.041024
v 0.050626 -0.075617 0.041024
v 0.047902 -0.085863 0.034355
v 0.052342 -0.087043 0.034355
v 0.052124 -0.087864 0.038870
v 0.047684 -0.086683 0.038870
v 0.044960 -0.096929 0.032201
v 0.049400 -0.098110 0.032201
v 0.049182 -0.098930 0.036717
v 0.044742 -0.097750 0.036717
v 0.042018 -0.107996 0.030048
v 0.046458 -0.109176 0.030048
v 0.046240 -0.109997 0.034563
v 0.041800 -0.108817 0.034563
v 0.039076 -0.119063 0.027894
v 0.043516 -0.120243 0.027894
v 0.043298 -0.121064 0.032409
v 0.038858 -0.119883 0.032409
v 0.036134 -0.130129 0.025740
v 0.040574 -0.131309 0.025740
v 0.040356 -0.132130 0.030255
v 0.035916 -0.130950 0.030255
v 0.033192 -0.141196 0.023587
v 0.037632 -0.142376 0.023587
v 0.037414 -0.143197 0.028102
v 0.032974 -0.142016 0.028102
v 0.030250 -0.152262 0.021433
v 0.034690 -0.153443 0.021433
v 0.034472 -0.154263 0.025948
v 0.030032 -0.153083 0.025948
v 0.027308 -0.163329 0.019279
v 0.031749 -0.164509 0.019279
v 0.031530 -0.165330 0.023794
v 0.027090 -0.164150 0.023794
v 0.024367 -0.174396 0.017126
v 0.028807 -0.175576 0.017126
v 0.028588 -0.176397 0.021641
v 0.024148 -0.175216 0.021641
v 0.021425 -0.185462 0.014972
v 0.025865 -0.186643 0.014972
v 0.025646 -0.187463 0.019487
v 0.021206 -0.186283 0.019487
v 0.018483 -0.196529 0.012818
v 0.022923 -0.197709 0.012818
v 0.022705 -0.198530 0.017333
v 0.018264 -0.197350 0.017333
v 0.015541 -0.207595 0.010665
v 0.019981 -0.208776 0.010665
v 0.019763 -0.209596 0.015180
v 0.015323 -0.208416 0.015180
v 0.012599 -0.218662 0.008511
v 0.017039 -0.219842 0.008511
v 0.016821 -0.220663 0.013026
v 0.012381 -0.219483 0.013026
v 0.009657 -0.229729 0.006357
v 0.014097 -0.230909 0.006357
v 0.013879 -0.231730 0.010872
v 0.009439 -0.230549 0.010872
v 0.006715 -0.240795 0.004203
v 0.011155 -0.241976 0.004203
v 0.010937 -0.242796 0.008719
v 0.006497 -0.241616 0.008719
v 0.003773 -0.251862 0.002050
v 0.008213 -0.253042 0.002050
v 0.007995 -0.253863 0.006565
v 0.003555 -0.252683 0.006565
v 0.069796 -0.030598 0.030358
v 0.074202 -0.031900 0.030358
v 0.074036 -0.032462 0.034915
v 0.069630 -0.031160 0.034915
v 0.066527 -0.041665 0.028875
v 0.070933 -0.042966 0.028875
v 0.070767 -0.043528 0.033432
v 0.066361 -0.042227 0.033432
v 0.063258 -0.052732 0.027391
v 0.067664 -0.054033 0.027391
v 0.067498 -0.054595 0.031948
v 0.063092 -0.053293 0.031948
v 0.059989 -0.063798 0.025908
v 0.064395 -0.065100 0.025908
v 0.064229 -0.065662 0.030465
v 0.059823 -0.064360 0.030465
v 0.056720 -0.074865 0.024424
v 0.061126 -0.076166 0.024424
v 0.060960 -0.076728 0.028981
v 0.056554 -0.075427 0.028981
v 0.053451 -0.085931 0.022941
v 0.057857 -0.087233 0.022941
v 0.057691 -0.087795 0.027498
v 0.053285 -0.086493 0.027498
v 0.050182 -0.096998 0.021457
v 0.054589 -0.098300 0.021457
v 0.054423 -0.098861 0.026014
v 0.050016 -0.097560 0.026014
v 0.046914 -0.108065 0.019974
v 0.051320 -0.109366 0.019974
v 0.051154 -0.109928 0.024531
v 0.046748 -0.108627 0.024531
v 0.043645 -0.119131 0.018490
v 0.048051 -0.120433 0.018490
v 0.047885 -0.120995 0.023047
v 0.043479 -0.119693 0.023047
v 0.040376 -0.130198 0.017007
v 0.044782 -0.131499 0.017007
v 0.044616 -0.132061 0.021564
v 0.040210 -0.130760 0.021564
v 0.037107 -0.141265 0.015523
v 0.041513 -0.142566 0.015523
v 0.041347 -0.143128 0.020080
v 0.036941 -0.141826 0.020080
v 0.033838 -0.152331 0.014040
v 0.038244 -0.153633 0.014040
v 0.038078 -0.154195 0.018597
v 0.033672 -0.152893 0.018597
v 0.030569 -0.163398 0.012556
v 0.034975 -0.164699 0.012556
v 0.034809 -0.165261 0.017113
v 0.030403 -0.163960 0.017113
v 0.027300 -0.174465 0.011073
v 0.031706 -0.175766 0.011073
v 0.031540 -0.176328 0.015630
v 0.027134 -0.175026 0.015630
v 0.024031 -0.185531 0.009589
v 0.028437 -0.186833 0.009589
v 0.028271 -0.187394 0.014146
v 0.023865 -0.186093 0.014146
v 0.020762 -0.196598 0.008106
v 0.025168 -0.197899 0.008106
v 0.025002 -0.198461 0.012663
v 0.020596 -0.197160 0.012663
v 0.017493 -0.207664 0.006622
v 0.021899 -0.208966 0.006622
v 0.021733 -0.209528 0.011179
v 0.017327 -0.208226 0.011179
v 0.014224 -0.218731 0.005139
v 0.018630 -0.220032 0.005139
v 0.018465 -0.220594 0.009696
v 0.014058 -0.219293 0.009696
v 0.010956 -0.229798 0.003656
v 0.015362 -0.231099 0.003656
v 0.015196 -0.231661 0.008212
v 0.010790 -0.230359 0.008212
v 0.007687 -0.240864 0.002172
v 0.012093 -0.242166 0.002172
v 0.011927 -0.242728 0.006729
v 0.007521 -0.241426 0.006729
v 0.004418 -0.251931 0.000689
v 0.008824 -0.253232 0.000689
v 0.008658 -0.253794 0.005245
v 0.004252 -0.252493 0.005245
v 0.074198 -0.030700 0.014346
v 0.078582 -0.032075 0.014346
v 0.078493 -0.032360 0.018930
v 0.074109 -0.030985 0.018930
v 0.070728 -0.041767 0.013590
v 0.075112 -0.043141 0.013590
v 0.075023 -0.043427 0.018174
v 0.070639 -0.042052 0.018174
v 0.067258 -0.052833 0.012833
v 0.071642 -0.054208 0.012833
v 0.071552 -0.054493 0.017418
v 0.067168 -0.053119 0.017418
v 0.063788 -0.063900 0.012077
v 0.068171 -0.065275 0.012077
v 0.068082 -0.065560 0.016662
v 0.063698 -0.064185 0.016662
v 0.060317 -0.074967 0.011321
v 0.064701 -0.076341 0.011321
v 0.064612 -0.076626 0.015905
v 0.060228 -0.075252 0.015905
v 0.056847 -0.086033 0.010564
v 0.061231 -0.087408 0.010564
v 0.061142 -0.087693 0.015149
v 0.056758 -0.086318 0.015149
v 0.053377 -0.097100 0.009808
v 0.057761 -0.098474 0.009808
v 0.057671 -0.098760 0.014393
v 0.053287 -0.097385 0.014393
v 0.049907 -0.108166 0.009052
v 0.054290 -0.109541 0.009052
v 0.054201 -0.109826 0.013636
v 0.049817 -0.108452 0.013636
v 0.046436 -0.119233 0.008296
v 0.050820 -0.120608 0.008296
v 0.050731 -0.120893 0.012880
v 0.046347 -0.119518 0.012880
v 0.042966 -0.130300 0.007539
v 0.047350 -0.131674 0.007539
v 0.047260 -0.131960 0.012124
v 0.042877 -0.130585 0.012124
v 0.039496 -0.141366 0.006783
v 0.043880 -0.142741 0.006783
v 0.043790 -0.143026 0.011368
v 0.039406 -0.141652 0.011368
v 0.036026 -0.152433 0.006027
v 0.040409 -0.153808 0.006027
v 0.040320 -0.154093 0.010611
v 0.035936 -0.152718 0.010611
v 0.032555 -0.163500 0.005270
v 0.036939 -0.164874 0.005270
v 0.036850 -0.165160 0.009855
v 0.032466 -0.163785 0.009855
v 0.029085 -0.174566 0.004514
v 0.033469 -0.175941 0.004514
v 0.033379 -0.176226 0.009099
v 0.028996 -0.174851 0.009099
v 0.025615 -0.185633 0.003758
v 0.029999 -0.187007 0.003758
v 0.029909 -0.187293 0.008342
v 0.025525 -0.185918 0.008342
v 0.022145 -0.196699 0.003002
v 0.026528 -0.198074 0.003002
v 0.026439 -0.198359 0.007586
v 0.022055 -0.196985 0.007586
v 0.018674 -0.207766 0.002245
v 0.023058 -0.209141 0.002245
v 0.022969 -0.209426 0.006830
v 0.018585 -0.208051 0.006830
v 0.015204 -0.218833 0.001489
v 0.019588 -0.220207 0.001489
v 0.019498 -0.220493 0.006074
v 0.015115 -0.219118 0.006074
v 0.011734 -0.229899 0.000733
v 0.016118 -0.231274 0.000733
v 0.016028 -0.231559 0.005317
v 0.011644 -0.230185 0.005317
v 0.008264 -0.240966 -0.000024
v 0.012647 -0.242341 -0.000024
v 0.012558 -0.242626 0.004561
v 0.008174 -0.241251 0.004561
v 0.004793 -0.252033 -0.000780
v 0.009177 -0.253407 -0.000780
v 0.009088 -0.253692 0.003805
v 0.004704 -0.252318 0.003805
v 0.075653 -0.030830 -0.002297
v 0.080029 -0.032230 -0.002297
v 0.080029 -0.032230 0.002297
v 0.075653 -0.030830 0.002297
v 0.072115 -0.041897 -0.002297
v 0.076491 -0.043296 -0.002297
v 0.076491 -0.043296 0.002297
v 0.072115 -0.041897 0.002297
v 0.068577 -0.052964 -0.002297
v 0.072953 -0.054363 -0.002297
v 0.072953 -0.054363 0.002297
v 0.068577 -0.052964 0.002297
v 0.065039 -0.064030 -0.002297
v 0.069415 -0.065429 -0.002297
v 0.069415 -0.065429 0.002297
v 0.065039 -0.064030 0.002297
v 0.061500 -0.075097 -0.002297
v 0.065876 -0.076496 -0.002297
v 0.065876 -0.076496 0.002297
v 0.061500 -0.075097 0.002297
v 0.057962 -0.086164 -0.002297
v 0.062338 -0.087563 -0.002297
v 0.062338 -0.087563 0.002297
v 0.057962 -0.086164 0.002297
v 0.054424 -0.097230 -0.002297
v 0.058800 -0.098629 -0.002297
v 0.058800 -0.098629 0.002297
v 0.054424 -0.097230 0.002297
v 0.050886 -0.108297 -0.002297
v 0.055262 -0.109696 -0.002297
v 0.055262 -0.109696 0.002297
v 0.050886 -0.108297 0.002297
v 0.047347 -0.119363 -0.002297
v 0.051723 -0.120763 -0.002297
v 0.051723 -0.120763 0.002297
v 0.047347 -0.119363 0.002297
v 0.043809 -0.130430 -0.002297
v 0.048185 -0.131829 -0.002297
v 0.048185 -0.131829 0.002297
v 0.043809 -0.130430 0.002297
v 0.040271 -0.141497 -0.002297
v 0.044647 -0.142896 -0.002297
v 0.044647 -0.142896 0.002297
v 0.040271 -0.141497 0.002297
v 0.036733 -0.152563 -0.002297
v 0.041109 -0.153962 -0.002297
v 0.041109 -0.153962 0.002297
v 0.036733 -0.152563 0.002297
v 0.033194 -0.163630 -0.002297
v 0.037570 -0.165029 -0.002297
v 0.037570 -0.165029 0.002297
v 0.033194 -0.163630 0.002297
v 0.029656 -0.174697 -0.002297
v 0.034032 -0.176096 -0.002297
v 0.034032 -0.176096 0.002297
v 0.029656 -0.174697 0.002297
v 0.026118 -0.185763 -0.002297
v 0.030494 -0.187162 -0.002297
v 0.030494 -0.187162 0.002297
v 0.026118 -0.185763 0.002297
v 0.022580 -0.196830 -0.002297
v 0.026956 -0.198229 -0.002297
v 0.026956 -0.198229 0.002297
v 0.022580 -0.196830 0.002297
v 0.019041 -0.207896 -0.002297
v 0.023417 -0.209296 -0.002297
v 0.023417 -0.209296 0.002297
v 0.019041 -0.207896 0.002297
v 0.015503 -0.218963 -0.002297
v 0.019879 -0.220362 -0.002297
v 0.019879 -0.220362 0.002297
v 0.015503 -0.218963 0.002297
v 0.011965 -0.230030 -0.002297
v 0.016341 -0.231429 -0.002297
v 0.016341 -0.231429 0.002297
v 0.011965 -0.230030 0.002297
v 0.008427 -0.241096 -0.002297
v 0.012803 -0.242495 -0.002297
v 0.012803 -0.242495 0.002297
v 0.008427 -0.241096 0.002297
v 0.004888 -0.252163 -0.002297
v 0.009264 -0.253562 -0.002297
v 0.009264 -0.253562 0.002297
v 0.004888 -0.252163 0.002297
v 0.074109 -0.030985 -0.018930
v 0.078493 -0.032360 -0.018930
v 0.078582 -0.032075 -0.014346
v 0.074198 -0.030700 -0.014346
v 0.070639 -0.042052 -0.018174
v 0.075023 -0.043427 -0.018174
v 0.075112 -0.043141 -0.013590
v 0.070728 -0.041767 -0.013590
v 0.067168 -0.053119 -0.017418
v 0.071552 -0.054493 -0.017418
v 0.071642 -0.054208 -0.012833
v 0.067258 -0.052833 -0.012833
v 0.063698 -0.064185 -0.016662
v 0.068082 -0.065560 -0.016662
v 0.068171 -0.065275 -0.012077
v 0.063788 -0.063900 -0.012077
v 0.060228 -0.075252 -0.015905
v 0.064612 -0.076626 -0.015905
v 0.064701 -0.076341 -0.011321
v 0.060317 -0.074967 -0.011321
v 0.056758 -0.086318 -0.015149
v 0.061142 -0.087693 -0.015149
v 0.061231 -0.087408 -0.010564
v 0.056847 -0.086033 -0.010564
v 0.053287 -0.097385 -0.014393
v 0.057671 -0.098760 -0.014393
v 0.057761 -0.098474 -0.009808
v 0.053377 -0.097100 -0.009808
v 0.049817 -0.108452 -0.013636
v 0.054201 -0.109826 -0.013636
v 0.054290 -0.109541 -0.009052
v 0.049907 -0.108166 -0.009052
v 0.046347 -0.119518 -0.012880
v 0.050731 -0.120893 -0.012880
v 0.050820 -0.120608 -0.008296
v 0.046436 -0.119233 -0.008296
v 0.042877 -0.130585 -0.012124
v 0.047260 -0.131960 -0.012124
v 0.047350 -0.131674 -0.007539
v 0.042966 -0.130300 -0.007539
v 0.039406 -0.141652 -0.011368
v 0.043790 -0.143026 -0.011368
v 0.043880 -0.142741 -0.006783
v 0.039496 -0.141366 -0.006783
v 0.035936 -0.152718 -0.010611
v 0.040320 -0.154093 -0.010611
v 0.040409 -0.153808 -0.006027
v 0.036026 -0.152433 -0.006027
v 0.032466 -0.163785 -0.009855
v 0.036850 -0.165160 -0.009855
v 0.036939 -0.164874 -0.005271
v 0.032555 -0.163500 -0.005271
v 0.028996 -0.174851 -0.009099
v 0.033379 -0.176226 -0.009099
v 0.033469 -0.175941 -0.004514
v 0.029085 -0.174566 -0.004514
v 0.025525 -0.185918 -0.008343
v 0.029909 -0.187293 -0.008343
v 0.029999 -0.187007 -0.003758
v 0.025615 -0.185633 -0.003758
v 0.022055 -0.196985 -0.007586
v 0.026439 -0.198359 -0.007586
v 0.026528 -0.198074 -0.003002
v 0.022145 -0.196699 -0.003002
v 0.018585 -0.208051 -0.006830
v 0.022969 -0.209426 -0.006830
v 0.023058 -0.209141 -0.002245
v 0.018674 -0.207766 -0.002245
v 0.015115 -0.219118 -0.006074
v 0.019498 -0.220493 -0.006074
v 0.019588 -0.220207 -0.001489
v 0.015204 -0.218833 -0.001489
v 0.011644 -0.230185 -0.005317
v 0.016028 -0.231559 -0.005317
v 0.016118 -0.231274 -0.000733
v 0.011734 -0.229899 -0.000733
v 0.008174 -0.241251 -0.004561
v 0.012558 -0.242626 -0.004561
v 0.012647 -0.242341 0.000023
v 0.008264 -0.240966 0.000023
v 0.004704 -0.252318 -0.003805
v 0.009088 -0.253692 -0.003805
v 0.009177 -0.253407 0.000780
v 0.004793 -0.252033 0.000780
v 0.069630 -0.031160 -0.034915
v 0.074036 -0.032462 -0.034915
v 0.074202 -0.031900 -0.030358
v 0.069796 -0.030598 -0.030358
v 0.066361 -0.042227 -0.033432
v 0.070767 -0.043528 -0.033432
v 0.070933 -0.042966 -0.028875
v 0.066527 -0.041665 -0.028875
v 0.063092 -0.053293 -0.031948
v 0.067498 -0.054595 -0.031948
v 0.067664 -0.054033 -0.027391
v 0.063258 -0.052732 -0.027391
v 0.059823 -0.064360 -0.030465
v 0.064229 -0.065662 -0.030465
v 0.064395 -0.065100 -0.025908
v 0.059989 -0.063798 -0.025908
v 0.056554 -0.075427 -0.028981
v 0.060960 -0.076728 -0.028981
v 0.061126 -0.076166 -0.024424
v 0.056720 -0.074865 -0.024424
v 0.053285 -0.086493 -0.027498
v 0.057691 -0.087795 -0.027498
v 0.057857 -0.087233 -0.022941
v 0.053451 -0.085931 -0.022941
v 0.050016 -0.097560 -0.026014
v 0.054423 -0.098861 -0.026014
v 0.054589 -0.098300 -0.021457
v 0.050182 -0.096998 -0.021457
v 0.046748 -0.108627 -0.024531
v 0.051154 -0.109928 -0.024531
v 0.051320 -0.109366 -0.019974
v 0.046914 -0.108065 -0.019974
v 0.043479 -0.119693 -0.023047
v 0.047885 -0.120995 -0.023047
v 0.048051 -0.120433 -0.018490
v 0.043645 -0.119131 -0.018490
v 0.040210 -0.130760 -0.021564
v 0.044616 -0.132061 -0.021564
v 0.044782 -0.131499 -0.017007
v 0.040376 -0.130198 -0.017007
v 0.036941 -0.141826 -0.020080
v 0.041347 -0.143128 -0.020080
v 0.041513 -0.142566 -0.015524
v 0.037107 -0.141265 -0.015524
v 0.033672 -0.152893 -0.018597
v 0.038078 -0.154195 -0.018597
v 0.038244 -0.153633 -0.014040
v 0.033838 -0.152331 -0.014040
v 0.030403 -0.163960 -0.017113
v 0.034809 -0.165261 -0.017113
v 0.034975 -0.164699 -0.012557
v 0.030569 -0.163398 -0.012557
v 0.027134 -0.175026 -0.015630
v 0.031540 -0.176328 -0.015630
v 0.031706 -0.175766 -0.011073
v 0.027300 -0.174465 -0.011073
v 0.023865 -0.186093 -0.014146
v 0.028271 -0.187394 -0.014146
v 0.028437 -0.186833 -0.009590
v 0.024031 -0.185531 -0.009590
v 0.020596 -0.197160 -0.012663
v 0.025002 -0.198461 -0.012663
v 0.025168 -0.197899 -0.008106
v 0.020762 -0.196598 -0.008106
v 0.017327 -0.208226 -0.011179
v 0.021733 -0.209528 -0.011179
v 0.021899 -0.208966 -0.006623
v 0.017493 -0.207664 -0.006623
v 0.014058 -0.219293 -0.009696
v 0.018465 -0.220594 -0.009696
v 0.018630 -0.220032 -0.005139
v 0.014224 -0.218731 -0.005139
v 0.010790 -0.230359 -0.008212
v 0.015196 -0.231661 -0.008212
v 0.015362 -0.231099 -0.003656
v 0.010956 -0.229798 -0.003656
v 0.007521 -0.241426 -0.006729
v 0.011927 -0.242728 -0.006729
v 0.012093 -0.242166 -0.002172
v 0.007687 -0.240864 -0.002172
v 0.004252 -0.252493 -0.005245
v 0.008658 -0.253794 -0.005245
v 0.008824 -0.253232 -0.000689
v 0.004418 -0.251931 -0.000689
v 0.062394 -0.031350 -0.049639
v 0.066834 -0.032530 -0.049639
v 0.067052 -0.031710 -0.045124
v 0.062612 -0.030529 -0.045124
v 0.059452 -0.042417 -0.047485
v 0.063892 -0.043597 -0.047485
v 0.064110 -0.042776 -0.042970
v 0.059670 -0.041596 -0.042970
v 0.056510 -0.053483 -0.045331
v 0.060950 -0.054664 -0.045331
v 0.061168 -0.053843 -0.040816
v 0.056728 -0.052663 -0.040816
v 0.053568 -0.064550 -0.043178
v 0.058008 -0.065730 -0.043178
v 0.058226 -0.064910 -0.038663
v 0.053786 -0.063729 -0.038663
v 0.050626 -0.075617 -0.041024
v 0.055066 -0.076797 -0.041024
v 0.055284 -0.075976 -0.036509
v 0.050844 -0.074796 -0.036509
v 0.047684 -0.086683 -0.038870
v 0.052124 -0.087864 -0.038870
v 0.052342 -0.087043 -0.034355
v 0.047902 -0.085863 -0.034355
v 0.044742 -0.097750 -0.036717
v 0.049182 -0.098930 -0.036717
v 0.049400 -0.098110 -0.032202
v 0.044960 -0.096929 -0.032202
v 0.041800 -0.108817 -0.034563
v 0.046240 -0.109997 -0.034563
v 0.046458 -0.109176 -0.030048
v 0.042018 -0.107996 -0.030048
v 0.038858 -0.119883 -0.032409
v 0.043298 -0.121064 -0.032409
v 0.043516 -0.120243 -0.027894
v 0.039076 -0.119062 -0.027894
v 0.035916 -0.130950 -0.030256
v 0.040356 -0.132130 -0.030256
v 0.040574 -0.131309 -0.025740
v 0.036134 -0.130129 -0.025740
v 0.032974 -0.142016 -0.028102
v 0.037414 -0.143197 -0.028102
v 0.037632 -0.142376 -0.023587
v 0.033192 -0.141196 -0.023587
v 0.030032 -0.153083 -0.025948
v 0.034472 -0.154263 -0.025948
v 0.034690 -0.153443 -0.021433
v 0.030250 -0.152262 -0.021433
v 0.027090 -0.164150 -0.023794
v 0.031530 -0.165330 -0.023794
v 0.031749 -0.164509 -0.019279
v 0.027308 -0.163329 -0.019279
v 0.024148 -0.175216 -0.021641
v 0.028588 -0.176397 -0.021641
v 0.028807 -0.175576 -0.017126
v 0.024367 -0.174396 -0.017126
v 0.021206 -0.186283 -0.019487
v 0.025646 -0.187463 -0.019487
v 0.025865 -0.186643 -0.014972
v 0.021425 -0.185462 -0.014972
v 0.018264 -0.197350 -0.017333
v 0.022705 -0.198530 -0.017333
v 0.022923 -0.197709 -0.012818
v 0.018483 -0.196529 -0.012818
v 0.015323 -0.208416 -0.015180
v 0.019763 -0.209596 -0.015180
v 0.019981 -0.208776 -0.010665
v 0.015541 -0.207595 -0.010665
v 0.012381 -0.219483 -0.013026
v 0.016821 -0.220663 -0.013026
v 0.017039 -0.219842 -0.008511
v 0.012599 -0.218662 -0.008511
v 0.009439 -0.230549 -0.010872
v 0.013879 -0.231730 -0.010872
v 0.014097 -0.230909 -0.006357
v 0.009657 -0.229729 -0.006357
v 0.006497 -0.241616 -0.008719
v 0.010937 -0.242796 -0.008719
v 0.011155 -0.241976 -0.004204
v 0.006715 -0.240795 -0.004204
v 0.003555 -0.252683 -0.006565
v 0.007995 -0.253863 -0.006565
v 0.008213 -0.253042 -0.002050
v 0.003773 -0.251862 -0.002050
v 0.052683 -0.031550 -0.062538
v 0.057164 -0.032563 -0.062538
v 0.057402 -0.031510 -0.058072
v 0.052920 -0.030497 -0.058072
v 0.050181 -0.042616 -0.059797
v 0.054662 -0.043629 -0.059797
v 0.054900 -0.042577 -0.055331
v 0.050419 -0.041564 -0.055331
v 0.047679 -0.053683 -0.057056
v 0.052160 -0.054696 -0.057056
v 0.052398 -0.053644 -0.052590
v 0.047917 -0.052630 -0.052590
v 0.045177 -0.064749 -0.054314
v 0.049658 -0.065763 -0.054314
v 0.049896 -0.064710 -0.049849
v 0.045415 -0.063697 -0.049849
v 0.042675 -0.075816 -0.051573
v 0.047156 -0.076829 -0.051573
v 0.047394 -0.075777 -0.047107
v 0.042913 -0.074764 -0.047107
v 0.040173 -0.086883 -0.048832
v 0.044654 -0.087896 -0.048832
v 0.044892 -0.086843 -0.044366
v 0.040411 -0.085830 -0.044366
v 0.037671 -0.097949 -0.046091
v 0.042152 -0.098962 -0.046091
v 0.042390 -0.097910 -0.041625
v 0.037909 -0.096897 -0.041625
v 0.035169 -0.109016 -0.043350
v 0.039650 -0.110029 -0.043350
v 0.039888 -0.108977 -0.038884
v 0.035407 -0.107964 -0.038884
v 0.032667 -0.120083 -0.040609
v 0.037148 -0.121096 -0.040609
v 0.037386 -0.120043 -0.036143
v 0.032905 -0.119030 -0.036143
v 0.030165 -0.131149 -0.037868
v 0.034646 -0.132162 -0.037868
v 0.034884 -0.131110 -0.033402
v 0.030403 -0.130097 -0.033402
v 0.027663 -0.142216 -0.035127
v 0.032145 -0.143229 -0.035127
v 0.032382 -0.142177 -0.030661
v 0.027901 -0.141164 -0.030661
v 0.025161 -0.153283 -0.032385
v 0.029643 -0.154296 -0.032385
v 0.029881 -0.153243 -0.027920
v 0.025399 -0.152230 -0.027920
v 0.022660 -0.164349 -0.029644
v 0.027141 -0.165362 -0.029644
v 0.027379 -0.164310 -0.025178
v 0.022897 -0.163297 -0.025178
v 0.020158 -0.175416 -0.026903
v 0.024639 -0.176429 -0.026903
v 0.024877 -0.175377 -0.022437
v 0.020396 -0.174363 -0.022437
v 0.017656 -0.186482 -0.024162
v 0.022137 -0.187495 -0.024162
v 0.022375 -0.186443 -0.019696
v 0.017894 -0.185430 -0.019696
v 0.015154 -0.197549 -0.021421
v 0.019635 -0.198562 -0.021421
v 0.019873 -0.197510 -0.016955
v 0.015392 -0.196497 -0.016955
v 0.012652 -0.208616 -0.018680
v 0.017133 -0.209629 -0.018680
v 0.017371 -0.208576 -0.014214
v 0.012890 -0.207563 -0.014214
v 0.010150 -0.219682 -0.015939
v 0.014631 -0.220695 -0.015939
v 0.014869 -0.219643 -0.011473
v 0.010388 -0.218630 -0.011473
v 0.007648 -0.230749 -0.013197
v 0.012129 -0.231762 -0.013197
v 0.012367 -0.230710 -0.008732
v 0.007886 -0.229697 -0.008732
v 0.005146 -0.241816 -0.010456
v 0.009627 -0.242829 -0.010456
v 0.009865 -0.241776 -0.005991
v 0.005384 -0.240763 -0.005991
v 0.002644 -0.252882 -0.007715
v 0.007125 -0.253895 -0.007715
v 0.007363 -0.252843 -0.003249
v 0.002882 -0.251830 -0.003249
v 0.040874 -0.031752 -0.073119
v 0.045397 -0.032555 -0.073119
v 0.045619 -0.031308 -0.068703
v 0.041095 -0.030505 -0.068703
v 0.038908 -0.042818 -0.069896
v 0.043432 -0.043622 -0.069896
v 0.043653 -0.042375 -0.065480
v 0.039130 -0.041571 -0.065480
v 0.036942 -0.053885 -0.066673
v 0.041466 -0.054688 -0.066673
v 0.041687 -0.053441 -0.062256
v 0.037164 -0.052638 -0.062256
v 0.034977 -0.064952 -0.063449
v 0.039500 -0.065755 -0.063449
v 0.039722 -0.064508 -0.059033
v 0.035198 -0.063705 -0.059033
v 0.033011 -0.076018 -0.060226
v 0.037534 -0.076822 -0.060226
v 0.037756 -0.075575 -0.055810
v 0.033232 -0.074771 -0.055810
v 0.031045 -0.087085 -0.057003
v 0.035569 -0.087888 -0.057003
v 0.035790 -0.086641 -0.052587
v 0.031267 -0.085838 -0.052587
v 0.029079 -0.098151 -0.053780
v 0.033603 -0.098955 -0.053780
v 0.033824 -0.097708 -0.049363
v 0.029301 -0.096905 -0.049363
v 0.027114 -0.109218 -0.050557
v 0.031637 -0.110022 -0.050557
v 0.031859 -0.108775 -0.046140
v 0.027335 -0.107971 -0.046140
v 0.025148 -0.120285 -0.047333
v 0.029671 -0.121088 -0.047333
v 0.029893 -0.119841 -0.042917
v 0.025369 -0.119038 -0.042917
v 0.023182 -0.131351 -0.044110
v 0.027706 -0.132155 -0.044110
v 0.027927 -0.130908 -0.039694
v 0.023404 -0.130104 -0.039694
v 0.021216 -0.142418 -0.040887
v 0.025740 -0.143221 -0.040887
v 0.025961 -0.141975 -0.036471
v 0.021438 -0.141171 -0.036471
v 0.019251 -0.153485 -0.037664
v 0.023774 -0.154288 -0.037664
v 0.023996 -0.153041 -0.033247
v 0.019472 -0.152238 -0.033247
v 0.017285 -0.164551 -0.034440
v 0.021808 -0.165355 -0.034440
v 0.022030 -0.164108 -0.030024
v 0.017506 -0.163304 -0.030024
v 0.015319 -0.175618 -0.031217
v 0.019843 -0.176421 -0.031217
v 0.020064 -0.175174 -0.026801
v 0.015541 -0.174371 -0.026801
v 0.013353 -0.186684 -0.027994
v 0.017877 -0.187488 -0.027994
v 0.018098 -0.186241 -0.023578
v 0.013575 -0.185437 -0.023578
v 0.011388 -0.197751 -0.024771
v 0.015911 -0.198555 -0.024771
v 0.016133 -0.197308 -0.020355
v 0.011609 -0.196504 -0.020355
v 0.009422 -0.208818 -0.021548
v 0.013945 -0.209621 -0.021548
v 0.014167 -0.208374 -0.017131
v 0.009643 -0.207571 -0.017131
v 0.007456 -0.219884 -0.018324
v 0.011980 -0.220688 -0.018324
v 0.012201 -0.219441 -0.013908
v 0.007678 -0.218637 -0.013908
v 0.005490 -0.230951 -0.015101
v 0.010014 -0.231754 -0.015101
v 0.010235 -0.230508 -0.010685
v 0.005712 -0.229704 -0.010685
v 0.003525 -0.242018 -0.011878
v 0.008048 -0.242821 -0.011878
v 0.008270 -0.241574 -0.007462
v 0.003746 -0.240771 -0.007462
v 0.001559 -0.253084 -0.008655
v 0.006082 -0.253888 -0.008655
v 0.006304 -0.252641 -0.004238
v 0.001780 -0.251837 -0.004238
v 0.027423 -0.031948 -0.080979
v 0.031983 -0.032506 -0.080979
v 0.032154 -0.031112 -0.076605
v 0.027594 -0.030554 -0.076605
v 0.026069 -0.043015 -0.077398
v 0.030629 -0.043573 -0.077398
v 0.030800 -0.042178 -0.073024
v 0.026240 -0.041620 -0.073024
v 0.024715 -0.054082 -0.073816
v 0.029275 -0.054640 -0.073816
v 0.029446 -0.053245 -0.069442
v 0.024886 -0.052687 -0.069442
v 0.023361 -0.065148 -0.070235
v 0.027921 -0.065706 -0.070235
v 0.028092 -0.064311 -0.065861
v 0.023532 -0.063753 -0.065861
v 0.022007 -0.076215 -0.066653
v 0.026567 -0.076773 -0.066653
v 0.026738 -0.075378 -0.062279
v 0.022178 -0.074820 -0.062279
v 0.020653 -0.087281 -0.063072
v 0.025213 -0.087839 -0.063072
v 0.025384 -0.086445 -0.058698
v 0.020824 -0.085887 -0.058698
v 0.019299 -0.098348 -0.059490
v 0.023859 -0.098906 -0.059490
v 0.024030 -0.097511 -0.055116
v 0.019470 -0.096953 -0.055116
v 0.017945 -0.109415 -0.055909
v 0.022505 -0.109973 -0.055909
v 0.022676 -0.108578 -0.051535
v 0.018116 -0.108020 -0.051535
v 0.016591 -0.120481 -0.052327
v 0.021151 -0.121039 -0.052327
v 0.021322 -0.119645 -0.047953
v 0.016762 -0.119087 -0.047953
v 0.015237 -0.131548 -0.048746
v 0.019797 -0.132106 -0.048746
v 0.019968 -0.130711 -0.044372
v 0.015408 -0.130153 -0.044372
v 0.013883 -0.142615 -0.045165
v 0.018443 -0.143173 -0.045165
v 0.018614 -0.141778 -0.040790
v 0.014054 -0.141220 -0.040790
v 0.012529 -0.153681 -0.041583
v 0.017089 -0.154239 -0.041583
v 0.017260 -0.152845 -0.037209
v 0.012699 -0.152287 -0.037209
v 0.011175 -0.164748 -0.038002
v 0.015735 -0.165306 -0.038002
v 0.015906 -0.163911 -0.033628
v 0.011345 -0.163353 -0.033628
v 0.009821 -0.175815 -0.034420
v 0.014381 -0.176372 -0.034420
v 0.014552 -0.174978 -0.030046
v 0.009991 -0.174420 -0.030046
v 0.008467 -0.186881 -0.030839
v 0.013027 -0.187439 -0.030839
v 0.013198 -0.186044 -0.026465
v 0.008637 -0.185486 -0.026465
v 0.007113 -0.197948 -0.027257
v 0.011673 -0.198506 -0.027257
v 0.011844 -0.197111 -0.022883
v 0.007283 -0.196553 -0.022883
v 0.005759 -0.209014 -0.023676
v 0.010319 -0.209572 -0.023676
v 0.010490 -0.208178 -0.019302
v 0.005929 -0.207620 -0.019302
v 0.004405 -0.220081 -0.020094
v 0.008965 -0.220639 -0.020094
v 0.009136 -0.219244 -0.015720
v 0.004575 -0.218686 -0.015720
v 0.003051 -0.231148 -0.016513
v 0.007611 -0.231706 -0.016513
v 0.007782 -0.230311 -0.012139
v 0.003221 -0.229753 -0.012139
v 0.001697 -0.242214 -0.012932
v 0.006257 -0.242772 -0.012932
v 0.006427 -0.241378 -0.008557
v 0.001867 -0.240820 -0.008557
v 0.000343 -0.253281 -0.009350
v 0.004903 -0.253839 -0.009350
v 0.005073 -0.252444 -0.004976
v 0.000513 -0.251886 -0.004976
v 0.012847 -0.032131 -0.085818
v 0.017432 -0.032417 -0.085818
v 0.017525 -0.030929 -0.081472
v 0.012940 -0.030643 -0.081472
v 0.012157 -0.043197 -0.082016
v 0.016742 -0.043483 -0.082016
v 0.016835 -0.041996 -0.077670
v 0.012250 -0.041710 -0.077670
v 0.011467 -0.054264 -0.078214
v 0.016052 -0.054550 -0.078214
v 0.016145 -0.053063 -0.073868
v 0.011559 -0.052777 -0.073868
v 0.010776 -0.065330 -0.074412
v 0.015362 -0.065616 -0.074412
v 0.015454 -0.064129 -0.070066
v 0.010869 -0.063843 -0.070066
v 0.010086 -0.076397 -0.070610
v 0.014671 -0.076683 -0.070610
v 0.014764 -0.075196 -0.066264
v 0.010179 -0.074910 -0.066264
v 0.009396 -0.087464 -0.066808
v 0.013981 -0.087750 -0.066808
v 0.014074 -0.086262 -0.062462
v 0.009488 -0.085976 -0.062462
v 0.008705 -0.098530 -0.063006
v 0.013291 -0.098816 -0.063006
v 0.013384 -0.097329 -0.058660
v 0.008798 -0.097043 -0.058660
v 0.008015 -0.109597 -0.059204
v 0.012600 -0.109883 -0.059204
v 0.012693 -0.108396 -0.054858
v 0.008108 -0.108110 -0.054858
v 0.007325 -0.120664 -0.055402
v 0.011910 -0.120950 -0.055402
v 0.012003 -0.119462 -0.051056
v 0.007418 -0.119176 -0.051056
v 0.006635 -0.131730 -0.051600
v 0.011220 -0.132016 -0.051600
v 0.011313 -0.130529 -0.047254
v 0.006727 -0.130243 -0.047254
v 0.005944 -0.142797 -0.047798
v 0.010530 -0.143083 -0.047798
v 0.010622 -0.141596 -0.043452
v 0.006037 -0.141310 -0.043452
v 0.005254 -0.153864 -0.043996
v 0.009839 -0.154150 -0.043996
v 0.009932 -0.152662 -0.039650
v 0.005347 -0.152376 -0.039650
v 0.004564 -0.164930 -0.040194
v 0.009149 -0.165216 -0.040194
v 0.009242 -0.163729 -0.035848
v 0.004656 -0.163443 -0.035848
v 0.003873 -0.175997 -0.036391
v 0.008459 -0.176283 -0.036391
v 0.008552 -0.174796 -0.032046
v 0.003966 -0.174509 -0.032046
v 0.003183 -0.187063 -0.032589
v 0.007768 -0.187349 -0.032589
v 0.007861 -0.185862 -0.028244
v 0.003276 -0.185576 -0.028244
v 0.002493 -0.198130 -0.028787
v 0.007078 -0.198416 -0.028787
v 0.007171 -0.196929 -0.024442
v 0.002586 -0.196643 -0.024442
v 0.001803 -0.209197 -0.024985
v 0.006388 -0.209483 -0.024985
v 0.006481 -0.207995 -0.020639
v 0.001895 -0.207709 -0.020639
v 0.001112 -0.220263 -0.021183
v 0.005698 -0.220549 -0.021183
v 0.005790 -0.219062 -0.016837
v 0.001205 -0.218776 -0.016837
v 0.000422 -0.231330 -0.017381
v 0.005007 -0.231616 -0.017381
v 0.005100 -0.230129 -0.013035
v 0.000515 -0.229843 -0.013035
v -0.000268 -0.242397 -0.013579
v 0.004317 -0.242683 -0.013579
v 0.004410 -0.241195 -0.009233
v -0.000176 -0.240909 -0.009233
v -0.000959 -0.253463 -0.009777
v 0.003627 -0.253749 -0.009777
v 0.003720 -0.252262 -0.005431
v -0.000866 -0.251976 -0.005431
vn 0.1013 0.3289 -0.9389
vn 0.2981 0.3267 -0.8969
vn 0.4783 0.3228 -0.8167
vn 0.6339 0.3179 -0.7050
vn 0.7602 0.3129 -0.5694
vn 0.8549 0.3084 -0.4171
vn 0.9178 0.3052 -0.2541
vn 0.9490 0.3034 -0.0853
vn 0.9490 0.3034 0.0853
vn 0.9178 0.3052 0.2541
vn 0.8549 0.3084 0.4171
vn 0.7602 0.3129 0.5694
vn 0.6339 0.3179 0.7050
vn 0.4783 0.3228 0.8167
vn 0.2981 0.3267 0.8969
vn 0.1013 0.3289 0.9389
vn -0.1013 0.3289 0.9389
vn -0.2981 0.3267 0.8969
vn -0.4783 0.3228 0.8167
vn -0.6339 0.3179 0.7050
vn -0.7602 0.3129 0.5694
vn -0.8549 0.3084 0.4171
vn -0.9178 0.3052 0.2541
vn -0.9490 0.3034 0.0853
vn -0.9490 0.3034 -0.0853
vn -0.9178 0.3052 -0.2541
vn -0.8549 0.3084 -0.4171
vn -0.7602 0.3129 -0.5694
vn -0.6339 0.3179 -0.7050
vn -0.4783 0.3228 -0.8167
vn -0.2981 0.3267 -0.8969
vn -0.1013 0.3289 -0.9389
vn -0.1013 -0.3289 0.9389
vn -0.2981 -0.3267 0.8969
vn -0.4783 -0.3228 0.8167
vn -0.6339 -0.3179 0.7050
vn -0.7602 -0.3129 0.5694
vn -0.8549 -0.3084 0.4171
vn -0.9178 -0.3052 0.2541
vn -0.9490 -0.3034 0.0853
vn -0.9490 -0.3034 -0.0853
vn -0.9178 -0.3052 -0.2541
vn -0.8549 -0.3084 -0.4171
vn -0.7602 -0.3129 -0.5694
vn -0.6339 -0.3179 -0.7050
vn -0.4783 -0.3228 -0.8167
vn -0.2981 -0.3267 -0.8969
vn -0.1013 -0.3289 -0.9389
vn 0.1013 -0.3289 -0.9389
vn 0.2981 -0.3267 -0.8969
vn 0.4783 -0.3228 -0.8167
vn 0.6339 -0.3179 -0.7050
vn 0.7602 -0.3129 -0.5694
vn 0.8549 -0.3084 -0.4171
vn 0.9178 -0.3052 -0.2541
vn 0.9490 -0.3034 -0.0853
vn 0.9490 -0.3034 0.0853
vn 0.9178 -0.3052 0.2541
vn 0.8549 -0.3084 0.4171
vn 0.7602 -0.3129 0.5694
vn 0.6339 -0.3179 0.7050
vn 0.4783 -0.3228 0.8167
vn 0.2981 -0.3267 0.8969
vn 0.1013 -0.3289 0.9389
vn -0.0000 -0.3306 -0.9438
vn -1.0000 -0.0000 -0.0000
vn -0.0000 0.3306 0.9438
vn 1.0000 -0.0000 -0.0000
vn -0.0413 -0.3585 -0.9326
vn -0.9943 -0.1002 0.0351
vn -0.0000 0.3683 0.9297
vn 0.9938 0.0931 -0.0607
vn 0.0202 -0.3237 -0.9459
vn 0.9981 0.0623 -0.0000
vn -0.0202 0.3237 0.9459
vn -0.9981 -0.0623 -0.0000
vn 0.0223 -0.3581 -0.9334
vn 0.9787 0.2000 -0.0475
vn 0.0400 0.3473 0.9369
vn -0.9717 -0.2153 0.0976
vn 0.0371 -0.3036 -0.9521
vn 0.9926 0.1214 -0.0000
vn -0.0371 0.3036 0.9521
vn -0.9926 -0.1214 -0.0000
vn 0.0391 -0.3191 -0.9469
vn 0.9532 0.2969 -0.0575
vn 0.0363 0.3150 0.9484
vn -0.9374 -0.3232 0.1297
vn 0.0482 -0.2714 -0.9613
vn 0.9846 0.1749 -0.0000
vn -0.0482 0.2714 0.9613
vn -0.9846 -0.1749 -0.0000
vn 0.0454 -0.2556 -0.9657
vn 0.9225 0.3595 -0.1404
vn 0.0298 0.2591 0.9654
vn -0.8937 -0.4415 0.0798
vn 0.0518 -0.2291 -0.9720
vn 0.9754 0.2205 -0.0000
vn -0.0518 0.2291 0.9720
vn -0.9754 -0.2205 -0.0000
vn 0.0389 -0.1719 -0.9844
vn 0.8896 0.4277 -0.1603
vn 0.0205 0.1780 0.9838
vn -0.8487 -0.5231 0.0781
vn 0.0475 -0.1786 -0.9828
vn 0.9664 0.2569 -0.0000
vn -0.0475 0.1786 0.9828
vn -0.9664 -0.2569 -0.0000
vn 0.0196 -0.0739 -0.9971
vn 0.8578 0.4827 -0.1762
vn 0.0083 0.0719 0.9974
vn -0.8074 -0.5861 0.0675
vn 0.0361 -0.1223 -0.9918
vn 0.9590 0.2833 -0.0000
vn -0.0361 0.1223 0.9918
vn -0.9590 -0.2833 -0.0000
vn -0.0094 0.0318 -0.9995
vn 0.8298 0.5253 -0.1884
vn -0.0063 -0.0545 0.9985
vn -0.7749 -0.6301 0.0495
vn 0.0195 -0.0621 -0.9979
vn 0.9542 0.2992 -0.0000
vn -0.0195 0.0621 0.9979
vn -0.9542 -0.2992 -0.0000
vn -0.0435 0.1388 -0.9894
vn 0.8074 0.5562 -0.1972
vn -0.0220 -0.1914 0.9813
vn -0.7548 -0.6554 0.0261
vn -0.0000 -0.0000 -1.0000
vn 0.9525 0.3045 -0.0000
vn -0.0000 -0.0000 1.0000
vn -0.9525 -0.3045 -0.0000
vn -0.0774 0.2421 -0.9671
vn 0.7920 0.5759 -0.2028
vn -0.0374 -0.3250 0.9450
vn -0.7491 -0.6625 -0.0000
vn -0.0195 0.0621 -0.9979
vn 0.0195 -0.0621 0.9979
vn -0.1060 0.3381 -0.9351
vn 0.7850 0.5845 -0.2052
vn -0.0511 -0.4435 0.8948
vn -0.7582 -0.6515 -0.0257
vn -0.0361 0.1223 -0.9918
vn 0.0361 -0.1223 0.9918
vn -0.1253 0.4243 -0.8968
vn 0.7875 0.5815 -0.2043
vn -0.0623 -0.5404 0.8391
vn -0.7811 -0.6225 -0.0483
vn -0.0475 0.1786 -0.9828
vn 0.0475 -0.1786 0.9828
vn -0.1328 0.4995 -0.8561
vn 0.8004 0.5653 -0.1998
vn -0.0708 -0.6150 0.7854
vn -0.8153 -0.5754 -0.0652
vn -0.0518 0.2291 -0.9720
vn 0.0518 -0.2291 0.9720
vn -0.1272 0.5627 -0.8168
vn 0.8243 0.5330 -0.1906
vn -0.0771 -0.6696 0.7387
vn -0.8568 -0.5103 -0.0746
vn -0.0482 0.2714 -0.9613
vn 0.0482 -0.2714 0.9613
vn -0.1089 0.6129 -0.7827
vn 0.8591 0.4808 -0.1757
vn -0.0815 -0.7080 0.7015
vn -0.9007 -0.4278 -0.0756
vn -0.0371 0.3036 -0.9521
vn 0.0371 -0.3036 0.9521
vn -0.0794 0.6491 -0.7565
vn 0.9020 0.4036 -0.1533
vn -0.0844 -0.7330 0.6749
vn -0.9416 -0.3298 -0.0684
vn -0.0202 0.3237 -0.9459
vn 0.0202 -0.3237 0.9459
vn -0.0418 0.6705 -0.7407
vn 0.9468 0.2977 -0.1221
vn -0.0860 -0.7471 0.6591
vn -0.9740 -0.2197 -0.0544
vn -0.0000 0.3306 -0.9438
vn -0.0000 -0.3306 0.9438
vn -0.0000 0.6764 -0.7366
vn 0.9830 0.1641 -0.0822
vn -0.0866 -0.7515 0.6541
vn -0.9941 -0.1027 -0.0360
vn 0.0202 0.3237 -0.9459
vn 0.9981 -0.0623 -0.0000
vn -0.0202 -0.3237 0.9459
vn -0.9981 0.0623 -0.0000
vn 0.0416 0.6665 -0.7443
vn 0.9992 0.0137 -0.0364
vn -0.0860 -0.7464 0.6599
vn -0.9998 0.0152 -0.0162
vn 0.0371 0.3036 -0.9521
vn 0.9926 -0.1214 -0.0000
vn -0.0371 -0.3036 0.9521
vn -0.9926 0.1214 -0.0000
vn 0.0739 0.6419 -0.7632
vn 0.9909 -0.1345 0.0095
vn -0.0894 -0.7308 0.6767
vn -0.9919 0.1273 0.0019
vn 0.0482 0.2714 -0.9613
vn 0.9846 -0.1749 -0.0000
vn -0.0482 -0.2714 0.9613
vn -0.9846 0.1749 -0.0000
vn 0.0701 0.6090 -0.7901
vn 0.9638 -0.2621 0.0496
vn -0.1238 -0.6967 0.7066
vn -0.9735 0.2283 0.0156
vn 0.0518 0.2291 -0.9720
vn 0.9754 -0.2205 -0.0000
vn -0.0518 -0.2291 0.9720
vn -0.9754 0.2205 -0.0000
vn 0.0651 0.5648 -0.8227
vn 0.9297 -0.3593 0.0806
vn -0.1461 -0.6463 0.7489
vn -0.9491 0.3142 0.0235
vn 0.0475 0.1786 -0.9828
vn 0.9664 -0.2569 -0.0000
vn -0.0475 -0.1786 0.9828
vn -0.9664 0.2569 -0.0000
vn 0.0585 0.5078 -0.8595
vn 0.8991 -0.4257 0.1021
vn -0.1541 -0.5797 0.8001
vn -0.9237 0.3824 0.0249
vn 0.0361 0.1223 -0.9918
vn 0.9590 -0.2833 -0.0000
vn -0.0361 -0.1223 0.9918
vn -0.9590 0.2833 -0.0000
vn 0.0503 0.4367 -0.8982
vn 0.8777 -0.4652 0.1149
vn -0.1469 -0.4972 0.8551
vn -0.9017 0.4319 0.0204
vn 0.0195 0.0621 -0.9979
vn 0.9542 -0.2992 -0.0000
vn -0.0195 -0.0621 0.9979
vn -0.9542 0.2992 -0.0000
vn 0.0404 0.3511 -0.9355
vn 0.8678 -0.4820 0.1204
vn -0.1253 -0.3995 0.9081
vn -0.8867 0.4621 0.0115
vn 0.9525 -0.3045 -0.0000
vn -0.9525 0.3045 -0.0000
vn 0.0291 0.2523 -0.9672
vn 0.8693 -0.4797 0.1196
vn -0.0924 -0.2892 0.9528
vn -0.8811 0.4729 -0.0000
vn -0.0195 -0.0621 -0.9979
vn 0.0195 0.0621 0.9979
vn 0.0166 0.1441 -0.9894
vn 0.8807 -0.4600 0.1132
vn -0.0534 -0.1703 0.9840
vn -0.8856 0.4642 -0.0116
vn -0.0361 -0.1223 -0.9918
vn 0.0361 0.1223 0.9918
vn 0.0038 0.0326 -0.9995
vn 0.9000 -0.4239 0.1015
vn -0.0145 -0.0492 0.9987
vn -0.8999 0.4357 -0.0209
vn -0.0475 -0.1786 -0.9828
vn 0.0475 0.1786 0.9828
vn -0.0086 -0.0747 -0.9972
vn 0.9245 -0.3716 0.0846
vn 0.0177 0.0665 0.9976
vn -0.9216 0.3872 -0.0258
vn -0.0518 -0.2291 -0.9720
vn 0.0518 0.2291 0.9720
vn -0.0197 -0.1710 -0.9851
vn 0.9508 -0.3034 0.0627
vn 0.0382 0.1692 0.9848
vn -0.9475 0.3188 -0.0246
vn -0.0482 -0.2714 -0.9613
vn 0.0482 0.2714 0.9613
vn -0.0289 -0.2513 -0.9675
vn 0.9747 -0.2203 0.0364
vn 0.0449 0.2527 0.9665
vn -0.9727 0.2315 -0.0166
vn -0.0371 -0.3036 -0.9521
vn 0.0371 0.3036 0.9521
vn -0.0360 -0.3127 -0.9492
vn 0.9919 -0.1267 0.0017
vn 0.0382 0.3126 0.9491
vn -0.9920 0.1261 -0.0069
vn -0.0202 -0.3237 -0.9459
vn 0.0202 0.3237 0.9459
vn -0.0221 -0.3543 -0.9349
vn 0.9997 -0.0181 -0.0152
vn 0.0399 0.3462 0.9373
vn -0.9995 0.0157 0.0274
vn -0.0000 -0.3700 -0.9290
vn -0.9930 -0.1003 0.0628
vn 0.0412 0.3575 0.9330
vn 0.9951 0.0931 -0.0326
vn -0.0401 -0.3477 -0.9367
vn 0.9754 0.2001 -0.0930
vn -0.0222 0.3564 0.9341
vn -0.9751 -0.2152 0.0528
vn -0.0363 -0.3147 -0.9485
vn 0.9466 0.2982 -0.1223
vn -0.0388 0.3175 0.9475
vn -0.9445 -0.3219 0.0658
vn -0.0298 -0.2588 -0.9655
vn 0.9118 0.4049 -0.0686
vn -0.0450 0.2536 0.9663
vn -0.9075 -0.3924 0.1500
vn -0.0207 -0.1799 -0.9835
vn 0.8764 0.4772 -0.0658
vn -0.0380 0.1679 0.9851
vn -0.8665 -0.4686 0.1722
vn -0.0092 -0.0800 -0.9968
vn 0.8445 0.5326 -0.0560
vn -0.0174 0.0654 0.9977
vn -0.8265 -0.5300 0.1898
vn 0.0041 0.0354 -0.9994
vn 0.8197 0.5714 -0.0406
vn 0.0142 -0.0481 0.9987
vn -0.7909 -0.5772 0.2031
vn 0.0181 0.1572 -0.9874
vn 0.8044 0.5937 -0.0212
vn 0.0520 -0.1659 0.9848
vn -0.7624 -0.6112 0.2127
vn 0.0316 0.2747 -0.9610
vn 0.7999 0.6001 -0.0000
vn 0.0901 -0.2817 0.9553
vn -0.7426 -0.6330 0.2187
vn 0.0437 0.3791 -0.9243
vn 0.8066 0.5907 0.0210
vn 0.1225 -0.3905 0.9124
vn -0.7334 -0.6427 0.2214
vn 0.0537 0.4658 -0.8833
vn 0.8238 0.5655 0.0397
vn 0.1443 -0.4884 0.8606
vn -0.7360 -0.6400 0.2207
vn 0.0615 0.5338 -0.8433
vn 0.8498 0.5243 0.0542
vn 0.1524 -0.5731 0.8052
vn -0.7520 -0.6228 0.2159
vn 0.0674 0.5849 -0.8083
vn 0.8820 0.4670 0.0631
vn 0.1454 -0.6433 0.7517
vn -0.7821 -0.5880 0.2062
vn 0.0716 0.6213 -0.7803
vn 0.9168 0.3939 0.0652
vn 0.1240 -0.6983 0.7050
vn -0.8262 -0.5304 0.1899
vn 0.0743 0.6454 -0.7602
vn 0.9501 0.3060 0.0605
vn 0.0902 -0.7374 0.6694
vn -0.8806 -0.4441 0.1651
vn 0.0759 0.6589 -0.7484
vn 0.9774 0.2054 0.0494
vn 0.0474 -0.7604 0.6478
vn -0.9366 -0.3253 0.1303
vn 0.0764 0.6629 -0.7448
vn 0.9948 0.0960 0.0336
vn -0.0000 -0.7667 0.6420
vn -0.9803 -0.1779 0.0863
vn 0.0757 0.6577 -0.7495
vn 0.9997 -0.0172 0.0155
vn -0.0472 -0.7565 0.6523
vn -0.9991 -0.0175 0.0376
vn 0.0786 0.6423 -0.7624
vn 0.9918 -0.1281 -0.0022
vn -0.0841 -0.7303 0.6779
vn -0.9910 0.1334 -0.0091
vn 0.1084 0.6101 -0.7849
vn 0.9728 -0.2309 -0.0164
vn -0.0801 -0.6953 0.7142
vn -0.9650 0.2578 -0.0483
vn 0.1274 0.5634 -0.8163
vn 0.9469 -0.3206 -0.0251
vn -0.0746 -0.6476 0.7583
vn -0.9336 0.3498 -0.0776
vn 0.1337 0.5029 -0.8540
vn 0.9189 -0.3935 -0.0271
vn -0.0674 -0.5850 0.8082
vn -0.9062 0.4115 -0.0975
vn 0.1268 0.4293 -0.8942
vn 0.8941 -0.4472 -0.0226
vn -0.0582 -0.5055 0.8608
vn -0.8874 0.4479 -0.1093
vn 0.1077 0.3433 -0.9330
vn 0.8769 -0.4805 -0.0128
vn -0.0471 -0.4086 0.9115
vn -0.8787 0.4635 -0.1144
vn 0.0788 0.2464 -0.9659
vn 0.8703 -0.4926 -0.0000
vn -0.0341 -0.2962 0.9545
vn -0.8798 0.4615 -0.1137
vn 0.0443 0.1413 -0.9890
vn 0.8755 -0.4830 0.0130
vn -0.0200 -0.1738 0.9846
vn -0.8897 0.4435 -0.1078
vn 0.0095 0.0323 -0.9994
vn 0.8919 -0.4517 0.0232
vn -0.0057 -0.0498 0.9987
vn -0.9068 0.4103 -0.0971
vn -0.0198 -0.0746 -0.9970
vn 0.9165 -0.3989 0.0282
vn 0.0077 0.0666 0.9978
vn -0.9287 0.3617 -0.0814
vn -0.0389 -0.1722 -0.9843
vn 0.9451 -0.3257 0.0264
vn 0.0194 0.1681 0.9856
vn -0.9528 0.2975 -0.0609
vn -0.0450 -0.2536 -0.9663
vn 0.9720 -0.2342 0.0174
vn 0.0288 0.2504 0.9677
vn -0.9753 0.2179 -0.0356
vn -0.0383 -0.3133 -0.9489
vn 0.9919 -0.1269 0.0071
vn 0.0359 0.3121 0.9494
vn -0.9920 0.1259 -0.0014
vn -0.0400 -0.3472 -0.9370
vn 0.9995 -0.0178 -0.0267
vn 0.0220 0.3531 0.9353
vn -0.9997 0.0159 0.0159
vt 0.250000 0.490000
vt 0.250000 0.250000
vt 0.296822 0.485388
vt 0.341844 0.471731
vt 0.383337 0.449553
vt 0.419706 0.419706
vt 0.449553 0.383337
vt 0.471731 0.341844
vt 0.485388 0.296822
vt 0.490000 0.250000
vt 0.485388 0.203178
vt 0.471731 0.158156
vt 0.449553 0.116663
vt 0.419706 0.080294
vt 0.383337 0.050447
vt 0.341844 0.028269
vt 0.296822 0.014612
vt 0.250000 0.010000
vt 0.203178 0.014612
vt 0.158156 0.028269
vt 0.116663 0.050447
vt 0.080294 0.080294
vt 0.050447 0.116663
vt 0.028269 0.158156
vt 0.014612 0.203178
vt 0.010000 0.250000
vt 0.014612 0.296822
vt 0.028269 0.341844
vt 0.050447 0.383337
vt 0.080294 0.419706
vt 0.116663 0.449553
vt 0.158156 0.471731
vt 0.203178 0.485388
vt 0.000000 0.000000
s 1
f 1/1/1 33/2/1 2/3/1
f 2/3/2 33/2/2 3/4/2
f 3/4/3 33/2/3 4/5/3
f 4/5/4 33/2/4 5/6/4
f 5/6/5 33/2/5 6/7/5
f 6/7/6 33/2/6 7/8/6
f 7/8/7 33/2/7 8/9/7
f 8/9/8 33/2/8 9/10/8
f 9/10/9 33/2/9 10/11/9
f 10/11/10 33/2/10 11/12/10
f 11/12/11 33/2/11 12/13/11
f 12/13/12 33/2/12 13/14/12
f 13/14/13 33/2/13 14/15/13
f 14/15/14 33/2/14 15/16/14
f 15/16/15 33/2/15 16/17/15
f 16/17/16 33/2/16 17/18/16
f 17/18/17 33/2/17 18/19/17
f 18/19/18 33/2/18 19/20/18
f 19/20/19 33/2/19 20/21/19
f 20/21/20 33/2/20 21/22/20
f 21/22/21 33/2/21 22/23/21
f 22/23/22 33/2/22 23/24/22
f 23/24/23 33/2/23 24/25/23
f 24/25/24 33/2/24 25/26/24
f 25/26/25 33/2/25 26/27/25
f 26/27/26 33/2/26 27/28/26
f 27/28/27 33/2/27 28/29/27
f 28/29/28 33/2/28 29/30/28
f 29/30/29 33/2/29 30/31/29
f 30/31/30 33/2/30 31/32/30
f 31/32/31 33/2/31 32/33/31
f 32/33/32 33/2/32 1/1/32
f 34/1/33 35/3/33 65/2/33
f 35/3/34 36/4/34 65/2/34
f 36/4/35 37/5/35 65/2/35
f 37/5/36 38/6/36 65/2/36
f 38/6/37 39/7/37 65/2/37
f 39/7/38 40/8/38 65/2/38
f 40/8/39 41/9/39 65/2/39
f 41/9/40 42/10/40 65/2/40
f 42/10/41 43/11/41 65/2/41
f 43/11/42 44/12/42 65/2/42
f 44/12/43 45/13/43 65/2/43
f 45/13/44 46/14/44 65/2/44
f 46/14/45 47/15/45 65/2/45
f 47/15/46 48/16/46 65/2/46
f 48/16/47 16/17/47 65/2/47
f 16/17/48 49/18/48 65/2/48
f 49/18/49 50/19/49 65/2/49
f 50/19/50 51/20/50 65/2/50
f 51/20/51 52/21/51 65/2/51
f 52/21/52 53/22/52 65/2/52
f 53/22/53 54/23/53 65/2/53
f 54/23/54 55/24/54 65/2/54
f 55/24/55 56/25/55 65/2/55
f 56/25/56 57/26/56 65/2/56
f 57/26/57 58/27/57 65/2/57
f 58/27/58 59/28/58 65/2/58
f 59/28/59 60/29/59 65/2/59
f 60/29/60 61/30/60 65/2/60
f 61/30/61 62/31/61 65/2/61
f 62/31/62 63/32/62 65/2/62
f 63/32/63 64/33/63 65/2/63
f 64/33/64 34/1/64 65/2/64
s 0
f 104/34/65 99/34/65 103/34/65
f 105/34/66 100/34/66 104/34/66
f 106/34/67 101/34/67 105/34/67
f 106/34/68 99/34/68 102/34/68
f 107/34/65 104/34/65 103/34/65
f 109/34/66 104/34/66 108/34/66
f 110/34/67 105/34/67 109/34/67
f 110/34/68 103/34/68 106/34/68
f 111/34/65 108/34/65 107/34/65
f 112/34/66 109/34/66 108/34/66
f 114/34/67 109/34/67 113/34/67
f 111/34/68 110/34/68 114/34/68
f 115/34/65 112/34/65 111/34/65
f 117/34/66 112/34/66 116/34/66
f 118/34/67 113/34/67 117/34/67
f 118/34/68 111/34/68 114/34/68
f 120/34/65 115/34/65 119/34/65
f 120/34/66 117/34/66 116/34/66
f 122/34/67 117/34/67 121/34/67
f 119/34/68 118/34/68 122/34/68
f 123/34/65 120/34/65 119/34/65
f 125/34/66 120/34/66 124/34/66
f 126/34/67 121/34/67 125/34/67
f 126/34/68 119/34/68 122/34/68
f 128/34/65 123/34/65 127/34/65
f 128/34/66 125/34/66 124/34/66
f 130/34/67 125/34/67 129/34/67
f 127/34/68 126/34/68 130/34/68
f 131/34/65 128/34/65 127/34/65
f 133/34/66 128/34/66 132/34/66
f 134/34/67 129/34/67 133/34/67
f 131/34/68 130/34/68 134/34/68
f 136/34/65 131/34/65 135/34/65
f 136/34/66 133/34/66 132/34/66
f 138/34/67 133/34/67 137/34/67
f 135/34/68 134/34/68 138/34/68
f 139/34/65 136/34/65 135/34/65
f 140/34/66 137/34/66 136/34/66
f 142/34/67 137/34/67 141/34/67
f 139/34/68 138/34/68 142/34/68
f 144/34/65 139/34/65 143/34/65
f 144/34/66 141/34/66 140/34/66
f 146/34/67 141/34/67 145/34/67
f 143/34/68 142/34/68 146/34/68
f 147/34/65 144/34/65 143/34/65
f 149/34/66 144/34/66 148/34/66
f 150/34/67 145/34/67 149/34/67
f 150/34/68 143/34/68 146/34/68
f 151/34/65 148/34/65 147/34/65
f 152/34/66 149/34/66 148/34/66
f 154/34/67 149/34/67 153/34/67
f 151/34/68 150/34/68 154/34/68
f 155/34/65 152/34/65 151/34/65
f 157/34/66 152/34/66 156/34/66
f 158/34/67 153/34/67 157/34/67
f 158/34/68 151/34/68 154/34/68
f 159/34/65 156/34/65 155/34/65
f 161/34/66 156/34/66 160/34/66
f 162/34/67 157/34/67 161/34/67
f 162/34/68 155/34/68 158/34/68
f 163/34/65 160/34/65 159/34/65
f 164/34/66 161/34/66 160/34/66
f 166/34/67 161/34/67 165/34/67
f 163/34/68 162/34/68 166/34/68
f 167/34/65 164/34/65 163/34/65
f 168/34/66 165/34/66 164/34/66
f 170/34/67 165/34/67 169/34/67
f 167/34/68 166/34/68 170/34/68
f 171/34/65 168/34/65 167/34/65
f 172/34/66 169/34/66 168/34/66
f 174/34/67 169/34/67 173/34/67
f 171/34/68 170/34/68 174/34/68
f 175/34/65 172/34/65 171/34/65
f 176/34/66 173/34/66 172/34/66
f 178/34/67 173/34/67 177/34/67
f 175/34/68 174/34/68 178/34/68
f 179/34/65 176/34/65 175/34/65
f 180/34/66 177/34/66 176/34/66
f 182/34/67 177/34/67 181/34/67
f 179/34/68 178/34/68 182/34/68
f 184/34/69 179/34/69 183/34/69
f 184/34/70 181/34/70 180/34/70
f 185/34/71 182/34/71 181/34/71
f 183/34/72 182/34/72 186/34/72
f 187/34/73 192/34/73 191/34/73
f 188/34/74 193/34/74 192/34/74
f 190/34/75 193/34/75 189/34/75
f 187/34/76 194/34/76 190/34/76
f 191/34/73 196/34/73 195/34/73
f 193/34/74 196/34/74 192/34/74
f 193/34/75 198/34/75 197/34/75
f 191/34/76 198/34/76 194/34/76
f 195/34/73 200/34/73 199/34/73
f 196/34/74 201/34/74 200/34/74
f 198/34/75 201/34/75 197/34/75
f 195/34/76 202/34/76 198/34/76
f 199/34/73 204/34/73 203/34/73
f 201/34/74 204/34/74 200/34/74
f 202/34/75 205/34/75 201/34/75
f 199/34/76 206/34/76 202/34/76
f 204/34/73 207/34/73 203/34/73
f 205/34/74 208/34/74 204/34/74
f 206/34/75 209/34/75 205/34/75
f 206/34/76 207/34/76 210/34/76
f 208/34/73 211/34/73 207/34/73
f 208/34/74 213/34/74 212/34/74
f 209/34/75 214/34/75 213/34/75
f 210/34/76 211/34/76 214/34/76
f 212/34/73 215/34/73 211/34/73
f 212/34/74 217/34/74 216/34/74
f 213/34/75 218/34/75 217/34/75
f 214/34/76 215/34/76 218/34/76
f 216/34/73 219/34/73 215/34/73
f 217/34/74 220/34/74 216/34/74
f 217/34/75 222/34/75 221/34/75
f 218/34/76 219/34/76 222/34/76
f 220/34/73 223/34/73 219/34/73
f 221/34/74 224/34/74 220/34/74
f 222/34/75 225/34/75 221/34/75
f 222/34/76 223/34/76 226/34/76
f 224/34/73 227/34/73 223/34/73
f 225/34/74 228/34/74 224/34/74
f 225/34/75 230/34/75 229/34/75
f 226/34/76 227/34/76 230/34/76
f 228/34/73 231/34/73 227/34/73
f 228/34/74 233/34/74 232/34/74
f 230/34/75 233/34/75 229/34/75
f 230/34/76 231/34/76 234/34/76
f 231/34/73 236/34/73 235/34/73
f 232/34/74 237/34/74 236/34/74
f 233/34/75 238/34/75 237/34/75
f 234/34/76 235/34/76 238/34/76
f 235/34/73 240/34/73 239/34/73
f 237/34/74 240/34/74 236/34/74
f 238/34/75 241/34/75 237/34/75
f 235/34/76 242/34/76 238/34/76
f 240/34/73 243/34/73 239/34/73
f 241/34/74 244/34/74 240/34/74
f 242/34/75 245/34/75 241/34/75
f 239/34/76 246/34/76 242/34/76
f 243/34/73 248/34/73 247/34/73
f 245/34/74 248/34/74 244/34/74
f 246/34/75 249/34/75 245/34/75
f 243/34/76 250/34/76 246/34/76
f 248/34/73 251/34/73 247/34/73
f 249/34/74 252/34/74 248/34/74
f 250/34/75 253/34/75 249/34/75
f 250/34/76 251/34/76 254/34/76
f 251/34/73 256/34/73 255/34/73
f 253/34/74 256/34/74 252/34/74
f 253/34/75 258/34/75 257/34/75
f 254/34/76 255/34/76 258/34/76
f 255/34/73 260/34/73 259/34/73
f 257/34/74 260/34/74 256/34/74
f 257/34/75 262/34/75 261/34/75
f 258/34/76 259/34/76 262/34/76
f 259/34/73 264/34/73 263/34/73
f 261/34/74 264/34/74 260/34/74
f 261/34/75 266/34/75 265/34/75
f 259/34/76 266/34/76 262/34/76
f 263/34/73 268/34/73 267/34/73
f 265/34/74 268/34/74 264/34/74
f 265/34/75 270/34/75 269/34/75
f 263/34/76 270/34/76 266/34/76
f 268/34/77 184/34/77 267/34/77
f 269/34/78 183/34/78 268/34/78
f 269/34/79 185/34/79 186/34/79
f 270/34/80 184/34/80 185/34/80
f 272/34/81 275/34/81 271/34/81
f 272/34/82 277/34/82 276/34/82
f 274/34/83 277/34/83 273/34/83
f 271/34/84 278/34/84 274/34/84
f 276/34/81 279/34/81 275/34/81
f 276/34/82 281/34/82 280/34/82
f 278/34/83 281/34/83 277/34/83
f 275/34/84 282/34/84 278/34/84
f 280/34/81 283/34/81 279/34/81
f 280/34/82 285/34/82 284/34/82
f 281/34/83 286/34/83 285/34/83
f 282/34/84 283/34/84 286/34/84
f 284/34/81 287/34/81 283/34/81
f 284/34/82 289/34/82 288/34/82
f 286/34/83 289/34/83 285/34/83
f 283/34/84 290/34/84 286/34/84
f 287/34/81 292/34/81 291/34/81
f 288/34/82 293/34/82 292/34/82
f 290/34/83 293/34/83 289/34/83
f 287/34/84 294/34/84 290/34/84
f 292/34/81 295/34/81 291/34/81
f 292/34/82 297/34/82 296/34/82
f 294/34/83 297/34/83 293/34/83
f 294/34/84 295/34/84 298/34/84
f 296/34/81 299/34/81 295/34/81
f 297/34/82 300/34/82 296/34/82
f 297/34/83 302/34/83 301/34/83
f 295/34/84 302/34/84 298/34/84
f 300/34/81 303/34/81 299/34/81
f 300/34/82 305/34/82 304/34/82
f 301/34/83 306/34/83 305/34/83
f 299/34/84 306/34/84 302/34/84
f 304/34/81 307/34/81 303/34/81
f 305/34/82 308/34/82 304/34/82
f 306/34/83 309/34/83 305/34/83
f 306/34/84 307/34/84 310/34/84
f 307/34/81 312/34/81 311/34/81
f 309/34/82 312/34/82 308/34/82
f 310/34/83 313/34/83 309/34/83
f 310/34/84 311/34/84 314/34/84
f 312/34/81 315/34/81 311/34/81
f 313/34/82 316/34/82 312/34/82
f 314/34/83 317/34/83 313/34/83
f 311/34/84 318/34/84 314/34/84
f 316/34/81 319/34/81 315/34/81
f 316/34/82 321/34/82 320/34/82
f 317/34/83 322/34/83 321/34/83
f 315/34/84 322/34/84 318/34/84
f 320/34/81 323/34/81 319/34/81
f 321/34/82 324/34/82 320/34/82
f 321/34/83 326/34/83 325/34/83
f 319/34/84 326/34/84 322/34/84
f 323/34/81 328/34/81 327/34/81
f 324/34/82 329/34/82 328/34/82
f 326/34/83 329/34/83 325/34/83
f 323/34/84 330/34/84 326/34/84
f 328/34/81 331/34/81 327/34/81
f 328/34/82 333/34/82 332/34/82
f 329/34/83 334/34/83 333/34/83
f 327/34/84 334/34/84 330/34/84
f 332/34/81 335/34/81 331/34/81
f 332/34/82 337/34/82 336/34/82
f 333/34/83 338/34/83 337/34/83
f 331/34/84 338/34/84 334/34/84
f 336/34/81 339/34/81 335/34/81
f 336/34/82 341/34/82 340/34/82
f 338/34/83 341/34/83 337/34/83
f 338/34/84 339/34/84 342/34/84
f 340/34/81 343/34/81 339/34/81
f 340/34/82 345/34/82 344/34/82
f 341/34/83 346/34/83 345/34/83
f 339/34/84 346/34/84 342/34/84
f 344/34/81 347/34/81 343/34/81
f 344/34/82 349/34/82 348/34/82
f 345/34/83 350/34/83 349/34/83
f 343/34/84 350/34/84 346/34/84
f 347/34/81 352/34/81 351/34/81
f 348/34/82 353/34/82 352/34/82
f 349/34/83 354/34/83 353/34/83
f 347/34/84 354/34/84 350/34/84
f 352/34/85 184/34/85 351/34/85
f 353/34/86 183/34/86 352/34/86
f 353/34/87 185/34/87 186/34/87
f 354/34/88 184/34/88 185/34/88
f 356/34/89 359/34/89 355/34/89
f 357/34/90 360/34/90 356/34/90
f 357/34/91 362/34/91 361/34/91
f 355/34/92 362/34/92 358/34/92
f 360/34/89 363/34/89 359/34/89
f 361/34/90 364/34/90 360/34/90
f 362/34/91 365/34/91 361/34/91
f 359/34/92 366/34/92 362/34/92
f 364/34/89 367/34/89 363/34/89
f 364/34/90 369/34/90 368/34/90
f 366/34/91 369/34/91 365/34/91
f 366/34/92 367/34/92 370/34/92
f 368/34/89 371/34/89 367/34/89
f 368/34/90 373/34/90 372/34/90
f 369/34/91 374/34/91 373/34/91
f 367/34/92 374/34/92 370/34/92
f 372/34/89 375/34/89 371/34/89
f 372/34/90 377/34/90 376/34/90
f 373/34/91 378/34/91 377/34/91
f 371/34/92 378/34/92 374/34/92
f 376/34/89 379/34/89 375/34/89
f 376/34/90 381/34/90 380/34/90
f 378/34/91 381/34/91 377/34/91
f 375/34/92 382/34/92 378/34/92
f 379/34/89 384/34/89 383/34/89
f 380/34/90 385/34/90 384/34/90
f 382/34/91 385/34/91 381/34/91
f 379/34/92 386/34/92 382/34/92
f 383/34/89 388/34/89 387/34/89
f 384/34/90 389/34/90 388/34/90
f 386/34/91 389/34/91 385/34/91
f 383/34/92 390/34/92 386/34/92
f 387/34/89 392/34/89 391/34/89
f 388/34/90 393/34/90 392/34/90
f 390/34/91 393/34/91 389/34/91
f 387/34/92 394/34/92 390/34/92
f 391/34/89 396/34/89 395/34/89
f 393/34/90 396/34/90 392/34/90
f 394/34/91 397/34/91 393/34/91
f 391/34/92 398/34/92 394/34/92
f 396/34/89 399/34/89 395/34/89
f 396/34/90 401/34/90 400/34/90
f 397/34/91 402/34/91 401/34/91
f 395/34/92 402/34/92 398/34/92
f 400/34/89 403/34/89 399/34/89
f 400/34/90 405/34/90 404/34/90
f 401/34/91 406/34/91 405/34/91
f 399/34/92 406/34/92 402/34/92
f 403/34/89 408/34/89 407/34/89
f 405/34/90 408/34/90 404/34/90
f 406/34/91 409/34/91 405/34/91
f 403/34/92 410/34/92 406/34/92
f 407/34/89 412/34/89 411/34/89
f 408/34/90 413/34/90 412/34/90
f 410/34/91 413/34/91 409/34/91
f 410/34/92 411/34/92 414/34/92
f 411/34/89 416/34/89 415/34/89
f 412/34/90 417/34/90 416/34/90
f 414/34/91 417/34/91 413/34/91
f 414/34/92 415/34/92 418/34/92
f 415/34/89 420/34/89 419/34/89
f 417/34/90 420/34/90 416/34/90
f 418/34/91 421/34/91 417/34/91
f 418/34/92 419/34/92 422/34/92
f 419/34/89 424/34/89 423/34/89
f 421/34/90 424/34/90 420/34/90
f 422/34/91 425/34/91 421/34/91
f 422/34/92 423/34/92 426/34/92
f 423/34/89 428/34/89 427/34/89
f 424/34/90 429/34/90 428/34/90
f 426/34/91 429/34/91 425/34/91
f 426/34/92 427/34/92 430/34/92
f 427/34/89 432/34/89 431/34/89
f 429/34/90 432/34/90 428/34/90
f 430/34/91 433/34/91 429/34/91
f 427/34/92 434/34/92 430/34/92
f 431/34/89 436/34/89 435/34/89
f 433/34/90 436/34/90 432/34/90
f 434/34/91 437/34/91 433/34/91
f 431/34/92 438/34/92 434/34/92
f 436/34/93 184/34/93 435/34/93
f 436/34/94 186/34/94 183/34/94
f 437/34/95 185/34/95 186/34/95
f 435/34/96 185/34/96 438/34/96
f 439/34/97 444/34/97 443/34/97
f 441/34/98 444/34/98 440/34/98
f 442/34/99 445/34/99 441/34/99
f 442/34/100 443/34/100 446/34/100
f 443/34/97 448/34/97 447/34/97
f 445/34/98 448/34/98 444/34/98
f 445/34/99 450/34/99 449/34/99
f 446/34/100 447/34/100 450/34/100
f 447/34/97 452/34/97 451/34/97
f 449/34/98 452/34/98 448/34/98
f 449/34/99 454/34/99 453/34/99
f 447/34/100 454/34/100 450/34/100
f 452/34/97 455/34/97 451/34/97
f 452/34/98 457/34/98 456/34/98
f 454/34/99 457/34/99 453/34/99
f 451/34/100 458/34/100 454/34/100
f 455/34/97 460/34/97 459/34/97
f 456/34/98 461/34/98 460/34/98
f 457/34/99 462/34/99 461/34/99
f 455/34/100 462/34/100 458/34/100
f 459/34/97 464/34/97 463/34/97
f 461/34/98 464/34/98 460/34/98
f 462/34/99 465/34/99 461/34/99
f 462/34/100 463/34/100 466/34/100
f 463/34/97 468/34/97 467/34/97
f 465/34/98 468/34/98 464/34/98
f 466/34/99 469/34/99 465/34/99
f 463/34/100 470/34/100 466/34/100
f 468/34/97 471/34/97 467/34/97
f 468/34/98 473/34/98 472/34/98
f 470/34/99 473/34/99 469/34/99
f 467/34/100 474/34/100 470/34/100
f 472/34/97 475/34/97 471/34/97
f 473/34/98 476/34/98 472/34/98
f 474/34/99 477/34/99 473/34/99
f 474/34/100 475/34/100 478/34/100
f 476/34/97 479/34/97 475/34/97
f 476/34/98 481/34/98 480/34/98
f 478/34/99 481/34/99 477/34/99
f 475/34/100 482/34/100 478/34/100
f 480/34/97 483/34/97 479/34/97
f 480/34/98 485/34/98 484/34/98
f 482/34/99 485/34/99 481/34/99
f 482/34/100 483/34/100 486/34/100
f 484/34/97 487/34/97 483/34/97
f 485/34/98 488/34/98 484/34/98
f 486/34/99 489/34/99 485/34/99
f 486/34/100 487/34/100 490/34/100
f 488/34/97 491/34/97 487/34/97
f 489/34/98 492/34/98 488/34/98
f 489/34/99 494/34/99 493/34/99
f 490/34/100 491/34/100 494/34/100
f 492/34/97 495/34/97 491/34/97
f 493/34/98 496/34/98 492/34/98
f 494/34/99 497/34/99 493/34/99
f 494/34/100 495/34/100 498/34/100
f 495/34/97 500/34/97 499/34/97
f 497/34/98 500/34/98 496/34/98
f 498/34/99 501/34/99 497/34/99
f 498/34/100 499/34/100 502/34/100
f 500/34/97 503/34/97 499/34/97
f 501/34/98 504/34/98 500/34/98
f 502/34/99 505/34/99 501/34/99
f 502/34/100 503/34/100 506/34/100
f 503/34/97 508/34/97 507/34/97
f 505/34/98 508/34/98 504/34/98
f 506/34/99 509/34/99 505/34/99
f 506/34/100 507/34/100 510/34/100
f 508/34/97 511/34/97 507/34/97
f 509/34/98 512/34/98 508/34/98
f 510/34/99 513/34/99 509/34/99
f 510/34/100 511/34/100 514/34/100
f 511/34/97 516/34/97 515/34/97
f 513/34/98 516/34/98 512/34/98
f 514/34/99 517/34/99 513/34/99
f 514/34/100 515/34/100 518/34/100
f 515/34/97 520/34/97 519/34/97
f 517/34/98 520/34/98 516/34/98
f 518/34/99 521/34/99 517/34/99
f 518/34/100 519/34/100 522/34/100
f 520/34/101 184/34/101 519/34/101
f 520/34/102 186/34/102 183/34/102
f 521/34/103 185/34/103 186/34/103
f 519/34/104 185/34/104 522/34/104
f 523/34/105 528/34/105 527/34/105
f 525/34/106 528/34/106 524/34/106
f 526/34/107 529/34/107 525/34/107
f 526/34/108 527/34/108 530/34/108
f 528/34/105 531/34/105 527/34/105
f 529/34/106 532/34/106 528/34/106
f 530/34/107 533/34/107 529/34/107
f 530/34/108 531/34/108 534/34/108
f 532/34/105 535/34/105 531/34/105
f 532/34/106 537/34/106 536/34/106
f 533/34/107 538/34/107 537/34/107
f 534/34/108 535/34/108 538/34/108
f 536/34/105 539/34/105 535/34/105
f 536/34/106 541/34/106 540/34/106
f 538/34/107 541/34/107 537/34/107
f 538/34/108 539/34/108 542/34/108
f 539/34/105 544/34/105 543/34/105
f 540/34/106 545/34/106 544/34/106
f 542/34/107 545/34/107 541/34/107
f 539/34/108 546/34/108 542/34/108
f 543/34/105 548/34/105 547/34/105
f 544/34/106 549/34/106 548/34/106
f 546/34/107 549/34/107 545/34/107
f 543/34/108 550/34/108 546/34/108
f 547/34/105 552/34/105 551/34/105
f 548/34/106 553/34/106 552/34/106
f 550/34/107 553/34/107 549/34/107
f 547/34/108 554/34/108 550/34/108
f 551/34/105 556/34/105 555/34/105
f 553/34/106 556/34/106 552/34/106
f 554/34/107 557/34/107 553/34/107
f 551/34/108 558/34/108 554/34/108
f 555/34/105 560/34/105 559/34/105
f 556/34/106 561/34/106 560/34/106
f 558/34/107 561/34/107 557/34/107
f 555/34/108 562/34/108 558/34/108
f 560/34/105 563/34/105 559/34/105
f 560/34/106 565/34/106 564/34/106
f 562/34/107 565/34/107 561/34/107
f 559/34/108 566/34/108 562/34/108
f 564/34/105 567/34/105 563/34/105
f 565/34/106 568/34/106 564/34/106
f 565/34/107 570/34/107 569/34/107
f 563/34/108 570/34/108 566/34/108
f 567/34/105 572/34/105 571/34/105
f 568/34/106 573/34/106 572/34/106
f 570/34/107 573/34/107 569/34/107
f 570/34/108 571/34/108 574/34/108
f 572/34/105 575/34/105 571/34/105
f 573/34/106 576/34/106 572/34/106
f 574/34/107 577/34/107 573/34/107
f 571/34/108 578/34/108 574/34/108
f 575/34/105 580/34/105 579/34/105
f 577/34/106 580/34/106 576/34/106
f 578/34/107 581/34/107 577/34/107
f 578/34/108 579/34/108 582/34/108
f 579/34/105 584/34/105 583/34/105
f 581/34/106 584/34/106 580/34/106
f 581/34/107 586/34/107 585/34/107
f 579/34/108 586/34/108 582/34/108
f 583/34/105 588/34/105 587/34/105
f 585/34/106 588/34/106 584/34/106
f 586/34/107 589/34/107 585/34/107
f 583/34/108 590/34/108 586/34/108
f 587/34/105 592/34/105 591/34/105
f 588/34/106 593/34/106 592/34/106
f 590/34/107 593/34/107 589/34/107
f 590/34/108 591/34/108 594/34/108
f 591/34/105 596/34/105 595/34/105
f 592/34/106 597/34/106 596/34/106
f 594/34/107 597/34/107 593/34/107
f 591/34/108 598/34/108 594/34/108
f 595/34/105 600/34/105 599/34/105
f 596/34/106 601/34/106 600/34/106
f 598/34/107 601/34/107 597/34/107
f 595/34/108 602/34/108 598/34/108
f 599/34/105 604/34/105 603/34/105
f 600/34/106 605/34/106 604/34/106
f 602/34/107 605/34/107 601/34/107
f 599/34/108 606/34/108 602/34/108
f 604/34/109 184/34/109 603/34/109
f 604/34/110 186/34/110 183/34/110
f 605/34/111 185/34/111 186/34/111
f 603/34/112 185/34/112 606/34/112
f 607/34/113 612/34/113 611/34/113
f 608/34/114 613/34/114 612/34/114
f 610/34/115 613/34/115 609/34/115
f 610/34/116 611/34/116 614/34/116
f 612/34/113 615/34/113 611/34/113
f 612/34/114 617/34/114 616/34/114
f 614/34/115 617/34/115 613/34/115
f 614/34/116 615/34/116 618/34/116
f 615/34/113 620/34/113 619/34/113
f 616/34/114 621/34/114 620/34/114
f 618/34/115 621/34/115 617/34/115
f 615/34/116 622/34/116 618/34/116
f 620/34/113 623/34/113 619/34/113
f 621/34/114 624/34/114 620/34/114
f 621/34/115 626/34/115 625/34/115
f 619/34/116 626/34/116 622/34/116
f 624/34/113 627/34/113 623/34/113
f 624/34/114 629/34/114 628/34/114
f 625/34/115 630/34/115 629/34/115
f 626/34/116 627/34/116 630/34/116
f 628/34/113 631/34/113 627/34/113
f 628/34/114 633/34/114 632/34/114
f 629/34/115 634/34/115 633/34/115
f 627/34/116 634/34/116 630/34/116
f 632/34/113 635/34/113 631/34/113
f 633/34/114 636/34/114 632/34/114
f 633/34/115 638/34/115 637/34/115
f 631/34/116 638/34/116 634/34/116
f 636/34/113 639/34/113 635/34/113
f 636/34/114 641/34/114 640/34/114
f 637/34/115 642/34/115 641/34/115
f 635/34/116 642/34/116 638/34/116
f 640/34/113 643/34/113 639/34/113
f 640/34/114 645/34/114 644/34/114
f 642/34/115 645/34/115 641/34/115
f 639/34/116 646/34/116 642/34/116
f 644/34/113 647/34/113 643/34/113
f 644/34/114 649/34/114 648/34/114
f 646/34/115 649/34/115 645/34/115
f 646/34/116 647/34/116 650/34/116
f 648/34/113 651/34/113 647/34/113
f 648/34/114 653/34/114 652/34/114
f 650/34/115 653/34/115 649/34/115
f 647/34/116 654/34/116 650/34/116
f 651/34/113 656/34/113 655/34/113
f 652/34/114 657/34/114 656/34/114
f 654/34/115 657/34/115 653/34/115
f 651/34/116 658/34/116 654/34/116
f 655/34/113 660/34/113 659/34/113
f 656/34/114 661/34/114 660/34/114
f 658/34/115 661/34/115 657/34/115
f 655/34/116 662/34/116 658/34/116
f 659/34/113 664/34/113 663/34/113
f 660/34/114 665/34/114 664/34/114
f 662/34/115 665/34/115 661/34/115
f 659/34/116 666/34/116 662/34/116
f 663/34/113 668/34/113 667/34/113
f 664/34/114 669/34/114 668/34/114
f 666/34/115 669/34/115 665/34/115
f 663/34/116 670/34/116 666/34/116
f 667/34/113 672/34/113 671/34/113
f 668/34/114 673/34/114 672/34/114
f 670/34/115 673/34/115 669/34/115
f 667/34/116 674/34/116 670/34/116
f 671/34/113 676/34/113 675/34/113
f 672/34/114 677/34/114 676/34/114
f 674/34/115 677/34/115 673/34/115
f 671/34/116 678/34/116 674/34/116
f 675/34/113 680/34/113 679/34/113
f 676/34/114 681/34/114 680/34/114
f 678/34/115 681/34/115 677/34/115
f 675/34/116 682/34/116 678/34/116
f 679/34/113 684/34/113 683/34/113
f 680/34/114 685/34/114 684/34/114
f 682/34/115 685/34/115 681/34/115
f 679/34/116 686/34/116 682/34/116
f 683/34/113 688/34/113 687/34/113
f 684/34/114 689/34/114 688/34/114
f 686/34/115 689/34/115 685/34/115
f 683/34/116 690/34/116 686/34/116
f 688/34/117 184/34/117 687/34/117
f 688/34/118 186/34/118 183/34/118
f 689/34/119 185/34/119 186/34/119
f 687/34/120 185/34/120 690/34/120
f 692/34/121 695/34/121 691/34/121
f 693/34/122 696/34/122 692/34/122
f 693/34/123 698/34/123 697/34/123
f 691/34/124 698/34/124 694/34/124
f 696/34/121 699/34/121 695/34/121
f 696/34/122 701/34/122 700/34/122
f 697/34/123 702/34/123 701/34/123
f 695/34/124 702/34/124 698/34/124
f 699/34/121 704/34/121 703/34/121
f 701/34/122 704/34/122 700/34/122
f 702/34/123 705/34/123 701/34/123
f 699/34/124 706/34/124 702/34/124
f 704/34/121 707/34/121 703/34/121
f 705/34/122 708/34/122 704/34/122
f 706/34/123 709/34/123 705/34/123
f 706/34/124 707/34/124 710/34/124
f 708/34/121 711/34/121 707/34/121
f 709/34/122 712/34/122 708/34/122
f 709/34/123 714/34/123 713/34/123
f 710/34/124 711/34/124 714/34/124
f 712/34/121 715/34/121 711/34/121
f 713/34/122 716/34/122 712/34/122
f 713/34/123 718/34/123 717/34/123
f 714/34/124 715/34/124 718/34/124
f 716/34/121 719/34/121 715/34/121
f 717/34/122 720/34/122 716/34/122
f 717/34/123 722/34/123 721/34/123
f 715/34/124 722/34/124 718/34/124
f 720/34/121 723/34/121 719/34/121
f 720/34/122 725/34/122 724/34/122
f 721/34/123 726/34/123 725/34/123
f 722/34/124 723/34/124 726/34/124
f 724/34/121 727/34/121 723/34/121
f 724/34/122 729/34/122 728/34/122
f 725/34/123 730/34/123 729/34/123
f 723/34/124 730/34/124 726/34/124
f 728/34/121 731/34/121 727/34/121
f 729/34/122 732/34/122 728/34/122
f 729/34/123 734/34/123 733/34/123
f 730/34/124 731/34/124 734/34/124
f 732/34/121 735/34/121 731/34/121
f 733/34/122 736/34/122 732/34/122
f 733/34/123 738/34/123 737/34/123
f 734/34/124 735/34/124 738/34/124
f 736/34/121 739/34/121 735/34/121
f 737/34/122 740/34/122 736/34/122
f 737/34/123 742/34/123 741/34/123
f 738/34/124 739/34/124 742/34/124
f 740/34/121 743/34/121 739/34/121
f 741/34/122 744/34/122 740/34/122
f 741/34/123 746/34/123 745/34/123
f 742/34/124 743/34/124 746/34/124
f 744/34/121 747/34/121 743/34/121
f 745/34/122 748/34/122 744/34/122
f 745/34/123 750/34/123 749/34/123
f 746/34/124 747/34/124 750/34/124
f 748/34/121 751/34/121 747/34/121
f 749/34/122 752/34/122 748/34/122
f 749/34/123 754/34/123 753/34/123
f 750/34/124 751/34/124 754/34/124
f 752/34/121 755/34/121 751/34/121
f 753/34/122 756/34/122 752/34/122
f 753/34/123 758/34/123 757/34/123
f 754/34/124 755/34/124 758/34/124
f 756/34/121 759/34/121 755/34/121
f 757/34/122 760/34/122 756/34/122
f 757/34/123 762/34/123 761/34/123
f 758/34/124 759/34/124 762/34/124
f 760/34/121 763/34/121 759/34/121
f 761/34/122 764/34/122 760/34/122
f 761/34/123 766/34/123 765/34/123
f 762/34/124 763/34/124 766/34/124
f 764/34/121 767/34/121 763/34/121
f 765/34/122 768/34/122 764/34/122
f 765/34/123 770/34/123 769/34/123
f 766/34/124 767/34/124 770/34/124
f 768/34/121 771/34/121 767/34/121
f 769/34/122 772/34/122 768/34/122
f 769/34/123 774/34/123 773/34/123
f 770/34/124 771/34/124 774/34/124
f 772/34/125 184/34/125 771/34/125
f 772/34/126 186/34/126 183/34/126
f 773/34/127 185/34/127 186/34/127
f 771/34/128 185/34/128 774/34/128
f 775/34/129 780/34/129 779/34/129
f 777/34/130 780/34/130 776/34/130
f 778/34/131 781/34/131 777/34/131
f 775/34/132 782/34/132 778/34/132
f 780/34/129 783/34/129 779/34/129
f 780/34/130 785/34/130 784/34/130
f 782/34/131 785/34/131 781/34/131
f 779/34/132 786/34/132 782/34/132
f 783/34/129 788/34/129 787/34/129
f 784/34/130 789/34/130 788/34/130
f 786/34/131 789/34/131 785/34/131
f 783/34/132 790/34/132 786/34/132
f 788/34/129 791/34/129 787/34/129
f 788/34/130 793/34/130 792/34/130
f 789/34/131 794/34/131 793/34/131
f 787/34/132 794/34/132 790/34/132
f 792/34/129 795/34/129 791/34/129
f 793/34/130 796/34/130 792/34/130
f 793/34/131 798/34/131 797/34/131
f 791/34/132 798/34/132 794/34/132
f 796/34/129 799/34/129 795/34/129
f 796/34/130 801/34/130 800/34/130
f 797/34/131 802/34/131 801/34/131
f 795/34/132 802/34/132 798/34/132
f 800/34/129 803/34/129 799/34/129
f 800/34/130 805/34/130 804/34/130
f 801/34/131 806/34/131 805/34/131
f 799/34/132 806/34/132 802/34/132
f 804/34/129 807/34/129 803/34/129
f 804/34/130 809/34/130 808/34/130
f 805/34/131 810/34/131 809/34/131
f 803/34/132 810/34/132 806/34/132
f 808/34/129 811/34/129 807/34/129
f 808/34/130 813/34/130 812/34/130
f 809/34/131 814/34/131 813/34/131
f 807/34/132 814/34/132 810/34/132
f 811/34/129 816/34/129 815/34/129
f 812/34/130 817/34/130 816/34/130
f 814/34/131 817/34/131 813/34/131
f 811/34/132 818/34/132 814/34/132
f 815/34/129 820/34/129 819/34/129
f 816/34/130 821/34/130 820/34/130
f 818/34/131 821/34/131 817/34/131
f 815/34/132 822/34/132 818/34/132
f 819/34/129 824/34/129 823/34/129
f 820/34/130 825/34/130 824/34/130
f 822/34/131 825/34/131 821/34/131
f 819/34/132 826/34/132 822/34/132
f 823/34/129 828/34/129 827/34/129
f 824/34/130 829/34/130 828/34/130
f 826/34/131 829/34/131 825/34/131
f 823/34/132 830/34/132 826/34/132
f 827/34/129 832/34/129 831/34/129
f 828/34/130 833/34/130 832/34/130
f 830/34/131 833/34/131 829/34/131
f 827/34/132 834/34/132 830/34/132
f 831/34/129 836/34/129 835/34/129
f 832/34/130 837/34/130 836/34/130
f 834/34/131 837/34/131 833/34/131
f 831/34/132 838/34/132 834/34/132
f 836/34/129 839/34/129 835/34/129
f 836/34/130 841/34/130 840/34/130
f 837/34/131 842/34/131 841/34/131
f 835/34/132 842/34/132 838/34/132
f 839/34/129 844/34/129 843/34/129
f 840/34/130 845/34/130 844/34/130
f 842/34/131 845/34/131 841/34/131
f 839/34/132 846/34/132 842/34/132
f 843/34/129 848/34/129 847/34/129
f 844/34/130 849/34/130 848/34/130
f 846/34/131 849/34/131 845/34/131
f 843/34/132 850/34/132 846/34/132
f 847/34/129 852/34/129 851/34/129
f 848/34/130 853/34/130 852/34/130
f 850/34/131 853/34/131 849/34/131
f 847/34/132 854/34/132 850/34/132
f 851/34/129 856/34/129 855/34/129
f 852/34/130 857/34/130 856/34/130
f 854/34/131 857/34/131 853/34/131
f 851/34/132 858/34/132 854/34/132
f 856/34/133 184/34/133 855/34/133
f 856/34/134 186/34/134 183/34/134
f 857/34/135 185/34/135 186/34/135
f 855/34/136 185/34/136 858/34/136
f 859/34/137 864/34/137 863/34/137
f 861/34/122 864/34/122 860/34/122
f 862/34/138 865/34/138 861/34/138
f 862/34/124 863/34/124 866/34/124
f 863/34/137 868/34/137 867/34/137
f 865/34/122 868/34/122 864/34/122
f 865/34/138 870/34/138 869/34/138
f 863/34/124 870/34/124 866/34/124
f 867/34/137 872/34/137 871/34/137
f 869/34/122 872/34/122 868/34/122
f 870/34/138 873/34/138 869/34/138
f 870/34/124 871/34/124 874/34/124
f 872/34/137 875/34/137 871/34/137
f 873/34/122 876/34/122 872/34/122
f 873/34/138 878/34/138 877/34/138
f 874/34/124 875/34/124 878/34/124
f 876/34/137 879/34/137 875/34/137
f 877/34/122 880/34/122 876/34/122
f 877/34/138 882/34/138 881/34/138
f 878/34/124 879/34/124 882/34/124
f 880/34/137 883/34/137 879/34/137
f 881/34/122 884/34/122 880/34/122
f 881/34/138 886/34/138 885/34/138
f 879/34/124 886/34/124 882/34/124
f 884/34/137 887/34/137 883/34/137
f 885/34/122 888/34/122 884/34/122
f 885/34/138 890/34/138 889/34/138
f 883/34/124 890/34/124 886/34/124
f 888/34/137 891/34/137 887/34/137
f 889/34/122 892/34/122 888/34/122
f 889/34/138 894/34/138 893/34/138
f 890/34/124 891/34/124 894/34/124
f 892/34/137 895/34/137 891/34/137
f 893/34/122 896/34/122 892/34/122
f 893/34/138 898/34/138 897/34/138
f 894/34/124 895/34/124 898/34/124
f 896/34/137 899/34/137 895/34/137
f 896/34/122 901/34/122 900/34/122
f 897/34/138 902/34/138 901/34/138
f 898/34/124 899/34/124 902/34/124
f 900/34/137 903/34/137 899/34/137
f 900/34/122 905/34/122 904/34/122
f 901/34/138 906/34/138 905/34/138
f 899/34/124 906/34/124 902/34/124
f 904/34/137 907/34/137 903/34/137
f 904/34/122 909/34/122 908/34/122
f 905/34/138 910/34/138 909/34/138
f 903/34/124 910/34/124 906/34/124
f 908/34/137 911/34/137 907/34/137
f 908/34/122 913/34/122 912/34/122
f 910/34/138 913/34/138 909/34/138
f 907/34/124 914/34/124 910/34/124
f 912/34/137 915/34/137 911/34/137
f 912/34/122 917/34/122 916/34/122
f 914/34/138 917/34/138 913/34/138
f 911/34/124 918/34/124 914/34/124
f 916/34/137 919/34/137 915/34/137
f 916/34/122 921/34/122 920/34/122
f 917/34/138 922/34/138 921/34/138
f 915/34/124 922/34/124 918/34/124
f 920/34/137 923/34/137 919/34/137
f 920/34/122 925/34/122 924/34/122
f 921/34/138 926/34/138 925/34/138
f 919/34/124 926/34/124 922/34/124
f 924/34/137 927/34/137 923/34/137
f 924/34/122 929/34/122 928/34/122
f 925/34/138 930/34/138 929/34/138
f 923/34/124 930/34/124 926/34/124
f 927/34/137 932/34/137 931/34/137
f 928/34/122 933/34/122 932/34/122
f 930/34/138 933/34/138 929/34/138
f 927/34/124 934/34/124 930/34/124
f 932/34/137 935/34/137 931/34/137
f 932/34/122 937/34/122 936/34/122
f 933/34/138 938/34/138 937/34/138
f 931/34/124 938/34/124 934/34/124
f 936/34/137 939/34/137 935/34/137
f 936/34/122 941/34/122 940/34/122
f 938/34/138 941/34/138 937/34/138
f 935/34/124 942/34/124 938/34/124
f 940/34/139 184/34/139 939/34/139
f 940/34/140 186/34/140 183/34/140
f 941/34/141 185/34/141 186/34/141
f 939/34/142 185/34/142 942/34/142
f 943/34/143 948/34/143 947/34/143
f 945/34/114 948/34/114 944/34/114
f 946/34/144 949/34/144 945/34/144
f 946/34/116 947/34/116 950/34/116
f 948/34/143 951/34/143 947/34/143
f 949/34/114 952/34/114 948/34/114
f 949/34/144 954/34/144 953/34/144
f 947/34/116 954/34/116 950/34/116
f 952/34/143 955/34/143 951/34/143
f 953/34/114 956/34/114 952/34/114
f 953/34/144 958/34/144 957/34/144
f 951/34/116 958/34/116 954/34/116
f 955/34/143 960/34/143 959/34/143
f 956/34/114 961/34/114 960/34/114
f 958/34/144 961/34/144 957/34/144
f 955/34/116 962/34/116 958/34/116
f 959/34/143 964/34/143 963/34/143
f 961/34/114 964/34/114 960/34/114
f 961/34/144 966/34/144 965/34/144
f 959/34/116 966/34/116 962/34/116
f 964/34/143 967/34/143 963/34/143
f 964/34/114 969/34/114 968/34/114
f 965/34/144 970/34/144 969/34/144
f 963/34/116 970/34/116 966/34/116
f 968/34/143 971/34/143 967/34/143
f 968/34/114 973/34/114 972/34/114
f 969/34/144 974/34/144 973/34/144
f 967/34/116 974/34/116 970/34/116
f 972/34/143 975/34/143 971/34/143
f 973/34/114 976/34/114 972/34/114
f 973/34/144 978/34/144 977/34/144
f 971/34/116 978/34/116 974/34/116
f 975/34/143 980/34/143 979/34/143
f 976/34/114 981/34/114 980/34/114
f 977/34/144 982/34/144 981/34/144
f 975/34/116 982/34/116 978/34/116
f 980/34/143 983/34/143 979/34/143
f 980/34/114 985/34/114 984/34/114
f 981/34/144 986/34/144 985/34/144
f 982/34/116 983/34/116 986/34/116
f 984/34/143 987/34/143 983/34/143
f 985/34/114 988/34/114 984/34/114
f 986/34/144 989/34/144 985/34/144
f 986/34/116 987/34/116 990/34/116
f 987/34/143 992/34/143 991/34/143
f 989/34/114 992/34/114 988/34/114
f 990/34/144 993/34/144 989/34/144
f 990/34/116 991/34/116 994/34/116
f 991/34/143 996/34/143 995/34/143
f 993/34/114 996/34/114 992/34/114
f 994/34/144 997/34/144 993/34/144
f 994/34/116 995/34/116 998/34/116
f 995/34/143 1000/34/143 999/34/143
f 997/34/114 1000/34/114 996/34/114
f 998/34/144 1001/34/144 997/34/144
f 998/34/116 999/34/116 1002/34/116
f 999/34/143 1004/34/143 1003/34/143
f 1001/34/114 1004/34/114 1000/34/114
f 1002/34/144 1005/34/144 1001/34/144
f 1002/34/116 1003/34/116 1006/34/116
f 1004/34/143 1007/34/143 1003/34/143
f 1005/34/114 1008/34/114 1004/34/114
f 1005/34/144 1010/34/144 1009/34/144
f 1006/34/116 1007/34/116 1010/34/116
f 1007/34/143 1012/34/143 1011/34/143
f 1009/34/114 1012/34/114 1008/34/114
f 1010/34/144 1013/34/144 1009/34/144
f 1010/34/116 1011/34/116 1014/34/116
f 1011/34/143 1016/34/143 1015/34/143
f 1013/34/114 1016/34/114 1012/34/114
f 1014/34/144 1017/34/144 1013/34/144
f 1014/34/116 1015/34/116 1018/34/116
f 1015/34/143 1020/34/143 1019/34/143
f 1017/34/114 1020/34/114 1016/34/114
f 1018/34/144 1021/34/144 1017/34/144
f 1018/34/116 1019/34/116 1022/34/116
f 1019/34/143 1024/34/143 1023/34/143
f 1021/34/114 1024/34/114 1020/34/114
f 1022/34/144 1025/34/144 1021/34/144
f 1022/34/116 1023/34/116 1026/34/116
f 1024/34/145 184/34/145 1023/34/145
f 1024/34/146 186/34/146 183/34/146
f 1025/34/147 185/34/147 186/34/147
f 1023/34/148 185/34/148 1026/34/148
f 1027/34/149 1032/34/149 1031/34/149
f 1028/34/106 1033/34/106 1032/34/106
f 1030/34/150 1033/34/150 1029/34/150
f 1027/34/108 1034/34/108 1030/34/108
f 1032/34/149 1035/34/149 1031/34/149
f 1032/34/106 1037/34/106 1036/34/106
f 1034/34/150 1037/34/150 1033/34/150
f 1034/34/108 1035/34/108 1038/34/108
f 1036/34/149 1039/34/149 1035/34/149
f 1037/34/106 1040/34/106 1036/34/106
f 1038/34/150 1041/34/150 1037/34/150
f 1038/34/108 1039/34/108 1042/34/108
f 1040/34/149 1043/34/149 1039/34/149
f 1041/34/106 1044/34/106 1040/34/106
f 1042/34/150 1045/34/150 1041/34/150
f 1042/34/108 1043/34/108 1046/34/108
f 1043/34/149 1048/34/149 1047/34/149
f 1044/34/106 1049/34/106 1048/34/106
f 1046/34/150 1049/34/150 1045/34/150
f 1046/34/108 1047/34/108 1050/34/108
f 1047/34/149 1052/34/149 1051/34/149
f 1048/34/106 1053/34/106 1052/34/106
f 1050/34/150 1053/34/150 1049/34/150
f 1047/34/108 1054/34/108 1050/34/108
f 1051/34/149 1056/34/149 1055/34/149
f 1052/34/106 1057/34/106 1056/34/106
f 1054/34/150 1057/34/150 1053/34/150
f 1054/34/108 1055/34/108 1058/34/108
f 1055/34/149 1060/34/149 1059/34/149
f 1057/34/106 1060/34/106 1056/34/106
f 1058/34/150 1061/34/150 1057/34/150
f 1058/34/108 1059/34/108 1062/34/108
f 1059/34/149 1064/34/149 1063/34/149
f 1061/34/106 1064/34/106 1060/34/106
f 1062/34/150 1065/34/150 1061/34/150
f 1062/34/108 1063/34/108 1066/34/108
f 1063/34/149 1068/34/149 1067/34/149
f 1064/34/106 1069/34/106 1068/34/106
f 1066/34/150 1069/34/150 1065/34/150
f 1066/34/108 1067/34/108 1070/34/108
f 1067/34/149 1072/34/149 1071/34/149
f 1069/34/106 1072/34/106 1068/34/106
f 1070/34/150 1073/34/150 1069/34/150
f 1070/34/108 1071/34/108 1074/34/108
f 1072/34/149 1075/34/149 1071/34/149
f 1073/34/106 1076/34/106 1072/34/106
f 1074/34/150 1077/34/150 1073/34/150
f 1071/34/108 1078/34/108 1074/34/108
f 1076/34/149 1079/34/149 1075/34/149
f 1077/34/106 1080/34/106 1076/34/106
f 1078/34/150 1081/34/150 1077/34/150
f 1078/34/108 1079/34/108 1082/34/108
f 1079/34/149 1084/34/149 1083/34/149
f 1081/34/106 1084/34/106 1080/34/106
f 1082/34/150 1085/34/150 1081/34/150
f 1082/34/108 1083/34/108 1086/34/108
f 1084/34/149 1087/34/149 1083/34/149
f 1085/34/106 1088/34/106 1084/34/106
f 1086/34/150 1089/34/150 1085/34/150
f 1086/34/108 1087/34/108 1090/34/108
f 1088/34/149 1091/34/149 1087/34/149
f 1088/34/106 1093/34/106 1092/34/106
f 1090/34/150 1093/34/150 1089/34/150
f 1090/34/108 1091/34/108 1094/34/108
f 1091/34/149 1096/34/149 1095/34/149
f 1093/34/106 1096/34/106 1092/34/106
f 1094/34/150 1097/34/150 1093/34/150
f 1091/34/108 1098/34/108 1094/34/108
f 1095/34/149 1100/34/149 1099/34/149
f 1097/34/106 1100/34/106 1096/34/106
f 1098/34/150 1101/34/150 1097/34/150
f 1098/34/108 1099/34/108 1102/34/108
f 1099/34/149 1104/34/149 1103/34/149
f 1101/34/106 1104/34/106 1100/34/106
f 1102/34/150 1105/34/150 1101/34/150
f 1102/34/108 1103/34/108 1106/34/108
f 1103/34/149 1108/34/149 1107/34/149
f 1105/34/106 1108/34/106 1104/34/106
f 1106/34/150 1109/34/150 1105/34/150
f 1106/34/108 1107/34/108 1110/34/108
f 1108/34/151 184/34/151 1107/34/151
f 1108/34/152 186/34/152 183/34/152
f 1109/34/153 185/34/153 186/34/153
f 1107/34/154 185/34/154 1110/34/154
f 1111/34/155 1116/34/155 1115/34/155
f 1112/34/98 1117/34/98 1116/34/98
f 1114/34/156 1117/34/156 1113/34/156
f 1111/34/100 1118/34/100 1114/34/100
f 1115/34/155 1120/34/155 1119/34/155
f 1117/34/98 1120/34/98 1116/34/98
f 1118/34/156 1121/34/156 1117/34/156
f 1115/34/100 1122/34/100 1118/34/100
f 1120/34/155 1123/34/155 1119/34/155
f 1121/34/98 1124/34/98 1120/34/98
f 1122/34/156 1125/34/156 1121/34/156
f 1122/34/100 1123/34/100 1126/34/100
f 1124/34/155 1127/34/155 1123/34/155
f 1124/34/98 1129/34/98 1128/34/98
f 1126/34/156 1129/34/156 1125/34/156
f 1123/34/100 1130/34/100 1126/34/100
f 1127/34/155 1132/34/155 1131/34/155
f 1128/34/98 1133/34/98 1132/34/98
f 1130/34/156 1133/34/156 1129/34/156
f 1127/34/100 1134/34/100 1130/34/100
f 1132/34/155 1135/34/155 1131/34/155
f 1133/34/98 1136/34/98 1132/34/98
f 1134/34/156 1137/34/156 1133/34/156
f 1131/34/100 1138/34/100 1134/34/100
f 1135/34/155 1140/34/155 1139/34/155
f 1137/34/98 1140/34/98 1136/34/98
f 1138/34/156 1141/34/156 1137/34/156
f 1135/34/100 1142/34/100 1138/34/100
f 1140/34/155 1143/34/155 1139/34/155
f 1141/34/98 1144/34/98 1140/34/98
f 1141/34/156 1146/34/156 1145/34/156
f 1139/34/100 1146/34/100 1142/34/100
f 1143/34/155 1148/34/155 1147/34/155
f 1145/34/98 1148/34/98 1144/34/98
f 1145/34/156 1150/34/156 1149/34/156
f 1143/34/100 1150/34/100 1146/34/100
f 1147/34/155 1152/34/155 1151/34/155
f 1149/34/98 1152/34/98 1148/34/98
f 1149/34/156 1154/34/156 1153/34/156
f 1147/34/100 1154/34/100 1150/34/100
f 1151/34/155 1156/34/155 1155/34/155
f 1152/34/98 1157/34/98 1156/34/98
f 1153/34/156 1158/34/156 1157/34/156
f 1151/34/100 1158/34/100 1154/34/100
f 1156/34/155 1159/34/155 1155/34/155
f 1157/34/98 1160/34/98 1156/34/98
f 1158/34/156 1161/34/156 1157/34/156
f 1155/34/100 1162/34/100 1158/34/100
f 1160/34/155 1163/34/155 1159/34/155
f 1160/34/98 1165/34/98 1164/34/98
f 1161/34/156 1166/34/156 1165/34/156
f 1159/34/100 1166/34/100 1162/34/100
f 1163/34/155 1168/34/155 1167/34/155
f 1164/34/98 1169/34/98 1168/34/98
f 1165/34/156 1170/34/156 1169/34/156
f 1163/34/100 1170/34/100 1166/34/100
f 1167/34/155 1172/34/155 1171/34/155
f 1169/34/98 1172/34/98 1168/34/98
f 1170/34/156 1173/34/156 1169/34/156
f 1167/34/100 1174/34/100 1170/34/100
f 1171/34/155 1176/34/155 1175/34/155
f 1173/34/98 1176/34/98 1172/34/98
f 1173/34/156 1178/34/156 1177/34/156
f 1171/34/100 1178/34/100 1174/34/100
f 1175/34/155 1180/34/155 1179/34/155
f 1176/34/98 1181/34/98 1180/34/98
f 1178/34/156 1181/34/156 1177/34/156
f 1175/34/100 1182/34/100 1178/34/100
f 1179/34/155 1184/34/155 1183/34/155
f 1180/34/98 1185/34/98 1184/34/98
f 1182/34/156 1185/34/156 1181/34/156
f 1179/34/100 1186/34/100 1182/34/100
f 1183/34/155 1188/34/155 1187/34/155
f 1184/34/98 1189/34/98 1188/34/98
f 1186/34/156 1189/34/156 1185/34/156
f 1183/34/100 1190/34/100 1186/34/100
f 1187/34/155 1192/34/155 1191/34/155
f 1188/34/98 1193/34/98 1192/34/98
f 1190/34/156 1193/34/156 1189/34/156
f 1187/34/100 1194/34/100 1190/34/100
f 1192/34/157 184/34/157 1191/34/157
f 1192/34/158 186/34/158 183/34/158
f 1193/34/159 185/34/159 186/34/159
f 1191/34/160 185/34/160 1194/34/160
f 1196/34/161 1199/34/161 1195/34/161
f 1196/34/90 1201/34/90 1200/34/90
f 1198/34/162 1201/34/162 1197/34/162
f 1195/34/92 1202/34/92 1198/34/92
f 1199/34/161 1204/34/161 1203/34/161
f 1201/34/90 1204/34/90 1200/34/90
f 1202/34/162 1205/34/162 1201/34/162
f 1202/34/92 1203/34/92 1206/34/92
f 1204/34/161 1207/34/161 1203/34/161
f 1205/34/90 1208/34/90 1204/34/90
f 1206/34/162 1209/34/162 1205/34/162
f 1206/34/92 1207/34/92 1210/34/92
f 1208/34/161 1211/34/161 1207/34/161
f 1208/34/90 1213/34/90 1212/34/90
f 1210/34/162 1213/34/162 1209/34/162
f 1210/34/92 1211/34/92 1214/34/92
f 1212/34/161 1215/34/161 1211/34/161
f 1213/34/90 1216/34/90 1212/34/90
f 1214/34/162 1217/34/162 1213/34/162
f 1214/34/92 1215/34/92 1218/34/92
f 1215/34/161 1220/34/161 1219/34/161
f 1217/34/90 1220/34/90 1216/34/90
f 1218/34/162 1221/34/162 1217/34/162
f 1218/34/92 1219/34/92 1222/34/92
f 1219/34/161 1224/34/161 1223/34/161
f 1220/34/90 1225/34/90 1224/34/90
f 1222/34/162 1225/34/162 1221/34/162
f 1222/34/92 1223/34/92 1226/34/92
f 1223/34/161 1228/34/161 1227/34/161
f 1225/34/90 1228/34/90 1224/34/90
f 1226/34/162 1229/34/162 1225/34/162
f 1226/34/92 1227/34/92 1230/34/92
f 1227/34/161 1232/34/161 1231/34/161
f 1229/34/90 1232/34/90 1228/34/90
f 1230/34/162 1233/34/162 1229/34/162
f 1230/34/92 1231/34/92 1234/34/92
f 1231/34/161 1236/34/161 1235/34/161
f 1233/34/90 1236/34/90 1232/34/90
f 1234/34/162 1237/34/162 1233/34/162
f 1234/34/92 1235/34/92 1238/34/92
f 1236/34/161 1239/34/161 1235/34/161
f 1237/34/90 1240/34/90 1236/34/90
f 1237/34/162 1242/34/162 1241/34/162
f 1238/34/92 1239/34/92 1242/34/92
f 1240/34/161 1243/34/161 1239/34/161
f 1241/34/90 1244/34/90 1240/34/90
f 1241/34/162 1246/34/162 1245/34/162
f 1239/34/92 1246/34/92 1242/34/92
f 1243/34/161 1248/34/161 1247/34/161
f 1245/34/90 1248/34/90 1244/34/90
f 1246/34/162 1249/34/162 1245/34/162
f 1243/34/92 1250/34/92 1246/34/92
f 1247/34/161 1252/34/161 1251/34/161
f 1249/34/90 1252/34/90 1248/34/90
f 1250/34/162 1253/34/162 1249/34/162
f 1247/34/92 1254/34/92 1250/34/92
f 1251/34/161 1256/34/161 1255/34/161
f 1252/34/90 1257/34/90 1256/34/90
f 1254/34/162 1257/34/162 1253/34/162
f 1251/34/92 1258/34/92 1254/34/92
f 1255/34/161 1260/34/161 1259/34/161
f 1256/34/90 1261/34/90 1260/34/90
f 1258/34/162 1261/34/162 1257/34/162
f 1255/34/92 1262/34/92 1258/34/92
f 1259/34/161 1264/34/161 1263/34/161
f 1261/34/90 1264/34/90 1260/34/90
f 1262/34/162 1265/34/162 1261/34/162
f 1259/34/92 1266/34/92 1262/34/92
f 1263/34/161 1268/34/161 1267/34/161
f 1265/34/90 1268/34/90 1264/34/90
f 1266/34/162 1269/34/162 1265/34/162
f 1263/34/92 1270/34/92 1266/34/92
f 1267/34/161 1272/34/161 1271/34/161
f 1268/34/90 1273/34/90 1272/34/90
f 1270/34/162 1273/34/162 1269/34/162
f 1270/34/92 1271/34/92 1274/34/92
f 1271/34/161 1276/34/161 1275/34/161
f 1272/34/90 1277/34/90 1276/34/90
f 1274/34/162 1277/34/162 1273/34/162
f 1271/34/92 1278/34/92 1274/34/92
f 1276/34/163 184/34/163 1275/34/163
f 1276/34/164 186/34/164 183/34/164
f 1277/34/165 185/34/165 186/34/165
f 1275/34/166 185/34/166 1278/34/166
f 1280/34/167 1283/34/167 1279/34/167
f 1280/34/82 1285/34/82 1284/34/82
f 1282/34/168 1285/34/168 1281/34/168
f 1279/34/84 1286/34/84 1282/34/84
f 1284/34/167 1287/34/167 1283/34/167
f 1284/34/82 1289/34/82 1288/34/82
f 1286/34/168 1289/34/168 1285/34/168
f 1286/34/84 1287/34/84 1290/34/84
f 1287/34/167 1292/34/167 1291/34/167
f 1289/34/82 1292/34/82 1288/34/82
f 1289/34/168 1294/34/168 1293/34/168
f 1290/34/84 1291/34/84 1294/34/84
f 1292/34/167 1295/34/167 1291/34/167
f 1293/34/82 1296/34/82 1292/34/82
f 1293/34/168 1298/34/168 1297/34/168
f 1294/34/84 1295/34/84 1298/34/84
f 1295/34/167 1300/34/167 1299/34/167
f 1297/34/82 1300/34/82 1296/34/82
f 1298/34/168 1301/34/168 1297/34/168
f 1298/34/84 1299/34/84 1302/34/84
f 1299/34/167 1304/34/167 1303/34/167
f 1300/34/82 1305/34/82 1304/34/82
f 1301/34/168 1306/34/168 1305/34/168
f 1299/34/84 1306/34/84 1302/34/84
f 1304/34/167 1307/34/167 1303/34/167
f 1304/34/82 1309/34/82 1308/34/82
f 1306/34/168 1309/34/168 1305/34/168
f 1303/34/84 1310/34/84 1306/34/84
f 1308/34/167 1311/34/167 1307/34/167
f 1308/34/82 1313/34/82 1312/34/82
f 1310/34/168 1313/34/168 1309/34/168
f 1307/34/84 1314/34/84 1310/34/84
f 1311/34/167 1316/34/167 1315/34/167
f 1312/34/82 1317/34/82 1316/34/82
f 1314/34/168 1317/34/168 1313/34/168
f 1311/34/84 1318/34/84 1314/34/84
f 1316/34/167 1319/34/167 1315/34/167
f 1316/34/82 1321/34/82 1320/34/82
f 1317/34/168 1322/34/168 1321/34/168
f 1315/34/84 1322/34/84 1318/34/84
f 1319/34/167 1324/34/167 1323/34/167
f 1321/34/82 1324/34/82 1320/34/82
f 1322/34/168 1325/34/168 1321/34/168
f 1319/34/84 1326/34/84 1322/34/84
f 1323/34/167 1328/34/167 1327/34/167
f 1325/34/82 1328/34/82 1324/34/82
f 1326/34/168 1329/34/168 1325/34/168
f 1326/34/84 1327/34/84 1330/34/84
f 1327/34/167 1332/34/167 1331/34/167
f 1328/34/82 1333/34/82 1332/34/82
f 1329/34/168 1334/34/168 1333/34/168
f 1327/34/84 1334/34/84 1330/34/84
f 1331/34/167 1336/34/167 1335/34/167
f 1333/34/82 1336/34/82 1332/34/82
f 1333/34/168 1338/34/168 1337/34/168
f 1334/34/84 1335/34/84 1338/34/84
f 1335/34/167 1340/34/167 1339/34/167
f 1337/34/82 1340/34/82 1336/34/82
f 1338/34/168 1341/34/168 1337/34/168
f 1338/34/84 1339/34/84 1342/34/84
f 1339/34/167 1344/34/167 1343/34/167
f 1341/34/82 1344/34/82 1340/34/82
f 1342/34/168 1345/34/168 1341/34/168
f 1342/34/84 1343/34/84 1346/34/84
f 1344/34/167 1347/34/167 1343/34/167
f 1345/34/82 1348/34/82 1344/34/82
f 1345/34/168 1350/34/168 1349/34/168
f 1346/34/84 1347/34/84 1350/34/84
f 1348/34/167 1351/34/167 1347/34/167
f 1349/34/82 1352/34/82 1348/34/82
f 1349/34/168 1354/34/168 1353/34/168
f 1350/34/84 1351/34/84 1354/34/84
f 1352/34/167 1355/34/167 1351/34/167
f 1353/34/82 1356/34/82 1352/34/82
f 1354/34/168 1357/34/168 1353/34/168
f 1354/34/84 1355/34/84 1358/34/84
f 1355/34/167 1360/34/167 1359/34/167
f 1357/34/82 1360/34/82 1356/34/82
f 1358/34/168 1361/34/168 1357/34/168
f 1358/34/84 1359/34/84 1362/34/84
f 1360/34/169 184/34/169 1359/34/169
f 1360/34/170 186/34/170 183/34/170
f 1361/34/171 185/34/171 186/34/171
f 1359/34/172 185/34/172 1362/34/172
f 1363/34/173 1368/34/173 1367/34/173
f 1364/34/74 1369/34/74 1368/34/74
f 1366/34/174 1369/34/174 1365/34/174
f 1363/34/76 1370/34/76 1366/34/76
f 1367/34/173 1372/34/173 1371/34/173
f 1368/34/74 1373/34/74 1372/34/74
f 1370/34/174 1373/34/174 1369/34/174
f 1367/34/76 1374/34/76 1370/34/76
f 1372/34/173 1375/34/173 1371/34/173
f 1373/34/74 1376/34/74 1372/34/74
f 1374/34/174 1377/34/174 1373/34/174
f 1374/34/76 1375/34/76 1378/34/76
f 1375/34/173 1380/34/173 1379/34/173
f 1377/34/74 1380/34/74 1376/34/74
f 1378/34/174 1381/34/174 1377/34/174
f 1378/34/76 1379/34/76 1382/34/76
f 1380/34/173 1383/34/173 1379/34/173
f 1381/34/74 1384/34/74 1380/34/74
f 1382/34/174 1385/34/174 1381/34/174
f 1379/34/76 1386/34/76 1382/34/76
f 1384/34/173 1387/34/173 1383/34/173
f 1385/34/74 1388/34/74 1384/34/74
f 1385/34/174 1390/34/174 1389/34/174
f 1383/34/76 1390/34/76 1386/34/76
f 1388/34/173 1391/34/173 1387/34/173
f 1388/34/74 1393/34/74 1392/34/74
f 1389/34/174 1394/34/174 1393/34/174
f 1387/34/76 1394/34/76 1390/34/76
f 1392/34/173 1395/34/173 1391/34/173
f 1392/34/74 1397/34/74 1396/34/74
f 1393/34/174 1398/34/174 1397/34/174
f 1391/34/76 1398/34/76 1394/34/76
f 1396/34/173 1399/34/173 1395/34/173
f 1396/34/74 1401/34/74 1400/34/74
f 1398/34/174 1401/34/174 1397/34/174
f 1398/34/76 1399/34/76 1402/34/76
f 1399/34/173 1404/34/173 1403/34/173
f 1400/34/74 1405/34/74 1404/34/74
f 1402/34/174 1405/34/174 1401/34/174
f 1402/34/76 1403/34/76 1406/34/76
f 1403/34/173 1408/34/173 1407/34/173
f 1405/34/74 1408/34/74 1404/34/74
f 1406/34/174 1409/34/174 1405/34/174
f 1403/34/76 1410/34/76 1406/34/76
f 1407/34/173 1412/34/173 1411/34/173
f 1409/34/74 1412/34/74 1408/34/74
f 1410/34/174 1413/34/174 1409/34/174
f 1407/34/76 1414/34/76 1410/34/76
f 1411/34/173 1416/34/173 1415/34/173
f 1412/34/74 1417/34/74 1416/34/74
f 1414/34/174 1417/34/174 1413/34/174
f 1414/34/76 1415/34/76 1418/34/76
f 1416/34/173 1419/34/173 1415/34/173
f 1416/34/74 1421/34/74 1420/34/74
f 1418/34/174 1421/34/174 1417/34/174
f 1415/34/76 1422/34/76 1418/34/76
f 1419/34/173 1424/34/173 1423/34/173
f 1420/34/74 1425/34/74 1424/34/74
f 1422/34/174 1425/34/174 1421/34/174
f 1422/34/76 1423/34/76 1426/34/76
f 1423/34/173 1428/34/173 1427/34/173
f 1425/34/74 1428/34/74 1424/34/74
f 1426/34/174 1429/34/174 1425/34/174
f 1423/34/76 1430/34/76 1426/34/76
f 1428/34/173 1431/34/173 1427/34/173
f 1429/34/74 1432/34/74 1428/34/74
f 1429/34/174 1434/34/174 1433/34/174
f 1427/34/76 1434/34/76 1430/34/76
f 1431/34/173 1436/34/173 1435/34/173
f 1433/34/74 1436/34/74 1432/34/74
f 1433/34/174 1438/34/174 1437/34/174
f 1431/34/76 1438/34/76 1434/34/76
f 1435/34/173 1440/34/173 1439/34/173
f 1436/34/74 1441/34/74 1440/34/74
f 1438/34/174 1441/34/174 1437/34/174
f 1438/34/76 1439/34/76 1442/34/76
f 1440/34/173 1443/34/173 1439/34/173
f 1440/34/74 1445/34/74 1444/34/74
f 1442/34/174 1445/34/174 1441/34/174
f 1442/34/76 1443/34/76 1446/34/76
f 1444/34/175 184/34/175 1443/34/175
f 1444/34/176 186/34/176 183/34/176
f 1445/34/177 185/34/177 186/34/177
f 1443/34/178 185/34/178 1446/34/178
f 1447/34/179 1452/34/179 1451/34/179
f 1448/34/68 1453/34/68 1452/34/68
f 1450/34/180 1453/34/180 1449/34/180
f 1447/34/66 1454/34/66 1450/34/66
f 1451/34/179 1456/34/179 1455/34/179
f 1453/34/68 1456/34/68 1452/34/68
f 1454/34/180 1457/34/180 1453/34/180
f 1454/34/66 1455/34/66 1458/34/66
f 1455/34/179 1460/34/179 1459/34/179
f 1457/34/68 1460/34/68 1456/34/68
f 1458/34/180 1461/34/180 1457/34/180
f 1455/34/66 1462/34/66 1458/34/66
f 1459/34/179 1464/34/179 1463/34/179
f 1460/34/68 1465/34/68 1464/34/68
f 1462/34/180 1465/34/180 1461/34/180
f 1459/34/66 1466/34/66 1462/34/66
f 1464/34/179 1467/34/179 1463/34/179
f 1464/34/68 1469/34/68 1468/34/68
f 1466/34/180 1469/34/180 1465/34/180
f 1463/34/66 1470/34/66 1466/34/66
f 1467/34/179 1472/34/179 1471/34/179
f 1468/34/68 1473/34/68 1472/34/68
f 1470/34/180 1473/34/180 1469/34/180
f 1467/34/66 1474/34/66 1470/34/66
f 1472/34/179 1475/34/179 1471/34/179
f 1472/34/68 1477/34/68 1476/34/68
f 1474/34/180 1477/34/180 1473/34/180
f 1471/34/66 1478/34/66 1474/34/66
f 1475/34/179 1480/34/179 1479/34/179
f 1476/34/68 1481/34/68 1480/34/68
f 1478/34/180 1481/34/180 1477/34/180
f 1475/34/66 1482/34/66 1478/34/66
f 1479/34/179 1484/34/179 1483/34/179
f 1480/34/68 1485/34/68 1484/34/68
f 1482/34/180 1485/34/180 1481/34/180
f 1479/34/66 1486/34/66 1482/34/66
f 1483/34/179 1488/34/179 1487/34/179
f 1485/34/68 1488/34/68 1484/34/68
f 1486/34/180 1489/34/180 1485/34/180
f 1486/34/66 1487/34/66 1490/34/66
f 1487/34/179 1492/34/179 1491/34/179
f 1489/34/68 1492/34/68 1488/34/68
f 1490/34/180 1493/34/180 1489/34/180
f 1490/34/66 1491/34/66 1494/34/66
f 1491/34/179 1496/34/179 1495/34/179
f 1492/34/68 1497/34/68 1496/34/68
f 1494/34/180 1497/34/180 1493/34/180
f 1491/34/66 1498/34/66 1494/34/66
f 1495/34/179 1500/34/179 1499/34/179
f 1496/34/68 1501/34/68 1500/34/68
f 1498/34/180 1501/34/180 1497/34/180
f 1495/34/66 1502/34/66 1498/34/66
f 1499/34/179 1504/34/179 1503/34/179
f 1500/34/68 1505/34/68 1504/34/68
f 1502/34/180 1505/34/180 1501/34/180
f 1499/34/66 1506/34/66 1502/34/66
f 1503/34/179 1508/34/179 1507/34/179
f 1504/34/68 1509/34/68 1508/34/68
f 1506/34/180 1509/34/180 1505/34/180
f 1503/34/66 1510/34/66 1506/34/66
f 1507/34/179 1512/34/179 1511/34/179
f 1508/34/68 1513/34/68 1512/34/68
f 1510/34/180 1513/34/180 1509/34/180
f 1507/34/66 1514/34/66 1510/34/66
f 1511/34/179 1516/34/179 1515/34/179
f 1513/34/68 1516/34/68 1512/34/68
f 1514/34/180 1517/34/180 1513/34/180
f 1514/34/66 1515/34/66 1518/34/66
f 1515/34/179 1520/34/179 1519/34/179
f 1517/34/68 1520/34/68 1516/34/68
f 1518/34/180 1521/34/180 1517/34/180
f 1518/34/66 1519/34/66 1522/34/66
f 1519/34/179 1524/34/179 1523/34/179
f 1520/34/68 1525/34/68 1524/34/68
f 1522/34/180 1525/34/180 1521/34/180
f 1519/34/66 1526/34/66 1522/34/66
f 1523/34/179 1528/34/179 1527/34/179
f 1524/34/68 1529/34/68 1528/34/68
f 1526/34/180 1529/34/180 1525/34/180
f 1523/34/66 1530/34/66 1526/34/66
f 1528/34/181 184/34/181 1527/34/181
f 1528/34/182 186/34/182 183/34/182
f 1529/34/183 185/34/183 186/34/183
f 1527/34/184 185/34/184 1530/34/184
f 1532/34/185 1535/34/185 1531/34/185
f 1533/34/186 1536/34/186 1532/34/186
f 1533/34/187 1538/34/187 1537/34/187
f 1531/34/188 1538/34/188 1534/34/188
f 1536/34/185 1539/34/185 1535/34/185
f 1536/34/186 1541/34/186 1540/34/186
f 1537/34/187 1542/34/187 1541/34/187
f 1535/34/188 1542/34/188 1538/34/188
f 1540/34/185 1543/34/185 1539/34/185
f 1541/34/186 1544/34/186 1540/34/186
f 1542/34/187 1545/34/187 1541/34/187
f 1539/34/188 1546/34/188 1542/34/188
f 1544/34/185 1547/34/185 1543/34/185
f 1544/34/186 1549/34/186 1548/34/186
f 1546/34/187 1549/34/187 1545/34/187
f 1543/34/188 1550/34/188 1546/34/188
f 1548/34/185 1551/34/185 1547/34/185
f 1548/34/186 1553/34/186 1552/34/186
f 1549/34/187 1554/34/187 1553/34/187
f 1547/34/188 1554/34/188 1550/34/188
f 1551/34/185 1556/34/185 1555/34/185
f 1552/34/186 1557/34/186 1556/34/186
f 1553/34/187 1558/34/187 1557/34/187
f 1551/34/188 1558/34/188 1554/34/188
f 1556/34/185 1559/34/185 1555/34/185
f 1556/34/186 1561/34/186 1560/34/186
f 1557/34/187 1562/34/187 1561/34/187
f 1555/34/188 1562/34/188 1558/34/188
f 1560/34/185 1563/34/185 1559/34/185
f 1560/34/186 1565/34/186 1564/34/186
f 1561/34/187 1566/34/187 1565/34/187
f 1559/34/188 1566/34/188 1562/34/188
f 1564/34/185 1567/34/185 1563/34/185
f 1564/34/186 1569/34/186 1568/34/186
f 1566/34/187 1569/34/187 1565/34/187
f 1563/34/188 1570/34/188 1566/34/188
f 1568/34/185 1571/34/185 1567/34/185
f 1568/34/186 1573/34/186 1572/34/186
f 1570/34/187 1573/34/187 1569/34/187
f 1567/34/188 1574/34/188 1570/34/188
f 1572/34/185 1575/34/185 1571/34/185
f 1572/34/186 1577/34/186 1576/34/186
f 1574/34/187 1577/34/187 1573/34/187
f 1571/34/188 1578/34/188 1574/34/188
f 1576/34/185 1579/34/185 1575/34/185
f 1576/34/186 1581/34/186 1580/34/186
f 1577/34/187 1582/34/187 1581/34/187
f 1578/34/188 1579/34/188 1582/34/188
f 1579/34/185 1584/34/185 1583/34/185
f 1581/34/186 1584/34/186 1580/34/186
f 1582/34/187 1585/34/187 1581/34/187
f 1582/34/188 1583/34/188 1586/34/188
f 1583/34/185 1588/34/185 1587/34/185
f 1584/34/186 1589/34/186 1588/34/186
f 1585/34/187 1590/34/187 1589/34/187
f 1586/34/188 1587/34/188 1590/34/188
f 1588/34/185 1591/34/185 1587/34/185
f 1589/34/186 1592/34/186 1588/34/186
f 1590/34/187 1593/34/187 1589/34/187
f 1587/34/188 1594/34/188 1590/34/188
f 1592/34/185 1595/34/185 1591/34/185
f 1592/34/186 1597/34/186 1596/34/186
f 1593/34/187 1598/34/187 1597/34/187
f 1591/34/188 1598/34/188 1594/34/188
f 1595/34/185 1600/34/185 1599/34/185
f 1597/34/186 1600/34/186 1596/34/186
f 1598/34/187 1601/34/187 1597/34/187
f 1595/34/188 1602/34/188 1598/34/188
f 1600/34/185 1603/34/185 1599/34/185
f 1600/34/186 1605/34/186 1604/34/186
f 1602/34/187 1605/34/187 1601/34/187
f 1602/34/188 1603/34/188 1606/34/188
f 1604/34/185 1607/34/185 1603/34/185
f 1604/34/186 1609/34/186 1608/34/186
f 1605/34/187 1610/34/187 1609/34/187
f 1606/34/188 1607/34/188 1610/34/188
f 1607/34/185 1612/34/185 1611/34/185
f 1609/34/186 1612/34/186 1608/34/186
f 1609/34/187 1614/34/187 1613/34/187
f 1607/34/188 1614/34/188 1610/34/188
f 1612/34/189 184/34/189 1611/34/189
f 1612/34/190 186/34/190 183/34/190
f 1613/34/191 185/34/191 186/34/191
f 1611/34/192 185/34/192 1614/34/192
f 1616/34/193 1619/34/193 1615/34/193
f 1616/34/194 1621/34/194 1620/34/194
f 1617/34/195 1622/34/195 1621/34/195
f 1618/34/196 1619/34/196 1622/34/196
f 1620/34/193 1623/34/193 1619/34/193
f 1620/34/194 1625/34/194 1624/34/194
f 1621/34/195 1626/34/195 1625/34/195
f 1619/34/196 1626/34/196 1622/34/196
f 1624/34/193 1627/34/193 1623/34/193
f 1624/34/194 1629/34/194 1628/34/194
f 1625/34/195 1630/34/195 1629/34/195
f 1626/34/196 1627/34/196 1630/34/196
f 1627/34/193 1632/34/193 1631/34/193
f 1629/34/194 1632/34/194 1628/34/194
f 1630/34/195 1633/34/195 1629/34/195
f 1630/34/196 1631/34/196 1634/34/196
f 1631/34/193 1636/34/193 1635/34/193
f 1632/34/194 1637/34/194 1636/34/194
f 1634/34/195 1637/34/195 1633/34/195
f 1634/34/196 1635/34/196 1638/34/196
f 1636/34/193 1639/34/193 1635/34/193
f 1636/34/194 1641/34/194 1640/34/194
f 1638/34/195 1641/34/195 1637/34/195
f 1635/34/196 1642/34/196 1638/34/196
f 1639/34/193 1644/34/193 1643/34/193
f 1640/34/194 1645/34/194 1644/34/194
f 1642/34/195 1645/34/195 1641/34/195
f 1639/34/196 1646/34/196 1642/34/196
f 1643/34/193 1648/34/193 1647/34/193
f 1644/34/194 1649/34/194 1648/34/194
f 1646/34/195 1649/34/195 1645/34/195
f 1643/34/196 1650/34/196 1646/34/196
f 1648/34/193 1651/34/193 1647/34/193
f 1648/34/194 1653/34/194 1652/34/194
f 1650/34/195 1653/34/195 1649/34/195
f 1647/34/196 1654/34/196 1650/34/196
f 1651/34/193 1656/34/193 1655/34/193
f 1653/34/194 1656/34/194 1652/34/194
f 1654/34/195 1657/34/195 1653/34/195
f 1651/34/196 1658/34/196 1654/34/196
f 1656/34/193 1659/34/193 1655/34/193
f 1657/34/194 1660/34/194 1656/34/194
f 1658/34/195 1661/34/195 1657/34/195
f 1655/34/196 1662/34/196 1658/34/196
f 1660/34/193 1663/34/193 1659/34/193
f 1661/34/194 1664/34/194 1660/34/194
f 1662/34/195 1665/34/195 1661/34/195
f 1662/34/196 1663/34/196 1666/34/196
f 1663/34/193 1668/34/193 1667/34/193
f 1665/34/194 1668/34/194 1664/34/194
f 1666/34/195 1669/34/195 1665/34/195
f 1663/34/196 1670/34/196 1666/34/196
f 1668/34/193 1671/34/193 1667/34/193
f 1669/34/194 1672/34/194 1668/34/194
f 1670/34/195 1673/34/195 1669/34/195
f 1670/34/196 1671/34/196 1674/34/196
f 1672/34/193 1675/34/193 1671/34/193
f 1673/34/194 1676/34/194 1672/34/194
f 1674/34/195 1677/34/195 1673/34/195
f 1674/34/196 1675/34/196 1678/34/196
f 1676/34/193 1679/34/193 1675/34/193
f 1677/34/194 1680/34/194 1676/34/194
f 1677/34/195 1682/34/195 1681/34/195
f 1678/34/196 1679/34/196 1682/34/196
f 1679/34/193 1684/34/193 1683/34/193
f 1681/34/194 1684/34/194 1680/34/194
f 1682/34/195 1685/34/195 1681/34/195
f 1682/34/196 1683/34/196 1686/34/196
f 1683/34/193 1688/34/193 1687/34/193
f 1685/34/194 1688/34/194 1684/34/194
f 1686/34/195 1689/34/195 1685/34/195
f 1686/34/196 1687/34/196 1690/34/196
f 1687/34/193 1692/34/193 1691/34/193
f 1689/34/194 1692/34/194 1688/34/194
f 1690/34/195 1693/34/195 1689/34/195
f 1690/34/196 1691/34/196 1694/34/196
f 1692/34/193 1695/34/193 1691/34/193
f 1693/34/194 1696/34/194 1692/34/194
f 1693/34/195 1698/34/195 1697/34/195
f 1694/34/196 1695/34/196 1698/34/196
f 1695/34/197 183/34/197 184/34/197
f 1696/34/198 186/34/198 183/34/198
f 1698/34/199 186/34/199 1697/34/199
f 1695/34/200 185/34/200 1698/34/200
f 1700/34/201 1703/34/201 1699/34/201
f 1700/34/202 1705/34/202 1704/34/202
f 1702/34/203 1705/34/203 1701/34/203
f 1699/34/204 1706/34/204 1702/34/204
f 1703/34/201 1708/34/201 1707/34/201
f 1705/34/202 1708/34/202 1704/34/202
f 1706/34/203 1709/34/203 1705/34/203
f 1706/34/204 1707/34/204 1710/34/204
f 1707/34/201 1712/34/201 1711/34/201
f 1709/34/202 1712/34/202 1708/34/202
f 1710/34/203 1713/34/203 1709/34/203
f 1710/34/204 1711/34/204 1714/34/204
f 1711/34/201 1716/34/201 1715/34/201
f 1713/34/202 1716/34/202 1712/34/202
f 1714/34/203 1717/34/203 1713/34/203
f 1714/34/204 1715/34/204 1718/34/204
f 1716/34/201 1719/34/201 1715/34/201
f 1717/34/202 1720/34/202 1716/34/202
f 1717/34/203 1722/34/203 1721/34/203
f 1718/34/204 1719/34/204 1722/34/204
f 1720/34/201 1723/34/201 1719/34/201
f 1721/34/202 1724/34/202 1720/34/202
f 1721/34/203 1726/34/203 1725/34/203
f 1722/34/204 1723/34/204 1726/34/204
f 1724/34/201 1727/34/201 1723/34/201
f 1724/34/202 1729/34/202 1728/34/202
f 1725/34/203 1730/34/203 1729/34/203
f 1723/34/204 1730/34/204 1726/34/204
f 1728/34/201 1731/34/201 1727/34/201
f 1729/34/202 1732/34/202 1728/34/202
f 1729/34/203 1734/34/203 1733/34/203
f 1727/34/204 1734/34/204 1730/34/204
f 1732/34/201 1735/34/201 1731/34/201
f 1733/34/202 1736/34/202 1732/34/202
f 1733/34/203 1738/34/203 1737/34/203
f 1734/34/204 1735/34/204 1738/34/204
f 1736/34/201 1739/34/201 1735/34/201
f 1737/34/202 1740/34/202 1736/34/202
f 1737/34/203 1742/34/203 1741/34/203
f 1738/34/204 1739/34/204 1742/34/204
f 1740/34/201 1743/34/201 1739/34/201
f 1741/34/202 1744/34/202 1740/34/202
f 1741/34/203 1746/34/203 1745/34/203
f 1742/34/204 1743/34/204 1746/34/204
f 1744/34/201 1747/34/201 1743/34/201
f 1745/34/202 1748/34/202 1744/34/202
f 1745/34/203 1750/34/203 1749/34/203
f 1743/34/204 1750/34/204 1746/34/204
f 1748/34/201 1751/34/201 1747/34/201
f 1748/34/202 1753/34/202 1752/34/202
f 1749/34/203 1754/34/203 1753/34/203
f 1750/34/204 1751/34/204 1754/34/204
f 1752/34/201 1755/34/201 1751/34/201
f 1752/34/202 1757/34/202 1756/34/202
f 1753/34/203 1758/34/203 1757/34/203
f 1754/34/204 1755/34/204 1758/34/204
f 1756/34/201 1759/34/201 1755/34/201
f 1757/34/202 1760/34/202 1756/34/202
f 1757/34/203 1762/34/203 1761/34/203
f 1755/34/204 1762/34/204 1758/34/204
f 1760/34/201 1763/34/201 1759/34/201
f 1761/34/202 1764/34/202 1760/34/202
f 1761/34/203 1766/34/203 1765/34/203
f 1759/34/204 1766/34/204 1762/34/204
f 1764/34/201 1767/34/201 1763/34/201
f 1765/34/202 1768/34/202 1764/34/202
f 1765/34/203 1770/34/203 1769/34/203
f 1766/34/204 1767/34/204 1770/34/204
f 1768/34/201 1771/34/201 1767/34/201
f 1768/34/202 1773/34/202 1772/34/202
f 1769/34/203 1774/34/203 1773/34/203
f 1767/34/204 1774/34/204 1770/34/204
f 1772/34/201 1775/34/201 1771/34/201
f 1773/34/202 1776/34/202 1772/34/202
f 1773/34/203 1778/34/203 1777/34/203
f 1771/34/204 1778/34/204 1774/34/204
f 1776/34/201 1779/34/201 1775/34/201
f 1776/34/202 1781/34/202 1780/34/202
f 1777/34/203 1782/34/203 1781/34/203
f 1775/34/204 1782/34/204 1778/34/204
f 1779/34/205 183/34/205 184/34/205
f 1780/34/206 186/34/206 183/34/206
f 1782/34/207 186/34/207 1781/34/207
f 1779/34/208 185/34/208 1782/34/208
f 1784/34/209 1787/34/209 1783/34/209
f 1784/34/210 1789/34/210 1788/34/210
f 1786/34/211 1789/34/211 1785/34/211
f 1783/34/212 1790/34/212 1786/34/212
f 1788/34/209 1791/34/209 1787/34/209
f 1788/34/210 1793/34/210 1792/34/210
f 1789/34/211 1794/34/211 1793/34/211
f 1787/34/212 1794/34/212 1790/34/212
f 1791/34/209 1796/34/209 1795/34/209
f 1793/34/210 1796/34/210 1792/34/210
f 1793/34/211 1798/34/211 1797/34/211
f 1791/34/212 1798/34/212 1794/34/212
f 1795/34/209 1800/34/209 1799/34/209
f 1797/34/210 1800/34/210 1796/34/210
f 1798/34/211 1801/34/211 1797/34/211
f 1798/34/212 1799/34/212 1802/34/212
f 1799/34/209 1804/34/209 1803/34/209
f 1801/34/210 1804/34/210 1800/34/210
f 1802/34/211 1805/34/211 1801/34/211
f 1802/34/212 1803/34/212 1806/34/212
f 1804/34/209 1807/34/209 1803/34/209
f 1805/34/210 1808/34/210 1804/34/210
f 1805/34/211 1810/34/211 1809/34/211
f 1803/34/212 1810/34/212 1806/34/212
f 1808/34/209 1811/34/209 1807/34/209
f 1809/34/210 1812/34/210 1808/34/210
f 1809/34/211 1814/34/211 1813/34/211
f 1810/34/212 1811/34/212 1814/34/212
f 1812/34/209 1815/34/209 1811/34/209
f 1812/34/210 1817/34/210 1816/34/210
f 1813/34/211 1818/34/211 1817/34/211
f 1811/34/212 1818/34/212 1814/34/212
f 1816/34/209 1819/34/209 1815/34/209
f 1817/34/210 1820/34/210 1816/34/210
f 1817/34/211 1822/34/211 1821/34/211
f 1815/34/212 1822/34/212 1818/34/212
f 1820/34/209 1823/34/209 1819/34/209
f 1820/34/210 1825/34/210 1824/34/210
f 1821/34/211 1826/34/211 1825/34/211
f 1819/34/212 1826/34/212 1822/34/212
f 1824/34/209 1827/34/209 1823/34/209
f 1824/34/210 1829/34/210 1828/34/210
f 1825/34/211 1830/34/211 1829/34/211
f 1823/34/212 1830/34/212 1826/34/212
f 1828/34/209 1831/34/209 1827/34/209
f 1828/34/210 1833/34/210 1832/34/210
f 1829/34/211 1834/34/211 1833/34/211
f 1827/34/212 1834/34/212 1830/34/212
f 1832/34/209 1835/34/209 1831/34/209
f 1832/34/210 1837/34/210 1836/34/210
f 1833/34/211 1838/34/211 1837/34/211
f 1831/34/212 1838/34/212 1834/34/212
f 1836/34/209 1839/34/209 1835/34/209
f 1836/34/210 1841/34/210 1840/34/210
f 1837/34/211 1842/34/211 1841/34/211
f 1835/34/212 1842/34/212 1838/34/212
f 1839/34/209 1844/34/209 1843/34/209
f 1840/34/210 1845/34/210 1844/34/210
f 1841/34/211 1846/34/211 1845/34/211
f 1839/34/212 1846/34/212 1842/34/212
f 1844/34/209 1847/34/209 1843/34/209
f 1844/34/210 1849/34/210 1848/34/210
f 1846/34/211 1849/34/211 1845/34/211
f 1843/34/212 1850/34/212 1846/34/212
f 1848/34/209 1851/34/209 1847/34/209
f 1848/34/210 1853/34/210 1852/34/210
f 1849/34/211 1854/34/211 1853/34/211
f 1847/34/212 1854/34/212 1850/34/212
f 1852/34/209 1855/34/209 1851/34/209
f 1852/34/210 1857/34/210 1856/34/210
f 1853/34/211 1858/34/211 1857/34/211
f 1851/34/212 1858/34/212 1854/34/212
f 1856/34/209 1859/34/209 1855/34/209
f 1856/34/210 1861/34/210 1860/34/210
f 1857/34/211 1862/34/211 1861/34/211
f 1855/34/212 1862/34/212 1858/34/212
f 1860/34/209 1863/34/209 1859/34/209
f 1860/34/210 1865/34/210 1864/34/210
f 1861/34/211 1866/34/211 1865/34/211
f 1859/34/212 1866/34/212 1862/34/212
f 1863/34/213 183/34/213 184/34/213
f 1864/34/214 186/34/214 183/34/214
f 1866/34/215 186/34/215 1865/34/215
f 1863/34/216 185/34/216 1866/34/216
f 1867/34/217 1872/34/217 1871/34/217
f 1869/34/218 1872/34/218 1868/34/218
f 1870/34/219 1873/34/219 1869/34/219
f 1867/34/220 1874/34/220 1870/34/220
f 1872/34/217 1875/34/217 1871/34/217
f 1872/34/218 1877/34/218 1876/34/218
f 1873/34/219 1878/34/219 1877/34/219
f 1871/34/220 1878/34/220 1874/34/220
f 1876/34/217 1879/34/217 1875/34/217
f 1876/34/218 1881/34/218 1880/34/218
f 1878/34/219 1881/34/219 1877/34/219
f 1875/34/220 1882/34/220 1878/34/220
f 1880/34/217 1883/34/217 1879/34/217
f 1881/34/218 1884/34/218 1880/34/218
f 1882/34/219 1885/34/219 1881/34/219
f 1882/34/220 1883/34/220 1886/34/220
f 1884/34/217 1887/34/217 1883/34/217
f 1885/34/218 1888/34/218 1884/34/218
f 1885/34/219 1890/34/219 1889/34/219
f 1883/34/220 1890/34/220 1886/34/220
f 1888/34/217 1891/34/217 1887/34/217
f 1889/34/218 1892/34/218 1888/34/218
f 1889/34/219 1894/34/219 1893/34/219
f 1890/34/220 1891/34/220 1894/34/220
f 1892/34/217 1895/34/217 1891/34/217
f 1892/34/218 1897/34/218 1896/34/218
f 1893/34/219 1898/34/219 1897/34/219
f 1891/34/220 1898/34/220 1894/34/220
f 1896/34/217 1899/34/217 1895/34/217
f 1897/34/218 1900/34/218 1896/34/218
f 1897/34/219 1902/34/219 1901/34/219
f 1898/34/220 1899/34/220 1902/34/220
f 1899/34/217 1904/34/217 1903/34/217
f 1901/34/218 1904/34/218 1900/34/218
f 1901/34/219 1906/34/219 1905/34/219
f 1902/34/220 1903/34/220 1906/34/220
f 1904/34/217 1907/34/217 1903/34/217
f 1904/34/218 1909/34/218 1908/34/218
f 1905/34/219 1910/34/219 1909/34/219
f 1906/34/220 1907/34/220 1910/34/220
f 1908/34/217 1911/34/217 1907/34/217
f 1909/34/218 1912/34/218 1908/34/218
f 1909/34/219 1914/34/219 1913/34/219
f 1910/34/220 1911/34/220 1914/34/220
f 1911/34/217 1916/34/217 1915/34/217
f 1913/34/218 1916/34/218 1912/34/218
f 1913/34/219 1918/34/219 1917/34/219
f 1914/34/220 1915/34/220 1918/34/220
f 1915/34/217 1920/34/217 1919/34/217
f 1917/34/218 1920/34/218 1916/34/218
f 1917/34/219 1922/34/219 1921/34/219
f 1918/34/220 1919/34/220 1922/34/220
f 1920/34/217 1923/34/217 1919/34/217
f 1921/34/218 1924/34/218 1920/34/218
f 1921/34/219 1926/34/219 1925/34/219
f 1922/34/220 1923/34/220 1926/34/220
f 1924/34/217 1927/34/217 1923/34/217
f 1925/34/218 1928/34/218 1924/34/218
f 1925/34/219 1930/34/219 1929/34/219
f 1923/34/220 1930/34/220 1926/34/220
f 1928/34/217 1931/34/217 1927/34/217
f 1928/34/218 1933/34/218 1932/34/218
f 1929/34/219 1934/34/219 1933/34/219
f 1927/34/220 1934/34/220 1930/34/220
f 1932/34/217 1935/34/217 1931/34/217
f 1933/34/218 1936/34/218 1932/34/218
f 1933/34/219 1938/34/219 1937/34/219
f 1931/34/220 1938/34/220 1934/34/220
f 1936/34/217 1939/34/217 1935/34/217
f 1937/34/218 1940/34/218 1936/34/218
f 1938/34/219 1941/34/219 1937/34/219
f 1935/34/220 1942/34/220 1938/34/220
f 1939/34/217 1944/34/217 1943/34/217
f 1941/34/218 1944/34/218 1940/34/218
f 1941/34/219 1946/34/219 1945/34/219
f 1942/34/220 1943/34/220 1946/34/220
f 1943/34/217 1948/34/217 1947/34/217
f 1944/34/218 1949/34/218 1948/34/218
f 1945/34/219 1950/34/219 1949/34/219
f 1946/34/220 1947/34/220 1950/34/220
f 1947/34/221 183/34/221 184/34/221
f 1948/34/222 186/34/222 183/34/222
f 1950/34/223 186/34/223 1949/34/223
f 1947/34/224 185/34/224 1950/34/224
f 1951/34/225 1956/34/225 1955/34/225
f 1953/34/226 1956/34/226 1952/34/226
f 1954/34/227 1957/34/227 1953/34/227
f 1954/34/228 1955/34/228 1958/34/228
f 1956/34/225 1959/34/225 1955/34/225
f 1956/34/226 1961/34/226 1960/34/226
f 1957/34/227 1962/34/227 1961/34/227
f 1955/34/228 1962/34/228 1958/34/228
f 1960/34/225 1963/34/225 1959/34/225
f 1960/34/226 1965/34/226 1964/34/226
f 1962/34/227 1965/34/227 1961/34/227
f 1959/34/228 1966/34/228 1962/34/228
f 1963/34/225 1968/34/225 1967/34/225
f 1964/34/226 1969/34/226 1968/34/226
f 1966/34/227 1969/34/227 1965/34/227
f 1966/34/228 1967/34/228 1970/34/228
f 1967/34/225 1972/34/225 1971/34/225
f 1968/34/226 1973/34/226 1972/34/226
f 1970/34/227 1973/34/227 1969/34/227
f 1967/34/228 1974/34/228 1970/34/228
f 1971/34/225 1976/34/225 1975/34/225
f 1972/34/226 1977/34/226 1976/34/226
f 1974/34/227 1977/34/227 1973/34/227
f 1971/34/228 1978/34/228 1974/34/228
f 1975/34/225 1980/34/225 1979/34/225
f 1976/34/226 1981/34/226 1980/34/226
f 1978/34/227 1981/34/227 1977/34/227
f 1975/34/228 1982/34/228 1978/34/228
f 1979/34/225 1984/34/225 1983/34/225
f 1980/34/226 1985/34/226 1984/34/226
f 1982/34/227 1985/34/227 1981/34/227
f 1979/34/228 1986/34/228 1982/34/228
f 1984/34/225 1987/34/225 1983/34/225
f 1984/34/226 1989/34/226 1988/34/226
f 1986/34/227 1989/34/227 1985/34/227
f 1983/34/228 1990/34/228 1986/34/228
f 1987/34/225 1992/34/225 1991/34/225
f 1988/34/226 1993/34/226 1992/34/226
f 1990/34/227 1993/34/227 1989/34/227
f 1987/34/228 1994/34/228 1990/34/228
f 1991/34/225 1996/34/225 1995/34/225
f 1993/34/226 1996/34/226 1992/34/226
f 1993/34/227 1998/34/227 1997/34/227
f 1991/34/228 1998/34/228 1994/34/228
f 1996/34/225 1999/34/225 1995/34/225
f 1997/34/226 2000/34/226 1996/34/226
f 1997/34/227 2002/34/227 2001/34/227
f 1998/34/228 1999/34/228 2002/34/228
f 2000/34/225 2003/34/225 1999/34/225
f 2001/34/226 2004/34/226 2000/34/226
f 2002/34/227 2005/34/227 2001/34/227
f 2002/34/228 2003/34/228 2006/34/228
f 2004/34/225 2007/34/225 2003/34/225
f 2005/34/226 2008/34/226 2004/34/226
f 2005/34/227 2010/34/227 2009/34/227
f 2006/34/228 2007/34/228 2010/34/228
f 2008/34/225 2011/34/225 2007/34/225
f 2009/34/226 2012/34/226 2008/34/226
f 2009/34/227 2014/34/227 2013/34/227
f 2010/34/228 2011/34/228 2014/34/228
f 2012/34/225 2015/34/225 2011/34/225
f 2013/34/226 2016/34/226 2012/34/226
f 2013/34/227 2018/34/227 2017/34/227
f 2014/34/228 2015/34/228 2018/34/228
f 2016/34/225 2019/34/225 2015/34/225
f 2017/34/226 2020/34/226 2016/34/226
f 2017/34/227 2022/34/227 2021/34/227
f 2018/34/228 2019/34/228 2022/34/228
f 2020/34/225 2023/34/225 2019/34/225
f 2021/34/226 2024/34/226 2020/34/226
f 2021/34/227 2026/34/227 2025/34/227
f 2022/34/228 2023/34/228 2026/34/228
f 2024/34/225 2027/34/225 2023/34/225
f 2025/34/226 2028/34/226 2024/34/226
f 2025/34/227 2030/34/227 2029/34/227
f 2026/34/228 2027/34/228 2030/34/228
f 2028/34/225 2031/34/225 2027/34/225
f 2029/34/226 2032/34/226 2028/34/226
f 2029/34/227 2034/34/227 2033/34/227
f 2030/34/228 2031/34/228 2034/34/228
f 2031/34/229 183/34/229 184/34/229
f 2032/34/230 186/34/230 183/34/230
f 2034/34/231 186/34/231 2033/34/231
f 2031/34/232 185/34/232 2034/34/232
f 2035/34/233 2040/34/233 2039/34/233
f 2037/34/234 2040/34/234 2036/34/234
f 2037/34/235 2042/34/235 2041/34/235
f 2038/34/236 2039/34/236 2042/34/236
f 2040/34/233 2043/34/233 2039/34/233
f 2041/34/234 2044/34/234 2040/34/234
f 2042/34/235 2045/34/235 2041/34/235
f 2042/34/236 2043/34/236 2046/34/236
f 2043/34/233 2048/34/233 2047/34/233
f 2045/34/234 2048/34/234 2044/34/234
f 2046/34/235 2049/34/235 2045/34/235
f 2046/34/236 2047/34/236 2050/34/236
f 2047/34/233 2052/34/233 2051/34/233
f 2049/34/234 2052/34/234 2048/34/234
f 2049/34/235 2054/34/235 2053/34/235
f 2050/34/236 2051/34/236 2054/34/236
f 2051/34/233 2056/34/233 2055/34/233
f 2053/34/234 2056/34/234 2052/34/234
f 2054/34/235 2057/34/235 2053/34/235
f 2054/34/236 2055/34/236 2058/34/236
f 2056/34/233 2059/34/233 2055/34/233
f 2057/34/234 2060/34/234 2056/34/234
f 2058/34/235 2061/34/235 2057/34/235
f 2058/34/236 2059/34/236 2062/34/236
f 2059/34/233 2064/34/233 2063/34/233
f 2061/34/234 2064/34/234 2060/34/234
f 2062/34/235 2065/34/235 2061/34/235
f 2062/34/236 2063/34/236 2066/34/236
f 2063/34/233 2068/34/233 2067/34/233
f 2065/34/234 2068/34/234 2064/34/234
f 2066/34/235 2069/34/235 2065/34/235
f 2066/34/236 2067/34/236 2070/34/236
f 2067/34/233 2072/34/233 2071/34/233
f 2069/34/234 2072/34/234 2068/34/234
f 2070/34/235 2073/34/235 2069/34/235
f 2070/34/236 2071/34/236 2074/34/236
f 2071/34/233 2076/34/233 2075/34/233
f 2072/34/234 2077/34/234 2076/34/234
f 2074/34/235 2077/34/235 2073/34/235
f 2074/34/236 2075/34/236 2078/34/236
f 2075/34/233 2080/34/233 2079/34/233
f 2076/34/234 2081/34/234 2080/34/234
f 2078/34/235 2081/34/235 2077/34/235
f 2075/34/236 2082/34/236 2078/34/236
f 2079/34/233 2084/34/233 2083/34/233
f 2080/34/234 2085/34/234 2084/34/234
f 2082/34/235 2085/34/235 2081/34/235
f 2079/34/236 2086/34/236 2082/34/236
f 2083/34/233 2088/34/233 2087/34/233
f 2084/34/234 2089/34/234 2088/34/234
f 2086/34/235 2089/34/235 2085/34/235
f 2083/34/236 2090/34/236 2086/34/236
f 2087/34/233 2092/34/233 2091/34/233
f 2088/34/234 2093/34/234 2092/34/234
f 2090/34/235 2093/34/235 2089/34/235
f 2087/34/236 2094/34/236 2090/34/236
f 2092/34/233 2095/34/233 2091/34/233
f 2092/34/234 2097/34/234 2096/34/234
f 2093/34/235 2098/34/235 2097/34/235
f 2091/34/236 2098/34/236 2094/34/236
f 2096/34/233 2099/34/233 2095/34/233
f 2096/34/234 2101/34/234 2100/34/234
f 2097/34/235 2102/34/235 2101/34/235
f 2095/34/236 2102/34/236 2098/34/236
f 2100/34/233 2103/34/233 2099/34/233
f 2100/34/234 2105/34/234 2104/34/234
f 2101/34/235 2106/34/235 2105/34/235
f 2099/34/236 2106/34/236 2102/34/236
f 2103/34/233 2108/34/233 2107/34/233
f 2104/34/234 2109/34/234 2108/34/234
f 2106/34/235 2109/34/235 2105/34/235
f 2103/34/236 2110/34/236 2106/34/236
f 2107/34/233 2112/34/233 2111/34/233
f 2108/34/234 2113/34/234 2112/34/234
f 2110/34/235 2113/34/235 2109/34/235
f 2107/34/236 2114/34/236 2110/34/236
f 2111/34/233 2116/34/233 2115/34/233
f 2112/34/234 2117/34/234 2116/34/234
f 2114/34/235 2117/34/235 2113/34/235
f 2111/34/236 2118/34/236 2114/34/236
f 2115/34/237 183/34/237 184/34/237
f 2116/34/238 186/34/238 183/34/238
f 2118/34/239 186/34/239 2117/34/239
f 2115/34/240 185/34/240 2118/34/240
f 2120/34/129 2123/34/129 2119/34/129
f 2120/34/241 2125/34/241 2124/34/241
f 2122/34/131 2125/34/131 2121/34/131
f 2119/34/242 2126/34/242 2122/34/242
f 2124/34/129 2127/34/129 2123/34/129
f 2124/34/241 2129/34/241 2128/34/241
f 2126/34/131 2129/34/131 2125/34/131
f 2123/34/242 2130/34/242 2126/34/242
f 2127/34/129 2132/34/129 2131/34/129
f 2128/34/241 2133/34/241 2132/34/241
f 2130/34/131 2133/34/131 2129/34/131
f 2127/34/242 2134/34/242 2130/34/242
f 2132/34/129 2135/34/129 2131/34/129
f 2132/34/241 2137/34/241 2136/34/241
f 2134/34/131 2137/34/131 2133/34/131
f 2131/34/242 2138/34/242 2134/34/242
f 2136/34/129 2139/34/129 2135/34/129
f 2137/34/241 2140/34/241 2136/34/241
f 2138/34/131 2141/34/131 2137/34/131
f 2135/34/242 2142/34/242 2138/34/242
f 2140/34/129 2143/34/129 2139/34/129
f 2140/34/241 2145/34/241 2144/34/241
f 2141/34/131 2146/34/131 2145/34/131
f 2139/34/242 2146/34/242 2142/34/242
f 2144/34/129 2147/34/129 2143/34/129
f 2144/34/241 2149/34/241 2148/34/241
f 2146/34/131 2149/34/131 2145/34/131
f 2143/34/242 2150/34/242 2146/34/242
f 2147/34/129 2152/34/129 2151/34/129
f 2148/34/241 2153/34/241 2152/34/241
f 2150/34/131 2153/34/131 2149/34/131
f 2147/34/242 2154/34/242 2150/34/242
f 2151/34/129 2156/34/129 2155/34/129
f 2152/34/241 2157/34/241 2156/34/241
f 2154/34/131 2157/34/131 2153/34/131
f 2151/34/242 2158/34/242 2154/34/242
f 2156/34/129 2159/34/129 2155/34/129
f 2156/34/241 2161/34/241 2160/34/241
f 2157/34/131 2162/34/131 2161/34/131
f 2155/34/242 2162/34/242 2158/34/242
f 2160/34/129 2163/34/129 2159/34/129
f 2160/34/241 2165/34/241 2164/34/241
f 2161/34/131 2166/34/131 2165/34/131
f 2159/34/242 2166/34/242 2162/34/242
f 2164/34/129 2167/34/129 2163/34/129
f 2164/34/241 2169/34/241 2168/34/241
f 2165/34/131 2170/34/131 2169/34/131
f 2163/34/242 2170/34/242 2166/34/242
f 2168/34/129 2171/34/129 2167/34/129
f 2168/34/241 2173/34/241 2172/34/241
f 2169/34/131 2174/34/131 2173/34/131
f 2167/34/242 2174/34/242 2170/34/242
f 2172/34/129 2175/34/129 2171/34/129
f 2172/34/241 2177/34/241 2176/34/241
f 2173/34/131 2178/34/131 2177/34/131
f 2171/34/242 2178/34/242 2174/34/242
f 2176/34/129 2179/34/129 2175/34/129
f 2176/34/241 2181/34/241 2180/34/241
f 2177/34/131 2182/34/131 2181/34/131
f 2175/34/242 2182/34/242 2178/34/242
f 2180/34/129 2183/34/129 2179/34/129
f 2180/34/241 2185/34/241 2184/34/241
f 2181/34/131 2186/34/131 2185/34/131
f 2179/34/242 2186/34/242 2182/34/242
f 2184/34/129 2187/34/129 2183/34/129
f 2184/34/241 2189/34/241 2188/34/241
f 2185/34/131 2190/34/131 2189/34/131
f 2183/34/242 2190/34/242 2186/34/242
f 2188/34/129 2191/34/129 2187/34/129
f 2188/34/241 2193/34/241 2192/34/241
f 2189/34/131 2194/34/131 2193/34/131
f 2187/34/242 2194/34/242 2190/34/242
f 2192/34/129 2195/34/129 2191/34/129
f 2192/34/241 2197/34/241 2196/34/241
f 2193/34/131 2198/34/131 2197/34/131
f 2191/34/242 2198/34/242 2194/34/242
f 2196/34/129 2199/34/129 2195/34/129
f 2196/34/241 2201/34/241 2200/34/241
f 2197/34/131 2202/34/131 2201/34/131
f 2195/34/242 2202/34/242 2198/34/242
f 2199/34/243 183/34/243 184/34/243
f 2200/34/244 186/34/244 183/34/244
f 2202/34/245 186/34/245 2201/34/245
f 2199/34/246 185/34/246 2202/34/246
f 2204/34/247 2207/34/247 2203/34/247
f 2204/34/234 2209/34/234 2208/34/234
f 2206/34/248 2209/34/248 2205/34/248
f 2203/34/236 2210/34/236 2206/34/236
f 2207/34/247 2212/34/247 2211/34/247
f 2209/34/234 2212/34/234 2208/34/234
f 2209/34/248 2214/34/248 2213/34/248
f 2207/34/236 2214/34/236 2210/34/236
f 2211/34/247 2216/34/247 2215/34/247
f 2213/34/234 2216/34/234 2212/34/234
f 2214/34/248 2217/34/248 2213/34/248
f 2214/34/236 2215/34/236 2218/34/236
f 2215/34/247 2220/34/247 2219/34/247
f 2217/34/234 2220/34/234 2216/34/234
f 2217/34/248 2222/34/248 2221/34/248
f 2218/34/236 2219/34/236 2222/34/236
f 2219/34/247 2224/34/247 2223/34/247
f 2221/34/234 2224/34/234 2220/34/234
f 2221/34/248 2226/34/248 2225/34/248
f 2222/34/236 2223/34/236 2226/34/236
f 2224/34/247 2227/34/247 2223/34/247
f 2225/34/234 2228/34/234 2224/34/234
f 2225/34/248 2230/34/248 2229/34/248
f 2223/34/236 2230/34/236 2226/34/236
f 2228/34/247 2231/34/247 2227/34/247
f 2229/34/234 2232/34/234 2228/34/234
f 2229/34/248 2234/34/248 2233/34/248
f 2227/34/236 2234/34/236 2230/34/236
f 2231/34/247 2236/34/247 2235/34/247
f 2233/34/234 2236/34/234 2232/34/234
f 2234/34/248 2237/34/248 2233/34/248
f 2234/34/236 2235/34/236 2238/34/236
f 2235/34/247 2240/34/247 2239/34/247
f 2236/34/234 2241/34/234 2240/34/234
f 2238/34/248 2241/34/248 2237/34/248
f 2235/34/236 2242/34/236 2238/34/236
f 2239/34/247 2244/34/247 2243/34/247
f 2241/34/234 2244/34/234 2240/34/234
f 2242/34/248 2245/34/248 2241/34/248
f 2242/34/236 2243/34/236 2246/34/236
f 2243/34/247 2248/34/247 2247/34/247
f 2245/34/234 2248/34/234 2244/34/234
f 2246/34/248 2249/34/248 2245/34/248
f 2246/34/236 2247/34/236 2250/34/236
f 2247/34/247 2252/34/247 2251/34/247
f 2249/34/234 2252/34/234 2248/34/234
f 2250/34/248 2253/34/248 2249/34/248
f 2250/34/236 2251/34/236 2254/34/236
f 2251/34/247 2256/34/247 2255/34/247
f 2253/34/234 2256/34/234 2252/34/234
f 2254/34/248 2257/34/248 2253/34/248
f 2254/34/236 2255/34/236 2258/34/236
f 2255/34/247 2260/34/247 2259/34/247
f 2257/34/234 2260/34/234 2256/34/234
f 2258/34/248 2261/34/248 2257/34/248
f 2258/34/236 2259/34/236 2262/34/236
f 2259/34/247 2264/34/247 2263/34/247
f 2261/34/234 2264/34/234 2260/34/234
f 2262/34/248 2265/34/248 2261/34/248
f 2262/34/236 2263/34/236 2266/34/236
f 2264/34/247 2267/34/247 2263/34/247
f 2265/34/234 2268/34/234 2264/34/234
f 2265/34/248 2270/34/248 2269/34/248
f 2266/34/236 2267/34/236 2270/34/236
f 2267/34/247 2272/34/247 2271/34/247
f 2269/34/234 2272/34/234 2268/34/234
f 2270/34/248 2273/34/248 2269/34/248
f 2270/34/236 2271/34/236 2274/34/236
f 2271/34/247 2276/34/247 2275/34/247
f 2273/34/234 2276/34/234 2272/34/234
f 2274/34/248 2277/34/248 2273/34/248
f 2274/34/236 2275/34/236 2278/34/236
f 2275/34/247 2280/34/247 2279/34/247
f 2277/34/234 2280/34/234 2276/34/234
f 2278/34/248 2281/34/248 2277/34/248
f 2278/34/236 2279/34/236 2282/34/236
f 2279/34/247 2284/34/247 2283/34/247
f 2281/34/234 2284/34/234 2280/34/234
f 2282/34/248 2285/34/248 2281/34/248
f 2282/34/236 2283/34/236 2286/34/236
f 2283/34/249 183/34/249 184/34/249
f 2284/34/250 186/34/250 183/34/250
f 2286/34/251 186/34/251 2285/34/251
f 2283/34/252 185/34/252 2286/34/252
f 2288/34/253 2291/34/253 2287/34/253
f 2289/34/226 2292/34/226 2288/34/226
f 2289/34/254 2294/34/254 2293/34/254
f 2287/34/228 2294/34/228 2290/34/228
f 2291/34/253 2296/34/253 2295/34/253
f 2293/34/226 2296/34/226 2292/34/226
f 2293/34/254 2298/34/254 2297/34/254
f 2291/34/228 2298/34/228 2294/34/228
f 2295/34/253 2300/34/253 2299/34/253
f 2296/34/226 2301/34/226 2300/34/226
f 2297/34/254 2302/34/254 2301/34/254
f 2298/34/228 2299/34/228 2302/34/228
f 2300/34/253 2303/34/253 2299/34/253
f 2300/34/226 2305/34/226 2304/34/226
f 2301/34/254 2306/34/254 2305/34/254
f 2299/34/228 2306/34/228 2302/34/228
f 2304/34/253 2307/34/253 2303/34/253
f 2305/34/226 2308/34/226 2304/34/226
f 2305/34/254 2310/34/254 2309/34/254
f 2303/34/228 2310/34/228 2306/34/228
f 2307/34/253 2312/34/253 2311/34/253
f 2309/34/226 2312/34/226 2308/34/226
f 2310/34/254 2313/34/254 2309/34/254
f 2310/34/228 2311/34/228 2314/34/228
f 2311/34/253 2316/34/253 2315/34/253
f 2312/34/226 2317/34/226 2316/34/226
f 2314/34/254 2317/34/254 2313/34/254
f 2314/34/228 2315/34/228 2318/34/228
f 2315/34/253 2320/34/253 2319/34/253
f 2316/34/226 2321/34/226 2320/34/226
f 2318/34/254 2321/34/254 2317/34/254
f 2315/34/228 2322/34/228 2318/34/228
f 2319/34/253 2324/34/253 2323/34/253
f 2321/34/226 2324/34/226 2320/34/226
f 2322/34/254 2325/34/254 2321/34/254
f 2319/34/228 2326/34/228 2322/34/228
f 2323/34/253 2328/34/253 2327/34/253
f 2325/34/226 2328/34/226 2324/34/226
f 2325/34/254 2330/34/254 2329/34/254
f 2323/34/228 2330/34/228 2326/34/228
f 2327/34/253 2332/34/253 2331/34/253
f 2328/34/226 2333/34/226 2332/34/226
f 2330/34/254 2333/34/254 2329/34/254
f 2327/34/228 2334/34/228 2330/34/228
f 2332/34/253 2335/34/253 2331/34/253
f 2332/34/226 2337/34/226 2336/34/226
f 2333/34/254 2338/34/254 2337/34/254
f 2331/34/228 2338/34/228 2334/34/228
f 2335/34/253 2340/34/253 2339/34/253
f 2336/34/226 2341/34/226 2340/34/226
f 2338/34/254 2341/34/254 2337/34/254
f 2335/34/228 2342/34/228 2338/34/228
f 2340/34/253 2343/34/253 2339/34/253
f 2340/34/226 2345/34/226 2344/34/226
f 2341/34/254 2346/34/254 2345/34/254
f 2339/34/228 2346/34/228 2342/34/228
f 2344/34/253 2347/34/253 2343/34/253
f 2344/34/226 2349/34/226 2348/34/226
f 2345/34/254 2350/34/254 2349/34/254
f 2343/34/228 2350/34/228 2346/34/228
f 2348/34/253 2351/34/253 2347/34/253
f 2348/34/226 2353/34/226 2352/34/226
f 2349/34/254 2354/34/254 2353/34/254
f 2347/34/228 2354/34/228 2350/34/228
f 2352/34/253 2355/34/253 2351/34/253
f 2352/34/226 2357/34/226 2356/34/226
f 2353/34/254 2358/34/254 2357/34/254
f 2351/34/228 2358/34/228 2354/34/228
f 2356/34/253 2359/34/253 2355/34/253
f 2356/34/226 2361/34/226 2360/34/226
f 2357/34/254 2362/34/254 2361/34/254
f 2355/34/228 2362/34/228 2358/34/228
f 2360/34/253 2363/34/253 2359/34/253
f 2360/34/226 2365/34/226 2364/34/226
f 2361/34/254 2366/34/254 2365/34/254
f 2359/34/228 2366/34/228 2362/34/228
f 2364/34/253 2367/34/253 2363/34/253
f 2364/34/226 2369/34/226 2368/34/226
f 2365/34/254 2370/34/254 2369/34/254
f 2363/34/228 2370/34/228 2366/34/228
f 2367/34/255 183/34/255 184/34/255
f 2368/34/256 186/34/256 183/34/256
f 2370/34/257 186/34/257 2369/34/257
f 2367/34/258 185/34/258 2370/34/258
f 2371/34/259 2376/34/259 2375/34/259
f 2373/34/218 2376/34/218 2372/34/218
f 2374/34/260 2377/34/260 2373/34/260
f 2374/34/220 2375/34/220 2378/34/220
f 2376/34/259 2379/34/259 2375/34/259
f 2376/34/218 2381/34/218 2380/34/218
f 2378/34/260 2381/34/260 2377/34/260
f 2378/34/220 2379/34/220 2382/34/220
f 2380/34/259 2383/34/259 2379/34/259
f 2380/34/218 2385/34/218 2384/34/218
f 2382/34/260 2385/34/260 2381/34/260
f 2382/34/220 2383/34/220 2386/34/220
f 2384/34/259 2387/34/259 2383/34/259
f 2384/34/218 2389/34/218 2388/34/218
f 2385/34/260 2390/34/260 2389/34/260
f 2383/34/220 2390/34/220 2386/34/220
f 2388/34/259 2391/34/259 2387/34/259
f 2388/34/218 2393/34/218 2392/34/218
f 2389/34/260 2394/34/260 2393/34/260
f 2387/34/220 2394/34/220 2390/34/220
f 2392/34/259 2395/34/259 2391/34/259
f 2392/34/218 2397/34/218 2396/34/218
f 2394/34/260 2397/34/260 2393/34/260
f 2391/34/220 2398/34/220 2394/34/220
f 2396/34/259 2399/34/259 2395/34/259
f 2396/34/218 2401/34/218 2400/34/218
f 2398/34/260 2401/34/260 2397/34/260
f 2395/34/220 2402/34/220 2398/34/220
f 2400/34/259 2403/34/259 2399/34/259
f 2400/34/218 2405/34/218 2404/34/218
f 2401/34/260 2406/34/260 2405/34/260
f 2402/34/220 2403/34/220 2406/34/220
f 2404/34/259 2407/34/259 2403/34/259
f 2404/34/218 2409/34/218 2408/34/218
f 2405/34/260 2410/34/260 2409/34/260
f 2406/34/220 2407/34/220 2410/34/220
f 2408/34/259 2411/34/259 2407/34/259
f 2408/34/218 2413/34/218 2412/34/218
f 2409/34/260 2414/34/260 2413/34/260
f 2407/34/220 2414/34/220 2410/34/220
f 2412/34/259 2415/34/259 2411/34/259
f 2412/34/218 2417/34/218 2416/34/218
f 2413/34/260 2418/34/260 2417/34/260
f 2414/34/220 2415/34/220 2418/34/220
f 2416/34/259 2419/34/259 2415/34/259
f 2417/34/218 2420/34/218 2416/34/218
f 2417/34/260 2422/34/260 2421/34/260
f 2415/34/220 2422/34/220 2418/34/220
f 2420/34/259 2423/34/259 2419/34/259
f 2421/34/218 2424/34/218 2420/34/218
f 2421/34/260 2426/34/260 2425/34/260
f 2422/34/220 2423/34/220 2426/34/220
f 2424/34/259 2427/34/259 2423/34/259
f 2425/34/218 2428/34/218 2424/34/218
f 2425/34/260 2430/34/260 2429/34/260
f 2426/34/220 2427/34/220 2430/34/220
f 2428/34/259 2431/34/259 2427/34/259
f 2429/34/218 2432/34/218 2428/34/218
f 2429/34/260 2434/34/260 2433/34/260
f 2430/34/220 2431/34/220 2434/34/220
f 2432/34/259 2435/34/259 2431/34/259
f 2433/34/218 2436/34/218 2432/34/218
f 2433/34/260 2438/34/260 2437/34/260
f 2434/34/220 2435/34/220 2438/34/220
f 2436/34/259 2439/34/259 2435/34/259
f 2436/34/218 2441/34/218 2440/34/218
f 2437/34/260 2442/34/260 2441/34/260
f 2435/34/220 2442/34/220 2438/34/220
f 2439/34/259 2444/34/259 2443/34/259
f 2440/34/218 2445/34/218 2444/34/218
f 2441/34/260 2446/34/260 2445/34/260
f 2442/34/220 2443/34/220 2446/34/220
f 2444/34/259 2447/34/259 2443/34/259
f 2444/34/218 2449/34/218 2448/34/218
f 2445/34/260 2450/34/260 2449/34/260
f 2443/34/220 2450/34/220 2446/34/220
f 2448/34/259 2451/34/259 2447/34/259
f 2449/34/218 2452/34/218 2448/34/218
f 2450/34/260 2453/34/260 2449/34/260
f 2447/34/220 2454/34/220 2450/34/220
f 2451/34/261 183/34/261 184/34/261
f 2452/34/262 186/34/262 183/34/262
f 2454/34/263 186/34/263 2453/34/263
f 2451/34/264 185/34/264 2454/34/264
f 2456/34/265 2459/34/265 2455/34/265
f 2457/34/210 2460/34/210 2456/34/210
f 2458/34/266 2461/34/266 2457/34/266
f 2458/34/212 2459/34/212 2462/34/212
f 2460/34/265 2463/34/265 2459/34/265
f 2460/34/210 2465/34/210 2464/34/210
f 2462/34/266 2465/34/266 2461/34/266
f 2462/34/212 2463/34/212 2466/34/212
f 2464/34/265 2467/34/265 2463/34/265
f 2464/34/210 2469/34/210 2468/34/210
f 2466/34/266 2469/34/266 2465/34/266
f 2466/34/212 2467/34/212 2470/34/212
f 2467/34/265 2472/34/265 2471/34/265
f 2468/34/210 2473/34/210 2472/34/210
f 2470/34/266 2473/34/266 2469/34/266
f 2467/34/212 2474/34/212 2470/34/212
f 2472/34/265 2475/34/265 2471/34/265
f 2473/34/210 2476/34/210 2472/34/210
f 2474/34/266 2477/34/266 2473/34/266
f 2471/34/212 2478/34/212 2474/34/212
f 2476/34/265 2479/34/265 2475/34/265
f 2477/34/210 2480/34/210 2476/34/210
f 2478/34/266 2481/34/266 2477/34/266
f 2475/34/212 2482/34/212 2478/34/212
f 2480/34/265 2483/34/265 2479/34/265
f 2480/34/210 2485/34/210 2484/34/210
f 2481/34/266 2486/34/266 2485/34/266
f 2479/34/212 2486/34/212 2482/34/212
f 2484/34/265 2487/34/265 2483/34/265
f 2484/34/210 2489/34/210 2488/34/210
f 2485/34/266 2490/34/266 2489/34/266
f 2483/34/212 2490/34/212 2486/34/212
f 2488/34/265 2491/34/265 2487/34/265
f 2489/34/210 2492/34/210 2488/34/210
f 2489/34/266 2494/34/266 2493/34/266
f 2490/34/212 2491/34/212 2494/34/212
f 2492/34/265 2495/34/265 2491/34/265
f 2492/34/210 2497/34/210 2496/34/210
f 2493/34/266 2498/34/266 2497/34/266
f 2494/34/212 2495/34/212 2498/34/212
f 2496/34/265 2499/34/265 2495/34/265
f 2497/34/210 2500/34/210 2496/34/210
f 2497/34/266 2502/34/266 2501/34/266
f 2498/34/212 2499/34/212 2502/34/212
f 2500/34/265 2503/34/265 2499/34/265
f 2501/34/210 2504/34/210 2500/34/210
f 2501/34/266 2506/34/266 2505/34/266
f 2502/34/212 2503/34/212 2506/34/212
f 2504/34/265 2507/34/265 2503/34/265
f 2505/34/210 2508/34/210 2504/34/210
f 2505/34/266 2510/34/266 2509/34/266
f 2506/34/212 2507/34/212 2510/34/212
f 2508/34/265 2511/34/265 2507/34/265
f 2509/34/210 2512/34/210 2508/34/210
f 2509/34/266 2514/34/266 2513/34/266
f 2510/34/212 2511/34/212 2514/34/212
f 2512/34/265 2515/34/265 2511/34/265
f 2513/34/210 2516/34/210 2512/34/210
f 2513/34/266 2518/34/266 2517/34/266
f 2514/34/212 2515/34/212 2518/34/212
f 2515/34/265 2520/34/265 2519/34/265
f 2517/34/210 2520/34/210 2516/34/210
f 2518/34/266 2521/34/266 2517/34/266
f 2518/34/212 2519/34/212 2522/34/212
f 2520/34/265 2523/34/265 2519/34/265
f 2520/34/210 2525/34/210 2524/34/210
f 2522/34/266 2525/34/266 2521/34/266
f 2522/34/212 2523/34/212 2526/34/212
f 2523/34/265 2528/34/265 2527/34/265
f 2525/34/210 2528/34/210 2524/34/210
f 2525/34/266 2530/34/266 2529/34/266
f 2526/34/212 2527/34/212 2530/34/212
f 2528/34/265 2531/34/265 2527/34/265
f 2529/34/210 2532/34/210 2528/34/210
f 2529/34/266 2534/34/266 2533/34/266
f 2530/34/212 2531/34/212 2534/34/212
f 2532/34/265 2535/34/265 2531/34/265
f 2533/34/210 2536/34/210 2532/34/210
f 2533/34/266 2538/34/266 2537/34/266
f 2534/34/212 2535/34/212 2538/34/212
f 2535/34/267 183/34/267 184/34/267
f 2536/34/268 186/34/268 183/34/268
f 2538/34/269 186/34/269 2537/34/269
f 2535/34/270 185/34/270 2538/34/270
f 2539/34/271 2544/34/271 2543/34/271
f 2541/34/202 2544/34/202 2540/34/202
f 2542/34/272 2545/34/272 2541/34/272
f 2542/34/204 2543/34/204 2546/34/204
f 2543/34/271 2548/34/271 2547/34/271
f 2544/34/202 2549/34/202 2548/34/202
f 2546/34/272 2549/34/272 2545/34/272
f 2546/34/204 2547/34/204 2550/34/204
f 2548/34/271 2551/34/271 2547/34/271
f 2548/34/202 2553/34/202 2552/34/202
f 2550/34/272 2553/34/272 2549/34/272
f 2547/34/204 2554/34/204 2550/34/204
f 2552/34/271 2555/34/271 2551/34/271
f 2552/34/202 2557/34/202 2556/34/202
f 2554/34/272 2557/34/272 2553/34/272
f 2551/34/204 2558/34/204 2554/34/204
f 2556/34/271 2559/34/271 2555/34/271
f 2556/34/202 2561/34/202 2560/34/202
f 2558/34/272 2561/34/272 2557/34/272
f 2558/34/204 2559/34/204 2562/34/204
f 2560/34/271 2563/34/271 2559/34/271
f 2560/34/202 2565/34/202 2564/34/202
f 2561/34/272 2566/34/272 2565/34/272
f 2559/34/204 2566/34/204 2562/34/204
f 2564/34/271 2567/34/271 2563/34/271
f 2564/34/202 2569/34/202 2568/34/202
f 2566/34/272 2569/34/272 2565/34/272
f 2563/34/204 2570/34/204 2566/34/204
f 2567/34/271 2572/34/271 2571/34/271
f 2568/34/202 2573/34/202 2572/34/202
f 2569/34/272 2574/34/272 2573/34/272
f 2567/34/204 2574/34/204 2570/34/204
f 2572/34/271 2575/34/271 2571/34/271
f 2572/34/202 2577/34/202 2576/34/202
f 2573/34/272 2578/34/272 2577/34/272
f 2571/34/204 2578/34/204 2574/34/204
f 2576/34/271 2579/34/271 2575/34/271
f 2576/34/202 2581/34/202 2580/34/202
f 2577/34/272 2582/34/272 2581/34/272
f 2575/34/204 2582/34/204 2578/34/204
f 2580/34/271 2583/34/271 2579/34/271
f 2580/34/202 2585/34/202 2584/34/202
f 2581/34/272 2586/34/272 2585/34/272
f 2579/34/204 2586/34/204 2582/34/204
f 2584/34/271 2587/34/271 2583/34/271
f 2584/34/202 2589/34/202 2588/34/202
f 2585/34/272 2590/34/272 2589/34/272
f 2583/34/204 2590/34/204 2586/34/204
f 2588/34/271 2591/34/271 2587/34/271
f 2589/34/202 2592/34/202 2588/34/202
f 2590/34/272 2593/34/272 2589/34/272
f 2587/34/204 2594/34/204 2590/34/204
f 2592/34/271 2595/34/271 2591/34/271
f 2593/34/202 2596/34/202 2592/34/202
f 2593/34/272 2598/34/272 2597/34/272
f 2591/34/204 2598/34/204 2594/34/204
f 2596/34/271 2599/34/271 2595/34/271
f 2596/34/202 2601/34/202 2600/34/202
f 2597/34/272 2602/34/272 2601/34/272
f 2595/34/204 2602/34/204 2598/34/204
f 2600/34/271 2603/34/271 2599/34/271
f 2601/34/202 2604/34/202 2600/34/202
f 2602/34/272 2605/34/272 2601/34/272
f 2602/34/204 2603/34/204 2606/34/204
f 2604/34/271 2607/34/271 2603/34/271
f 2605/34/202 2608/34/202 2604/34/202
f 2605/34/272 2610/34/272 2609/34/272
f 2603/34/204 2610/34/204 2606/34/204
f 2608/34/271 2611/34/271 2607/34/271
f 2609/34/202 2612/34/202 2608/34/202
f 2609/34/272 2614/34/272 2613/34/272
f 2607/34/204 2614/34/204 2610/34/204
f 2612/34/271 2615/34/271 2611/34/271
f 2612/34/202 2617/34/202 2616/34/202
f 2613/34/272 2618/34/272 2617/34/272
f 2614/34/204 2615/34/204 2618/34/204
f 2616/34/271 2619/34/271 2615/34/271
f 2617/34/202 2620/34/202 2616/34/202
f 2617/34/272 2622/34/272 2621/34/272
f 2615/34/204 2622/34/204 2618/34/204
f 2619/34/273 183/34/273 184/34/273
f 2620/34/274 186/34/274 183/34/274
f 2622/34/275 186/34/275 2621/34/275
f 2619/34/276 185/34/276 2622/34/276
f 2623/34/277 2628/34/277 2627/34/277
f 2624/34/194 2629/34/194 2628/34/194
f 2626/34/278 2629/34/278 2625/34/278
f 2623/34/196 2630/34/196 2626/34/196
f 2628/34/277 2631/34/277 2627/34/277
f 2628/34/194 2633/34/194 2632/34/194
f 2630/34/278 2633/34/278 2629/34/278
f 2627/34/196 2634/34/196 2630/34/196
f 2631/34/277 2636/34/277 2635/34/277
f 2632/34/194 2637/34/194 2636/34/194
f 2634/34/278 2637/34/278 2633/34/278
f 2631/34/196 2638/34/196 2634/34/196
f 2635/34/277 2640/34/277 2639/34/277
f 2636/34/194 2641/34/194 2640/34/194
f 2638/34/278 2641/34/278 2637/34/278
f 2635/34/196 2642/34/196 2638/34/196
f 2639/34/277 2644/34/277 2643/34/277
f 2641/34/194 2644/34/194 2640/34/194
f 2642/34/278 2645/34/278 2641/34/278
f 2639/34/196 2646/34/196 2642/34/196
f 2643/34/277 2648/34/277 2647/34/277
f 2645/34/194 2648/34/194 2644/34/194
f 2646/34/278 2649/34/278 2645/34/278
f 2643/34/196 2650/34/196 2646/34/196
f 2648/34/277 2651/34/277 2647/34/277
f 2649/34/194 2652/34/194 2648/34/194
f 2649/34/278 2654/34/278 2653/34/278
f 2650/34/196 2651/34/196 2654/34/196
f 2651/34/277 2656/34/277 2655/34/277
f 2653/34/194 2656/34/194 2652/34/194
f 2654/34/278 2657/34/278 2653/34/278
f 2654/34/196 2655/34/196 2658/34/196
f 2655/34/277 2660/34/277 2659/34/277
f 2657/34/194 2660/34/194 2656/34/194
f 2658/34/278 2661/34/278 2657/34/278
f 2658/34/196 2659/34/196 2662/34/196
f 2659/34/277 2664/34/277 2663/34/277
f 2660/34/194 2665/34/194 2664/34/194
f 2661/34/278 2666/34/278 2665/34/278
f 2662/34/196 2663/34/196 2666/34/196
f 2663/34/277 2668/34/277 2667/34/277
f 2665/34/194 2668/34/194 2664/34/194
f 2666/34/278 2669/34/278 2665/34/278
f 2663/34/196 2670/34/196 2666/34/196
f 2667/34/277 2672/34/277 2671/34/277
f 2668/34/194 2673/34/194 2672/34/194
f 2670/34/278 2673/34/278 2669/34/278
f 2667/34/196 2674/34/196 2670/34/196
f 2671/34/277 2676/34/277 2675/34/277
f 2672/34/194 2677/34/194 2676/34/194
f 2674/34/278 2677/34/278 2673/34/278
f 2671/34/196 2678/34/196 2674/34/196
f 2676/34/277 2679/34/277 2675/34/277
f 2676/34/194 2681/34/194 2680/34/194
f 2677/34/278 2682/34/278 2681/34/278
f 2675/34/196 2682/34/196 2678/34/196
f 2679/34/277 2684/34/277 2683/34/277
f 2680/34/194 2685/34/194 2684/34/194
f 2682/34/278 2685/34/278 2681/34/278
f 2679/34/196 2686/34/196 2682/34/196
f 2683/34/277 2688/34/277 2687/34/277
f 2684/34/194 2689/34/194 2688/34/194
f 2686/34/278 2689/34/278 2685/34/278
f 2683/34/196 2690/34/196 2686/34/196
f 2687/34/277 2692/34/277 2691/34/277
f 2689/34/194 2692/34/194 2688/34/194
f 2690/34/278 2693/34/278 2689/34/278
f 2687/34/196 2694/34/196 2690/34/196
f 2691/34/277 2696/34/277 2695/34/277
f 2692/34/194 2697/34/194 2696/34/194
f 2694/34/278 2697/34/278 2693/34/278
f 2691/34/196 2698/34/196 2694/34/196
f 2695/34/277 2700/34/277 2699/34/277
f 2696/34/194 2701/34/194 2700/34/194
f 2698/34/278 2701/34/278 2697/34/278
f 2695/34/196 2702/34/196 2698/34/196
f 2699/34/277 2704/34/277 2703/34/277
f 2700/34/194 2705/34/194 2704/34/194
f 2701/34/278 2706/34/278 2705/34/278
f 2699/34/196 2706/34/196 2702/34/196
f 2703/34/279 183/34/279 184/34/279
f 2705/34/280 183/34/280 2704/34/280
f 2706/34/281 186/34/281 2705/34/281
f 2706/34/282 184/34/282 185/34/282
f 2708/34/283 2711/34/283 2707/34/283
f 2708/34/186 2713/34/186 2712/34/186
f 2710/34/284 2713/34/284 2709/34/284
f 2707/34/188 2714/34/188 2710/34/188
f 2712/34/283 2715/34/283 2711/34/283
f 2713/34/186 2716/34/186 2712/34/186
f 2713/34/284 2718/34/284 2717/34/284
f 2711/34/188 2718/34/188 2714/34/188
f 2715/34/283 2720/34/283 2719/34/283
f 2717/34/186 2720/34/186 2716/34/186
f 2718/34/284 2721/34/284 2717/34/284
f 2718/34/188 2719/34/188 2722/34/188
f 2720/34/283 2723/34/283 2719/34/283
f 2720/34/186 2725/34/186 2724/34/186
f 2722/34/284 2725/34/284 2721/34/284
f 2719/34/188 2726/34/188 2722/34/188
f 2724/34/283 2727/34/283 2723/34/283
f 2724/34/186 2729/34/186 2728/34/186
f 2726/34/284 2729/34/284 2725/34/284
f 2726/34/188 2727/34/188 2730/34/188
f 2728/34/283 2731/34/283 2727/34/283
f 2728/34/186 2733/34/186 2732/34/186
f 2729/34/284 2734/34/284 2733/34/284
f 2727/34/188 2734/34/188 2730/34/188
f 2732/34/283 2735/34/283 2731/34/283
f 2733/34/186 2736/34/186 2732/34/186
f 2733/34/284 2738/34/284 2737/34/284
f 2734/34/188 2735/34/188 2738/34/188
f 2736/34/283 2739/34/283 2735/34/283
f 2737/34/186 2740/34/186 2736/34/186
f 2737/34/284 2742/34/284 2741/34/284
f 2738/34/188 2739/34/188 2742/34/188
f 2740/34/283 2743/34/283 2739/34/283
f 2741/34/186 2744/34/186 2740/34/186
f 2741/34/284 2746/34/284 2745/34/284
f 2742/34/188 2743/34/188 2746/34/188
f 2743/34/283 2748/34/283 2747/34/283
f 2745/34/186 2748/34/186 2744/34/186
f 2746/34/284 2749/34/284 2745/34/284
f 2746/34/188 2747/34/188 2750/34/188
f 2747/34/283 2752/34/283 2751/34/283
f 2749/34/186 2752/34/186 2748/34/186
f 2749/34/284 2754/34/284 2753/34/284
f 2750/34/188 2751/34/188 2754/34/188
f 2752/34/283 2755/34/283 2751/34/283
f 2753/34/186 2756/34/186 2752/34/186
f 2754/34/284 2757/34/284 2753/34/284
f 2751/34/188 2758/34/188 2754/34/188
f 2755/34/283 2760/34/283 2759/34/283
f 2756/34/186 2761/34/186 2760/34/186
f 2758/34/284 2761/34/284 2757/34/284
f 2755/34/188 2762/34/188 2758/34/188
f 2759/34/283 2764/34/283 2763/34/283
f 2760/34/186 2765/34/186 2764/34/186
f 2762/34/284 2765/34/284 2761/34/284
f 2759/34/188 2766/34/188 2762/34/188
f 2764/34/283 2767/34/283 2763/34/283
f 2764/34/186 2769/34/186 2768/34/186
f 2765/34/284 2770/34/284 2769/34/284
f 2763/34/188 2770/34/188 2766/34/188
f 2767/34/283 2772/34/283 2771/34/283
f 2769/34/186 2772/34/186 2768/34/186
f 2770/34/284 2773/34/284 2769/34/284
f 2770/34/188 2771/34/188 2774/34/188
f 2772/34/283 2775/34/283 2771/34/283
f 2773/34/186 2776/34/186 2772/34/186
f 2774/34/284 2777/34/284 2773/34/284
f 2774/34/188 2775/34/188 2778/34/188
f 2775/34/283 2780/34/283 2779/34/283
f 2777/34/186 2780/34/186 2776/34/186
f 2778/34/284 2781/34/284 2777/34/284
f 2778/34/188 2779/34/188 2782/34/188
f 2780/34/283 2783/34/283 2779/34/283
f 2781/34/186 2784/34/186 2780/34/186
f 2782/34/284 2785/34/284 2781/34/284
f 2779/34/188 2786/34/188 2782/34/188
f 2784/34/283 2787/34/283 2783/34/283
f 2784/34/186 2789/34/186 2788/34/186
f 2786/34/284 2789/34/284 2785/34/284
f 2786/34/188 2787/34/188 2790/34/188
f 2788/34/285 184/34/285 2787/34/285
f 2789/34/286 183/34/286 2788/34/286
f 2789/34/287 185/34/287 186/34/287
f 2790/34/288 184/34/288 185/34/288
f 104/34/65 100/34/65 99/34/65
f 105/34/66 101/34/66 100/34/66
f 106/34/67 102/34/67 101/34/67
f 106/34/68 103/34/68 99/34/68
f 107/34/65 108/34/65 104/34/65
f 109/34/66 105/34/66 104/34/66
f 110/34/67 106/34/67 105/34/67
f 110/34/68 107/34/68 103/34/68
f 111/34/65 112/34/65 108/34/65
f 112/34/66 113/34/66 109/34/66
f 114/34/67 110/34/67 109/34/67
f 111/34/68 107/34/68 110/34/68
f 115/34/65 116/34/65 112/34/65
f 117/34/66 113/34/66 112/34/66
f 118/34/67 114/34/67 113/34/67
f 118/34/68 115/34/68 111/34/68
f 120/34/65 116/34/65 115/34/65
f 120/34/66 121/34/66 117/34/66
f 122/34/67 118/34/67 117/34/67
f 119/34/68 115/34/68 118/34/68
f 123/34/65 124/34/65 120/34/65
f 125/34/66 121/34/66 120/34/66
f 126/34/67 122/34/67 121/34/67
f 126/34/68 123/34/68 119/34/68
f 128/34/65 124/34/65 123/34/65
f 128/34/66 129/34/66 125/34/66
f 130/34/67 126/34/67 125/34/67
f 127/34/68 123/34/68 126/34/68
f 131/34/65 132/34/65 128/34/65
f 133/34/66 129/34/66 128/34/66
f 134/34/67 130/34/67 129/34/67
f 131/34/68 127/34/68 130/34/68
f 136/34/65 132/34/65 131/34/65
f 136/34/66 137/34/66 133/34/66
f 138/34/67 134/34/67 133/34/67
f 135/34/68 131/34/68 134/34/68
f 139/34/65 140/34/65 136/34/65
f 140/34/66 141/34/66 137/34/66
f 142/34/67 138/34/67 137/34/67
f 139/34/68 135/34/68 138/34/68
f 144/34/65 140/34/65 139/34/65
f 144/34/66 145/34/66 141/34/66
f 146/34/67 142/34/67 141/34/67
f 143/34/68 139/34/68 142/34/68
f 147/34/65 148/34/65 144/34/65
f 149/34/66 145/34/66 144/34/66
f 150/34/67 146/34/67 145/34/67
f 150/34/68 147/34/68 143/34/68
f 151/34/65 152/34/65 148/34/65
f 152/34/66 153/34/66 149/34/66
f 154/34/67 150/34/67 149/34/67
f 151/34/68 147/34/68 150/34/68
f 155/34/65 156/34/65 152/34/65
f 157/34/66 153/34/66 152/34/66
f 158/34/67 154/34/67 153/34/67
f 158/34/68 155/34/68 151/34/68
f 159/34/65 160/34/65 156/34/65
f 161/34/66 157/34/66 156/34/66
f 162/34/67 158/34/67 157/34/67
f 162/34/68 159/34/68 155/34/68
f 163/34/65 164/34/65 160/34/65
f 164/34/66 165/34/66 161/34/66
f 166/34/67 162/34/67 161/34/67
f 163/34/68 159/34/68 162/34/68
f 167/34/65 168/34/65 164/34/65
f 168/34/66 169/34/66 165/34/66
f 170/34/67 166/34/67 165/34/67
f 167/34/68 163/34/68 166/34/68
f 171/34/65 172/34/65 168/34/65
f 172/34/66 173/34/66 169/34/66
f 174/34/67 170/34/67 169/34/67
f 171/34/68 167/34/68 170/34/68
f 175/34/65 176/34/65 172/34/65
f 176/34/66 177/34/66 173/34/66
f 178/34/67 174/34/67 173/34/67
f 175/34/68 171/34/68 174/34/68
f 179/34/65 180/34/65 176/34/65
f 180/34/66 181/34/66 177/34/66
f 182/34/67 178/34/67 177/34/67
f 179/34/68 175/34/68 178/34/68
f 184/34/289 180/34/289 179/34/289
f 184/34/290 185/34/290 181/34/290
f 185/34/291 186/34/291 182/34/291
f 183/34/292 179/34/292 182/34/292
f 187/34/73 188/34/73 192/34/73
f 188/34/74 189/34/74 193/34/74
f 190/34/75 194/34/75 193/34/75
f 187/34/76 191/34/76 194/34/76
f 191/34/73 192/34/73 196/34/73
f 193/34/74 197/34/74 196/34/74
f 193/34/75 194/34/75 198/34/75
f 191/34/76 195/34/76 198/34/76
f 195/34/73 196/34/73 200/34/73
f 196/34/74 197/34/74 201/34/74
f 198/34/75 202/34/75 201/34/75
f 195/34/76 199/34/76 202/34/76
f 199/34/73 200/34/73 204/34/73
f 201/34/74 205/34/74 204/34/74
f 202/34/75 206/34/75 205/34/75
f 199/34/76 203/34/76 206/34/76
f 204/34/73 208/34/73 207/34/73
f 205/34/74 209/34/74 208/34/74
f 206/34/75 210/34/75 209/34/75
f 206/34/76 203/34/76 207/34/76
f 208/34/73 212/34/73 211/34/73
f 208/34/74 209/34/74 213/34/74
f 209/34/75 210/34/75 214/34/75
f 210/34/76 207/34/76 211/34/76
f 212/34/73 216/34/73 215/34/73
f 212/34/74 213/34/74 217/34/74
f 213/34/75 214/34/75 218/34/75
f 214/34/76 211/34/76 215/34/76
f 216/34/73 220/34/73 219/34/73
f 217/34/74 221/34/74 220/34/74
f 217/34/75 218/34/75 222/34/75
f 218/34/76 215/34/76 219/34/76
f 220/34/73 224/34/73 223/34/73
f 221/34/74 225/34/74 224/34/74
f 222/34/75 226/34/75 225/34/75
f 222/34/76 219/34/76 223/34/76
f 224/34/73 228/34/73 227/34/73
f 225/34/74 229/34/74 228/34/74
f 225/34/75 226/34/75 230/34/75
f 226/34/76 223/34/76 227/34/76
f 228/34/73 232/34/73 231/34/73
f 228/34/74 229/34/74 233/34/74
f 230/34/75 234/34/75 233/34/75
f 230/34/76 227/34/76 231/34/76
f 231/34/73 232/34/73 236/34/73
f 232/34/74 233/34/74 237/34/74
f 233/34/75 234/34/75 238/34/75
f 234/34/76 231/34/76 235/34/76
f 235/34/73 236/34/73 240/34/73
f 237/34/74 241/34/74 240/34/74
f 238/34/75 242/34/75 241/34/75
f 235/34/76 239/34/76 242/34/76
f 240/34/73 244/34/73 243/34/73
f 241/34/74 245/34/74 244/34/74
f 242/34/75 246/34/75 245/34/75
f 239/34/76 243/34/76 246/34/76
f 243/34/73 244/34/73 248/34/73
f 245/34/74 249/34/74 248/34/74
f 246/34/75 250/34/75 249/34/75
f 243/34/76 247/34/76 250/34/76
f 248/34/73 252/34/73 251/34/73
f 249/34/74 253/34/74 252/34/74
f 250/34/75 254/34/75 253/34/75
f 250/34/76 247/34/76 251/34/76
f 251/34/73 252/34/73 256/34/73
f 253/34/74 257/34/74 256/34/74
f 253/34/75 254/34/75 258/34/75
f 254/34/76 251/34/76 255/34/76
f 255/34/73 256/34/73 260/34/73
f 257/34/74 261/34/74 260/34/74
f 257/34/75 258/34/75 262/34/75
f 258/34/76 255/34/76 259/34/76
f 259/34/73 260/34/73 264/34/73
f 261/34/74 265/34/74 264/34/74
f 261/34/75 262/34/75 266/34/75
f 259/34/76 263/34/76 266/34/76
f 263/34/73 264/34/73 268/34/73
f 265/34/74 269/34/74 268/34/74
f 265/34/75 266/34/75 270/34/75
f 263/34/76 267/34/76 270/34/76
f 268/34/293 183/34/293 184/34/293
f 269/34/294 186/34/294 183/34/294
f 269/34/295 270/34/295 185/34/295
f 270/34/296 267/34/296 184/34/296
f 272/34/81 276/34/81 275/34/81
f 272/34/82 273/34/82 277/34/82
f 274/34/83 278/34/83 277/34/83
f 271/34/84 275/34/84 278/34/84
f 276/34/81 280/34/81 279/34/81
f 276/34/82 277/34/82 281/34/82
f 278/34/83 282/34/83 281/34/83
f 275/34/84 279/34/84 282/34/84
f 280/34/81 284/34/81 283/34/81
f 280/34/82 281/34/82 285/34/82
f 281/34/83 282/34/83 286/34/83
f 282/34/84 279/34/84 283/34/84
f 284/34/81 288/34/81 287/34/81
f 284/34/82 285/34/82 289/34/82
f 286/34/83 290/34/83 289/34/83
f 283/34/84 287/34/84 290/34/84
f 287/34/81 288/34/81 292/34/81
f 288/34/82 289/34/82 293/34/82
f 290/34/83 294/34/83 293/34/83
f 287/34/84 291/34/84 294/34/84
f 292/34/81 296/34/81 295/34/81
f 292/34/82 293/34/82 297/34/82
f 294/34/83 298/34/83 297/34/83
f 294/34/84 291/34/84 295/34/84
f 296/34/81 300/34/81 299/34/81
f 297/34/82 301/34/82 300/34/82
f 297/34/83 298/34/83 302/34/83
f 295/34/84 299/34/84 302/34/84
f 300/34/81 304/34/81 303/34/81
f 300/34/82 301/34/82 305/34/82
f 301/34/83 302/34/83 306/34/83
f 299/34/84 303/34/84 306/34/84
f 304/34/81 308/34/81 307/34/81
f 305/34/82 309/34/82 308/34/82
f 306/34/83 310/34/83 309/34/83
f 306/34/84 303/34/84 307/34/84
f 307/34/81 308/34/81 312/34/81
f 309/34/82 313/34/82 312/34/82
f 310/34/83 314/34/83 313/34/83
f 310/34/84 307/34/84 311/34/84
f 312/34/81 316/34/81 315/34/81
f 313/34/82 317/34/82 316/34/82
f 314/34/83 318/34/83 317/34/83
f 311/34/84 315/34/84 318/34/84
f 316/34/81 320/34/81 319/34/81
f 316/34/82 317/34/82 321/34/82
f 317/34/83 318/34/83 322/34/83
f 315/34/84 319/34/84 322/34/84
f 320/34/81 324/34/81 323/34/81
f 321/34/82 325/34/82 324/34/82
f 321/34/83 322/34/83 326/34/83
f 319/34/84 323/34/84 326/34/84
f 323/34/81 324/34/81 328/34/81
f 324/34/82 325/34/82 329/34/82
f 326/34/83 330/34/83 329/34/83
f 323/34/84 327/34/84 330/34/84
f 328/34/81 332/34/81 331/34/81
f 328/34/82 329/34/82 333/34/82
f 329/34/83 330/34/83 334/34/83
f 327/34/84 331/34/84 334/34/84
f 332/34/81 336/34/81 335/34/81
f 332/34/82 333/34/82 337/34/82
f 333/34/83 334/34/83 338/34/83
f 331/34/84 335/34/84 338/34/84
f 336/34/81 340/34/81 339/34/81
f 336/34/82 337/34/82 341/34/82
f 338/34/83 342/34/83 341/34/83
f 338/34/84 335/34/84 339/34/84
f 340/34/81 344/34/81 343/34/81
f 340/34/82 341/34/82 345/34/82
f 341/34/83 342/34/83 346/34/83
f 339/34/84 343/34/84 346/34/84
f 344/34/81 348/34/81 347/34/81
f 344/34/82 345/34/82 349/34/82
f 345/34/83 346/34/83 350/34/83
f 343/34/84 347/34/84 350/34/84
f 347/34/81 348/34/81 352/34/81
f 348/34/82 349/34/82 353/34/82
f 349/34/83 350/34/83 354/34/83
f 347/34/84 351/34/84 354/34/84
f 352/34/297 183/34/297 184/34/297
f 353/34/298 186/34/298 183/34/298
f 353/34/299 354/34/299 185/34/299
f 354/34/300 351/34/300 184/34/300
f 356/34/89 360/34/89 359/34/89
f 357/34/90 361/34/90 360/34/90
f 357/34/91 358/34/91 362/34/91
f 355/34/92 359/34/92 362/34/92
f 360/34/89 364/34/89 363/34/89
f 361/34/90 365/34/90 364/34/90
f 362/34/91 366/34/91 365/34/91
f 359/34/92 363/34/92 366/34/92
f 364/34/89 368/34/89 367/34/89
f 364/34/90 365/34/90 369/34/90
f 366/34/91 370/34/91 369/34/91
f 366/34/92 363/34/92 367/34/92
f 368/34/89 372/34/89 371/34/89
f 368/34/90 369/34/90 373/34/90
f 369/34/91 370/34/91 374/34/91
f 367/34/92 371/34/92 374/34/92
f 372/34/89 376/34/89 375/34/89
f 372/34/90 373/34/90 377/34/90
f 373/34/91 374/34/91 378/34/91
f 371/34/92 375/34/92 378/34/92
f 376/34/89 380/34/89 379/34/89
f 376/34/90 377/34/90 381/34/90
f 378/34/91 382/34/91 381/34/91
f 375/34/92 379/34/92 382/34/92
f 379/34/89 380/34/89 384/34/89
f 380/34/90 381/34/90 385/34/90
f 382/34/91 386/34/91 385/34/91
f 379/34/92 383/34/92 386/34/92
f 383/34/89 384/34/89 388/34/89
f 384/34/90 385/34/90 389/34/90
f 386/34/91 390/34/91 389/34/91
f 383/34/92 387/34/92 390/34/92
f 387/34/89 388/34/89 392/34/89
f 388/34/90 389/34/90 393/34/90
f 390/34/91 394/34/91 393/34/91
f 387/34/92 391/34/92 394/34/92
f 391/34/89 392/34/89 396/34/89
f 393/34/90 397/34/90 396/34/90
f 394/34/91 398/34/91 397/34/91
f 391/34/92 395/34/92 398/34/92
f 396/34/89 400/34/89 399/34/89
f 396/34/90 397/34/90 401/34/90
f 397/34/91 398/34/91 402/34/91
f 395/34/92 399/34/92 402/34/92
f 400/34/89 404/34/89 403/34/89
f 400/34/90 401/34/90 405/34/90
f 401/34/91 402/34/91 406/34/91
f 399/34/92 403/34/92 406/34/92
f 403/34/89 404/34/89 408/34/89
f 405/34/90 409/34/90 408/34/90
f 406/34/91 410/34/91 409/34/91
f 403/34/92 407/34/92 410/34/92
f 407/34/89 408/34/89 412/34/89
f 408/34/90 409/34/90 413/34/90
f 410/34/91 414/34/91 413/34/91
f 410/34/92 407/34/92 411/34/92
f 411/34/89 412/34/89 416/34/89
f 412/34/90 413/34/90 417/34/90
f 414/34/91 418/34/91 417/34/91
f 414/34/92 411/34/92 415/34/92
f 415/34/89 416/34/89 420/34/89
f 417/34/90 421/34/90 420/34/90
f 418/34/91 422/34/91 421/34/91
f 418/34/92 415/34/92 419/34/92
f 419/34/89 420/34/89 424/34/89
f 421/34/90 425/34/90 424/34/90
f 422/34/91 426/34/91 425/34/91
f 422/34/92 419/34/92 423/34/92
f 423/34/89 424/34/89 428/34/89
f 424/34/90 425/34/90 429/34/90
f 426/34/91 430/34/91 429/34/91
f 426/34/92 423/34/92 427/34/92
f 427/34/89 428/34/89 432/34/89
f 429/34/90 433/34/90 432/34/90
f 430/34/91 434/34/91 433/34/91
f 427/34/92 431/34/92 434/34/92
f 431/34/89 432/34/89 436/34/89
f 433/34/90 437/34/90 436/34/90
f 434/34/91 438/34/91 437/34/91
f 431/34/92 435/34/92 438/34/92
f 436/34/301 183/34/301 184/34/301
f 436/34/302 437/34/302 186/34/302
f 437/34/303 438/34/303 185/34/303
f 435/34/304 184/34/304 185/34/304
f 439/34/97 440/34/97 444/34/97
f 441/34/98 445/34/98 444/34/98
f 442/34/99 446/34/99 445/34/99
f 442/34/100 439/34/100 443/34/100
f 443/34/97 444/34/97 448/34/97
f 445/34/98 449/34/98 448/34/98
f 445/34/99 446/34/99 450/34/99
f 446/34/100 443/34/100 447/34/100
f 447/34/97 448/34/97 452/34/97
f 449/34/98 453/34/98 452/34/98
f 449/34/99 450/34/99 454/34/99
f 447/34/100 451/34/100 454/34/100
f 452/34/97 456/34/97 455/34/97
f 452/34/98 453/34/98 457/34/98
f 454/34/99 458/34/99 457/34/99
f 451/34/100 455/34/100 458/34/100
f 455/34/97 456/34/97 460/34/97
f 456/34/98 457/34/98 461/34/98
f 457/34/99 458/34/99 462/34/99
f 455/34/100 459/34/100 462/34/100
f 459/34/97 460/34/97 464/34/97
f 461/34/98 465/34/98 464/34/98
f 462/34/99 466/34/99 465/34/99
f 462/34/100 459/34/100 463/34/100
f 463/34/97 464/34/97 468/34/97
f 465/34/98 469/34/98 468/34/98
f 466/34/99 470/34/99 469/34/99
f 463/34/100 467/34/100 470/34/100
f 468/34/97 472/34/97 471/34/97
f 468/34/98 469/34/98 473/34/98
f 470/34/99 474/34/99 473/34/99
f 467/34/100 471/34/100 474/34/100
f 472/34/97 476/34/97 475/34/97
f 473/34/98 477/34/98 476/34/98
f 474/34/99 478/34/99 477/34/99
f 474/34/100 471/34/100 475/34/100
f 476/34/97 480/34/97 479/34/97
f 476/34/98 477/34/98 481/34/98
f 478/34/99 482/34/99 481/34/99
f 475/34/100 479/34/100 482/34/100
f 480/34/97 484/34/97 483/34/97
f 480/34/98 481/34/98 485/34/98
f 482/34/99 486/34/99 485/34/99
f 482/34/100 479/34/100 483/34/100
f 484/34/97 488/34/97 487/34/97
f 485/34/98 489/34/98 488/34/98
f 486/34/99 490/34/99 489/34/99
f 486/34/100 483/34/100 487/34/100
f 488/34/97 492/34/97 491/34/97
f 489/34/98 493/34/98 492/34/98
f 489/34/99 490/34/99 494/34/99
f 490/34/100 487/34/100 491/34/100
f 492/34/97 496/34/97 495/34/97
f 493/34/98 497/34/98 496/34/98
f 494/34/99 498/34/99 497/34/99
f 494/34/100 491/34/100 495/34/100
f 495/34/97 496/34/97 500/34/97
f 497/34/98 501/34/98 500/34/98
f 498/34/99 502/34/99 501/34/99
f 498/34/100 495/34/100 499/34/100
f 500/34/97 504/34/97 503/34/97
f 501/34/98 505/34/98 504/34/98
f 502/34/99 506/34/99 505/34/99
f 502/34/100 499/34/100 503/34/100
f 503/34/97 504/34/97 508/34/97
f 505/34/98 509/34/98 508/34/98
f 506/34/99 510/34/99 509/34/99
f 506/34/100 503/34/100 507/34/100
f 508/34/97 512/34/97 511/34/97
f 509/34/98 513/34/98 512/34/98
f 510/34/99 514/34/99 513/34/99
f 510/34/100 507/34/100 511/34/100
f 511/34/97 512/34/97 516/34/97
f 513/34/98 517/34/98 516/34/98
f 514/34/99 518/34/99 517/34/99
f 514/34/100 511/34/100 515/34/100
f 515/34/97 516/34/97 520/34/97
f 517/34/98 521/34/98 520/34/98
f 518/34/99 522/34/99 521/34/99
f 518/34/100 515/34/100 519/34/100
f 520/34/305 183/34/305 184/34/305
f 520/34/306 521/34/306 186/34/306
f 521/34/307 522/34/307 185/34/307
f 519/34/308 184/34/308 185/34/308
f 523/34/105 524/34/105 528/34/105
f 525/34/106 529/34/106 528/34/106
f 526/34/107 530/34/107 529/34/107
f 526/34/108 523/34/108 527/34/108
f 528/34/105 532/34/105 531/34/105
f 529/34/106 533/34/106 532/34/106
f 530/34/107 534/34/107 533/34/107
f 530/34/108 527/34/108 531/34/108
f 532/34/105 536/34/105 535/34/105
f 532/34/106 533/34/106 537/34/106
f 533/34/107 534/34/107 538/34/107
f 534/34/108 531/34/108 535/34/108
f 536/34/105 540/34/105 539/34/105
f 536/34/106 537/34/106 541/34/106
f 538/34/107 542/34/107 541/34/107
f 538/34/108 535/34/108 539/34/108
f 539/34/105 540/34/105 544/34/105
f 540/34/106 541/34/106 545/34/106
f 542/34/107 546/34/107 545/34/107
f 539/34/108 543/34/108 546/34/108
f 543/34/105 544/34/105 548/34/105
f 544/34/106 545/34/106 549/34/106
f 546/34/107 550/34/107 549/34/107
f 543/34/108 547/34/108 550/34/108
f 547/34/105 548/34/105 552/34/105
f 548/34/106 549/34/106 553/34/106
f 550/34/107 554/34/107 553/34/107
f 547/34/108 551/34/108 554/34/108
f 551/34/105 552/34/105 556/34/105
f 553/34/106 557/34/106 556/34/106
f 554/34/107 558/34/107 557/34/107
f 551/34/108 555/34/108 558/34/108
f 555/34/105 556/34/105 560/34/105
f 556/34/106 557/34/106 561/34/106
f 558/34/107 562/34/107 561/34/107
f 555/34/108 559/34/108 562/34/108
f 560/34/105 564/34/105 563/34/105
f 560/34/106 561/34/106 565/34/106
f 562/34/107 566/34/107 565/34/107
f 559/34/108 563/34/108 566/34/108
f 564/34/105 568/34/105 567/34/105
f 565/34/106 569/34/106 568/34/106
f 565/34/107 566/34/107 570/34/107
f 563/34/108 567/34/108 570/34/108
f 567/34/105 568/34/105 572/34/105
f 568/34/106 569/34/106 573/34/106
f 570/34/107 574/34/107 573/34/107
f 570/34/108 567/34/108 571/34/108
f 572/34/105 576/34/105 575/34/105
f 573/34/106 577/34/106 576/34/106
f 574/34/107 578/34/107 577/34/107
f 571/34/108 575/34/108 578/34/108
f 575/34/105 576/34/105 580/34/105
f 577/34/106 581/34/106 580/34/106
f 578/34/107 582/34/107 581/34/107
f 578/34/108 575/34/108 579/34/108
f 579/34/105 580/34/105 584/34/105
f 581/34/106 585/34/106 584/34/106
f 581/34/107 582/34/107 586/34/107
f 579/34/108 583/34/108 586/34/108
f 583/34/105 584/34/105 588/34/105
f 585/34/106 589/34/106 588/34/106
f 586/34/107 590/34/107 589/34/107
f 583/34/108 587/34/108 590/34/108
f 587/34/105 588/34/105 592/34/105
f 588/34/106 589/34/106 593/34/106
f 590/34/107 594/34/107 593/34/107
f 590/34/108 587/34/108 591/34/108
f 591/34/105 592/34/105 596/34/105
f 592/34/106 593/34/106 597/34/106
f 594/34/107 598/34/107 597/34/107
f 591/34/108 595/34/108 598/34/108
f 595/34/105 596/34/105 600/34/105
f 596/34/106 597/34/106 601/34/106
f 598/34/107 602/34/107 601/34/107
f 595/34/108 599/34/108 602/34/108
f 599/34/105 600/34/105 604/34/105
f 600/34/106 601/34/106 605/34/106
f 602/34/107 606/34/107 605/34/107
f 599/34/108 603/34/108 606/34/108
f 604/34/309 183/34/309 184/34/309
f 604/34/310 605/34/310 186/34/310
f 605/34/311 606/34/311 185/34/311
f 603/34/312 184/34/312 185/34/312
f 607/34/113 608/34/113 612/34/113
f 608/34/114 609/34/114 613/34/114
f 610/34/115 614/34/115 613/34/115
f 610/34/116 607/34/116 611/34/116
f 612/34/113 616/34/113 615/34/113
f 612/34/114 613/34/114 617/34/114
f 614/34/115 618/34/115 617/34/115
f 614/34/116 611/34/116 615/34/116
f 615/34/113 616/34/113 620/34/113
f 616/34/114 617/34/114 621/34/114
f 618/34/115 622/34/115 621/34/115
f 615/34/116 619/34/116 622/34/116
f 620/34/113 624/34/113 623/34/113
f 621/34/114 625/34/114 624/34/114
f 621/34/115 622/34/115 626/34/115
f 619/34/116 623/34/116 626/34/116
f 624/34/113 628/34/113 627/34/113
f 624/34/114 625/34/114 629/34/114
f 625/34/115 626/34/115 630/34/115
f 626/34/116 623/34/116 627/34/116
f 628/34/113 632/34/113 631/34/113
f 628/34/114 629/34/114 633/34/114
f 629/34/115 630/34/115 634/34/115
f 627/34/116 631/34/116 634/34/116
f 632/34/113 636/34/113 635/34/113
f 633/34/114 637/34/114 636/34/114
f 633/34/115 634/34/115 638/34/115
f 631/34/116 635/34/116 638/34/116
f 636/34/113 640/34/113 639/34/113
f 636/34/114 637/34/114 641/34/114
f 637/34/115 638/34/115 642/34/115
f 635/34/116 639/34/116 642/34/116
f 640/34/113 644/34/113 643/34/113
f 640/34/114 641/34/114 645/34/114
f 642/34/115 646/34/115 645/34/115
f 639/34/116 643/34/116 646/34/116
f 644/34/113 648/34/113 647/34/113
f 644/34/114 645/34/114 649/34/114
f 646/34/115 650/34/115 649/34/115
f 646/34/116 643/34/116 647/34/116
f 648/34/113 652/34/113 651/34/113
f 648/34/114 649/34/114 653/34/114
f 650/34/115 654/34/115 653/34/115
f 647/34/116 651/34/116 654/34/116
f 651/34/113 652/34/113 656/34/113
f 652/34/114 653/34/114 657/34/114
f 654/34/115 658/34/115 657/34/115
f 651/34/116 655/34/116 658/34/116
f 655/34/113 656/34/113 660/34/113
f 656/34/114 657/34/114 661/34/114
f 658/34/115 662/34/115 661/34/115
f 655/34/116 659/34/116 662/34/116
f 659/34/113 660/34/113 664/34/113
f 660/34/114 661/34/114 665/34/114
f 662/34/115 666/34/115 665/34/115
f 659/34/116 663/34/116 666/34/116
f 663/34/113 664/34/113 668/34/113
f 664/34/114 665/34/114 669/34/114
f 666/34/115 670/34/115 669/34/115
f 663/34/116 667/34/116 670/34/116
f 667/34/113 668/34/113 672/34/113
f 668/34/114 669/34/114 673/34/114
f 670/34/115 674/34/115 673/34/115
f 667/34/116 671/34/116 674/34/116
f 671/34/113 672/34/113 676/34/113
f 672/34/114 673/34/114 677/34/114
f 674/34/115 678/34/115 677/34/115
f 671/34/116 675/34/116 678/34/116
f 675/34/113 676/34/113 680/34/113
f 676/34/114 677/34/114 681/34/114
f 678/34/115 682/34/115 681/34/115
f 675/34/116 679/34/116 682/34/116
f 679/34/113 680/34/113 684/34/113
f 680/34/114 681/34/114 685/34/114
f 682/34/115 686/34/115 685/34/115
f 679/34/116 683/34/116 686/34/116
f 683/34/113 684/34/113 688/34/113
f 684/34/114 685/34/114 689/34/114
f 686/34/115 690/34/115 689/34/115
f 683/34/116 687/34/116 690/34/116
f 688/34/313 183/34/313 184/34/313
f 688/34/314 689/34/314 186/34/314
f 689/34/315 690/34/315 185/34/315
f 687/34/316 184/34/316 185/34/316
f 692/34/121 696/34/121 695/34/121
f 693/34/122 697/34/122 696/34/122
f 693/34/123 694/34/123 698/34/123
f 691/34/124 695/34/124 698/34/124
f 696/34/121 700/34/121 699/34/121
f 696/34/122 697/34/122 701/34/122
f 697/34/123 698/34/123 702/34/123
f 695/34/124 699/34/124 702/34/124
f 699/34/121 700/34/121 704/34/121
f 701/34/122 705/34/122 704/34/122
f 702/34/123 706/34/123 705/34/123
f 699/34/124 703/34/124 706/34/124
f 704/34/121 708/34/121 707/34/121
f 705/34/122 709/34/122 708/34/122
f 706/34/123 710/34/123 709/34/123
f 706/34/124 703/34/124 707/34/124
f 708/34/121 712/34/121 711/34/121
f 709/34/122 713/34/122 712/34/122
f 709/34/123 710/34/123 714/34/123
f 710/34/124 707/34/124 711/34/124
f 712/34/121 716/34/121 715/34/121
f 713/34/122 717/34/122 716/34/122
f 713/34/123 714/34/123 718/34/123
f 714/34/124 711/34/124 715/34/124
f 716/34/121 720/34/121 719/34/121
f 717/34/122 721/34/122 720/34/122
f 717/34/123 718/34/123 722/34/123
f 715/34/124 719/34/124 722/34/124
f 720/34/121 724/34/121 723/34/121
f 720/34/122 721/34/122 725/34/122
f 721/34/123 722/34/123 726/34/123
f 722/34/124 719/34/124 723/34/124
f 724/34/121 728/34/121 727/34/121
f 724/34/122 725/34/122 729/34/122
f 725/34/123 726/34/123 730/34/123
f 723/34/124 727/34/124 730/34/124
f 728/34/121 732/34/121 731/34/121
f 729/34/122 733/34/122 732/34/122
f 729/34/123 730/34/123 734/34/123
f 730/34/124 727/34/124 731/34/124
f 732/34/121 736/34/121 735/34/121
f 733/34/122 737/34/122 736/34/122
f 733/34/123 734/34/123 738/34/123
f 734/34/124 731/34/124 735/34/124
f 736/34/121 740/34/121 739/34/121
f 737/34/122 741/34/122 740/34/122
f 737/34/123 738/34/123 742/34/123
f 738/34/124 735/34/124 739/34/124
f 740/34/121 744/34/121 743/34/121
f 741/34/122 745/34/122 744/34/122
f 741/34/123 742/34/123 746/34/123
f 742/34/124 739/34/124 743/34/124
f 744/34/121 748/34/121 747/34/121
f 745/34/122 749/34/122 748/34/122
f 745/34/123 746/34/123 750/34/123
f 746/34/124 743/34/124 747/34/124
f 748/34/121 752/34/121 751/34/121
f 749/34/122 753/34/122 752/34/122
f 749/34/123 750/34/123 754/34/123
f 750/34/124 747/34/124 751/34/124
f 752/34/121 756/34/121 755/34/121
f 753/34/122 757/34/122 756/34/122
f 753/34/123 754/34/123 758/34/123
f 754/34/124 751/34/124 755/34/124
f 756/34/121 760/34/121 759/34/121
f 757/34/122 761/34/122 760/34/122
f 757/34/123 758/34/123 762/34/123
f 758/34/124 755/34/124 759/34/124
f 760/34/121 764/34/121 763/34/121
f 761/34/122 765/34/122 764/34/122
f 761/34/123 762/34/123 766/34/123
f 762/34/124 759/34/124 763/34/124
f 764/34/121 768/34/121 767/34/121
f 765/34/122 769/34/122 768/34/122
f 765/34/123 766/34/123 770/34/123
f 766/34/124 763/34/124 767/34/124
f 768/34/121 772/34/121 771/34/121
f 769/34/122 773/34/122 772/34/122
f 769/34/123 770/34/123 774/34/123
f 770/34/124 767/34/124 771/34/124
f 772/34/317 183/34/317 184/34/317
f 772/34/318 773/34/318 186/34/318
f 773/34/319 774/34/319 185/34/319
f 771/34/320 184/34/320 185/34/320
f 775/34/129 776/34/129 780/34/129
f 777/34/130 781/34/130 780/34/130
f 778/34/131 782/34/131 781/34/131
f 775/34/132 779/34/132 782/34/132
f 780/34/129 784/34/129 783/34/129
f 780/34/130 781/34/130 785/34/130
f 782/34/131 786/34/131 785/34/131
f 779/34/132 783/34/132 786/34/132
f 783/34/129 784/34/129 788/34/129
f 784/34/130 785/34/130 789/34/130
f 786/34/131 790/34/131 789/34/131
f 783/34/132 787/34/132 790/34/132
f 788/34/129 792/34/129 791/34/129
f 788/34/130 789/34/130 793/34/130
f 789/34/131 790/34/131 794/34/131
f 787/34/132 791/34/132 794/34/132
f 792/34/129 796/34/129 795/34/129
f 793/34/130 797/34/130 796/34/130
f 793/34/131 794/34/131 798/34/131
f 791/34/132 795/34/132 798/34/132
f 796/34/129 800/34/129 799/34/129
f 796/34/130 797/34/130 801/34/130
f 797/34/131 798/34/131 802/34/131
f 795/34/132 799/34/132 802/34/132
f 800/34/129 804/34/129 803/34/129
f 800/34/130 801/34/130 805/34/130
f 801/34/131 802/34/131 806/34/131
f 799/34/132 803/34/132 806/34/132
f 804/34/129 808/34/129 807/34/129
f 804/34/130 805/34/130 809/34/130
f 805/34/131 806/34/131 810/34/131
f 803/34/132 807/34/132 810/34/132
f 808/34/129 812/34/129 811/34/129
f 808/34/130 809/34/130 813/34/130
f 809/34/131 810/34/131 814/34/131
f 807/34/132 811/34/132 814/34/132
f 811/34/129 812/34/129 816/34/129
f 812/34/130 813/34/130 817/34/130
f 814/34/131 818/34/131 817/34/131
f 811/34/132 815/34/132 818/34/132
f 815/34/129 816/34/129 820/34/129
f 816/34/130 817/34/130 821/34/130
f 818/34/131 822/34/131 821/34/131
f 815/34/132 819/34/132 822/34/132
f 819/34/129 820/34/129 824/34/129
f 820/34/130 821/34/130 825/34/130
f 822/34/131 826/34/131 825/34/131
f 819/34/132 823/34/132 826/34/132
f 823/34/129 824/34/129 828/34/129
f 824/34/130 825/34/130 829/34/130
f 826/34/131 830/34/131 829/34/131
f 823/34/132 827/34/132 830/34/132
f 827/34/129 828/34/129 832/34/129
f 828/34/130 829/34/130 833/34/130
f 830/34/131 834/34/131 833/34/131
f 827/34/132 831/34/132 834/34/132
f 831/34/129 832/34/129 836/34/129
f 832/34/130 833/34/130 837/34/130
f 834/34/131 838/34/131 837/34/131
f 831/34/132 835/34/132 838/34/132
f 836/34/129 840/34/129 839/34/129
f 836/34/130 837/34/130 841/34/130
f 837/34/131 838/34/131 842/34/131
f 835/34/132 839/34/132 842/34/132
f 839/34/129 840/34/129 844/34/129
f 840/34/130 841/34/130 845/34/130
f 842/34/131 846/34/131 845/34/131
f 839/34/132 843/34/132 846/34/132
f 843/34/129 844/34/129 848/34/129
f 844/34/130 845/34/130 849/34/130
f 846/34/131 850/34/131 849/34/131
f 843/34/132 847/34/132 850/34/132
f 847/34/129 848/34/129 852/34/129
f 848/34/130 849/34/130 853/34/130
f 850/34/131 854/34/131 853/34/131
f 847/34/132 851/34/132 854/34/132
f 851/34/129 852/34/129 856/34/129
f 852/34/130 853/34/130 857/34/130
f 854/34/131 858/34/131 857/34/131
f 851/34/132 855/34/132 858/34/132
f 856/34/321 183/34/321 184/34/321
f 856/34/322 857/34/322 186/34/322
f 857/34/323 858/34/323 185/34/323
f 855/34/324 184/34/324 185/34/324
f 859/34/137 860/34/137 864/34/137
f 861/34/122 865/34/122 864/34/122
f 862/34/138 866/34/138 865/34/138
f 862/34/124 859/34/124 863/34/124
f 863/34/137 864/34/137 868/34/137
f 865/34/122 869/34/122 868/34/122
f 865/34/138 866/34/138 870/34/138
f 863/34/124 867/34/124 870/34/124
f 867/34/137 868/34/137 872/34/137
f 869/34/122 873/34/122 872/34/122
f 870/34/138 874/34/138 873/34/138
f 870/34/124 867/34/124 871/34/124
f 872/34/137 876/34/137 875/34/137
f 873/34/122 877/34/122 876/34/122
f 873/34/138 874/34/138 878/34/138
f 874/34/124 871/34/124 875/34/124
f 876/34/137 880/34/137 879/34/137
f 877/34/122 881/34/122 880/34/122
f 877/34/138 878/34/138 882/34/138
f 878/34/124 875/34/124 879/34/124
f 880/34/137 884/34/137 883/34/137
f 881/34/122 885/34/122 884/34/122
f 881/34/138 882/34/138 886/34/138
f 879/34/124 883/34/124 886/34/124
f 884/34/137 888/34/137 887/34/137
f 885/34/122 889/34/122 888/34/122
f 885/34/138 886/34/138 890/34/138
f 883/34/124 887/34/124 890/34/124
f 888/34/137 892/34/137 891/34/137
f 889/34/122 893/34/122 892/34/122
f 889/34/138 890/34/138 894/34/138
f 890/34/124 887/34/124 891/34/124
f 892/34/137 896/34/137 895/34/137
f 893/34/122 897/34/122 896/34/122
f 893/34/138 894/34/138 898/34/138
f 894/34/124 891/34/124 895/34/124
f 896/34/137 900/34/137 899/34/137
f 896/34/122 897/34/122 901/34/122
f 897/34/138 898/34/138 902/34/138
f 898/34/124 895/34/124 899/34/124
f 900/34/137 904/34/137 903/34/137
f 900/34/122 901/34/122 905/34/122
f 901/34/138 902/34/138 906/34/138
f 899/34/124 903/34/124 906/34/124
f 904/34/137 908/34/137 907/34/137
f 904/34/122 905/34/122 909/34/122
f 905/34/138 906/34/138 910/34/138
f 903/34/124 907/34/124 910/34/124
f 908/34/137 912/34/137 911/34/137
f 908/34/122 909/34/122 913/34/122
f 910/34/138 914/34/138 913/34/138
f 907/34/124 911/34/124 914/34/124
f 912/34/137 916/34/137 915/34/137
f 912/34/122 913/34/122 917/34/122
f 914/34/138 918/34/138 917/34/138
f 911/34/124 915/34/124 918/34/124
f 916/34/137 920/34/137 919/34/137
f 916/34/122 917/34/122 921/34/122
f 917/34/138 918/34/138 922/34/138
f 915/34/124 919/34/124 922/34/124
f 920/34/137 924/34/137 923/34/137
f 920/34/122 921/34/122 925/34/122
f 921/34/138 922/34/138 926/34/138
f 919/34/124 923/34/124 926/34/124
f 924/34/137 928/34/137 927/34/137
f 924/34/122 925/34/122 929/34/122
f 925/34/138 926/34/138 930/34/138
f 923/34/124 927/34/124 930/34/124
f 927/34/137 928/34/137 932/34/137
f 928/34/122 929/34/122 933/34/122
f 930/34/138 934/34/138 933/34/138
f 927/34/124 931/34/124 934/34/124
f 932/34/137 936/34/137 935/34/137
f 932/34/122 933/34/122 937/34/122
f 933/34/138 934/34/138 938/34/138
f 931/34/124 935/34/124 938/34/124
f 936/34/137 940/34/137 939/34/137
f 936/34/122 937/34/122 941/34/122
f 938/34/138 942/34/138 941/34/138
f 935/34/124 939/34/124 942/34/124
f 940/34/325 183/34/325 184/34/325
f 940/34/326 941/34/326 186/34/326
f 941/34/327 942/34/327 185/34/327
f 939/34/328 184/34/328 185/34/328
f 943/34/143 944/34/143 948/34/143
f 945/34/114 949/34/114 948/34/114
f 946/34/144 950/34/144 949/34/144
f 946/34/116 943/34/116 947/34/116
f 948/34/143 952/34/143 951/34/143
f 949/34/114 953/34/114 952/34/114
f 949/34/144 950/34/144 954/34/144
f 947/34/116 951/34/116 954/34/116
f 952/34/143 956/34/143 955/34/143
f 953/34/114 957/34/114 956/34/114
f 953/34/144 954/34/144 958/34/144
f 951/34/116 955/34/116 958/34/116
f 955/34/143 956/34/143 960/34/143
f 956/34/114 957/34/114 961/34/114
f 958/34/144 962/34/144 961/34/144
f 955/34/116 959/34/116 962/34/116
f 959/34/143 960/34/143 964/34/143
f 961/34/114 965/34/114 964/34/114
f 961/34/144 962/34/144 966/34/144
f 959/34/116 963/34/116 966/34/116
f 964/34/143 968/34/143 967/34/143
f 964/34/114 965/34/114 969/34/114
f 965/34/144 966/34/144 970/34/144
f 963/34/116 967/34/116 970/34/116
f 968/34/143 972/34/143 971/34/143
f 968/34/114 969/34/114 973/34/114
f 969/34/144 970/34/144 974/34/144
f 967/34/116 971/34/116 974/34/116
f 972/34/143 976/34/143 975/34/143
f 973/34/114 977/34/114 976/34/114
f 973/34/144 974/34/144 978/34/144
f 971/34/116 975/34/116 978/34/116
f 975/34/143 976/34/143 980/34/143
f 976/34/114 977/34/114 981/34/114
f 977/34/144 978/34/144 982/34/144
f 975/34/116 979/34/116 982/34/116
f 980/34/143 984/34/143 983/34/143
f 980/34/114 981/34/114 985/34/114
f 981/34/144 982/34/144 986/34/144
f 982/34/116 979/34/116 983/34/116
f 984/34/143 988/34/143 987/34/143
f 985/34/114 989/34/114 988/34/114
f 986/34/144 990/34/144 989/34/144
f 986/34/116 983/34/116 987/34/116
f 987/34/143 988/34/143 992/34/143
f 989/34/114 993/34/114 992/34/114
f 990/34/144 994/34/144 993/34/144
f 990/34/116 987/34/116 991/34/116
f 991/34/143 992/34/143 996/34/143
f 993/34/114 997/34/114 996/34/114
f 994/34/144 998/34/144 997/34/144
f 994/34/116 991/34/116 995/34/116
f 995/34/143 996/34/143 1000/34/143
f 997/34/114 1001/34/114 1000/34/114
f 998/34/144 1002/34/144 1001/34/144
f 998/34/116 995/34/116 999/34/116
f 999/34/143 1000/34/143 1004/34/143
f 1001/34/114 1005/34/114 1004/34/114
f 1002/34/144 1006/34/144 1005/34/144
f 1002/34/116 999/34/116 1003/34/116
f 1004/34/143 1008/34/143 1007/34/143
f 1005/34/114 1009/34/114 1008/34/114
f 1005/34/144 1006/34/144 1010/34/144
f 1006/34/116 1003/34/116 1007/34/116
f 1007/34/143 1008/34/143 1012/34/143
f 1009/34/114 1013/34/114 1012/34/114
f 1010/34/144 1014/34/144 1013/34/144
f 1010/34/116 1007/34/116 1011/34/116
f 1011/34/143 1012/34/143 1016/34/143
f 1013/34/114 1017/34/114 1016/34/114
f 1014/34/144 1018/34/144 1017/34/144
f 1014/34/116 1011/34/116 1015/34/116
f 1015/34/143 1016/34/143 1020/34/143
f 1017/34/114 1021/34/114 1020/34/114
f 1018/34/144 1022/34/144 1021/34/144
f 1018/34/116 1015/34/116 1019/34/116
f 1019/34/143 1020/34/143 1024/34/143
f 1021/34/114 1025/34/114 1024/34/114
f 1022/34/144 1026/34/144 1025/34/144
f 1022/34/116 1019/34/116 1023/34/116
f 1024/34/329 183/34/329 184/34/329
f 1024/34/330 1025/34/330 186/34/330
f 1025/34/331 1026/34/331 185/34/331
f 1023/34/332 184/34/332 185/34/332
f 1027/34/149 1028/34/149 1032/34/149
f 1028/34/106 1029/34/106 1033/34/106
f 1030/34/150 1034/34/150 1033/34/150
f 1027/34/108 1031/34/108 1034/34/108
f 1032/34/149 1036/34/149 1035/34/149
f 1032/34/106 1033/34/106 1037/34/106
f 1034/34/150 1038/34/150 1037/34/150
f 1034/34/108 1031/34/108 1035/34/108
f 1036/34/149 1040/34/149 1039/34/149
f 1037/34/106 1041/34/106 1040/34/106
f 1038/34/150 1042/34/150 1041/34/150
f 1038/34/108 1035/34/108 1039/34/108
f 1040/34/149 1044/34/149 1043/34/149
f 1041/34/106 1045/34/106 1044/34/106
f 1042/34/150 1046/34/150 1045/34/150
f 1042/34/108 1039/34/108 1043/34/108
f 1043/34/149 1044/34/149 1048/34/149
f 1044/34/106 1045/34/106 1049/34/106
f 1046/34/150 1050/34/150 1049/34/150
f 1046/34/108 1043/34/108 1047/34/108
f 1047/34/149 1048/34/149 1052/34/149
f 1048/34/106 1049/34/106 1053/34/106
f 1050/34/150 1054/34/150 1053/34/150
f 1047/34/108 1051/34/108 1054/34/108
f 1051/34/149 1052/34/149 1056/34/149
f 1052/34/106 1053/34/106 1057/34/106
f 1054/34/150 1058/34/150 1057/34/150
f 1054/34/108 1051/34/108 1055/34/108
f 1055/34/149 1056/34/149 1060/34/149
f 1057/34/106 1061/34/106 1060/34/106
f 1058/34/150 1062/34/150 1061/34/150
f 1058/34/108 1055/34/108 1059/34/108
f 1059/34/149 1060/34/149 1064/34/149
f 1061/34/106 1065/34/106 1064/34/106
f 1062/34/150 1066/34/150 1065/34/150
f 1062/34/108 1059/34/108 1063/34/108
f 1063/34/149 1064/34/149 1068/34/149
f 1064/34/106 1065/34/106 1069/34/106
f 1066/34/150 1070/34/150 1069/34/150
f 1066/34/108 1063/34/108 1067/34/108
f 1067/34/149 1068/34/149 1072/34/149
f 1069/34/106 1073/34/106 1072/34/106
f 1070/34/150 1074/34/150 1073/34/150
f 1070/34/108 1067/34/108 1071/34/108
f 1072/34/149 1076/34/149 1075/34/149
f 1073/34/106 1077/34/106 1076/34/106
f 1074/34/150 1078/34/150 1077/34/150
f 1071/34/108 1075/34/108 1078/34/108
f 1076/34/149 1080/34/149 1079/34/149
f 1077/34/106 1081/34/106 1080/34/106
f 1078/34/150 1082/34/150 1081/34/150
f 1078/34/108 1075/34/108 1079/34/108
f 1079/34/149 1080/34/149 1084/34/149
f 1081/34/106 1085/34/106 1084/34/106
f 1082/34/150 1086/34/150 1085/34/150
f 1082/34/108 1079/34/108 1083/34/108
f 1084/34/149 1088/34/149 1087/34/149
f 1085/34/106 1089/34/106 1088/34/106
f 1086/34/150 1090/34/150 1089/34/150
f 1086/34/108 1083/34/108 1087/34/108
f 1088/34/149 1092/34/149 1091/34/149
f 1088/34/106 1089/34/106 1093/34/106
f 1090/34/150 1094/34/150 1093/34/150
f 1090/34/108 1087/34/108 1091/34/108
f 1091/34/149 1092/34/149 1096/34/149
f 1093/34/106 1097/34/106 1096/34/106
f 1094/34/150 1098/34/150 1097/34/150
f 1091/34/108 1095/34/108 1098/34/108
f 1095/34/149 1096/34/149 1100/34/149
f 1097/34/106 1101/34/106 1100/34/106
f 1098/34/150 1102/34/150 1101/34/150
f 1098/34/108 1095/34/108 1099/34/108
f 1099/34/149 1100/34/149 1104/34/149
f 1101/34/106 1105/34/106 1104/34/106
f 1102/34/150 1106/34/150 1105/34/150
f 1102/34/108 1099/34/108 1103/34/108
f 1103/34/149 1104/34/149 1108/34/149
f 1105/34/106 1109/34/106 1108/34/106
f 1106/34/150 1110/34/150 1109/34/150
f 1106/34/108 1103/34/108 1107/34/108
f 1108/34/333 183/34/333 184/34/333
f 1108/34/334 1109/34/334 186/34/334
f 1109/34/335 1110/34/335 185/34/335
f 1107/34/336 184/34/336 185/34/336
f 1111/34/155 1112/34/155 1116/34/155
f 1112/34/98 1113/34/98 1117/34/98
f 1114/34/156 1118/34/156 1117/34/156
f 1111/34/100 1115/34/100 1118/34/100
f 1115/34/155 1116/34/155 1120/34/155
f 1117/34/98 1121/34/98 1120/34/98
f 1118/34/156 1122/34/156 1121/34/156
f 1115/34/100 1119/34/100 1122/34/100
f 1120/34/155 1124/34/155 1123/34/155
f 1121/34/98 1125/34/98 1124/34/98
f 1122/34/156 1126/34/156 1125/34/156
f 1122/34/100 1119/34/100 1123/34/100
f 1124/34/155 1128/34/155 1127/34/155
f 1124/34/98 1125/34/98 1129/34/98
f 1126/34/156 1130/34/156 1129/34/156
f 1123/34/100 1127/34/100 1130/34/100
f 1127/34/155 1128/34/155 1132/34/155
f 1128/34/98 1129/34/98 1133/34/98
f 1130/34/156 1134/34/156 1133/34/156
f 1127/34/100 1131/34/100 1134/34/100
f 1132/34/155 1136/34/155 1135/34/155
f 1133/34/98 1137/34/98 1136/34/98
f 1134/34/156 1138/34/156 1137/34/156
f 1131/34/100 1135/34/100 1138/34/100
f 1135/34/155 1136/34/155 1140/34/155
f 1137/34/98 1141/34/98 1140/34/98
f 1138/34/156 1142/34/156 1141/34/156
f 1135/34/100 1139/34/100 1142/34/100
f 1140/34/155 1144/34/155 1143/34/155
f 1141/34/98 1145/34/98 1144/34/98
f 1141/34/156 1142/34/156 1146/34/156
f 1139/34/100 1143/34/100 1146/34/100
f 1143/34/155 1144/34/155 1148/34/155
f 1145/34/98 1149/34/98 1148/34/98
f 1145/34/156 1146/34/156 1150/34/156
f 1143/34/100 1147/34/100 1150/34/100
f 1147/34/155 1148/34/155 1152/34/155
f 1149/34/98 1153/34/98 1152/34/98
f 1149/34/156 1150/34/156 1154/34/156
f 1147/34/100 1151/34/100 1154/34/100
f 1151/34/155 1152/34/155 1156/34/155
f 1152/34/98 1153/34/98 1157/34/98
f 1153/34/156 1154/34/156 1158/34/156
f 1151/34/100 1155/34/100 1158/34/100
f 1156/34/155 1160/34/155 1159/34/155
f 1157/34/98 1161/34/98 1160/34/98
f 1158/34/156 1162/34/156 1161/34/156
f 1155/34/100 1159/34/100 1162/34/100
f 1160/34/155 1164/34/155 1163/34/155
f 1160/34/98 1161/34/98 1165/34/98
f 1161/34/156 1162/34/156 1166/34/156
f 1159/34/100 1163/34/100 1166/34/100
f 1163/34/155 1164/34/155 1168/34/155
f 1164/34/98 1165/34/98 1169/34/98
f 1165/34/156 1166/34/156 1170/34/156
f 1163/34/100 1167/34/100 1170/34/100
f 1167/34/155 1168/34/155 1172/34/155
f 1169/34/98 1173/34/98 1172/34/98
f 1170/34/156 1174/34/156 1173/34/156
f 1167/34/100 1171/34/100 1174/34/100
f 1171/34/155 1172/34/155 1176/34/155
f 1173/34/98 1177/34/98 1176/34/98
f 1173/34/156 1174/34/156 1178/34/156
f 1171/34/100 1175/34/100 1178/34/100
f 1175/34/155 1176/34/155 1180/34/155
f 1176/34/98 1177/34/98 1181/34/98
f 1178/34/156 1182/34/156 1181/34/156
f 1175/34/100 1179/34/100 1182/34/100
f 1179/34/155 1180/34/155 1184/34/155
f 1180/34/98 1181/34/98 1185/34/98
f 1182/34/156 1186/34/156 1185/34/156
f 1179/34/100 1183/34/100 1186/34/100
f 1183/34/155 1184/34/155 1188/34/155
f 1184/34/98 1185/34/98 1189/34/98
f 1186/34/156 1190/34/156 1189/34/156
f 1183/34/100 1187/34/100 1190/34/100
f 1187/34/155 1188/34/155 1192/34/155
f 1188/34/98 1189/34/98 1193/34/98
f 1190/34/156 1194/34/156 1193/34/156
f 1187/34/100 1191/34/100 1194/34/100
f 1192/34/337 183/34/337 184/34/337
f 1192/34/338 1193/34/338 186/34/338
f 1193/34/339 1194/34/339 185/34/339
f 1191/34/340 184/34/340 185/34/340
f 1196/34/161 1200/34/161 1199/34/161
f 1196/34/90 1197/34/90 1201/34/90
f 1198/34/162 1202/34/162 1201/34/162
f 1195/34/92 1199/34/92 1202/34/92
f 1199/34/161 1200/34/161 1204/34/161
f 1201/34/90 1205/34/90 1204/34/90
f 1202/34/162 1206/34/162 1205/34/162
f 1202/34/92 1199/34/92 1203/34/92
f 1204/34/161 1208/34/161 1207/34/161
f 1205/34/90 1209/34/90 1208/34/90
f 1206/34/162 1210/34/162 1209/34/162
f 1206/34/92 1203/34/92 1207/34/92
f 1208/34/161 1212/34/161 1211/34/161
f 1208/34/90 1209/34/90 1213/34/90
f 1210/34/162 1214/34/162 1213/34/162
f 1210/34/92 1207/34/92 1211/34/92
f 1212/34/161 1216/34/161 1215/34/161
f 1213/34/90 1217/34/90 1216/34/90
f 1214/34/162 1218/34/162 1217/34/162
f 1214/34/92 1211/34/92 1215/34/92
f 1215/34/161 1216/34/161 1220/34/161
f 1217/34/90 1221/34/90 1220/34/90
f 1218/34/162 1222/34/162 1221/34/162
f 1218/34/92 1215/34/92 1219/34/92
f 1219/34/161 1220/34/161 1224/34/161
f 1220/34/90 1221/34/90 1225/34/90
f 1222/34/162 1226/34/162 1225/34/162
f 1222/34/92 1219/34/92 1223/34/92
f 1223/34/161 1224/34/161 1228/34/161
f 1225/34/90 1229/34/90 1228/34/90
f 1226/34/162 1230/34/162 1229/34/162
f 1226/34/92 1223/34/92 1227/34/92
f 1227/34/161 1228/34/161 1232/34/161
f 1229/34/90 1233/34/90 1232/34/90
f 1230/34/162 1234/34/162 1233/34/162
f 1230/34/92 1227/34/92 1231/34/92
f 1231/34/161 1232/34/161 1236/34/161
f 1233/34/90 1237/34/90 1236/34/90
f 1234/34/162 1238/34/162 1237/34/162
f 1234/34/92 1231/34/92 1235/34/92
f 1236/34/161 1240/34/161 1239/34/161
f 1237/34/90 1241/34/90 1240/34/90
f 1237/34/162 1238/34/162 1242/34/162
f 1238/34/92 1235/34/92 1239/34/92
f 1240/34/161 1244/34/161 1243/34/161
f 1241/34/90 1245/34/90 1244/34/90
f 1241/34/162 1242/34/162 1246/34/162
f 1239/34/92 1243/34/92 1246/34/92
f 1243/34/161 1244/34/161 1248/34/161
f 1245/34/90 1249/34/90 1248/34/90
f 1246/34/162 1250/34/162 1249/34/162
f 1243/34/92 1247/34/92 1250/34/92
f 1247/34/161 1248/34/161 1252/34/161
f 1249/34/90 1253/34/90 1252/34/90
f 1250/34/162 1254/34/162 1253/34/162
f 1247/34/92 1251/34/92 1254/34/92
f 1251/34/161 1252/34/161 1256/34/161
f 1252/34/90 1253/34/90 1257/34/90
f 1254/34/162 1258/34/162 1257/34/162
f 1251/34/92 1255/34/92 1258/34/92
f 1255/34/161 1256/34/161 1260/34/161
f 1256/34/90 1257/34/90 1261/34/90
f 1258/34/162 1262/34/162 1261/34/162
f 1255/34/92 1259/34/92 1262/34/92
f 1259/34/161 1260/34/161 1264/34/161
f 1261/34/90 1265/34/90 1264/34/90
f 1262/34/162 1266/34/162 1265/34/162
f 1259/34/92 1263/34/92 1266/34/92
f 1263/34/161 1264/34/161 1268/34/161
f 1265/34/90 1269/34/90 1268/34/90
f 1266/34/162 1270/34/162 1269/34/162
f 1263/34/92 1267/34/92 1270/34/92
f 1267/34/161 1268/34/161 1272/34/161
f 1268/34/90 1269/34/90 1273/34/90
f 1270/34/162 1274/34/162 1273/34/162
f 1270/34/92 1267/34/92 1271/34/92
f 1271/34/161 1272/34/161 1276/34/161
f 1272/34/90 1273/34/90 1277/34/90
f 1274/34/162 1278/34/162 1277/34/162
f 1271/34/92 1275/34/92 1278/34/92
f 1276/34/341 183/34/341 184/34/341
f 1276/34/342 1277/34/342 186/34/342
f 1277/34/343 1278/34/343 185/34/343
f 1275/34/344 184/34/344 185/34/344
f 1280/34/167 1284/34/167 1283/34/167
f 1280/34/82 1281/34/82 1285/34/82
f 1282/34/168 1286/34/168 1285/34/168
f 1279/34/84 1283/34/84 1286/34/84
f 1284/34/167 1288/34/167 1287/34/167
f 1284/34/82 1285/34/82 1289/34/82
f 1286/34/168 1290/34/168 1289/34/168
f 1286/34/84 1283/34/84 1287/34/84
f 1287/34/167 1288/34/167 1292/34/167
f 1289/34/82 1293/34/82 1292/34/82
f 1289/34/168 1290/34/168 1294/34/168
f 1290/34/84 1287/34/84 1291/34/84
f 1292/34/167 1296/34/167 1295/34/167
f 1293/34/82 1297/34/82 1296/34/82
f 1293/34/168 1294/34/168 1298/34/168
f 1294/34/84 1291/34/84 1295/34/84
f 1295/34/167 1296/34/167 1300/34/167
f 1297/34/82 1301/34/82 1300/34/82
f 1298/34/168 1302/34/168 1301/34/168
f 1298/34/84 1295/34/84 1299/34/84
f 1299/34/167 1300/34/167 1304/34/167
f 1300/34/82 1301/34/82 1305/34/82
f 1301/34/168 1302/34/168 1306/34/168
f 1299/34/84 1303/34/84 1306/34/84
f 1304/34/167 1308/34/167 1307/34/167
f 1304/34/82 1305/34/82 1309/34/82
f 1306/34/168 1310/34/168 1309/34/168
f 1303/34/84 1307/34/84 1310/34/84
f 1308/34/167 1312/34/167 1311/34/167
f 1308/34/82 1309/34/82 1313/34/82
f 1310/34/168 1314/34/168 1313/34/168
f 1307/34/84 1311/34/84 1314/34/84
f 1311/34/167 1312/34/167 1316/34/167
f 1312/34/82 1313/34/82 1317/34/82
f 1314/34/168 1318/34/168 1317/34/168
f 1311/34/84 1315/34/84 1318/34/84
f 1316/34/167 1320/34/167 1319/34/167
f 1316/34/82 1317/34/82 1321/34/82
f 1317/34/168 1318/34/168 1322/34/168
f 1315/34/84 1319/34/84 1322/34/84
f 1319/34/167 1320/34/167 1324/34/167
f 1321/34/82 1325/34/82 1324/34/82
f 1322/34/168 1326/34/168 1325/34/168
f 1319/34/84 1323/34/84 1326/34/84
f 1323/34/167 1324/34/167 1328/34/167
f 1325/34/82 1329/34/82 1328/34/82
f 1326/34/168 1330/34/168 1329/34/168
f 1326/34/84 1323/34/84 1327/34/84
f 1327/34/167 1328/34/167 1332/34/167
f 1328/34/82 1329/34/82 1333/34/82
f 1329/34/168 1330/34/168 1334/34/168
f 1327/34/84 1331/34/84 1334/34/84
f 1331/34/167 1332/34/167 1336/34/167
f 1333/34/82 1337/34/82 1336/34/82
f 1333/34/168 1334/34/168 1338/34/168
f 1334/34/84 1331/34/84 1335/34/84
f 1335/34/167 1336/34/167 1340/34/167
f 1337/34/82 1341/34/82 1340/34/82
f 1338/34/168 1342/34/168 1341/34/168
f 1338/34/84 1335/34/84 1339/34/84
f 1339/34/167 1340/34/167 1344/34/167
f 1341/34/82 1345/34/82 1344/34/82
f 1342/34/168 1346/34/168 1345/34/168
f 1342/34/84 1339/34/84 1343/34/84
f 1344/34/167 1348/34/167 1347/34/167
f 1345/34/82 1349/34/82 1348/34/82
f 1345/34/168 1346/34/168 1350/34/168
f 1346/34/84 1343/34/84 1347/34/84
f 1348/34/167 1352/34/167 1351/34/167
f 1349/34/82 1353/34/82 1352/34/82
f 1349/34/168 1350/34/168 1354/34/168
f 1350/34/84 1347/34/84 1351/34/84
f 1352/34/167 1356/34/167 1355/34/167
f 1353/34/82 1357/34/82 1356/34/82
f 1354/34/168 1358/34/168 1357/34/168
f 1354/34/84 1351/34/84 1355/34/84
f 1355/34/167 1356/34/167 1360/34/167
f 1357/34/82 1361/34/82 1360/34/82
f 1358/34/168 1362/34/168 1361/34/168
f 1358/34/84 1355/34/84 1359/34/84
f 1360/34/345 183/34/345 184/34/345
f 1360/34/346 1361/34/346 186/34/346
f 1361/34/347 1362/34/347 185/34/347
f 1359/34/348 184/34/348 185/34/348
f 1363/34/173 1364/34/173 1368/34/173
f 1364/34/74 1365/34/74 1369/34/74
f 1366/34/174 1370/34/174 1369/34/174
f 1363/34/76 1367/34/76 1370/34/76
f 1367/34/173 1368/34/173 1372/34/173
f 1368/34/74 1369/34/74 1373/34/74
f 1370/34/174 1374/34/174 1373/34/174
f 1367/34/76 1371/34/76 1374/34/76
f 1372/34/173 1376/34/173 1375/34/173
f 1373/34/74 1377/34/74 1376/34/74
f 1374/34/174 1378/34/174 1377/34/174
f 1374/34/76 1371/34/76 1375/34/76
f 1375/34/173 1376/34/173 1380/34/173
f 1377/34/74 1381/34/74 1380/34/74
f 1378/34/174 1382/34/174 1381/34/174
f 1378/34/76 1375/34/76 1379/34/76
f 1380/34/173 1384/34/173 1383/34/173
f 1381/34/74 1385/34/74 1384/34/74
f 1382/34/174 1386/34/174 1385/34/174
f 1379/34/76 1383/34/76 1386/34/76
f 1384/34/173 1388/34/173 1387/34/173
f 1385/34/74 1389/34/74 1388/34/74
f 1385/34/174 1386/34/174 1390/34/174
f 1383/34/76 1387/34/76 1390/34/76
f 1388/34/173 1392/34/173 1391/34/173
f 1388/34/74 1389/34/74 1393/34/74
f 1389/34/174 1390/34/174 1394/34/174
f 1387/34/76 1391/34/76 1394/34/76
f 1392/34/173 1396/34/173 1395/34/173
f 1392/34/74 1393/34/74 1397/34/74
f 1393/34/174 1394/34/174 1398/34/174
f 1391/34/76 1395/34/76 1398/34/76
f 1396/34/173 1400/34/173 1399/34/173
f 1396/34/74 1397/34/74 1401/34/74
f 1398/34/174 1402/34/174 1401/34/174
f 1398/34/76 1395/34/76 1399/34/76
f 1399/34/173 1400/34/173 1404/34/173
f 1400/34/74 1401/34/74 1405/34/74
f 1402/34/174 1406/34/174 1405/34/174
f 1402/34/76 1399/34/76 1403/34/76
f 1403/34/173 1404/34/173 1408/34/173
f 1405/34/74 1409/34/74 1408/34/74
f 1406/34/174 1410/34/174 1409/34/174
f 1403/34/76 1407/34/76 1410/34/76
f 1407/34/173 1408/34/173 1412/34/173
f 1409/34/74 1413/34/74 1412/34/74
f 1410/34/174 1414/34/174 1413/34/174
f 1407/34/76 1411/34/76 1414/34/76
f 1411/34/173 1412/34/173 1416/34/173
f 1412/34/74 1413/34/74 1417/34/74
f 1414/34/174 1418/34/174 1417/34/174
f 1414/34/76 1411/34/76 1415/34/76
f 1416/34/173 1420/34/173 1419/34/173
f 1416/34/74 1417/34/74 1421/34/74
f 1418/34/174 1422/34/174 1421/34/174
f 1415/34/76 1419/34/76 1422/34/76
f 1419/34/173 1420/34/173 1424/34/173
f 1420/34/74 1421/34/74 1425/34/74
f 1422/34/174 1426/34/174 1425/34/174
f 1422/34/76 1419/34/76 1423/34/76
f 1423/34/173 1424/34/173 1428/34/173
f 1425/34/74 1429/34/74 1428/34/74
f 1426/34/174 1430/34/174 1429/34/174
f 1423/34/76 1427/34/76 1430/34/76
f 1428/34/173 1432/34/173 1431/34/173
f 1429/34/74 1433/34/74 1432/34/74
f 1429/34/174 1430/34/174 1434/34/174
f 1427/34/76 1431/34/76 1434/34/76
f 1431/34/173 1432/34/173 1436/34/173
f 1433/34/74 1437/34/74 1436/34/74
f 1433/34/174 1434/34/174 1438/34/174
f 1431/34/76 1435/34/76 1438/34/76
f 1435/34/173 1436/34/173 1440/34/173
f 1436/34/74 1437/34/74 1441/34/74
f 1438/34/174 1442/34/174 1441/34/174
f 1438/34/76 1435/34/76 1439/34/76
f 1440/34/173 1444/34/173 1443/34/173
f 1440/34/74 1441/34/74 1445/34/74
f 1442/34/174 1446/34/174 1445/34/174
f 1442/34/76 1439/34/76 1443/34/76
f 1444/34/349 183/34/349 184/34/349
f 1444/34/350 1445/34/350 186/34/350
f 1445/34/351 1446/34/351 185/34/351
f 1443/34/352 184/34/352 185/34/352
f 1447/34/179 1448/34/179 1452/34/179
f 1448/34/68 1449/34/68 1453/34/68
f 1450/34/180 1454/34/180 1453/34/180
f 1447/34/66 1451/34/66 1454/34/66
f 1451/34/179 1452/34/179 1456/34/179
f 1453/34/68 1457/34/68 1456/34/68
f 1454/34/180 1458/34/180 1457/34/180
f 1454/34/66 1451/34/66 1455/34/66
f 1455/34/179 1456/34/179 1460/34/179
f 1457/34/68 1461/34/68 1460/34/68
f 1458/34/180 1462/34/180 1461/34/180
f 1455/34/66 1459/34/66 1462/34/66
f 1459/34/179 1460/34/179 1464/34/179
f 1460/34/68 1461/34/68 1465/34/68
f 1462/34/180 1466/34/180 1465/34/180
f 1459/34/66 1463/34/66 1466/34/66
f 1464/34/179 1468/34/179 1467/34/179
f 1464/34/68 1465/34/68 1469/34/68
f 1466/34/180 1470/34/180 1469/34/180
f 1463/34/66 1467/34/66 1470/34/66
f 1467/34/179 1468/34/179 1472/34/179
f 1468/34/68 1469/34/68 1473/34/68
f 1470/34/180 1474/34/180 1473/34/180
f 1467/34/66 1471/34/66 1474/34/66
f 1472/34/179 1476/34/179 1475/34/179
f 1472/34/68 1473/34/68 1477/34/68
f 1474/34/180 1478/34/180 1477/34/180
f 1471/34/66 1475/34/66 1478/34/66
f 1475/34/179 1476/34/179 1480/34/179
f 1476/34/68 1477/34/68 1481/34/68
f 1478/34/180 1482/34/180 1481/34/180
f 1475/34/66 1479/34/66 1482/34/66
f 1479/34/179 1480/34/179 1484/34/179
f 1480/34/68 1481/34/68 1485/34/68
f 1482/34/180 1486/34/180 1485/34/180
f 1479/34/66 1483/34/66 1486/34/66
f 1483/34/179 1484/34/179 1488/34/179
f 1485/34/68 1489/34/68 1488/34/68
f 1486/34/180 1490/34/180 1489/34/180
f 1486/34/66 1483/34/66 1487/34/66
f 1487/34/179 1488/34/179 1492/34/179
f 1489/34/68 1493/34/68 1492/34/68
f 1490/34/180 1494/34/180 1493/34/180
f 1490/34/66 1487/34/66 1491/34/66
f 1491/34/179 1492/34/179 1496/34/179
f 1492/34/68 1493/34/68 1497/34/68
f 1494/34/180 1498/34/180 1497/34/180
f 1491/34/66 1495/34/66 1498/34/66
f 1495/34/179 1496/34/179 1500/34/179
f 1496/34/68 1497/34/68 1501/34/68
f 1498/34/180 1502/34/180 1501/34/180
f 1495/34/66 1499/34/66 1502/34/66
f 1499/34/179 1500/34/179 1504/34/179
f 1500/34/68 1501/34/68 1505/34/68
f 1502/34/180 1506/34/180 1505/34/180
f 1499/34/66 1503/34/66 1506/34/66
f 1503/34/179 1504/34/179 1508/34/179
f 1504/34/68 1505/34/68 1509/34/68
f 1506/34/180 1510/34/180 1509/34/180
f 1503/34/66 1507/34/66 1510/34/66
f 1507/34/179 1508/34/179 1512/34/179
f 1508/34/68 1509/34/68 1513/34/68
f 1510/34/180 1514/34/180 1513/34/180
f 1507/34/66 1511/34/66 1514/34/66
f 1511/34/179 1512/34/179 1516/34/179
f 1513/34/68 1517/34/68 1516/34/68
f 1514/34/180 1518/34/180 1517/34/180
f 1514/34/66 1511/34/66 1515/34/66
f 1515/34/179 1516/34/179 1520/34/179
f 1517/34/68 1521/34/68 1520/34/68
f 1518/34/180 1522/34/180 1521/34/180
f 1518/34/66 1515/34/66 1519/34/66
f 1519/34/179 1520/34/179 1524/34/179
f 1520/34/68 1521/34/68 1525/34/68
f 1522/34/180 1526/34/180 1525/34/180
f 1519/34/66 1523/34/66 1526/34/66
f 1523/34/179 1524/34/179 1528/34/179
f 1524/34/68 1525/34/68 1529/34/68
f 1526/34/180 1530/34/180 1529/34/180
f 1523/34/66 1527/34/66 1530/34/66
f 1528/34/353 183/34/353 184/34/353
f 1528/34/354 1529/34/354 186/34/354
f 1529/34/355 1530/34/355 185/34/355
f 1527/34/356 184/34/356 185/34/356
f 1532/34/185 1536/34/185 1535/34/185
f 1533/34/186 1537/34/186 1536/34/186
f 1533/34/187 1534/34/187 1538/34/187
f 1531/34/188 1535/34/188 1538/34/188
f 1536/34/185 1540/34/185 1539/34/185
f 1536/34/186 1537/34/186 1541/34/186
f 1537/34/187 1538/34/187 1542/34/187
f 1535/34/188 1539/34/188 1542/34/188
f 1540/34/185 1544/34/185 1543/34/185
f 1541/34/186 1545/34/186 1544/34/186
f 1542/34/187 1546/34/187 1545/34/187
f 1539/34/188 1543/34/188 1546/34/188
f 1544/34/185 1548/34/185 1547/34/185
f 1544/34/186 1545/34/186 1549/34/186
f 1546/34/187 1550/34/187 1549/34/187
f 1543/34/188 1547/34/188 1550/34/188
f 1548/34/185 1552/34/185 1551/34/185
f 1548/34/186 1549/34/186 1553/34/186
f 1549/34/187 1550/34/187 1554/34/187
f 1547/34/188 1551/34/188 1554/34/188
f 1551/34/185 1552/34/185 1556/34/185
f 1552/34/186 1553/34/186 1557/34/186
f 1553/34/187 1554/34/187 1558/34/187
f 1551/34/188 1555/34/188 1558/34/188
f 1556/34/185 1560/34/185 1559/34/185
f 1556/34/186 1557/34/186 1561/34/186
f 1557/34/187 1558/34/187 1562/34/187
f 1555/34/188 1559/34/188 1562/34/188
f 1560/34/185 1564/34/185 1563/34/185
f 1560/34/186 1561/34/186 1565/34/186
f 1561/34/187 1562/34/187 1566/34/187
f 1559/34/188 1563/34/188 1566/34/188
f 1564/34/185 1568/34/185 1567/34/185
f 1564/34/186 1565/34/186 1569/34/186
f 1566/34/187 1570/34/187 1569/34/187
f 1563/34/188 1567/34/188 1570/34/188
f 1568/34/185 1572/34/185 1571/34/185
f 1568/34/186 1569/34/186 1573/34/186
f 1570/34/187 1574/34/187 1573/34/187
f 1567/34/188 1571/34/188 1574/34/188
f 1572/34/185 1576/34/185 1575/34/185
f 1572/34/186 1573/34/186 1577/34/186
f 1574/34/187 1578/34/187 1577/34/187
f 1571/34/188 1575/34/188 1578/34/188
f 1576/34/185 1580/34/185 1579/34/185
f 1576/34/186 1577/34/186 1581/34/186
f 1577/34/187 1578/34/187 1582/34/187
f 1578/34/188 1575/34/188 1579/34/188
f 1579/34/185 1580/34/185 1584/34/185
f 1581/34/186 1585/34/186 1584/34/186
f 1582/34/187 1586/34/187 1585/34/187
f 1582/34/188 1579/34/188 1583/34/188
f 1583/34/185 1584/34/185 1588/34/185
f 1584/34/186 1585/34/186 1589/34/186
f 1585/34/187 1586/34/187 1590/34/187
f 1586/34/188 1583/34/188 1587/34/188
f 1588/34/185 1592/34/185 1591/34/185
f 1589/34/186 1593/34/186 1592/34/186
f 1590/34/187 1594/34/187 1593/34/187
f 1587/34/188 1591/34/188 1594/34/188
f 1592/34/185 1596/34/185 1595/34/185
f 1592/34/186 1593/34/186 1597/34/186
f 1593/34/187 1594/34/187 1598/34/187
f 1591/34/188 1595/34/188 1598/34/188
f 1595/34/185 1596/34/185 1600/34/185
f 1597/34/186 1601/34/186 1600/34/186
f 1598/34/187 1602/34/187 1601/34/187
f 1595/34/188 1599/34/188 1602/34/188
f 1600/34/185 1604/34/185 1603/34/185
f 1600/34/186 1601/34/186 1605/34/186
f 1602/34/187 1606/34/187 1605/34/187
f 1602/34/188 1599/34/188 1603/34/188
f 1604/34/185 1608/34/185 1607/34/185
f 1604/34/186 1605/34/186 1609/34/186
f 1605/34/187 1606/34/187 1610/34/187
f 1606/34/188 1603/34/188 1607/34/188
f 1607/34/185 1608/34/185 1612/34/185
f 1609/34/186 1613/34/186 1612/34/186
f 1609/34/187 1610/34/187 1614/34/187
f 1607/34/188 1611/34/188 1614/34/188
f 1612/34/357 183/34/357 184/34/357
f 1612/34/358 1613/34/358 186/34/358
f 1613/34/359 1614/34/359 185/34/359
f 1611/34/360 184/34/360 185/34/360
f 1616/34/193 1620/34/193 1619/34/193
f 1616/34/194 1617/34/194 1621/34/194
f 1617/34/195 1618/34/195 1622/34/195
f 1618/34/196 1615/34/196 1619/34/196
f 1620/34/193 1624/34/193 1623/34/193
f 1620/34/194 1621/34/194 1625/34/194
f 1621/34/195 1622/34/195 1626/34/195
f 1619/34/196 1623/34/196 1626/34/196
f 1624/34/193 1628/34/193 1627/34/193
f 1624/34/194 1625/34/194 1629/34/194
f 1625/34/195 1626/34/195 1630/34/195
f 1626/34/196 1623/34/196 1627/34/196
f 1627/34/193 1628/34/193 1632/34/193
f 1629/34/194 1633/34/194 1632/34/194
f 1630/34/195 1634/34/195 1633/34/195
f 1630/34/196 1627/34/196 1631/34/196
f 1631/34/193 1632/34/193 1636/34/193
f 1632/34/194 1633/34/194 1637/34/194
f 1634/34/195 1638/34/195 1637/34/195
f 1634/34/196 1631/34/196 1635/34/196
f 1636/34/193 1640/34/193 1639/34/193
f 1636/34/194 1637/34/194 1641/34/194
f 1638/34/195 1642/34/195 1641/34/195
f 1635/34/196 1639/34/196 1642/34/196
f 1639/34/193 1640/34/193 1644/34/193
f 1640/34/194 1641/34/194 1645/34/194
f 1642/34/195 1646/34/195 1645/34/195
f 1639/34/196 1643/34/196 1646/34/196
f 1643/34/193 1644/34/193 1648/34/193
f 1644/34/194 1645/34/194 1649/34/194
f 1646/34/195 1650/34/195 1649/34/195
f 1643/34/196 1647/34/196 1650/34/196
f 1648/34/193 1652/34/193 1651/34/193
f 1648/34/194 1649/34/194 1653/34/194
f 1650/34/195 1654/34/195 1653/34/195
f 1647/34/196 1651/34/196 1654/34/196
f 1651/34/193 1652/34/193 1656/34/193
f 1653/34/194 1657/34/194 1656/34/194
f 1654/34/195 1658/34/195 1657/34/195
f 1651/34/196 1655/34/196 1658/34/196
f 1656/34/193 1660/34/193 1659/34/193
f 1657/34/194 1661/34/194 1660/34/194
f 1658/34/195 1662/34/195 1661/34/195
f 1655/34/196 1659/34/196 1662/34/196
f 1660/34/193 1664/34/193 1663/34/193
f 1661/34/194 1665/34/194 1664/34/194
f 1662/34/195 1666/34/195 1665/34/195
f 1662/34/196 1659/34/196 1663/34/196
f 1663/34/193 1664/34/193 1668/34/193
f 1665/34/194 1669/34/194 1668/34/194
f 1666/34/195 1670/34/195 1669/34/195
f 1663/34/196 1667/34/196 1670/34/196
f 1668/34/193 1672/34/193 1671/34/193
f 1669/34/194 1673/34/194 1672/34/194
f 1670/34/195 1674/34/195 1673/34/195
f 1670/34/196 1667/34/196 1671/34/196
f 1672/34/193 1676/34/193 1675/34/193
f 1673/34/194 1677/34/194 1676/34/194
f 1674/34/195 1678/34/195 1677/34/195
f 1674/34/196 1671/34/196 1675/34/196
f 1676/34/193 1680/34/193 1679/34/193
f 1677/34/194 1681/34/194 1680/34/194
f 1677/34/195 1678/34/195 1682/34/195
f 1678/34/196 1675/34/196 1679/34/196
f 1679/34/193 1680/34/193 1684/34/193
f 1681/34/194 1685/34/194 1684/34/194
f 1682/34/195 1686/34/195 1685/34/195
f 1682/34/196 1679/34/196 1683/34/196
f 1683/34/193 1684/34/193 1688/34/193
f 1685/34/194 1689/34/194 1688/34/194
f 1686/34/195 1690/34/195 1689/34/195
f 1686/34/196 1683/34/196 1687/34/196
f 1687/34/193 1688/34/193 1692/34/193
f 1689/34/194 1693/34/194 1692/34/194
f 1690/34/195 1694/34/195 1693/34/195
f 1690/34/196 1687/34/196 1691/34/196
f 1692/34/193 1696/34/193 1695/34/193
f 1693/34/194 1697/34/194 1696/34/194
f 1693/34/195 1694/34/195 1698/34/195
f 1694/34/196 1691/34/196 1695/34/196
f 1695/34/361 1696/34/361 183/34/361
f 1696/34/362 1697/34/362 186/34/362
f 1698/34/363 185/34/363 186/34/363
f 1695/34/364 184/34/364 185/34/364
f 1700/34/201 1704/34/201 1703/34/201
f 1700/34/202 1701/34/202 1705/34/202
f 1702/34/203 1706/34/203 1705/34/203
f 1699/34/204 1703/34/204 1706/34/204
f 1703/34/201 1704/34/201 1708/34/201
f 1705/34/202 1709/34/202 1708/34/202
f 1706/34/203 1710/34/203 1709/34/203
f 1706/34/204 1703/34/204 1707/34/204
f 1707/34/201 1708/34/201 1712/34/201
f 1709/34/202 1713/34/202 1712/34/202
f 1710/34/203 1714/34/203 1713/34/203
f 1710/34/204 1707/34/204 1711/34/204
f 1711/34/201 1712/34/201 1716/34/201
f 1713/34/202 1717/34/202 1716/34/202
f 1714/34/203 1718/34/203 1717/34/203
f 1714/34/204 1711/34/204 1715/34/204
f 1716/34/201 1720/34/201 1719/34/201
f 1717/34/202 1721/34/202 1720/34/202
f 1717/34/203 1718/34/203 1722/34/203
f 1718/34/204 1715/34/204 1719/34/204
f 1720/34/201 1724/34/201 1723/34/201
f 1721/34/202 1725/34/202 1724/34/202
f 1721/34/203 1722/34/203 1726/34/203
f 1722/34/204 1719/34/204 1723/34/204
f 1724/34/201 1728/34/201 1727/34/201
f 1724/34/202 1725/34/202 1729/34/202
f 1725/34/203 1726/34/203 1730/34/203
f 1723/34/204 1727/34/204 1730/34/204
f 1728/34/201 1732/34/201 1731/34/201
f 1729/34/202 1733/34/202 1732/34/202
f 1729/34/203 1730/34/203 1734/34/203
f 1727/34/204 1731/34/204 1734/34/204
f 1732/34/201 1736/34/201 1735/34/201
f 1733/34/202 1737/34/202 1736/34/202
f 1733/34/203 1734/34/203 1738/34/203
f 1734/34/204 1731/34/204 1735/34/204
f 1736/34/201 1740/34/201 1739/34/201
f 1737/34/202 1741/34/202 1740/34/202
f 1737/34/203 1738/34/203 1742/34/203
f 1738/34/204 1735/34/204 1739/34/204
f 1740/34/201 1744/34/201 1743/34/201
f 1741/34/202 1745/34/202 1744/34/202
f 1741/34/203 1742/34/203 1746/34/203
f 1742/34/204 1739/34/204 1743/34/204
f 1744/34/201 1748/34/201 1747/34/201
f 1745/34/202 1749/34/202 1748/34/202
f 1745/34/203 1746/34/203 1750/34/203
f 1743/34/204 1747/34/204 1750/34/204
f 1748/34/201 1752/34/201 1751/34/201
f 1748/34/202 1749/34/202 1753/34/202
f 1749/34/203 1750/34/203 1754/34/203
f 1750/34/204 1747/34/204 1751/34/204
f 1752/34/201 1756/34/201 1755/34/201
f 1752/34/202 1753/34/202 1757/34/202
f 1753/34/203 1754/34/203 1758/34/203
f 1754/34/204 1751/34/204 1755/34/204
f 1756/34/201 1760/34/201 1759/34/201
f 1757/34/202 1761/34/202 1760/34/202
f 1757/34/203 1758/34/203 1762/34/203
f 1755/34/204 1759/34/204 1762/34/204
f 1760/34/201 1764/34/201 1763/34/201
f 1761/34/202 1765/34/202 1764/34/202
f 1761/34/203 1762/34/203 1766/34/203
f 1759/34/204 1763/34/204 1766/34/204
f 1764/34/201 1768/34/201 1767/34/201
f 1765/34/202 1769/34/202 1768/34/202
f 1765/34/203 1766/34/203 1770/34/203
f 1766/34/204 1763/34/204 1767/34/204
f 1768/34/201 1772/34/201 1771/34/201
f 1768/34/202 1769/34/202 1773/34/202
f 1769/34/203 1770/34/203 1774/34/203
f 1767/34/204 1771/34/204 1774/34/204
f 1772/34/201 1776/34/201 1775/34/201
f 1773/34/202 1777/34/202 1776/34/202
f 1773/34/203 1774/34/203 1778/34/203
f 1771/34/204 1775/34/204 1778/34/204
f 1776/34/201 1780/34/201 1779/34/201
f 1776/34/202 1777/34/202 1781/34/202
f 1777/34/203 1778/34/203 1782/34/203
f 1775/34/204 1779/34/204 1782/34/204
f 1779/34/365 1780/34/365 183/34/365
f 1780/34/366 1781/34/366 186/34/366
f 1782/34/367 185/34/367 186/34/367
f 1779/34/368 184/34/368 185/34/368
f 1784/34/209 1788/34/209 1787/34/209
f 1784/34/210 1785/34/210 1789/34/210
f 1786/34/211 1790/34/211 1789/34/211
f 1783/34/212 1787/34/212 1790/34/212
f 1788/34/209 1792/34/209 1791/34/209
f 1788/34/210 1789/34/210 1793/34/210
f 1789/34/211 1790/34/211 1794/34/211
f 1787/34/212 1791/34/212 1794/34/212
f 1791/34/209 1792/34/209 1796/34/209
f 1793/34/210 1797/34/210 1796/34/210
f 1793/34/211 1794/34/211 1798/34/211
f 1791/34/212 1795/34/212 1798/34/212
f 1795/34/209 1796/34/209 1800/34/209
f 1797/34/210 1801/34/210 1800/34/210
f 1798/34/211 1802/34/211 1801/34/211
f 1798/34/212 1795/34/212 1799/34/212
f 1799/34/209 1800/34/209 1804/34/209
f 1801/34/210 1805/34/210 1804/34/210
f 1802/34/211 1806/34/211 1805/34/211
f 1802/34/212 1799/34/212 1803/34/212
f 1804/34/209 1808/34/209 1807/34/209
f 1805/34/210 1809/34/210 1808/34/210
f 1805/34/211 1806/34/211 1810/34/211
f 1803/34/212 1807/34/212 1810/34/212
f 1808/34/209 1812/34/209 1811/34/209
f 1809/34/210 1813/34/210 1812/34/210
f 1809/34/211 1810/34/211 1814/34/211
f 1810/34/212 1807/34/212 1811/34/212
f 1812/34/209 1816/34/209 1815/34/209
f 1812/34/210 1813/34/210 1817/34/210
f 1813/34/211 1814/34/211 1818/34/211
f 1811/34/212 1815/34/212 1818/34/212
f 1816/34/209 1820/34/209 1819/34/209
f 1817/34/210 1821/34/210 1820/34/210
f 1817/34/211 1818/34/211 1822/34/211
f 1815/34/212 1819/34/212 1822/34/212
f 1820/34/209 1824/34/209 1823/34/209
f 1820/34/210 1821/34/210 1825/34/210
f 1821/34/211 1822/34/211 1826/34/211
f 1819/34/212 1823/34/212 1826/34/212
f 1824/34/209 1828/34/209 1827/34/209
f 1824/34/210 1825/34/210 1829/34/210
f 1825/34/211 1826/34/211 1830/34/211
f 1823/34/212 1827/34/212 1830/34/212
f 1828/34/209 1832/34/209 1831/34/209
f 1828/34/210 1829/34/210 1833/34/210
f 1829/34/211 1830/34/211 1834/34/211
f 1827/34/212 1831/34/212 1834/34/212
f 1832/34/209 1836/34/209 1835/34/209
f 1832/34/210 1833/34/210 1837/34/210
f 1833/34/211 1834/34/211 1838/34/211
f 1831/34/212 1835/34/212 1838/34/212
f 1836/34/209 1840/34/209 1839/34/209
f 1836/34/210 1837/34/210 1841/34/210
f 1837/34/211 1838/34/211 1842/34/211
f 1835/34/212 1839/34/212 1842/34/212
f 1839/34/209 1840/34/209 1844/34/209
f 1840/34/210 1841/34/210 1845/34/210
f 1841/34/211 1842/34/211 1846/34/211
f 1839/34/212 1843/34/212 1846/34/212
f 1844/34/209 1848/34/209 1847/34/209
f 1844/34/210 1845/34/210 1849/34/210
f 1846/34/211 1850/34/211 1849/34/211
f 1843/34/212 1847/34/212 1850/34/212
f 1848/34/209 1852/34/209 1851/34/209
f 1848/34/210 1849/34/210 1853/34/210
f 1849/34/211 1850/34/211 1854/34/211
f 1847/34/212 1851/34/212 1854/34/212
f 1852/34/209 1856/34/209 1855/34/209
f 1852/34/210 1853/34/210 1857/34/210
f 1853/34/211 1854/34/211 1858/34/211
f 1851/34/212 1855/34/212 1858/34/212
f 1856/34/209 1860/34/209 1859/34/209
f 1856/34/210 1857/34/210 1861/34/210
f 1857/34/211 1858/34/211 1862/34/211
f 1855/34/212 1859/34/212 1862/34/212
f 1860/34/209 1864/34/209 1863/34/209
f 1860/34/210 1861/34/210 1865/34/210
f 1861/34/211 1862/34/211 1866/34/211
f 1859/34/212 1863/34/212 1866/34/212
f 1863/34/369 1864/34/369 183/34/369
f 1864/34/370 1865/34/370 186/34/370
f 1866/34/371 185/34/371 186/34/371
f 1863/34/372 184/34/372 185/34/372
f 1867/34/217 1868/34/217 1872/34/217
f 1869/34/218 1873/34/218 1872/34/218
f 1870/34/219 1874/34/219 1873/34/219
f 1867/34/220 1871/34/220 1874/34/220
f 1872/34/217 1876/34/217 1875/34/217
f 1872/34/218 1873/34/218 1877/34/218
f 1873/34/219 1874/34/219 1878/34/219
f 1871/34/220 1875/34/220 1878/34/220
f 1876/34/217 1880/34/217 1879/34/217
f 1876/34/218 1877/34/218 1881/34/218
f 1878/34/219 1882/34/219 1881/34/219
f 1875/34/220 1879/34/220 1882/34/220
f 1880/34/217 1884/34/217 1883/34/217
f 1881/34/218 1885/34/218 1884/34/218
f 1882/34/219 1886/34/219 1885/34/219
f 1882/34/220 1879/34/220 1883/34/220
f 1884/34/217 1888/34/217 1887/34/217
f 1885/34/218 1889/34/218 1888/34/218
f 1885/34/219 1886/34/219 1890/34/219
f 1883/34/220 1887/34/220 1890/34/220
f 1888/34/217 1892/34/217 1891/34/217
f 1889/34/218 1893/34/218 1892/34/218
f 1889/34/219 1890/34/219 1894/34/219
f 1890/34/220 1887/34/220 1891/34/220
f 1892/34/217 1896/34/217 1895/34/217
f 1892/34/218 1893/34/218 1897/34/218
f 1893/34/219 1894/34/219 1898/34/219
f 1891/34/220 1895/34/220 1898/34/220
f 1896/34/217 1900/34/217 1899/34/217
f 1897/34/218 1901/34/218 1900/34/218
f 1897/34/219 1898/34/219 1902/34/219
f 1898/34/220 1895/34/220 1899/34/220
f 1899/34/217 1900/34/217 1904/34/217
f 1901/34/218 1905/34/218 1904/34/218
f 1901/34/219 1902/34/219 1906/34/219
f 1902/34/220 1899/34/220 1903/34/220
f 1904/34/217 1908/34/217 1907/34/217
f 1904/34/218 1905/34/218 1909/34/218
f 1905/34/219 1906/34/219 1910/34/219
f 1906/34/220 1903/34/220 1907/34/220
f 1908/34/217 1912/34/217 1911/34/217
f 1909/34/218 1913/34/218 1912/34/218
f 1909/34/219 1910/34/219 1914/34/219
f 1910/34/220 1907/34/220 1911/34/220
f 1911/34/217 1912/34/217 1916/34/217
f 1913/34/218 1917/34/218 1916/34/218
f 1913/34/219 1914/34/219 1918/34/219
f 1914/34/220 1911/34/220 1915/34/220
f 1915/34/217 1916/34/217 1920/34/217
f 1917/34/218 1921/34/218 1920/34/218
f 1917/34/219 1918/34/219 1922/34/219
f 1918/34/220 1915/34/220 1919/34/220
f 1920/34/217 1924/34/217 1923/34/217
f 1921/34/218 1925/34/218 1924/34/218
f 1921/34/219 1922/34/219 1926/34/219
f 1922/34/220 1919/34/220 1923/34/220
f 1924/34/217 1928/34/217 1927/34/217
f 1925/34/218 1929/34/218 1928/34/218
f 1925/34/219 1926/34/219 1930/34/219
f 1923/34/220 1927/34/220 1930/34/220
f 1928/34/217 1932/34/217 1931/34/217
f 1928/34/218 1929/34/218 1933/34/218
f 1929/34/219 1930/34/219 1934/34/219
f 1927/34/220 1931/34/220 1934/34/220
f 1932/34/217 1936/34/217 1935/34/217
f 1933/34/218 1937/34/218 1936/34/218
f 1933/34/219 1934/34/219 1938/34/219
f 1931/34/220 1935/34/220 1938/34/220
f 1936/34/217 1940/34/217 1939/34/217
f 1937/34/218 1941/34/218 1940/34/218
f 1938/34/219 1942/34/219 1941/34/219
f 1935/34/220 1939/34/220 1942/34/220
f 1939/34/217 1940/34/217 1944/34/217
f 1941/34/218 1945/34/218 1944/34/218
f 1941/34/219 1942/34/219 1946/34/219
f 1942/34/220 1939/34/220 1943/34/220
f 1943/34/217 1944/34/217 1948/34/217
f 1944/34/218 1945/34/218 1949/34/218
f 1945/34/219 1946/34/219 1950/34/219
f 1946/34/220 1943/34/220 1947/34/220
f 1947/34/373 1948/34/373 183/34/373
f 1948/34/374 1949/34/374 186/34/374
f 1950/34/375 185/34/375 186/34/375
f 1947/34/376 184/34/376 185/34/376
f 1951/34/225 1952/34/225 1956/34/225
f 1953/34/226 1957/34/226 1956/34/226
f 1954/34/227 1958/34/227 1957/34/227
f 1954/34/228 1951/34/228 1955/34/228
f 1956/34/225 1960/34/225 1959/34/225
f 1956/34/226 1957/34/226 1961/34/226
f 1957/34/227 1958/34/227 1962/34/227
f 1955/34/228 1959/34/228 1962/34/228
f 1960/34/225 1964/34/225 1963/34/225
f 1960/34/226 1961/34/226 1965/34/226
f 1962/34/227 1966/34/227 1965/34/227
f 1959/34/228 1963/34/228 1966/34/228
f 1963/34/225 1964/34/225 1968/34/225
f 1964/34/226 1965/34/226 1969/34/226
f 1966/34/227 1970/34/227 1969/34/227
f 1966/34/228 1963/34/228 1967/34/228
f 1967/34/225 1968/34/225 1972/34/225
f 1968/34/226 1969/34/226 1973/34/226
f 1970/34/227 1974/34/227 1973/34/227
f 1967/34/228 1971/34/228 1974/34/228
f 1971/34/225 1972/34/225 1976/34/225
f 1972/34/226 1973/34/226 1977/34/226
f 1974/34/227 1978/34/227 1977/34/227
f 1971/34/228 1975/34/228 1978/34/228
f 1975/34/225 1976/34/225 1980/34/225
f 1976/34/226 1977/34/226 1981/34/226
f 1978/34/227 1982/34/227 1981/34/227
f 1975/34/228 1979/34/228 1982/34/228
f 1979/34/225 1980/34/225 1984/34/225
f 1980/34/226 1981/34/226 1985/34/226
f 1982/34/227 1986/34/227 1985/34/227
f 1979/34/228 1983/34/228 1986/34/228
f 1984/34/225 1988/34/225 1987/34/225
f 1984/34/226 1985/34/226 1989/34/226
f 1986/34/227 1990/34/227 1989/34/227
f 1983/34/228 1987/34/228 1990/34/228
f 1987/34/225 1988/34/225 1992/34/225
f 1988/34/226 1989/34/226 1993/34/226
f 1990/34/227 1994/34/227 1993/34/227
f 1987/34/228 1991/34/228 1994/34/228
f 1991/34/225 1992/34/225 1996/34/225
f 1993/34/226 1997/34/226 1996/34/226
f 1993/34/227 1994/34/227 1998/34/227
f 1991/34/228 1995/34/228 1998/34/228
f 1996/34/225 2000/34/225 1999/34/225
f 1997/34/226 2001/34/226 2000/34/226
f 1997/34/227 1998/34/227 2002/34/227
f 1998/34/228 1995/34/228 1999/34/228
f 2000/34/225 2004/34/225 2003/34/225
f 2001/34/226 2005/34/226 2004/34/226
f 2002/34/227 2006/34/227 2005/34/227
f 2002/34/228 1999/34/228 2003/34/228
f 2004/34/225 2008/34/225 2007/34/225
f 2005/34/226 2009/34/226 2008/34/226
f 2005/34/227 2006/34/227 2010/34/227
f 2006/34/228 2003/34/228 2007/34/228
f 2008/34/225 2012/34/225 2011/34/225
f 2009/34/226 2013/34/226 2012/34/226
f 2009/34/227 2010/34/227 2014/34/227
f 2010/34/228 2007/34/228 2011/34/228
f 2012/34/225 2016/34/225 2015/34/225
f 2013/34/226 2017/34/226 2016/34/226
f 2013/34/227 2014/34/227 2018/34/227
f 2014/34/228 2011/34/228 2015/34/228
f 2016/34/225 2020/34/225 2019/34/225
f 2017/34/226 2021/34/226 2020/34/226
f 2017/34/227 2018/34/227 2022/34/227
f 2018/34/228 2015/34/228 2019/34/228
f 2020/34/225 2024/34/225 2023/34/225
f 2021/34/226 2025/34/226 2024/34/226
f 2021/34/227 2022/34/227 2026/34/227
f 2022/34/228 2019/34/228 2023/34/228
f 2024/34/225 2028/34/225 2027/34/225
f 2025/34/226 2029/34/226 2028/34/226
f 2025/34/227 2026/34/227 2030/34/227
f 2026/34/228 2023/34/228 2027/34/228
f 2028/34/225 2032/34/225 2031/34/225
f 2029/34/226 2033/34/226 2032/34/226
f 2029/34/227 2030/34/227 2034/34/227
f 2030/34/228 2027/34/228 2031/34/228
f 2031/34/377 2032/34/377 183/34/377
f 2032/34/378 2033/34/378 186/34/378
f 2034/34/379 185/34/379 186/34/379
f 2031/34/380 184/34/380 185/34/380
f 2035/34/233 2036/34/233 2040/34/233
f 2037/34/234 2041/34/234 2040/34/234
f 2037/34/235 2038/34/235 2042/34/235
f 2038/34/236 2035/34/236 2039/34/236
f 2040/34/233 2044/34/233 2043/34/233
f 2041/34/234 2045/34/234 2044/34/234
f 2042/34/235 2046/34/235 2045/34/235
f 2042/34/236 2039/34/236 2043/34/236
f 2043/34/233 2044/34/233 2048/34/233
f 2045/34/234 2049/34/234 2048/34/234
f 2046/34/235 2050/34/235 2049/34/235
f 2046/34/236 2043/34/236 2047/34/236
f 2047/34/233 2048/34/233 2052/34/233
f 2049/34/234 2053/34/234 2052/34/234
f 2049/34/235 2050/34/235 2054/34/235
f 2050/34/236 2047/34/236 2051/34/236
f 2051/34/233 2052/34/233 2056/34/233
f 2053/34/234 2057/34/234 2056/34/234
f 2054/34/235 2058/34/235 2057/34/235
f 2054/34/236 2051/34/236 2055/34/236
f 2056/34/233 2060/34/233 2059/34/233
f 2057/34/234 2061/34/234 2060/34/234
f 2058/34/235 2062/34/235 2061/34/235
f 2058/34/236 2055/34/236 2059/34/236
f 2059/34/233 2060/34/233 2064/34/233
f 2061/34/234 2065/34/234 2064/34/234
f 2062/34/235 2066/34/235 2065/34/235
f 2062/34/236 2059/34/236 2063/34/236
f 2063/34/233 2064/34/233 2068/34/233
f 2065/34/234 2069/34/234 2068/34/234
f 2066/34/235 2070/34/235 2069/34/235
f 2066/34/236 2063/34/236 2067/34/236
f 2067/34/233 2068/34/233 2072/34/233
f 2069/34/234 2073/34/234 2072/34/234
f 2070/34/235 2074/34/235 2073/34/235
f 2070/34/236 2067/34/236 2071/34/236
f 2071/34/233 2072/34/233 2076/34/233
f 2072/34/234 2073/34/234 2077/34/234
f 2074/34/235 2078/34/235 2077/34/235
f 2074/34/236 2071/34/236 2075/34/236
f 2075/34/233 2076/34/233 2080/34/233
f 2076/34/234 2077/34/234 2081/34/234
f 2078/34/235 2082/34/235 2081/34/235
f 2075/34/236 2079/34/236 2082/34/236
f 2079/34/233 2080/34/233 2084/34/233
f 2080/34/234 2081/34/234 2085/34/234
f 2082/34/235 2086/34/235 2085/34/235
f 2079/34/236 2083/34/236 2086/34/236
f 2083/34/233 2084/34/233 2088/34/233
f 2084/34/234 2085/34/234 2089/34/234
f 2086/34/235 2090/34/235 2089/34/235
f 2083/34/236 2087/34/236 2090/34/236
f 2087/34/233 2088/34/233 2092/34/233
f 2088/34/234 2089/34/234 2093/34/234
f 2090/34/235 2094/34/235 2093/34/235
f 2087/34/236 2091/34/236 2094/34/236
f 2092/34/233 2096/34/233 2095/34/233
f 2092/34/234 2093/34/234 2097/34/234
f 2093/34/235 2094/34/235 2098/34/235
f 2091/34/236 2095/34/236 2098/34/236
f 2096/34/233 2100/34/233 2099/34/233
f 2096/34/234 2097/34/234 2101/34/234
f 2097/34/235 2098/34/235 2102/34/235
f 2095/34/236 2099/34/236 2102/34/236
f 2100/34/233 2104/34/233 2103/34/233
f 2100/34/234 2101/34/234 2105/34/234
f 2101/34/235 2102/34/235 2106/34/235
f 2099/34/236 2103/34/236 2106/34/236
f 2103/34/233 2104/34/233 2108/34/233
f 2104/34/234 2105/34/234 2109/34/234
f 2106/34/235 2110/34/235 2109/34/235
f 2103/34/236 2107/34/236 2110/34/236
f 2107/34/233 2108/34/233 2112/34/233
f 2108/34/234 2109/34/234 2113/34/234
f 2110/34/235 2114/34/235 2113/34/235
f 2107/34/236 2111/34/236 2114/34/236
f 2111/34/233 2112/34/233 2116/34/233
f 2112/34/234 2113/34/234 2117/34/234
f 2114/34/235 2118/34/235 2117/34/235
f 2111/34/236 2115/34/236 2118/34/236
f 2115/34/381 2116/34/381 183/34/381
f 2116/34/382 2117/34/382 186/34/382
f 2118/34/383 185/34/383 186/34/383
f 2115/34/384 184/34/384 185/34/384
f 2120/34/129 2124/34/129 2123/34/129
f 2120/34/241 2121/34/241 2125/34/241
f 2122/34/131 2126/34/131 2125/34/131
f 2119/34/242 2123/34/242 2126/34/242
f 2124/34/129 2128/34/129 2127/34/129
f 2124/34/241 2125/34/241 2129/34/241
f 2126/34/131 2130/34/131 2129/34/131
f 2123/34/242 2127/34/242 2130/34/242
f 2127/34/129 2128/34/129 2132/34/129
f 2128/34/241 2129/34/241 2133/34/241
f 2130/34/131 2134/34/131 2133/34/131
f 2127/34/242 2131/34/242 2134/34/242
f 2132/34/129 2136/34/129 2135/34/129
f 2132/34/241 2133/34/241 2137/34/241
f 2134/34/131 2138/34/131 2137/34/131
f 2131/34/242 2135/34/242 2138/34/242
f 2136/34/129 2140/34/129 2139/34/129
f 2137/34/241 2141/34/241 2140/34/241
f 2138/34/131 2142/34/131 2141/34/131
f 2135/34/242 2139/34/242 2142/34/242
f 2140/34/129 2144/34/129 2143/34/129
f 2140/34/241 2141/34/241 2145/34/241
f 2141/34/131 2142/34/131 2146/34/131
f 2139/34/242 2143/34/242 2146/34/242
f 2144/34/129 2148/34/129 2147/34/129
f 2144/34/241 2145/34/241 2149/34/241
f 2146/34/131 2150/34/131 2149/34/131
f 2143/34/242 2147/34/242 2150/34/242
f 2147/34/129 2148/34/129 2152/34/129
f 2148/34/241 2149/34/241 2153/34/241
f 2150/34/131 2154/34/131 2153/34/131
f 2147/34/242 2151/34/242 2154/34/242
f 2151/34/129 2152/34/129 2156/34/129
f 2152/34/241 2153/34/241 2157/34/241
f 2154/34/131 2158/34/131 2157/34/131
f 2151/34/242 2155/34/242 2158/34/242
f 2156/34/129 2160/34/129 2159/34/129
f 2156/34/241 2157/34/241 2161/34/241
f 2157/34/131 2158/34/131 2162/34/131
f 2155/34/242 2159/34/242 2162/34/242
f 2160/34/129 2164/34/129 2163/34/129
f 2160/34/241 2161/34/241 2165/34/241
f 2161/34/131 2162/34/131 2166/34/131
f 2159/34/242 2163/34/242 2166/34/242
f 2164/34/129 2168/34/129 2167/34/129
f 2164/34/241 2165/34/241 2169/34/241
f 2165/34/131 2166/34/131 2170/34/131
f 2163/34/242 2167/34/242 2170/34/242
f 2168/34/129 2172/34/129 2171/34/129
f 2168/34/241 2169/34/241 2173/34/241
f 2169/34/131 2170/34/131 2174/34/131
f 2167/34/242 2171/34/242 2174/34/242
f 2172/34/129 2176/34/129 2175/34/129
f 2172/34/241 2173/34/241 2177/34/241
f 2173/34/131 2174/34/131 2178/34/131
f 2171/34/242 2175/34/242 2178/34/242
f 2176/34/129 2180/34/129 2179/34/129
f 2176/34/241 2177/34/241 2181/34/241
f 2177/34/131 2178/34/131 2182/34/131
f 2175/34/242 2179/34/242 2182/34/242
f 2180/34/129 2184/34/129 2183/34/129
f 2180/34/241 2181/34/241 2185/34/241
f 2181/34/131 2182/34/131 2186/34/131
f 2179/34/242 2183/34/242 2186/34/242
f 2184/34/129 2188/34/129 2187/34/129
f 2184/34/241 2185/34/241 2189/34/241
f 2185/34/131 2186/34/131 2190/34/131
f 2183/34/242 2187/34/242 2190/34/242
f 2188/34/129 2192/34/129 2191/34/129
f 2188/34/241 2189/34/241 2193/34/241
f 2189/34/131 2190/34/131 2194/34/131
f 2187/34/242 2191/34/242 2194/34/242
f 2192/34/129 2196/34/129 2195/34/129
f 2192/34/241 2193/34/241 2197/34/241
f 2193/34/131 2194/34/131 2198/34/131
f 2191/34/242 2195/34/242 2198/34/242
f 2196/34/129 2200/34/129 2199/34/129
f 2196/34/241 2197/34/241 2201/34/241
f 2197/34/131 2198/34/131 2202/34/131
f 2195/34/242 2199/34/242 2202/34/242
f 2199/34/385 2200/34/385 183/34/385
f 2200/34/386 2201/34/386 186/34/386
f 2202/34/387 185/34/387 186/34/387
f 2199/34/388 184/34/388 185/34/388
f 2204/34/247 2208/34/247 2207/34/247
f 2204/34/234 2205/34/234 2209/34/234
f 2206/34/248 2210/34/248 2209/34/248
f 2203/34/236 2207/34/236 2210/34/236
f 2207/34/247 2208/34/247 2212/34/247
f 2209/34/234 2213/34/234 2212/34/234
f 2209/34/248 2210/34/248 2214/34/248
f 2207/34/236 2211/34/236 2214/34/236
f 2211/34/247 2212/34/247 2216/34/247
f 2213/34/234 2217/34/234 2216/34/234
f 2214/34/248 2218/34/248 2217/34/248
f 2214/34/236 2211/34/236 2215/34/236
f 2215/34/247 2216/34/247 2220/34/247
f 2217/34/234 2221/34/234 2220/34/234
f 2217/34/248 2218/34/248 2222/34/248
f 2218/34/236 2215/34/236 2219/34/236
f 2219/34/247 2220/34/247 2224/34/247
f 2221/34/234 2225/34/234 2224/34/234
f 2221/34/248 2222/34/248 2226/34/248
f 2222/34/236 2219/34/236 2223/34/236
f 2224/34/247 2228/34/247 2227/34/247
f 2225/34/234 2229/34/234 2228/34/234
f 2225/34/248 2226/34/248 2230/34/248
f 2223/34/236 2227/34/236 2230/34/236
f 2228/34/247 2232/34/247 2231/34/247
f 2229/34/234 2233/34/234 2232/34/234
f 2229/34/248 2230/34/248 2234/34/248
f 2227/34/236 2231/34/236 2234/34/236
f 2231/34/247 2232/34/247 2236/34/247
f 2233/34/234 2237/34/234 2236/34/234
f 2234/34/248 2238/34/248 2237/34/248
f 2234/34/236 2231/34/236 2235/34/236
f 2235/34/247 2236/34/247 2240/34/247
f 2236/34/234 2237/34/234 2241/34/234
f 2238/34/248 2242/34/248 2241/34/248
f 2235/34/236 2239/34/236 2242/34/236
f 2239/34/247 2240/34/247 2244/34/247
f 2241/34/234 2245/34/234 2244/34/234
f 2242/34/248 2246/34/248 2245/34/248
f 2242/34/236 2239/34/236 2243/34/236
f 2243/34/247 2244/34/247 2248/34/247
f 2245/34/234 2249/34/234 2248/34/234
f 2246/34/248 2250/34/248 2249/34/248
f 2246/34/236 2243/34/236 2247/34/236
f 2247/34/247 2248/34/247 2252/34/247
f 2249/34/234 2253/34/234 2252/34/234
f 2250/34/248 2254/34/248 2253/34/248
f 2250/34/236 2247/34/236 2251/34/236
f 2251/34/247 2252/34/247 2256/34/247
f 2253/34/234 2257/34/234 2256/34/234
f 2254/34/248 2258/34/248 2257/34/248
f 2254/34/236 2251/34/236 2255/34/236
f 2255/34/247 2256/34/247 2260/34/247
f 2257/34/234 2261/34/234 2260/34/234
f 2258/34/248 2262/34/248 2261/34/248
f 2258/34/236 2255/34/236 2259/34/236
f 2259/34/247 2260/34/247 2264/34/247
f 2261/34/234 2265/34/234 2264/34/234
f 2262/34/248 2266/34/248 2265/34/248
f 2262/34/236 2259/34/236 2263/34/236
f 2264/34/247 2268/34/247 2267/34/247
f 2265/34/234 2269/34/234 2268/34/234
f 2265/34/248 2266/34/248 2270/34/248
f 2266/34/236 2263/34/236 2267/34/236
f 2267/34/247 2268/34/247 2272/34/247
f 2269/34/234 2273/34/234 2272/34/234
f 2270/34/248 2274/34/248 2273/34/248
f 2270/34/236 2267/34/236 2271/34/236
f 2271/34/247 2272/34/247 2276/34/247
f 2273/34/234 2277/34/234 2276/34/234
f 2274/34/248 2278/34/248 2277/34/248
f 2274/34/236 2271/34/236 2275/34/236
f 2275/34/247 2276/34/247 2280/34/247
f 2277/34/234 2281/34/234 2280/34/234
f 2278/34/248 2282/34/248 2281/34/248
f 2278/34/236 2275/34/236 2279/34/236
f 2279/34/247 2280/34/247 2284/34/247
f 2281/34/234 2285/34/234 2284/34/234
f 2282/34/248 2286/34/248 2285/34/248
f 2282/34/236 2279/34/236 2283/34/236
f 2283/34/389 2284/34/389 183/34/389
f 2284/34/390 2285/34/390 186/34/390
f 2286/34/391 185/34/391 186/34/391
f 2283/34/392 184/34/392 185/34/392
f 2288/34/253 2292/34/253 2291/34/253
f 2289/34/226 2293/34/226 2292/34/226
f 2289/34/254 2290/34/254 2294/34/254
f 2287/34/228 2291/34/228 2294/34/228
f 2291/34/253 2292/34/253 2296/34/253
f 2293/34/226 2297/34/226 2296/34/226
f 2293/34/254 2294/34/254 2298/34/254
f 2291/34/228 2295/34/228 2298/34/228
f 2295/34/253 2296/34/253 2300/34/253
f 2296/34/226 2297/34/226 2301/34/226
f 2297/34/254 2298/34/254 2302/34/254
f 2298/34/228 2295/34/228 2299/34/228
f 2300/34/253 2304/34/253 2303/34/253
f 2300/34/226 2301/34/226 2305/34/226
f 2301/34/254 2302/34/254 2306/34/254
f 2299/34/228 2303/34/228 2306/34/228
f 2304/34/253 2308/34/253 2307/34/253
f 2305/34/226 2309/34/226 2308/34/226
f 2305/34/254 2306/34/254 2310/34/254
f 2303/34/228 2307/34/228 2310/34/228
f 2307/34/253 2308/34/253 2312/34/253
f 2309/34/226 2313/34/226 2312/34/226
f 2310/34/254 2314/34/254 2313/34/254
f 2310/34/228 2307/34/228 2311/34/228
f 2311/34/253 2312/34/253 2316/34/253
f 2312/34/226 2313/34/226 2317/34/226
f 2314/34/254 2318/34/254 2317/34/254
f 2314/34/228 2311/34/228 2315/34/228
f 2315/34/253 2316/34/253 2320/34/253
f 2316/34/226 2317/34/226 2321/34/226
f 2318/34/254 2322/34/254 2321/34/254
f 2315/34/228 2319/34/228 2322/34/228
f 2319/34/253 2320/34/253 2324/34/253
f 2321/34/226 2325/34/226 2324/34/226
f 2322/34/254 2326/34/254 2325/34/254
f 2319/34/228 2323/34/228 2326/34/228
f 2323/34/253 2324/34/253 2328/34/253
f 2325/34/226 2329/34/226 2328/34/226
f 2325/34/254 2326/34/254 2330/34/254
f 2323/34/228 2327/34/228 2330/34/228
f 2327/34/253 2328/34/253 2332/34/253
f 2328/34/226 2329/34/226 2333/34/226
f 2330/34/254 2334/34/254 2333/34/254
f 2327/34/228 2331/34/228 2334/34/228
f 2332/34/253 2336/34/253 2335/34/253
f 2332/34/226 2333/34/226 2337/34/226
f 2333/34/254 2334/34/254 2338/34/254
f 2331/34/228 2335/34/228 2338/34/228
f 2335/34/253 2336/34/253 2340/34/253
f 2336/34/226 2337/34/226 2341/34/226
f 2338/34/254 2342/34/254 2341/34/254
f 2335/34/228 2339/34/228 2342/34/228
f 2340/34/253 2344/34/253 2343/34/253
f 2340/34/226 2341/34/226 2345/34/226
f 2341/34/254 2342/34/254 2346/34/254
f 2339/34/228 2343/34/228 2346/34/228
f 2344/34/253 2348/34/253 2347/34/253
f 2344/34/226 2345/34/226 2349/34/226
f 2345/34/254 2346/34/254 2350/34/254
f 2343/34/228 2347/34/228 2350/34/228
f 2348/34/253 2352/34/253 2351/34/253
f 2348/34/226 2349/34/226 2353/34/226
f 2349/34/254 2350/34/254 2354/34/254
f 2347/34/228 2351/34/228 2354/34/228
f 2352/34/253 2356/34/253 2355/34/253
f 2352/34/226 2353/34/226 2357/34/226
f 2353/34/254 2354/34/254 2358/34/254
f 2351/34/228 2355/34/228 2358/34/228
f 2356/34/253 2360/34/253 2359/34/253
f 2356/34/226 2357/34/226 2361/34/226
f 2357/34/254 2358/34/254 2362/34/254
f 2355/34/228 2359/34/228 2362/34/228
f 2360/34/253 2364/34/253 2363/34/253
f 2360/34/226 2361/34/226 2365/34/226
f 2361/34/254 2362/34/254 2366/34/254
f 2359/34/228 2363/34/228 2366/34/228
f 2364/34/253 2368/34/253 2367/34/253
f 2364/34/226 2365/34/226 2369/34/226
f 2365/34/254 2366/34/254 2370/34/254
f 2363/34/228 2367/34/228 2370/34/228
f 2367/34/393 2368/34/393 183/34/393
f 2368/34/394 2369/34/394 186/34/394
f 2370/34/395 185/34/395 186/34/395
f 2367/34/396 184/34/396 185/34/396
f 2371/34/259 2372/34/259 2376/34/259
f 2373/34/218 2377/34/218 2376/34/218
f 2374/34/260 2378/34/260 2377/34/260
f 2374/34/220 2371/34/220 2375/34/220
f 2376/34/259 2380/34/259 2379/34/259
f 2376/34/218 2377/34/218 2381/34/218
f 2378/34/260 2382/34/260 2381/34/260
f 2378/34/220 2375/34/220 2379/34/220
f 2380/34/259 2384/34/259 2383/34/259
f 2380/34/218 2381/34/218 2385/34/218
f 2382/34/260 2386/34/260 2385/34/260
f 2382/34/220 2379/34/220 2383/34/220
f 2384/34/259 2388/34/259 2387/34/259
f 2384/34/218 2385/34/218 2389/34/218
f 2385/34/260 2386/34/260 2390/34/260
f 2383/34/220 2387/34/220 2390/34/220
f 2388/34/259 2392/34/259 2391/34/259
f 2388/34/218 2389/34/218 2393/34/218
f 2389/34/260 2390/34/260 2394/34/260
f 2387/34/220 2391/34/220 2394/34/220
f 2392/34/259 2396/34/259 2395/34/259
f 2392/34/218 2393/34/218 2397/34/218
f 2394/34/260 2398/34/260 2397/34/260
f 2391/34/220 2395/34/220 2398/34/220
f 2396/34/259 2400/34/259 2399/34/259
f 2396/34/218 2397/34/218 2401/34/218
f 2398/34/260 2402/34/260 2401/34/260
f 2395/34/220 2399/34/220 2402/34/220
f 2400/34/259 2404/34/259 2403/34/259
f 2400/34/218 2401/34/218 2405/34/218
f 2401/34/260 2402/34/260 2406/34/260
f 2402/34/220 2399/34/220 2403/34/220
f 2404/34/259 2408/34/259 2407/34/259
f 2404/34/218 2405/34/218 2409/34/218
f 2405/34/260 2406/34/260 2410/34/260
f 2406/34/220 2403/34/220 2407/34/220
f 2408/34/259 2412/34/259 2411/34/259
f 2408/34/218 2409/34/218 2413/34/218
f 2409/34/260 2410/34/260 2414/34/260
f 2407/34/220 2411/34/220 2414/34/220
f 2412/34/259 2416/34/259 2415/34/259
f 2412/34/218 2413/34/218 2417/34/218
f 2413/34/260 2414/34/260 2418/34/260
f 2414/34/220 2411/34/220 2415/34/220
f 2416/34/259 2420/34/259 2419/34/259
f 2417/34/218 2421/34/218 2420/34/218
f 2417/34/260 2418/34/260 2422/34/260
f 2415/34/220 2419/34/220 2422/34/220
f 2420/34/259 2424/34/259 2423/34/259
f 2421/34/218 2425/34/218 2424/34/218
f 2421/34/260 2422/34/260 2426/34/260
f 2422/34/220 2419/34/220 2423/34/220
f 2424/34/259 2428/34/259 2427/34/259
f 2425/34/218 2429/34/218 2428/34/218
f 2425/34/260 2426/34/260 2430/34/260
f 2426/34/220 2423/34/220 2427/34/220
f 2428/34/259 2432/34/259 2431/34/259
f 2429/34/218 2433/34/218 2432/34/218
f 2429/34/260 2430/34/260 2434/34/260
f 2430/34/220 2427/34/220 2431/34/220
f 2432/34/259 2436/34/259 2435/34/259
f 2433/34/218 2437/34/218 2436/34/218
f 2433/34/260 2434/34/260 2438/34/260
f 2434/34/220 2431/34/220 2435/34/220
f 2436/34/259 2440/34/259 2439/34/259
f 2436/34/218 2437/34/218 2441/34/218
f 2437/34/260 2438/34/260 2442/34/260
f 2435/34/220 2439/34/220 2442/34/220
f 2439/34/259 2440/34/259 2444/34/259
f 2440/34/218 2441/34/218 2445/34/218
f 2441/34/260 2442/34/260 2446/34/260
f 2442/34/220 2439/34/220 2443/34/220
f 2444/34/259 2448/34/259 2447/34/259
f 2444/34/218 2445/34/218 2449/34/218
f 2445/34/260 2446/34/260 2450/34/260
f 2443/34/220 2447/34/220 2450/34/220
f 2448/34/259 2452/34/259 2451/34/259
f 2449/34/218 2453/34/218 2452/34/218
f 2450/34/260 2454/34/260 2453/34/260
f 2447/34/220 2451/34/220 2454/34/220
f 2451/34/397 2452/34/397 183/34/397
f 2452/34/398 2453/34/398 186/34/398
f 2454/34/399 185/34/399 186/34/399
f 2451/34/400 184/34/400 185/34/400
f 2456/34/265 2460/34/265 2459/34/265
f 2457/34/210 2461/34/210 2460/34/210
f 2458/34/266 2462/34/266 2461/34/266
f 2458/34/212 2455/34/212 2459/34/212
f 2460/34/265 2464/34/265 2463/34/265
f 2460/34/210 2461/34/210 2465/34/210
f 2462/34/266 2466/34/266 2465/34/266
f 2462/34/212 2459/34/212 2463/34/212
f 2464/34/265 2468/34/265 2467/34/265
f 2464/34/210 2465/34/210 2469/34/210
f 2466/34/266 2470/34/266 2469/34/266
f 2466/34/212 2463/34/212 2467/34/212
f 2467/34/265 2468/34/265 2472/34/265
f 2468/34/210 2469/34/210 2473/34/210
f 2470/34/266 2474/34/266 2473/34/266
f 2467/34/212 2471/34/212 2474/34/212
f 2472/34/265 2476/34/265 2475/34/265
f 2473/34/210 2477/34/210 2476/34/210
f 2474/34/266 2478/34/266 2477/34/266
f 2471/34/212 2475/34/212 2478/34/212
f 2476/34/265 2480/34/265 2479/34/265
f 2477/34/210 2481/34/210 2480/34/210
f 2478/34/266 2482/34/266 2481/34/266
f 2475/34/212 2479/34/212 2482/34/212
f 2480/34/265 2484/34/265 2483/34/265
f 2480/34/210 2481/34/210 2485/34/210
f 2481/34/266 2482/34/266 2486/34/266
f 2479/34/212 2483/34/212 2486/34/212
f 2484/34/265 2488/34/265 2487/34/265
f 2484/34/210 2485/34/210 2489/34/210
f 2485/34/266 2486/34/266 2490/34/266
f 2483/34/212 2487/34/212 2490/34/212
f 2488/34/265 2492/34/265 2491/34/265
f 2489/34/210 2493/34/210 2492/34/210
f 2489/34/266 2490/34/266 2494/34/266
f 2490/34/212 2487/34/212 2491/34/212
f 2492/34/265 2496/34/265 2495/34/265
f 2492/34/210 2493/34/210 2497/34/210
f 2493/34/266 2494/34/266 2498/34/266
f 2494/34/212 2491/34/212 2495/34/212
f 2496/34/265 2500/34/265 2499/34/265
f 2497/34/210 2501/34/210 2500/34/210
f 2497/34/266 2498/34/266 2502/34/266
f 2498/34/212 2495/34/212 2499/34/212
f 2500/34/265 2504/34/265 2503/34/265
f 2501/34/210 2505/34/210 2504/34/210
f 2501/34/266 2502/34/266 2506/34/266
f 2502/34/212 2499/34/212 2503/34/212
f 2504/34/265 2508/34/265 2507/34/265
f 2505/34/210 2509/34/210 2508/34/210
f 2505/34/266 2506/34/266 2510/34/266
f 2506/34/212 2503/34/212 2507/34/212
f 2508/34/265 2512/34/265 2511/34/265
f 2509/34/210 2513/34/210 2512/34/210
f 2509/34/266 2510/34/266 2514/34/266
f 2510/34/212 2507/34/212 2511/34/212
f 2512/34/265 2516/34/265 2515/34/265
f 2513/34/210 2517/34/210 2516/34/210
f 2513/34/266 2514/34/266 2518/34/266
f 2514/34/212 2511/34/212 2515/34/212
f 2515/34/265 2516/34/265 2520/34/265
f 2517/34/210 2521/34/210 2520/34/210
f 2518/34/266 2522/34/266 2521/34/266
f 2518/34/212 2515/34/212 2519/34/212
f 2520/34/265 2524/34/265 2523/34/265
f 2520/34/210 2521/34/210 2525/34/210
f 2522/34/266 2526/34/266 2525/34/266
f 2522/34/212 2519/34/212 2523/34/212
f 2523/34/265 2524/34/265 2528/34/265
f 2525/34/210 2529/34/210 2528/34/210
f 2525/34/266 2526/34/266 2530/34/266
f 2526/34/212 2523/34/212 2527/34/212
f 2528/34/265 2532/34/265 2531/34/265
f 2529/34/210 2533/34/210 2532/34/210
f 2529/34/266 2530/34/266 2534/34/266
f 2530/34/212 2527/34/212 2531/34/212
f 2532/34/265 2536/34/265 2535/34/265
f 2533/34/210 2537/34/210 2536/34/210
f 2533/34/266 2534/34/266 2538/34/266
f 2534/34/212 2531/34/212 2535/34/212
f 2535/34/401 2536/34/401 183/34/401
f 2536/34/402 2537/34/402 186/34/402
f 2538/34/403 185/34/403 186/34/403
f 2535/34/404 184/34/404 185/34/404
f 2539/34/271 2540/34/271 2544/34/271
f 2541/34/202 2545/34/202 2544/34/202
f 2542/34/272 2546/34/272 2545/34/272
f 2542/34/204 2539/34/204 2543/34/204
f 2543/34/271 2544/34/271 2548/34/271
f 2544/34/202 2545/34/202 2549/34/202
f 2546/34/272 2550/34/272 2549/34/272
f 2546/34/204 2543/34/204 2547/34/204
f 2548/34/271 2552/34/271 2551/34/271
f 2548/34/202 2549/34/202 2553/34/202
f 2550/34/272 2554/34/272 2553/34/272
f 2547/34/204 2551/34/204 2554/34/204
f 2552/34/271 2556/34/271 2555/34/271
f 2552/34/202 2553/34/202 2557/34/202
f 2554/34/272 2558/34/272 2557/34/272
f 2551/34/204 2555/34/204 2558/34/204
f 2556/34/271 2560/34/271 2559/34/271
f 2556/34/202 2557/34/202 2561/34/202
f 2558/34/272 2562/34/272 2561/34/272
f 2558/34/204 2555/34/204 2559/34/204
f 2560/34/271 2564/34/271 2563/34/271
f 2560/34/202 2561/34/202 2565/34/202
f 2561/34/272 2562/34/272 2566/34/272
f 2559/34/204 2563/34/204 2566/34/204
f 2564/34/271 2568/34/271 2567/34/271
f 2564/34/202 2565/34/202 2569/34/202
f 2566/34/272 2570/34/272 2569/34/272
f 2563/34/204 2567/34/204 2570/34/204
f 2567/34/271 2568/34/271 2572/34/271
f 2568/34/202 2569/34/202 2573/34/202
f 2569/34/272 2570/34/272 2574/34/272
f 2567/34/204 2571/34/204 2574/34/204
f 2572/34/271 2576/34/271 2575/34/271
f 2572/34/202 2573/34/202 2577/34/202
f 2573/34/272 2574/34/272 2578/34/272
f 2571/34/204 2575/34/204 2578/34/204
f 2576/34/271 2580/34/271 2579/34/271
f 2576/34/202 2577/34/202 2581/34/202
f 2577/34/272 2578/34/272 2582/34/272
f 2575/34/204 2579/34/204 2582/34/204
f 2580/34/271 2584/34/271 2583/34/271
f 2580/34/202 2581/34/202 2585/34/202
f 2581/34/272 2582/34/272 2586/34/272
f 2579/34/204 2583/34/204 2586/34/204
f 2584/34/271 2588/34/271 2587/34/271
f 2584/34/202 2585/34/202 2589/34/202
f 2585/34/272 2586/34/272 2590/34/272
f 2583/34/204 2587/34/204 2590/34/204
f 2588/34/271 2592/34/271 2591/34/271
f 2589/34/202 2593/34/202 2592/34/202
f 2590/34/272 2594/34/272 2593/34/272
f 2587/34/204 2591/34/204 2594/34/204
f 2592/34/271 2596/34/271 2595/34/271
f 2593/34/202 2597/34/202 2596/34/202
f 2593/34/272 2594/34/272 2598/34/272
f 2591/34/204 2595/34/204 2598/34/204
f 2596/34/271 2600/34/271 2599/34/271
f 2596/34/202 2597/34/202 2601/34/202
f 2597/34/272 2598/34/272 2602/34/272
f 2595/34/204 2599/34/204 2602/34/204
f 2600/34/271 2604/34/271 2603/34/271
f 2601/34/202 2605/34/202 2604/34/202
f 2602/34/272 2606/34/272 2605/34/272
f 2602/34/204 2599/34/204 2603/34/204
f 2604/34/271 2608/34/271 2607/34/271
f 2605/34/202 2609/34/202 2608/34/202
f 2605/34/272 2606/34/272 2610/34/272
f 2603/34/204 2607/34/204 2610/34/204
f 2608/34/271 2612/34/271 2611/34/271
f 2609/34/202 2613/34/202 2612/34/202
f 2609/34/272 2610/34/272 2614/34/272
f 2607/34/204 2611/34/204 2614/34/204
f 2612/34/271 2616/34/271 2615/34/271
f 2612/34/202 2613/34/202 2617/34/202
f 2613/34/272 2614/34/272 2618/34/272
f 2614/34/204 2611/34/204 2615/34/204
f 2616/34/271 2620/34/271 2619/34/271
f 2617/34/202 2621/34/202 2620/34/202
f 2617/34/272 2618/34/272 2622/34/272
f 2615/34/204 2619/34/204 2622/34/204
f 2619/34/405 2620/34/405 183/34/405
f 2620/34/406 2621/34/406 186/34/406
f 2622/34/407 185/34/407 186/34/407
f 2619/34/408 184/34/408 185/34/408
f 2623/34/277 2624/34/277 2628/34/277
f 2624/34/194 2625/34/194 2629/34/194
f 2626/34/278 2630/34/278 2629/34/278
f 2623/34/196 2627/34/196 2630/34/196
f 2628/34/277 2632/34/277 2631/34/277
f 2628/34/194 2629/34/194 2633/34/194
f 2630/34/278 2634/34/278 2633/34/278
f 2627/34/196 2631/34/196 2634/34/196
f 2631/34/277 2632/34/277 2636/34/277
f 2632/34/194 2633/34/194 2637/34/194
f 2634/34/278 2638/34/278 2637/34/278
f 2631/34/196 2635/34/196 2638/34/196
f 2635/34/277 2636/34/277 2640/34/277
f 2636/34/194 2637/34/194 2641/34/194
f 2638/34/278 2642/34/278 2641/34/278
f 2635/34/196 2639/34/196 2642/34/196
f 2639/34/277 2640/34/277 2644/34/277
f 2641/34/194 2645/34/194 2644/34/194
f 2642/34/278 2646/34/278 2645/34/278
f 2639/34/196 2643/34/196 2646/34/196
f 2643/34/277 2644/34/277 2648/34/277
f 2645/34/194 2649/34/194 2648/34/194
f 2646/34/278 2650/34/278 2649/34/278
f 2643/34/196 2647/34/196 2650/34/196
f 2648/34/277 2652/34/277 2651/34/277
f 2649/34/194 2653/34/194 2652/34/194
f 2649/34/278 2650/34/278 2654/34/278
f 2650/34/196 2647/34/196 2651/34/196
f 2651/34/277 2652/34/277 2656/34/277
f 2653/34/194 2657/34/194 2656/34/194
f 2654/34/278 2658/34/278 2657/34/278
f 2654/34/196 2651/34/196 2655/34/196
f 2655/34/277 2656/34/277 2660/34/277
f 2657/34/194 2661/34/194 2660/34/194
f 2658/34/278 2662/34/278 2661/34/278
f 2658/34/196 2655/34/196 2659/34/196
f 2659/34/277 2660/34/277 2664/34/277
f 2660/34/194 2661/34/194 2665/34/194
f 2661/34/278 2662/34/278 2666/34/278
f 2662/34/196 2659/34/196 2663/34/196
f 2663/34/277 2664/34/277 2668/34/277
f 2665/34/194 2669/34/194 2668/34/194
f 2666/34/278 2670/34/278 2669/34/278
f 2663/34/196 2667/34/196 2670/34/196
f 2667/34/277 2668/34/277 2672/34/277
f 2668/34/194 2669/34/194 2673/34/194
f 2670/34/278 2674/34/278 2673/34/278
f 2667/34/196 2671/34/196 2674/34/196
f 2671/34/277 2672/34/277 2676/34/277
f 2672/34/194 2673/34/194 2677/34/194
f 2674/34/278 2678/34/278 2677/34/278
f 2671/34/196 2675/34/196 2678/34/196
f 2676/34/277 2680/34/277 2679/34/277
f 2676/34/194 2677/34/194 2681/34/194
f 2677/34/278 2678/34/278 2682/34/278
f 2675/34/196 2679/34/196 2682/34/196
f 2679/34/277 2680/34/277 2684/34/277
f 2680/34/194 2681/34/194 2685/34/194
f 2682/34/278 2686/34/278 2685/34/278
f 2679/34/196 2683/34/196 2686/34/196
f 2683/34/277 2684/34/277 2688/34/277
f 2684/34/194 2685/34/194 2689/34/194
f 2686/34/278 2690/34/278 2689/34/278
f 2683/34/196 2687/34/196 2690/34/196
f 2687/34/277 2688/34/277 2692/34/277
f 2689/34/194 2693/34/194 2692/34/194
f 2690/34/278 2694/34/278 2693/34/278
f 2687/34/196 2691/34/196 2694/34/196
f 2691/34/277 2692/34/277 2696/34/277
f 2692/34/194 2693/34/194 2697/34/194
f 2694/34/278 2698/34/278 2697/34/278
f 2691/34/196 2695/34/196 2698/34/196
f 2695/34/277 2696/34/277 2700/34/277
f 2696/34/194 2697/34/194 2701/34/194
f 2698/34/278 2702/34/278 2701/34/278
f 2695/34/196 2699/34/196 2702/34/196
f 2699/34/277 2700/34/277 2704/34/277
f 2700/34/194 2701/34/194 2705/34/194
f 2701/34/278 2702/34/278 2706/34/278
f 2699/34/196 2703/34/196 2706/34/196
f 2703/34/409 2704/34/409 183/34/409
f 2705/34/410 186/34/410 183/34/410
f 2706/34/411 185/34/411 186/34/411
f 2706/34/412 2703/34/412 184/34/412
f 2708/34/283 2712/34/283 2711/34/283
f 2708/34/186 2709/34/186 2713/34/186
f 2710/34/284 2714/34/284 2713/34/284
f 2707/34/188 2711/34/188 2714/34/188
f 2712/34/283 2716/34/283 2715/34/283
f 2713/34/186 2717/34/186 2716/34/186
f 2713/34/284 2714/34/284 2718/34/284
f 2711/34/188 2715/34/188 2718/34/188
f 2715/34/283 2716/34/283 2720/34/283
f 2717/34/186 2721/34/186 2720/34/186
f 2718/34/284 2722/34/284 2721/34/284
f 2718/34/188 2715/34/188 2719/34/188
f 2720/34/283 2724/34/283 2723/34/283
f 2720/34/186 2721/34/186 2725/34/186
f 2722/34/284 2726/34/284 2725/34/284
f 2719/34/188 2723/34/188 2726/34/188
f 2724/34/283 2728/34/283 2727/34/283
f 2724/34/186 2725/34/186 2729/34/186
f 2726/34/284 2730/34/284 2729/34/284
f 2726/34/188 2723/34/188 2727/34/188
f 2728/34/283 2732/34/283 2731/34/283
f 2728/34/186 2729/34/186 2733/34/186
f 2729/34/284 2730/34/284 2734/34/284
f 2727/34/188 2731/34/188 2734/34/188
f 2732/34/283 2736/34/283 2735/34/283
f 2733/34/186 2737/34/186 2736/34/186
f 2733/34/284 2734/34/284 2738/34/284
f 2734/34/188 2731/34/188 2735/34/188
f 2736/34/283 2740/34/283 2739/34/283
f 2737/34/186 2741/34/186 2740/34/186
f 2737/34/284 2738/34/284 2742/34/284
f 2738/34/188 2735/34/188 2739/34/188
f 2740/34/283 2744/34/283 2743/34/283
f 2741/34/186 2745/34/186 2744/34/186
f 2741/34/284 2742/34/284 2746/34/284
f 2742/34/188 2739/34/188 2743/34/188
f 2743/34/283 2744/34/283 2748/34/283
f 2745/34/186 2749/34/186 2748/34/186
f 2746/34/284 2750/34/284 2749/34/284
f 2746/34/188 2743/34/188 2747/34/188
f 2747/34/283 2748/34/283 2752/34/283
f 2749/34/186 2753/34/186 2752/34/186
f 2749/34/284 2750/34/284 2754/34/284
f 2750/34/188 2747/34/188 2751/34/188
f 2752/34/283 2756/34/283 2755/34/283
f 2753/34/186 2757/34/186 2756/34/186
f 2754/34/284 2758/34/284 2757/34/284
f 2751/34/188 2755/34/188 2758/34/188
f 2755/34/283 2756/34/283 2760/34/283
f 2756/34/186 2757/34/186 2761/34/186
f 2758/34/284 2762/34/284 2761/34/284
f 2755/34/188 2759/34/188 2762/34/188
f 2759/34/283 2760/34/283 2764/34/283
f 2760/34/186 2761/34/186 2765/34/186
f 2762/34/284 2766/34/284 2765/34/284
f 2759/34/188 2763/34/188 2766/34/188
f 2764/34/283 2768/34/283 2767/34/283
f 2764/34/186 2765/34/186 2769/34/186
f 2765/34/284 2766/34/284 2770/34/284
f 2763/34/188 2767/34/188 2770/34/188
f 2767/34/283 2768/34/283 2772/34/283
f 2769/34/186 2773/34/186 2772/34/186
f 2770/34/284 2774/34/284 2773/34/284
f 2770/34/188 2767/34/188 2771/34/188
f 2772/34/283 2776/34/283 2775/34/283
f 2773/34/186 2777/34/186 2776/34/186
f 2774/34/284 2778/34/284 2777/34/284
f 2774/34/188 2771/34/188 2775/34/188
f 2775/34/283 2776/34/283 2780/34/283
f 2777/34/186 2781/34/186 2780/34/186
f 2778/34/284 2782/34/284 2781/34/284
f 2778/34/188 2775/34/188 2779/34/188
f 2780/34/283 2784/34/283 2783/34/283
f 2781/34/186 2785/34/186 2784/34/186
f 2782/34/284 2786/34/284 2785/34/284
f 2779/34/188 2783/34/188 2786/34/188
f 2784/34/283 2788/34/283 2787/34/283
f 2784/34/186 2785/34/186 2789/34/186
f 2786/34/284 2790/34/284 2789/34/284
f 2786/34/188 2783/34/188 2787/34/188
f 2788/34/413 183/34/413 184/34/413
f 2789/34/414 186/34/414 183/34/414
f 2789/34/415 2790/34/415 185/34/415
f 2790/34/416 2787/34/416 184/34/416
l 66 98
l 67 98
l 68 98
l 69 98
l 70 98
l 71 98
l 72 98
l 73 98
l 74 98
l 75 98
l 76 98
l 77 98
l 78 98
l 79 98
l 80 98
l 81 98
l 82 98
l 83 98
l 84 98
l 85 98
l 86 98
l 87 98
l 88 98
l 89 98
l 90 98
l 91 98
l 92 98
l 93 98
l 94 98
l 95 98
l 96 98
l 97 98
