# Blender 5.1.2
# www.blender.org
mtllib Sword.mtl
o 円柱
v -0.003298 -0.194274 -0.007111
v -0.003298 -0.194274 -0.007111
v -0.003298 -0.194274 -0.007111
v -0.003298 -0.194274 -0.007111
v -0.003298 -0.194274 -0.007111
v -0.003298 -0.194274 -0.007111
v -0.003298 -0.194274 -0.007111
v -0.003298 -0.194274 -0.007111
v -0.003298 -0.194274 -0.007111
v -0.003298 -0.194274 -0.007111
v -0.003298 -0.194274 -0.007111
v -0.003298 -0.194274 -0.007111
v -0.003298 -0.194274 -0.007111
v -0.003298 -0.194274 -0.007111
v -0.003298 -0.194274 -0.007111
v -0.003298 -0.194274 -0.007111
v -0.003298 -0.194274 -0.007111
v -0.003298 -0.194274 -0.007111
v -0.003298 -0.194274 -0.007111
v -0.085732 0.230965 0.000000
v -0.085732 0.230965 0.000000
v -0.085732 0.230965 0.000000
v -0.085732 0.230965 0.000000
v -0.084085 -0.261620 -0.016726
v -0.084085 -0.261620 -0.016726
v -0.084085 -0.261620 -0.016726
v -0.084085 0.230965 -0.016726
v -0.084085 0.230965 -0.016726
v -0.084085 0.230965 -0.016726
v -0.084085 0.230965 -0.016726
v -0.079206 -0.261620 -0.032808
v -0.079206 -0.261620 -0.032808
v -0.079206 -0.261620 -0.032808
v -0.079206 -0.261620 -0.032808
v -0.079206 0.230965 -0.032808
v -0.079206 0.230965 -0.032808
v -0.079206 0.230965 -0.032808
v -0.079206 0.230965 -0.032808
v -0.071284 -0.261620 -0.047630
v -0.071284 -0.261620 -0.047630
v -0.071284 -0.261620 -0.047630
v -0.071284 -0.261620 -0.047630
v -0.071284 0.230965 -0.047630
v -0.071284 0.230965 -0.047630
v -0.071284 0.230965 -0.047630
v -0.071284 0.230965 -0.047630
v -0.060622 -0.261620 -0.060622
v -0.060622 -0.261620 -0.060622
v -0.060622 -0.261620 -0.060622
v -0.060622 -0.261620 -0.060622
v -0.060622 0.230965 -0.060622
v -0.060622 0.230965 -0.060622
v -0.060622 0.230965 -0.060622
v -0.060622 0.230965 -0.060622
v -0.047630 -0.261620 -0.071284
v -0.047630 -0.261620 -0.071284
v -0.047630 -0.261620 -0.071284
v -0.047630 -0.261620 -0.071284
v -0.047630 0.230965 -0.071284
v -0.047630 0.230965 -0.071284
v -0.047630 0.230965 -0.071284
v -0.047630 0.230965 -0.071284
v -0.032808 -0.261620 -0.079206
v -0.032808 -0.261620 -0.079206
v -0.032808 -0.261620 -0.079206
v -0.032808 -0.261620 -0.079206
v -0.032808 0.230965 -0.079206
v -0.032808 0.230965 -0.079206
v -0.032808 0.230965 -0.079206
v -0.032808 0.230965 -0.079206
v -0.016726 -0.261620 -0.084085
v -0.016726 -0.261620 -0.084085
v -0.016726 -0.261620 -0.084085
v -0.016726 -0.261620 -0.084085
v -0.016726 0.230965 -0.084085
v -0.016726 0.230965 -0.084085
v -0.016726 0.230965 -0.084085
v -0.016726 0.230965 -0.084085
v -0.000000 -0.261620 -0.085732
v -0.000000 -0.261620 -0.085732
v -0.000000 -0.261620 -0.085732
v -0.000000 -0.261620 -0.085732
v -0.000000 0.230965 -0.085732
v -0.000000 0.230965 -0.085732
v -0.000000 0.230965 -0.085732
v -0.000000 0.230965 -0.085732
v 0.016726 -0.261620 -0.084085
v 0.016726 -0.261620 -0.084085
v 0.016726 -0.261620 -0.084085
v 0.016726 -0.261620 -0.084085
v 0.016726 0.230965 -0.084085
v 0.016726 0.230965 -0.084085
v 0.016726 0.230965 -0.084085
v 0.016726 0.230965 -0.084085
v 0.032808 -0.261620 -0.079206
v 0.032808 -0.261620 -0.079206
v 0.032808 -0.261620 -0.079206
v 0.032808 -0.261620 -0.079206
v 0.032808 0.230965 -0.079206
v 0.032808 0.230965 -0.079206
v 0.032808 0.230965 -0.079206
v 0.032808 0.230965 -0.079206
v 0.047630 -0.261620 -0.071284
v 0.047630 -0.261620 -0.071284
v 0.047630 -0.261620 -0.071284
v 0.047630 -0.261620 -0.071284
v 0.047630 -0.261620 -0.071284
v 0.047630 0.230965 -0.071284
v 0.047630 0.230965 -0.071284
v 0.047630 0.230965 -0.071284
v 0.047630 0.230965 -0.071284
v 0.060622 -0.261620 -0.060622
v 0.060622 -0.261620 -0.060622
v 0.060622 -0.261620 -0.060622
v 0.060622 -0.261620 -0.060622
v 0.060622 0.230965 -0.060622
v 0.060622 0.230965 -0.060622
v 0.060622 0.230965 -0.060622
v 0.060622 0.230965 -0.060622
v 0.071284 -0.261620 -0.047630
v 0.071284 -0.261620 -0.047630
v 0.071284 -0.261620 -0.047630
v 0.071284 -0.261620 -0.047630
v 0.071284 0.230965 -0.047630
v 0.071284 0.230965 -0.047630
v 0.071284 0.230965 -0.047630
v 0.071284 0.230965 -0.047630
v 0.079206 -0.261620 -0.032808
v 0.079206 -0.261620 -0.032808
v 0.079206 -0.261620 -0.032808
v 0.079206 -0.261620 -0.032808
v 0.079206 0.230965 -0.032808
v 0.079206 0.230965 -0.032808
v 0.079206 0.230965 -0.032808
v 0.079206 0.230965 -0.032808
v 0.084085 -0.261620 -0.016726
v 0.084085 -0.261620 -0.016726
v 0.084085 -0.261620 -0.016726
v 0.084085 0.230965 -0.016726
v 0.084085 0.230965 -0.016726
v 0.084085 0.230965 -0.016726
v 0.084085 0.230965 -0.016726
v 0.007528 -0.185298 -0.000000
v 0.007528 -0.185298 -0.000000
v 0.007528 -0.185298 -0.000000
v 0.007528 -0.185298 -0.000000
v 0.007528 -0.185298 -0.000000
v 0.007528 -0.185298 -0.000000
v 0.007528 -0.185298 -0.000000
v 0.007528 -0.185298 -0.000000
v 0.007528 -0.185298 -0.000000
v 0.007528 -0.185298 -0.000000
v 0.007528 -0.185298 -0.000000
v 0.007528 -0.185298 -0.000000
v 0.007528 -0.185298 -0.000000
v 0.007528 -0.185298 -0.000000
v 0.007528 -0.185298 -0.000000
v 0.007528 -0.185298 -0.000000
v 0.007528 -0.185298 -0.000000
v 0.007528 -0.185298 -0.000000
v 0.007528 -0.185298 -0.000000
v 0.007528 -0.185298 -0.000000
v 0.085732 0.230965 -0.000000
v 0.085732 0.230965 -0.000000
v 0.085732 0.230965 -0.000000
v 0.085732 0.230965 -0.000000
v 0.084085 -0.261620 0.016726
v 0.084085 -0.261620 0.016726
v 0.084085 -0.261620 0.016726
v 0.084085 0.230965 0.016726
v 0.084085 0.230965 0.016726
v 0.084085 0.230965 0.016726
v 0.084085 0.230965 0.016726
v 0.079206 -0.261620 0.032808
v 0.079206 -0.261620 0.032808
v 0.079206 -0.261620 0.032808
v 0.079206 -0.261620 0.032808
v 0.079206 0.230965 0.032808
v 0.079206 0.230965 0.032808
v 0.079206 0.230965 0.032808
v 0.079206 0.230965 0.032808
v 0.071284 -0.261620 0.047630
v 0.071284 -0.261620 0.047630
v 0.071284 -0.261620 0.047630
v 0.071284 -0.261620 0.047630
v 0.071284 0.230965 0.047630
v 0.071284 0.230965 0.047630
v 0.071284 0.230965 0.047630
v 0.071284 0.230965 0.047630
v 0.060622 -0.261620 0.060622
v 0.060622 -0.261620 0.060622
v 0.060622 -0.261620 0.060622
v 0.060622 -0.261620 0.060622
v 0.060622 0.230965 0.060622
v 0.060622 0.230965 0.060622
v 0.060622 0.230965 0.060622
v 0.060622 0.230965 0.060622
v 0.047630 -0.261620 0.071284
v 0.047630 -0.261620 0.071284
v 0.047630 -0.261620 0.071284
v 0.047630 -0.261620 0.071284
v 0.047630 0.230965 0.071284
v 0.047630 0.230965 0.071284
v 0.047630 0.230965 0.071284
v 0.047630 0.230965 0.071284
v 0.032808 -0.261620 0.079206
v 0.032808 -0.261620 0.079206
v 0.032808 -0.261620 0.079206
v 0.032808 -0.261620 0.079206
v 0.032808 0.230965 0.079206
v 0.032808 0.230965 0.079206
v 0.032808 0.230965 0.079206
v 0.032808 0.230965 0.079206
v 0.016726 -0.261620 0.084085
v 0.016726 -0.261620 0.084085
v 0.016726 -0.261620 0.084085
v 0.016726 -0.261620 0.084085
v 0.016726 0.230965 0.084085
v 0.016726 0.230965 0.084085
v 0.016726 0.230965 0.084085
v 0.016726 0.230965 0.084085
v 0.000000 -0.261620 0.085732
v 0.000000 -0.261620 0.085732
v 0.000000 -0.261620 0.085732
v 0.000000 -0.261620 0.085732
v 0.000000 0.230965 0.085732
v 0.000000 0.230965 0.085732
v 0.000000 0.230965 0.085732
v 0.000000 0.230965 0.085732
v -0.016726 -0.261620 0.084085
v -0.016726 -0.261620 0.084085
v -0.016726 -0.261620 0.084085
v -0.016726 -0.261620 0.084085
v -0.016726 0.230965 0.084085
v -0.016726 0.230965 0.084085
v -0.016726 0.230965 0.084085
v -0.016726 0.230965 0.084085
v -0.032808 -0.261620 0.079206
v -0.032808 -0.261620 0.079206
v -0.032808 -0.261620 0.079206
v -0.032808 -0.261620 0.079206
v -0.032808 0.230965 0.079206
v -0.032808 0.230965 0.079206
v -0.032808 0.230965 0.079206
v -0.032808 0.230965 0.079206
v -0.047630 -0.261620 0.071284
v -0.047630 -0.261620 0.071284
v -0.047630 -0.261620 0.071284
v -0.047630 -0.261620 0.071284
v -0.047630 -0.261620 0.071284
v -0.047630 0.230965 0.071284
v -0.047630 0.230965 0.071284
v -0.047630 0.230965 0.071284
v -0.047630 0.230965 0.071284
v -0.060622 -0.261620 0.060622
v -0.060622 -0.261620 0.060622
v -0.060622 -0.261620 0.060622
v -0.060622 -0.261620 0.060622
v -0.060622 0.230965 0.060622
v -0.060622 0.230965 0.060622
v -0.060622 0.230965 0.060622
v -0.060622 0.230965 0.060622
v -0.071284 -0.261620 0.047630
v -0.071284 -0.261620 0.047630
v -0.071284 -0.261620 0.047630
v -0.071284 -0.261620 0.047630
v -0.071284 0.230965 0.047630
v -0.071284 0.230965 0.047630
v -0.071284 0.230965 0.047630
v -0.071284 0.230965 0.047630
v -0.079206 -0.261620 0.032808
v -0.079206 -0.261620 0.032808
v -0.079206 -0.261620 0.032808
v -0.079206 -0.261620 0.032808
v -0.079206 0.230965 0.032808
v -0.079206 0.230965 0.032808
v -0.079206 0.230965 0.032808
v -0.079206 0.230965 0.032808
v -0.084085 -0.261620 0.016726
v -0.084085 -0.261620 0.016726
v -0.084085 -0.261620 0.016726
v -0.084085 -0.261620 0.016726
v -0.084085 0.230965 0.016726
v -0.084085 0.230965 0.016726
v -0.084085 0.230965 0.016726
v -0.084085 0.230965 0.016726
v -0.151518 -0.271430 0.000000
v -0.151518 -0.271430 0.000000
v -0.151518 -0.271430 0.000000
v -0.151518 -0.271430 0.000000
v -0.151518 -0.271430 0.000000
v -0.051631 -0.224936 -0.010270
v -0.051631 -0.224936 -0.010270
v -0.051631 -0.224936 -0.010270
v -0.051631 -0.224936 -0.010270
v -0.051631 -0.224936 -0.010270
v -0.051631 -0.224936 -0.010270
v -0.051631 -0.224936 -0.010270
v -0.048635 -0.224936 -0.020145
v -0.048635 -0.224936 -0.020145
v -0.048635 -0.224936 -0.020145
v -0.048635 -0.224936 -0.020145
v -0.048635 -0.224936 -0.020145
v -0.043771 -0.224936 -0.029247
v -0.043771 -0.224936 -0.029247
v -0.043771 -0.224936 -0.029247
v -0.043771 -0.224936 -0.029247
v -0.043771 -0.224936 -0.029247
v -0.037224 -0.224936 -0.037224
v -0.037224 -0.224936 -0.037224
v -0.037224 -0.224936 -0.037224
v -0.037224 -0.224936 -0.037224
v -0.037224 -0.224936 -0.037224
v -0.029247 -0.224936 -0.043771
v -0.029247 -0.224936 -0.043771
v -0.029247 -0.224936 -0.043771
v -0.029247 -0.224936 -0.043771
v -0.029247 -0.224936 -0.043771
v -0.020145 -0.224936 -0.048635
v -0.020145 -0.224936 -0.048635
v -0.020145 -0.224936 -0.048635
v -0.020145 -0.224936 -0.048635
v -0.020145 -0.224936 -0.048635
v -0.010270 -0.224936 -0.051631
v -0.010270 -0.224936 -0.051631
v -0.010270 -0.224936 -0.051631
v -0.010270 -0.224936 -0.051631
v -0.010270 -0.224936 -0.051631
v -0.000000 -0.224936 -0.052643
v -0.000000 -0.224936 -0.052643
v -0.000000 -0.224936 -0.052643
v -0.000000 -0.224936 -0.052643
v -0.000000 -0.224936 -0.052643
v 0.010270 -0.224936 -0.051631
v 0.010270 -0.224936 -0.051631
v 0.010270 -0.224936 -0.051631
v 0.010270 -0.224936 -0.051631
v 0.010270 -0.224936 -0.051631
v 0.020145 -0.224936 -0.048635
v 0.020145 -0.224936 -0.048635
v 0.020145 -0.224936 -0.048635
v 0.020145 -0.224936 -0.048635
v 0.020145 -0.224936 -0.048635
v 0.029247 -0.224936 -0.043771
v 0.029247 -0.224936 -0.043771
v 0.029247 -0.224936 -0.043771
v 0.029247 -0.224936 -0.043771
v 0.029247 -0.224936 -0.043771
v 0.037224 -0.224936 -0.037224
v 0.037224 -0.224936 -0.037224
v 0.037224 -0.224936 -0.037224
v 0.037224 -0.224936 -0.037224
v 0.037224 -0.224936 -0.037224
v 0.043771 -0.224936 -0.029247
v 0.043771 -0.224936 -0.029247
v 0.043771 -0.224936 -0.029247
v 0.043771 -0.224936 -0.029247
v 0.043771 -0.224936 -0.029247
v 0.048635 -0.224936 -0.020145
v 0.048635 -0.224936 -0.020145
v 0.048635 -0.224936 -0.020145
v 0.048635 -0.224936 -0.020145
v 0.048635 -0.224936 -0.020145
v 0.051631 -0.224936 -0.010270
v 0.051631 -0.224936 -0.010270
v 0.051631 -0.224936 -0.010270
v 0.051631 -0.224936 -0.010270
v 0.051631 -0.224936 -0.010270
v 0.051631 -0.224936 -0.010270
v 0.164186 -0.274144 -0.000000
v 0.164186 -0.274144 -0.000000
v 0.164186 -0.274144 -0.000000
v 0.164186 -0.274144 -0.000000
v 0.051631 -0.224936 0.010270
v 0.051631 -0.224936 0.010270
v 0.051631 -0.224936 0.010270
v 0.051631 -0.224936 0.010270
v 0.051631 -0.224936 0.010270
v 0.051631 -0.224936 0.010270
v 0.051631 -0.224936 0.010270
v 0.048635 -0.224936 0.020145
v 0.048635 -0.224936 0.020145
v 0.048635 -0.224936 0.020145
v 0.048635 -0.224936 0.020145
v 0.048635 -0.224936 0.020145
v 0.043771 -0.224936 0.029247
v 0.043771 -0.224936 0.029247
v 0.043771 -0.224936 0.029247
v 0.043771 -0.224936 0.029247
v 0.043771 -0.224936 0.029247
v 0.037224 -0.224936 0.037224
v 0.037224 -0.224936 0.037224
v 0.037224 -0.224936 0.037224
v 0.037224 -0.224936 0.037224
v 0.037224 -0.224936 0.037224
v 0.029247 -0.224936 0.043771
v 0.029247 -0.224936 0.043771
v 0.029247 -0.224936 0.043771
v 0.029247 -0.224936 0.043771
v 0.029247 -0.224936 0.043771
v 0.020145 -0.224936 0.048635
v 0.020145 -0.224936 0.048635
v 0.020145 -0.224936 0.048635
v 0.020145 -0.224936 0.048635
v 0.020145 -0.224936 0.048635
v 0.010270 -0.224936 0.051631
v 0.010270 -0.224936 0.051631
v 0.010270 -0.224936 0.051631
v 0.010270 -0.224936 0.051631
v 0.010270 -0.224936 0.051631
v 0.000000 -0.224936 0.052643
v 0.000000 -0.224936 0.052643
v 0.000000 -0.224936 0.052643
v 0.000000 -0.224936 0.052643
v 0.000000 -0.224936 0.052643
v -0.010270 -0.224936 0.051631
v -0.010270 -0.224936 0.051631
v -0.010270 -0.224936 0.051631
v -0.010270 -0.224936 0.051631
v -0.010270 -0.224936 0.051631
v -0.020145 -0.224936 0.048635
v -0.020145 -0.224936 0.048635
v -0.020145 -0.224936 0.048635
v -0.020145 -0.224936 0.048635
v -0.020145 -0.224936 0.048635
v -0.029247 -0.224936 0.043771
v -0.029247 -0.224936 0.043771
v -0.029247 -0.224936 0.043771
v -0.029247 -0.224936 0.043771
v -0.029247 -0.224936 0.043771
v -0.037224 -0.224936 0.037224
v -0.037224 -0.224936 0.037224
v -0.037224 -0.224936 0.037224
v -0.037224 -0.224936 0.037224
v -0.037224 -0.224936 0.037224
v -0.043771 -0.224936 0.029247
v -0.043771 -0.224936 0.029247
v -0.043771 -0.224936 0.029247
v -0.043771 -0.224936 0.029247
v -0.043771 -0.224936 0.029247
v -0.048635 -0.224936 0.020145
v -0.048635 -0.224936 0.020145
v -0.048635 -0.224936 0.020145
v -0.048635 -0.224936 0.020145
v -0.048635 -0.224936 0.020145
v -0.051631 -0.224936 0.010270
v -0.051631 -0.224936 0.010270
v -0.051631 -0.224936 0.010270
v -0.051631 -0.224936 0.010270
v -0.051631 -0.224936 0.010270
v -0.069188 0.003014 0.000000
v -0.069188 0.003014 0.000000
v -0.069188 0.003014 0.000000
v -0.069188 0.003014 0.000000
v -0.069188 0.003014 0.000000
v -0.069188 0.003014 0.000000
v -0.067858 0.003014 -0.013498
v -0.067858 0.003014 -0.013498
v -0.067858 0.003014 -0.013498
v -0.067858 0.003014 -0.013498
v -0.067858 0.003014 -0.013498
v -0.067858 0.003014 -0.013498
v -0.063921 0.003014 -0.026477
v -0.063921 0.003014 -0.026477
v -0.063921 0.003014 -0.026477
v -0.063921 0.003014 -0.026477
v -0.063921 0.003014 -0.026477
v -0.063921 0.003014 -0.026477
v -0.057527 0.003014 -0.038439
v -0.057527 0.003014 -0.038439
v -0.057527 0.003014 -0.038439
v -0.057527 0.003014 -0.038439
v -0.057527 0.003014 -0.038439
v -0.057527 0.003014 -0.038439
v -0.048923 0.003014 -0.048923
v -0.048923 0.003014 -0.048923
v -0.048923 0.003014 -0.048923
v -0.048923 0.003014 -0.048923
v -0.048923 0.003014 -0.048923
v -0.048923 0.003014 -0.048923
v -0.038439 0.003014 -0.057527
v -0.038439 0.003014 -0.057527
v -0.038439 0.003014 -0.057527
v -0.038439 0.003014 -0.057527
v -0.038439 0.003014 -0.057527
v -0.038439 0.003014 -0.057527
v -0.026477 0.003014 -0.063921
v -0.026477 0.003014 -0.063921
v -0.026477 0.003014 -0.063921
v -0.026477 0.003014 -0.063921
v -0.026477 0.003014 -0.063921
v -0.026477 0.003014 -0.063921
v -0.013498 0.003014 -0.067858
v -0.013498 0.003014 -0.067858
v -0.013498 0.003014 -0.067858
v -0.013498 0.003014 -0.067858
v -0.013498 0.003014 -0.067858
v -0.013498 0.003014 -0.067858
v -0.000000 0.003014 -0.069188
v -0.000000 0.003014 -0.069188
v -0.000000 0.003014 -0.069188
v -0.000000 0.003014 -0.069188
v -0.000000 0.003014 -0.069188
v -0.000000 0.003014 -0.069188
v 0.013498 0.003014 -0.067858
v 0.013498 0.003014 -0.067858
v 0.013498 0.003014 -0.067858
v 0.013498 0.003014 -0.067858
v 0.013498 0.003014 -0.067858
v 0.013498 0.003014 -0.067858
v 0.026477 0.003014 -0.063921
v 0.026477 0.003014 -0.063921
v 0.026477 0.003014 -0.063921
v 0.026477 0.003014 -0.063921
v 0.026477 0.003014 -0.063921
v 0.026477 0.003014 -0.063921
v 0.038439 0.003014 -0.057527
v 0.038439 0.003014 -0.057527
v 0.038439 0.003014 -0.057527
v 0.038439 0.003014 -0.057527
v 0.038439 0.003014 -0.057527
v 0.038439 0.003014 -0.057527
v 0.048923 0.003014 -0.048923
v 0.048923 0.003014 -0.048923
v 0.048923 0.003014 -0.048923
v 0.048923 0.003014 -0.048923
v 0.048923 0.003014 -0.048923
v 0.048923 0.003014 -0.048923
v 0.057527 0.003014 -0.038439
v 0.057527 0.003014 -0.038439
v 0.057527 0.003014 -0.038439
v 0.057527 0.003014 -0.038439
v 0.057527 0.003014 -0.038439
v 0.057527 0.003014 -0.038439
v 0.063921 0.003014 -0.026477
v 0.063921 0.003014 -0.026477
v 0.063921 0.003014 -0.026477
v 0.063921 0.003014 -0.026477
v 0.063921 0.003014 -0.026477
v 0.063921 0.003014 -0.026477
v 0.067858 0.003014 -0.013498
v 0.067858 0.003014 -0.013498
v 0.067858 0.003014 -0.013498
v 0.067858 0.003014 -0.013498
v 0.067858 0.003014 -0.013498
v 0.067858 0.003014 -0.013498
v 0.069188 0.003014 -0.000000
v 0.069188 0.003014 -0.000000
v 0.069188 0.003014 -0.000000
v 0.069188 0.003014 -0.000000
v 0.069188 0.003014 -0.000000
v 0.069188 0.003014 -0.000000
v 0.067858 0.003014 0.013498
v 0.067858 0.003014 0.013498
v 0.067858 0.003014 0.013498
v 0.067858 0.003014 0.013498
v 0.067858 0.003014 0.013498
v 0.067858 0.003014 0.013498
v 0.063921 0.003014 0.026477
v 0.063921 0.003014 0.026477
v 0.063921 0.003014 0.026477
v 0.063921 0.003014 0.026477
v 0.063921 0.003014 0.026477
v 0.063921 0.003014 0.026477
v 0.057527 0.003014 0.038439
v 0.057527 0.003014 0.038439
v 0.057527 0.003014 0.038439
v 0.057527 0.003014 0.038439
v 0.057527 0.003014 0.038439
v 0.057527 0.003014 0.038439
v 0.048923 0.003014 0.048923
v 0.048923 0.003014 0.048923
v 0.048923 0.003014 0.048923
v 0.048923 0.003014 0.048923
v 0.048923 0.003014 0.048923
v 0.048923 0.003014 0.048923
v 0.038439 0.003014 0.057527
v 0.038439 0.003014 0.057527
v 0.038439 0.003014 0.057527
v 0.038439 0.003014 0.057527
v 0.038439 0.003014 0.057527
v 0.038439 0.003014 0.057527
v 0.026477 0.003014 0.063921
v 0.026477 0.003014 0.063921
v 0.026477 0.003014 0.063921
v 0.026477 0.003014 0.063921
v 0.026477 0.003014 0.063921
v 0.026477 0.003014 0.063921
v 0.013498 0.003014 0.067858
v 0.013498 0.003014 0.067858
v 0.013498 0.003014 0.067858
v 0.013498 0.003014 0.067858
v 0.013498 0.003014 0.067858
v 0.013498 0.003014 0.067858
v 0.000000 0.003014 0.069188
v 0.000000 0.003014 0.069188
v 0.000000 0.003014 0.069188
v 0.000000 0.003014 0.069188
v 0.000000 0.003014 0.069188
v 0.000000 0.003014 0.069188
v -0.013498 0.003014 0.067858
v -0.013498 0.003014 0.067858
v -0.013498 0.003014 0.067858
v -0.013498 0.003014 0.067858
v -0.013498 0.003014 0.067858
v -0.013498 0.003014 0.067858
v -0.026477 0.003014 0.063921
v -0.026477 0.003014 0.063921
v -0.026477 0.003014 0.063921
v -0.026477 0.003014 0.063921
v -0.026477 0.003014 0.063921
v -0.026477 0.003014 0.063921
v -0.038439 0.003014 0.057527
v -0.038439 0.003014 0.057527
v -0.038439 0.003014 0.057527
v -0.038439 0.003014 0.057527
v -0.038439 0.003014 0.057527
v -0.038439 0.003014 0.057527
v -0.048923 0.003014 0.048923
v -0.048923 0.003014 0.048923
v -0.048923 0.003014 0.048923
v -0.048923 0.003014 0.048923
v -0.048923 0.003014 0.048923
v -0.048923 0.003014 0.048923
v -0.057527 0.003014 0.038439
v -0.057527 0.003014 0.038439
v -0.057527 0.003014 0.038439
v -0.057527 0.003014 0.038439
v -0.057527 0.003014 0.038439
v -0.057527 0.003014 0.038439
v -0.063921 0.003014 0.026477
v -0.063921 0.003014 0.026477
v -0.063921 0.003014 0.026477
v -0.063921 0.003014 0.026477
v -0.063921 0.003014 0.026477
v -0.063921 0.003014 0.026477
v -0.067858 0.003014 0.013498
v -0.067858 0.003014 0.013498
v -0.067858 0.003014 0.013498
v -0.067858 0.003014 0.013498
v -0.067858 0.003014 0.013498
v -0.067858 0.003014 0.013498
v -0.059745 -0.110961 -0.011884
v -0.059745 -0.110961 -0.011884
v -0.059745 -0.110961 -0.011884
v -0.059745 -0.110961 -0.011884
v -0.059745 -0.110961 -0.011884
v -0.059745 -0.110961 -0.011884
v -0.056278 -0.110961 -0.023311
v -0.056278 -0.110961 -0.023311
v -0.056278 -0.110961 -0.023311
v -0.056278 -0.110961 -0.023311
v -0.056278 -0.110961 -0.023311
v -0.056278 -0.110961 -0.023311
v -0.050649 -0.110961 -0.033843
v -0.050649 -0.110961 -0.033843
v -0.050649 -0.110961 -0.033843
v -0.050649 -0.110961 -0.033843
v -0.050649 -0.110961 -0.033843
v -0.050649 -0.110961 -0.033843
v -0.043073 -0.110961 -0.043073
v -0.043073 -0.110961 -0.043073
v -0.043073 -0.110961 -0.043073
v -0.043073 -0.110961 -0.043073
v -0.043073 -0.110961 -0.043073
v -0.043073 -0.110961 -0.043073
v -0.033843 -0.110961 -0.050649
v -0.033843 -0.110961 -0.050649
v -0.033843 -0.110961 -0.050649
v -0.033843 -0.110961 -0.050649
v -0.033843 -0.110961 -0.050649
v -0.033843 -0.110961 -0.050649
v -0.023311 -0.110961 -0.056278
v -0.023311 -0.110961 -0.056278
v -0.023311 -0.110961 -0.056278
v -0.023311 -0.110961 -0.056278
v -0.023311 -0.110961 -0.056278
v -0.023311 -0.110961 -0.056278
v -0.011884 -0.110961 -0.059745
v -0.011884 -0.110961 -0.059745
v -0.011884 -0.110961 -0.059745
v -0.011884 -0.110961 -0.059745
v -0.011884 -0.110961 -0.059745
v -0.011884 -0.110961 -0.059745
v -0.000000 -0.110961 -0.060915
v -0.000000 -0.110961 -0.060915
v -0.000000 -0.110961 -0.060915
v -0.000000 -0.110961 -0.060915
v -0.000000 -0.110961 -0.060915
v -0.000000 -0.110961 -0.060915
v 0.011884 -0.110961 -0.059745
v 0.011884 -0.110961 -0.059745
v 0.011884 -0.110961 -0.059745
v 0.011884 -0.110961 -0.059745
v 0.011884 -0.110961 -0.059745
v 0.011884 -0.110961 -0.059745
v 0.023311 -0.110961 -0.056278
v 0.023311 -0.110961 -0.056278
v 0.023311 -0.110961 -0.056278
v 0.023311 -0.110961 -0.056278
v 0.023311 -0.110961 -0.056278
v 0.023311 -0.110961 -0.056278
v 0.033843 -0.110961 -0.050649
v 0.033843 -0.110961 -0.050649
v 0.033843 -0.110961 -0.050649
v 0.033843 -0.110961 -0.050649
v 0.033843 -0.110961 -0.050649
v 0.033843 -0.110961 -0.050649
v 0.043073 -0.110961 -0.043073
v 0.043073 -0.110961 -0.043073
v 0.043073 -0.110961 -0.043073
v 0.043073 -0.110961 -0.043073
v 0.043073 -0.110961 -0.043073
v 0.043073 -0.110961 -0.043073
v 0.050649 -0.110961 -0.033843
v 0.050649 -0.110961 -0.033843
v 0.050649 -0.110961 -0.033843
v 0.050649 -0.110961 -0.033843
v 0.050649 -0.110961 -0.033843
v 0.050649 -0.110961 -0.033843
v 0.056278 -0.110961 -0.023311
v 0.056278 -0.110961 -0.023311
v 0.056278 -0.110961 -0.023311
v 0.056278 -0.110961 -0.023311
v 0.056278 -0.110961 -0.023311
v 0.056278 -0.110961 -0.023311
v 0.059745 -0.110961 -0.011884
v 0.059745 -0.110961 -0.011884
v 0.059745 -0.110961 -0.011884
v 0.059745 -0.110961 -0.011884
v 0.059745 -0.110961 -0.011884
v 0.059745 -0.110961 -0.011884
v 0.060915 -0.110961 -0.000000
v 0.060915 -0.110961 -0.000000
v 0.060915 -0.110961 -0.000000
v 0.060915 -0.110961 -0.000000
v 0.060915 -0.110961 -0.000000
v 0.060915 -0.110961 -0.000000
v 0.059745 -0.110961 0.011884
v 0.059745 -0.110961 0.011884
v 0.059745 -0.110961 0.011884
v 0.059745 -0.110961 0.011884
v 0.059745 -0.110961 0.011884
v 0.059745 -0.110961 0.011884
v 0.056278 -0.110961 0.023311
v 0.056278 -0.110961 0.023311
v 0.056278 -0.110961 0.023311
v 0.056278 -0.110961 0.023311
v 0.056278 -0.110961 0.023311
v 0.056278 -0.110961 0.023311
v 0.050649 -0.110961 0.033843
v 0.050649 -0.110961 0.033843
v 0.050649 -0.110961 0.033843
v 0.050649 -0.110961 0.033843
v 0.050649 -0.110961 0.033843
v 0.050649 -0.110961 0.033843
v 0.043073 -0.110961 0.043073
v 0.043073 -0.110961 0.043073
v 0.043073 -0.110961 0.043073
v 0.043073 -0.110961 0.043073
v 0.043073 -0.110961 0.043073
v 0.043073 -0.110961 0.043073
v 0.033843 -0.110961 0.050649
v 0.033843 -0.110961 0.050649
v 0.033843 -0.110961 0.050649
v 0.033843 -0.110961 0.050649
v 0.033843 -0.110961 0.050649
v 0.033843 -0.110961 0.050649
v 0.023311 -0.110961 0.056278
v 0.023311 -0.110961 0.056278
v 0.023311 -0.110961 0.056278
v 0.023311 -0.110961 0.056278
v 0.023311 -0.110961 0.056278
v 0.023311 -0.110961 0.056278
v 0.011884 -0.110961 0.059745
v 0.011884 -0.110961 0.059745
v 0.011884 -0.110961 0.059745
v 0.011884 -0.110961 0.059745
v 0.011884 -0.110961 0.059745
v 0.011884 -0.110961 0.059745
v 0.000000 -0.110961 0.060915
v 0.000000 -0.110961 0.060915
v 0.000000 -0.110961 0.060915
v 0.000000 -0.110961 0.060915
v 0.000000 -0.110961 0.060915
v 0.000000 -0.110961 0.060915
v -0.011884 -0.110961 0.059745
v -0.011884 -0.110961 0.059745
v -0.011884 -0.110961 0.059745
v -0.011884 -0.110961 0.059745
v -0.011884 -0.110961 0.059745
v -0.011884 -0.110961 0.059745
v -0.023311 -0.110961 0.056278
v -0.023311 -0.110961 0.056278
v -0.023311 -0.110961 0.056278
v -0.023311 -0.110961 0.056278
v -0.023311 -0.110961 0.056278
v -0.023311 -0.110961 0.056278
v -0.033843 -0.110961 0.050649
v -0.033843 -0.110961 0.050649
v -0.033843 -0.110961 0.050649
v -0.033843 -0.110961 0.050649
v -0.033843 -0.110961 0.050649
v -0.033843 -0.110961 0.050649
v -0.043073 -0.110961 0.043073
v -0.043073 -0.110961 0.043073
v -0.043073 -0.110961 0.043073
v -0.043073 -0.110961 0.043073
v -0.043073 -0.110961 0.043073
v -0.043073 -0.110961 0.043073
v -0.050649 -0.110961 0.033843
v -0.050649 -0.110961 0.033843
v -0.050649 -0.110961 0.033843
v -0.050649 -0.110961 0.033843
v -0.050649 -0.110961 0.033843
v -0.050649 -0.110961 0.033843
v -0.056278 -0.110961 0.023311
v -0.056278 -0.110961 0.023311
v -0.056278 -0.110961 0.023311
v -0.056278 -0.110961 0.023311
v -0.056278 -0.110961 0.023311
v -0.056278 -0.110961 0.023311
v -0.059745 -0.110961 0.011884
v -0.059745 -0.110961 0.011884
v -0.059745 -0.110961 0.011884
v -0.059745 -0.110961 0.011884
v -0.059745 -0.110961 0.011884
v -0.059745 -0.110961 0.011884
v -0.060915 -0.110961 0.000000
v -0.060915 -0.110961 0.000000
v -0.060915 -0.110961 0.000000
v -0.060915 -0.110961 0.000000
v -0.060915 -0.110961 0.000000
v -0.060915 -0.110961 0.000000
v 0.004646 -0.167948 -0.056588
v 0.004646 -0.167948 -0.056588
v 0.004646 -0.167948 -0.056588
v 0.004646 -0.167948 -0.056588
v 0.004646 -0.167948 -0.056588
v 0.015597 -0.167948 -0.054595
v 0.015597 -0.167948 -0.054595
v 0.015597 -0.167948 -0.054595
v 0.015597 -0.167948 -0.054595
v 0.015597 -0.167948 -0.054595
v 0.015597 -0.167948 -0.054595
v 0.025948 -0.167948 -0.050503
v 0.025948 -0.167948 -0.050503
v 0.025948 -0.167948 -0.050503
v 0.025948 -0.167948 -0.050503
v 0.025948 -0.167948 -0.050503
v 0.025948 -0.167948 -0.050503
v 0.035302 -0.167948 -0.044470
v 0.035302 -0.167948 -0.044470
v 0.035302 -0.167948 -0.044470
v 0.035302 -0.167948 -0.044470
v 0.035302 -0.167948 -0.044470
v 0.035302 -0.167948 -0.044470
v 0.043299 -0.167948 -0.036729
v 0.043299 -0.167948 -0.036729
v 0.043299 -0.167948 -0.036729
v 0.043299 -0.167948 -0.036729
v 0.043299 -0.167948 -0.036729
v 0.043299 -0.167948 -0.036729
v 0.049633 -0.167948 -0.027576
v 0.049633 -0.167948 -0.027576
v 0.049633 -0.167948 -0.027576
v 0.049633 -0.167948 -0.027576
v 0.049633 -0.167948 -0.027576
v 0.049633 -0.167948 -0.027576
v 0.054059 -0.167948 -0.017363
v 0.054059 -0.167948 -0.017363
v 0.054059 -0.167948 -0.017363
v 0.054059 -0.167948 -0.017363
v 0.054059 -0.167948 -0.017363
v 0.054059 -0.167948 -0.017363
v 0.056408 -0.167948 -0.006483
v 0.056408 -0.167948 -0.006483
v 0.056408 -0.167948 -0.006483
v 0.056408 -0.167948 -0.006483
v 0.056408 -0.167948 -0.006483
v 0.056408 -0.167948 -0.006483
v 0.056588 -0.167948 0.004646
v 0.056588 -0.167948 0.004646
v 0.056588 -0.167948 0.004646
v 0.056588 -0.167948 0.004646
v 0.056588 -0.167948 0.004646
v 0.056588 -0.167948 0.004646
v 0.054595 -0.167948 0.015597
v 0.054595 -0.167948 0.015597
v 0.054595 -0.167948 0.015597
v 0.054595 -0.167948 0.015597
v 0.054595 -0.167948 0.015597
v 0.054595 -0.167948 0.015597
v 0.050503 -0.167948 0.025948
v 0.050503 -0.167948 0.025948
v 0.050503 -0.167948 0.025948
v 0.050503 -0.167948 0.025948
v 0.050503 -0.167948 0.025948
v 0.050503 -0.167948 0.025948
v 0.044470 -0.167948 0.035302
v 0.044470 -0.167948 0.035302
v 0.044470 -0.167948 0.035302
v 0.044470 -0.167948 0.035302
v 0.044470 -0.167948 0.035302
v 0.044470 -0.167948 0.035302
v 0.036729 -0.167948 0.043299
v 0.036729 -0.167948 0.043299
v 0.036729 -0.167948 0.043299
v 0.036729 -0.167948 0.043299
v 0.036729 -0.167948 0.043299
v 0.036729 -0.167948 0.043299
v 0.027576 -0.167948 0.049633
v 0.027576 -0.167948 0.049633
v 0.027576 -0.167948 0.049633
v 0.027576 -0.167948 0.049633
v 0.027576 -0.167948 0.049633
v 0.027576 -0.167948 0.049633
v 0.017363 -0.167948 0.054059
v 0.017363 -0.167948 0.054059
v 0.017363 -0.167948 0.054059
v 0.017363 -0.167948 0.054059
v 0.017363 -0.167948 0.054059
v 0.017363 -0.167948 0.054059
v 0.006483 -0.167948 0.056408
v 0.006483 -0.167948 0.056408
v 0.006483 -0.167948 0.056408
v 0.006483 -0.167948 0.056408
v 0.006483 -0.167948 0.056408
v 0.006483 -0.167948 0.056408
v 0.006483 -0.167948 0.056408
v -0.004646 -0.167948 0.056588
v -0.004646 -0.167948 0.056588
v -0.004646 -0.167948 0.056588
v -0.004646 -0.167948 0.056588
v -0.004646 -0.167948 0.056588
v -0.015597 -0.167948 0.054595
v -0.015597 -0.167948 0.054595
v -0.015597 -0.167948 0.054595
v -0.015597 -0.167948 0.054595
v -0.015597 -0.167948 0.054595
v -0.015597 -0.167948 0.054595
v -0.025948 -0.167948 0.050503
v -0.025948 -0.167948 0.050503
v -0.025948 -0.167948 0.050503
v -0.025948 -0.167948 0.050503
v -0.025948 -0.167948 0.050503
v -0.025948 -0.167948 0.050503
v -0.035302 -0.167948 0.044470
v -0.035302 -0.167948 0.044470
v -0.035302 -0.167948 0.044470
v -0.035302 -0.167948 0.044470
v -0.035302 -0.167948 0.044470
v -0.035302 -0.167948 0.044470
v -0.043299 -0.167948 0.036729
v -0.043299 -0.167948 0.036729
v -0.043299 -0.167948 0.036729
v -0.043299 -0.167948 0.036729
v -0.043299 -0.167948 0.036729
v -0.043299 -0.167948 0.036729
v -0.049633 -0.167948 0.027576
v -0.049633 -0.167948 0.027576
v -0.049633 -0.167948 0.027576
v -0.049633 -0.167948 0.027576
v -0.049633 -0.167948 0.027576
v -0.049633 -0.167948 0.027576
v -0.054059 -0.167948 0.017363
v -0.054059 -0.167948 0.017363
v -0.054059 -0.167948 0.017363
v -0.054059 -0.167948 0.017363
v -0.054059 -0.167948 0.017363
v -0.054059 -0.167948 0.017363
v -0.056408 -0.167948 0.006483
v -0.056408 -0.167948 0.006483
v -0.056408 -0.167948 0.006483
v -0.056408 -0.167948 0.006483
v -0.056408 -0.167948 0.006483
v -0.056408 -0.167948 0.006483
v -0.056588 -0.167948 -0.004646
v -0.056588 -0.167948 -0.004646
v -0.056588 -0.167948 -0.004646
v -0.056588 -0.167948 -0.004646
v -0.056588 -0.167948 -0.004646
v -0.056588 -0.167948 -0.004646
v -0.054595 -0.167948 -0.015597
v -0.054595 -0.167948 -0.015597
v -0.054595 -0.167948 -0.015597
v -0.054595 -0.167948 -0.015597
v -0.054595 -0.167948 -0.015597
v -0.054595 -0.167948 -0.015597
v -0.050503 -0.167948 -0.025948
v -0.050503 -0.167948 -0.025948
v -0.050503 -0.167948 -0.025948
v -0.050503 -0.167948 -0.025948
v -0.050503 -0.167948 -0.025948
v -0.050503 -0.167948 -0.025948
v -0.044470 -0.167948 -0.035302
v -0.044470 -0.167948 -0.035302
v -0.044470 -0.167948 -0.035302
v -0.044470 -0.167948 -0.035302
v -0.044470 -0.167948 -0.035302
v -0.044470 -0.167948 -0.035302
v -0.036729 -0.167948 -0.043299
v -0.036729 -0.167948 -0.043299
v -0.036729 -0.167948 -0.043299
v -0.036729 -0.167948 -0.043299
v -0.036729 -0.167948 -0.043299
v -0.036729 -0.167948 -0.043299
v -0.027576 -0.167948 -0.049633
v -0.027576 -0.167948 -0.049633
v -0.027576 -0.167948 -0.049633
v -0.027576 -0.167948 -0.049633
v -0.027576 -0.167948 -0.049633
v -0.027576 -0.167948 -0.049633
v -0.017363 -0.167948 -0.054059
v -0.017363 -0.167948 -0.054059
v -0.017363 -0.167948 -0.054059
v -0.017363 -0.167948 -0.054059
v -0.017363 -0.167948 -0.054059
v -0.017363 -0.167948 -0.054059
v -0.006483 -0.167948 -0.056408
v -0.006483 -0.167948 -0.056408
v -0.006483 -0.167948 -0.056408
v -0.006483 -0.167948 -0.056408
v -0.006483 -0.167948 -0.056408
v -0.006483 -0.167948 -0.056408
v -0.006483 -0.167948 -0.056408
v -0.040308 -0.053973 0.051058
v -0.040308 -0.053973 0.051058
v -0.040308 -0.053973 0.051058
v -0.040308 -0.053973 0.051058
v -0.040308 -0.053973 0.051058
v -0.040308 -0.053973 0.051058
v -0.049494 -0.053973 0.042214
v -0.049494 -0.053973 0.042214
v -0.049494 -0.053973 0.042214
v -0.049494 -0.053973 0.042214
v -0.049494 -0.053973 0.042214
v -0.049494 -0.053973 0.042214
v -0.056779 -0.053973 0.031747
v -0.056779 -0.053973 0.031747
v -0.056779 -0.053973 0.031747
v -0.056779 -0.053973 0.031747
v -0.056779 -0.053973 0.031747
v -0.056779 -0.053973 0.031747
v -0.061881 -0.053973 0.020060
v -0.061881 -0.053973 0.020060
v -0.061881 -0.053973 0.020060
v -0.061881 -0.053973 0.020060
v -0.061881 -0.053973 0.020060
v -0.061881 -0.053973 0.020060
v -0.064606 -0.053973 0.007602
v -0.064606 -0.053973 0.007602
v -0.064606 -0.053973 0.007602
v -0.064606 -0.053973 0.007602
v -0.064606 -0.053973 0.007602
v -0.064606 -0.053973 0.007602
v -0.064847 -0.053973 -0.005148
v -0.064847 -0.053973 -0.005148
v -0.064847 -0.053973 -0.005148
v -0.064847 -0.053973 -0.005148
v -0.064847 -0.053973 -0.005148
v -0.064847 -0.053973 -0.005148
v -0.062597 -0.053973 -0.017700
v -0.062597 -0.053973 -0.017700
v -0.062597 -0.053973 -0.017700
v -0.062597 -0.053973 -0.017700
v -0.062597 -0.053973 -0.017700
v -0.062597 -0.053973 -0.017700
v -0.057941 -0.053973 -0.029572
v -0.057941 -0.053973 -0.029572
v -0.057941 -0.053973 -0.029572
v -0.057941 -0.053973 -0.029572
v -0.057941 -0.053973 -0.029572
v -0.057941 -0.053973 -0.029572
v -0.051058 -0.053973 -0.040308
v -0.051058 -0.053973 -0.040308
v -0.051058 -0.053973 -0.040308
v -0.051058 -0.053973 -0.040308
v -0.051058 -0.053973 -0.040308
v -0.051058 -0.053973 -0.040308
v -0.042214 -0.053973 -0.049494
v -0.042214 -0.053973 -0.049494
v -0.042214 -0.053973 -0.049494
v -0.042214 -0.053973 -0.049494
v -0.042214 -0.053973 -0.049494
v -0.042214 -0.053973 -0.049494
v -0.031747 -0.053973 -0.056779
v -0.031747 -0.053973 -0.056779
v -0.031747 -0.053973 -0.056779
v -0.031747 -0.053973 -0.056779
v -0.031747 -0.053973 -0.056779
v -0.031747 -0.053973 -0.056779
v -0.020060 -0.053973 -0.061881
v -0.020060 -0.053973 -0.061881
v -0.020060 -0.053973 -0.061881
v -0.020060 -0.053973 -0.061881
v -0.020060 -0.053973 -0.061881
v -0.020060 -0.053973 -0.061881
v -0.007602 -0.053973 -0.064606
v -0.007602 -0.053973 -0.064606
v -0.007602 -0.053973 -0.064606
v -0.007602 -0.053973 -0.064606
v -0.007602 -0.053973 -0.064606
v -0.007602 -0.053973 -0.064606
v 0.005148 -0.053973 -0.064847
v 0.005148 -0.053973 -0.064847
v 0.005148 -0.053973 -0.064847
v 0.005148 -0.053973 -0.064847
v 0.005148 -0.053973 -0.064847
v 0.005148 -0.053973 -0.064847
v 0.017700 -0.053973 -0.062597
v 0.017700 -0.053973 -0.062597
v 0.017700 -0.053973 -0.062597
v 0.017700 -0.053973 -0.062597
v 0.017700 -0.053973 -0.062597
v 0.017700 -0.053973 -0.062597
v 0.029572 -0.053973 -0.057941
v 0.029572 -0.053973 -0.057941
v 0.029572 -0.053973 -0.057941
v 0.029572 -0.053973 -0.057941
v 0.029572 -0.053973 -0.057941
v 0.029572 -0.053973 -0.057941
v 0.040308 -0.053973 -0.051058
v 0.040308 -0.053973 -0.051058
v 0.040308 -0.053973 -0.051058
v 0.040308 -0.053973 -0.051058
v 0.040308 -0.053973 -0.051058
v 0.040308 -0.053973 -0.051058
v 0.049494 -0.053973 -0.042214
v 0.049494 -0.053973 -0.042214
v 0.049494 -0.053973 -0.042214
v 0.049494 -0.053973 -0.042214
v 0.049494 -0.053973 -0.042214
v 0.049494 -0.053973 -0.042214
v 0.056779 -0.053973 -0.031747
v 0.056779 -0.053973 -0.031747
v 0.056779 -0.053973 -0.031747
v 0.056779 -0.053973 -0.031747
v 0.056779 -0.053973 -0.031747
v 0.056779 -0.053973 -0.031747
v 0.061881 -0.053973 -0.020060
v 0.061881 -0.053973 -0.020060
v 0.061881 -0.053973 -0.020060
v 0.061881 -0.053973 -0.020060
v 0.061881 -0.053973 -0.020060
v 0.061881 -0.053973 -0.020060
v 0.064606 -0.053973 -0.007602
v 0.064606 -0.053973 -0.007602
v 0.064606 -0.053973 -0.007602
v 0.064606 -0.053973 -0.007602
v 0.064606 -0.053973 -0.007602
v 0.064606 -0.053973 -0.007602
v 0.064847 -0.053973 0.005148
v 0.064847 -0.053973 0.005148
v 0.064847 -0.053973 0.005148
v 0.064847 -0.053973 0.005148
v 0.064847 -0.053973 0.005148
v 0.064847 -0.053973 0.005148
v 0.062597 -0.053973 0.017700
v 0.062597 -0.053973 0.017700
v 0.062597 -0.053973 0.017700
v 0.062597 -0.053973 0.017700
v 0.062597 -0.053973 0.017700
v 0.062597 -0.053973 0.017700
v 0.057941 -0.053973 0.029572
v 0.057941 -0.053973 0.029572
v 0.057941 -0.053973 0.029572
v 0.057941 -0.053973 0.029572
v 0.057941 -0.053973 0.029572
v 0.057941 -0.053973 0.029572
v 0.051058 -0.053973 0.040308
v 0.051058 -0.053973 0.040308
v 0.051058 -0.053973 0.040308
v 0.051058 -0.053973 0.040308
v 0.051058 -0.053973 0.040308
v 0.051058 -0.053973 0.040308
v 0.042214 -0.053973 0.049494
v 0.042214 -0.053973 0.049494
v 0.042214 -0.053973 0.049494
v 0.042214 -0.053973 0.049494
v 0.042214 -0.053973 0.049494
v 0.042214 -0.053973 0.049494
v 0.031747 -0.053973 0.056779
v 0.031747 -0.053973 0.056779
v 0.031747 -0.053973 0.056779
v 0.031747 -0.053973 0.056779
v 0.031747 -0.053973 0.056779
v 0.031747 -0.053973 0.056779
v 0.020060 -0.053973 0.061881
v 0.020060 -0.053973 0.061881
v 0.020060 -0.053973 0.061881
v 0.020060 -0.053973 0.061881
v 0.020060 -0.053973 0.061881
v 0.020060 -0.053973 0.061881
v 0.007602 -0.053973 0.064606
v 0.007602 -0.053973 0.064606
v 0.007602 -0.053973 0.064606
v 0.007602 -0.053973 0.064606
v 0.007602 -0.053973 0.064606
v 0.007602 -0.053973 0.064606
v -0.005148 -0.053973 0.064847
v -0.005148 -0.053973 0.064847
v -0.005148 -0.053973 0.064847
v -0.005148 -0.053973 0.064847
v -0.005148 -0.053973 0.064847
v -0.005148 -0.053973 0.064847
v -0.017700 -0.053973 0.062597
v -0.017700 -0.053973 0.062597
v -0.017700 -0.053973 0.062597
v -0.017700 -0.053973 0.062597
v -0.017700 -0.053973 0.062597
v -0.017700 -0.053973 0.062597
v -0.029572 -0.053973 0.057941
v -0.029572 -0.053973 0.057941
v -0.029572 -0.053973 0.057941
v -0.029572 -0.053973 0.057941
v -0.029572 -0.053973 0.057941
v -0.029572 -0.053973 0.057941
v -0.077460 0.116990 0.000000
v -0.077460 0.116990 0.000000
v -0.077460 0.116990 0.000000
v -0.077460 0.116990 0.000000
v -0.077460 0.116990 0.000000
v -0.077460 0.116990 0.000000
v -0.075972 0.116990 -0.015112
v -0.075972 0.116990 -0.015112
v -0.075972 0.116990 -0.015112
v -0.075972 0.116990 -0.015112
v -0.075972 0.116990 -0.015112
v -0.075972 0.116990 -0.015112
v -0.071564 0.116990 -0.029643
v -0.071564 0.116990 -0.029643
v -0.071564 0.116990 -0.029643
v -0.071564 0.116990 -0.029643
v -0.071564 0.116990 -0.029643
v -0.071564 0.116990 -0.029643
v -0.064406 0.116990 -0.043034
v -0.064406 0.116990 -0.043034
v -0.064406 0.116990 -0.043034
v -0.064406 0.116990 -0.043034
v -0.064406 0.116990 -0.043034
v -0.064406 0.116990 -0.043034
v -0.054772 0.116990 -0.054772
v -0.054772 0.116990 -0.054772
v -0.054772 0.116990 -0.054772
v -0.054772 0.116990 -0.054772
v -0.054772 0.116990 -0.054772
v -0.054772 0.116990 -0.054772
v -0.043034 0.116990 -0.064406
v -0.043034 0.116990 -0.064406
v -0.043034 0.116990 -0.064406
v -0.043034 0.116990 -0.064406
v -0.043034 0.116990 -0.064406
v -0.043034 0.116990 -0.064406
v -0.029643 0.116990 -0.071564
v -0.029643 0.116990 -0.071564
v -0.029643 0.116990 -0.071564
v -0.029643 0.116990 -0.071564
v -0.029643 0.116990 -0.071564
v -0.029643 0.116990 -0.071564
v -0.015112 0.116990 -0.075972
v -0.015112 0.116990 -0.075972
v -0.015112 0.116990 -0.075972
v -0.015112 0.116990 -0.075972
v -0.015112 0.116990 -0.075972
v -0.015112 0.116990 -0.075972
v -0.000000 0.116990 -0.077460
v -0.000000 0.116990 -0.077460
v -0.000000 0.116990 -0.077460
v -0.000000 0.116990 -0.077460
v -0.000000 0.116990 -0.077460
v -0.000000 0.116990 -0.077460
v 0.015112 0.116990 -0.075972
v 0.015112 0.116990 -0.075972
v 0.015112 0.116990 -0.075972
v 0.015112 0.116990 -0.075972
v 0.015112 0.116990 -0.075972
v 0.015112 0.116990 -0.075972
v 0.029643 0.116990 -0.071564
v 0.029643 0.116990 -0.071564
v 0.029643 0.116990 -0.071564
v 0.029643 0.116990 -0.071564
v 0.029643 0.116990 -0.071564
v 0.029643 0.116990 -0.071564
v 0.043034 0.116990 -0.064406
v 0.043034 0.116990 -0.064406
v 0.043034 0.116990 -0.064406
v 0.043034 0.116990 -0.064406
v 0.043034 0.116990 -0.064406
v 0.043034 0.116990 -0.064406
v 0.054772 0.116990 -0.054772
v 0.054772 0.116990 -0.054772
v 0.054772 0.116990 -0.054772
v 0.054772 0.116990 -0.054772
v 0.054772 0.116990 -0.054772
v 0.054772 0.116990 -0.054772
v 0.064406 0.116990 -0.043034
v 0.064406 0.116990 -0.043034
v 0.064406 0.116990 -0.043034
v 0.064406 0.116990 -0.043034
v 0.064406 0.116990 -0.043034
v 0.064406 0.116990 -0.043034
v 0.071564 0.116990 -0.029643
v 0.071564 0.116990 -0.029643
v 0.071564 0.116990 -0.029643
v 0.071564 0.116990 -0.029643
v 0.071564 0.116990 -0.029643
v 0.071564 0.116990 -0.029643
v 0.075972 0.116990 -0.015112
v 0.075972 0.116990 -0.015112
v 0.075972 0.116990 -0.015112
v 0.075972 0.116990 -0.015112
v 0.075972 0.116990 -0.015112
v 0.075972 0.116990 -0.015112
v 0.077460 0.116990 -0.000000
v 0.077460 0.116990 -0.000000
v 0.077460 0.116990 -0.000000
v 0.077460 0.116990 -0.000000
v 0.077460 0.116990 -0.000000
v 0.077460 0.116990 -0.000000
v 0.075972 0.116990 0.015112
v 0.075972 0.116990 0.015112
v 0.075972 0.116990 0.015112
v 0.075972 0.116990 0.015112
v 0.075972 0.116990 0.015112
v 0.075972 0.116990 0.015112
v 0.071564 0.116990 0.029643
v 0.071564 0.116990 0.029643
v 0.071564 0.116990 0.029643
v 0.071564 0.116990 0.029643
v 0.071564 0.116990 0.029643
v 0.071564 0.116990 0.029643
v 0.064406 0.116990 0.043034
v 0.064406 0.116990 0.043034
v 0.064406 0.116990 0.043034
v 0.064406 0.116990 0.043034
v 0.064406 0.116990 0.043034
v 0.064406 0.116990 0.043034
v 0.054772 0.116990 0.054772
v 0.054772 0.116990 0.054772
v 0.054772 0.116990 0.054772
v 0.054772 0.116990 0.054772
v 0.054772 0.116990 0.054772
v 0.054772 0.116990 0.054772
v 0.043034 0.116990 0.064406
v 0.043034 0.116990 0.064406
v 0.043034 0.116990 0.064406
v 0.043034 0.116990 0.064406
v 0.043034 0.116990 0.064406
v 0.043034 0.116990 0.064406
v 0.029643 0.116990 0.071564
v 0.029643 0.116990 0.071564
v 0.029643 0.116990 0.071564
v 0.029643 0.116990 0.071564
v 0.029643 0.116990 0.071564
v 0.029643 0.116990 0.071564
v 0.015112 0.116990 0.075972
v 0.015112 0.116990 0.075972
v 0.015112 0.116990 0.075972
v 0.015112 0.116990 0.075972
v 0.015112 0.116990 0.075972
v 0.015112 0.116990 0.075972
v 0.000000 0.116990 0.077460
v 0.000000 0.116990 0.077460
v 0.000000 0.116990 0.077460
v 0.000000 0.116990 0.077460
v 0.000000 0.116990 0.077460
v 0.000000 0.116990 0.077460
v -0.015112 0.116990 0.075972
v -0.015112 0.116990 0.075972
v -0.015112 0.116990 0.075972
v -0.015112 0.116990 0.075972
v -0.015112 0.116990 0.075972
v -0.015112 0.116990 0.075972
v -0.029643 0.116990 0.071564
v -0.029643 0.116990 0.071564
v -0.029643 0.116990 0.071564
v -0.029643 0.116990 0.071564
v -0.029643 0.116990 0.071564
v -0.029643 0.116990 0.071564
v -0.043034 0.116990 0.064406
v -0.043034 0.116990 0.064406
v -0.043034 0.116990 0.064406
v -0.043034 0.116990 0.064406
v -0.043034 0.116990 0.064406
v -0.043034 0.116990 0.064406
v -0.054772 0.116990 0.054772
v -0.054772 0.116990 0.054772
v -0.054772 0.116990 0.054772
v -0.054772 0.116990 0.054772
v -0.054772 0.116990 0.054772
v -0.054772 0.116990 0.054772
v -0.064406 0.116990 0.043034
v -0.064406 0.116990 0.043034
v -0.064406 0.116990 0.043034
v -0.064406 0.116990 0.043034
v -0.064406 0.116990 0.043034
v -0.064406 0.116990 0.043034
v -0.071564 0.116990 0.029643
v -0.071564 0.116990 0.029643
v -0.071564 0.116990 0.029643
v -0.071564 0.116990 0.029643
v -0.071564 0.116990 0.029643
v -0.071564 0.116990 0.029643
v -0.075972 0.116990 0.015112
v -0.075972 0.116990 0.015112
v -0.075972 0.116990 0.015112
v -0.075972 0.116990 0.015112
v -0.075972 0.116990 0.015112
v -0.075972 0.116990 0.015112
v -0.035380 0.060002 -0.064223
v -0.035380 0.060002 -0.064223
v -0.035380 0.060002 -0.064223
v -0.035380 0.060002 -0.064223
v -0.035380 0.060002 -0.064223
v -0.035380 0.060002 -0.064223
v -0.022171 0.060002 -0.069891
v -0.022171 0.060002 -0.069891
v -0.022171 0.060002 -0.069891
v -0.022171 0.060002 -0.069891
v -0.022171 0.060002 -0.069891
v -0.022171 0.060002 -0.069891
v -0.008110 0.060002 -0.072874
v -0.008110 0.060002 -0.072874
v -0.008110 0.060002 -0.072874
v -0.008110 0.060002 -0.072874
v -0.008110 0.060002 -0.072874
v -0.008110 0.060002 -0.072874
v 0.006263 0.060002 -0.073056
v 0.006263 0.060002 -0.073056
v 0.006263 0.060002 -0.073056
v 0.006263 0.060002 -0.073056
v 0.006263 0.060002 -0.073056
v 0.006263 0.060002 -0.073056
v 0.020395 0.060002 -0.070430
v 0.020395 0.060002 -0.070430
v 0.020395 0.060002 -0.070430
v 0.020395 0.060002 -0.070430
v 0.020395 0.060002 -0.070430
v 0.020395 0.060002 -0.070430
v 0.033743 0.060002 -0.065098
v 0.033743 0.060002 -0.065098
v 0.033743 0.060002 -0.065098
v 0.033743 0.060002 -0.065098
v 0.033743 0.060002 -0.065098
v 0.033743 0.060002 -0.065098
v 0.045795 0.060002 -0.057264
v 0.045795 0.060002 -0.057264
v 0.045795 0.060002 -0.057264
v 0.045795 0.060002 -0.057264
v 0.045795 0.060002 -0.057264
v 0.045795 0.060002 -0.057264
v 0.056087 0.060002 -0.047230
v 0.056087 0.060002 -0.047230
v 0.056087 0.060002 -0.047230
v 0.056087 0.060002 -0.047230
v 0.056087 0.060002 -0.047230
v 0.056087 0.060002 -0.047230
v 0.064223 0.060002 -0.035380
v 0.064223 0.060002 -0.035380
v 0.064223 0.060002 -0.035380
v 0.064223 0.060002 -0.035380
v 0.064223 0.060002 -0.035380
v 0.064223 0.060002 -0.035380
v 0.069891 0.060002 -0.022171
v 0.069891 0.060002 -0.022171
v 0.069891 0.060002 -0.022171
v 0.069891 0.060002 -0.022171
v 0.069891 0.060002 -0.022171
v 0.069891 0.060002 -0.022171
v 0.072874 0.060002 -0.008110
v 0.072874 0.060002 -0.008110
v 0.072874 0.060002 -0.008110
v 0.072874 0.060002 -0.008110
v 0.072874 0.060002 -0.008110
v 0.072874 0.060002 -0.008110
v 0.073056 0.060002 0.006263
v 0.073056 0.060002 0.006263
v 0.073056 0.060002 0.006263
v 0.073056 0.060002 0.006263
v 0.073056 0.060002 0.006263
v 0.073056 0.060002 0.006263
v 0.070430 0.060002 0.020395
v 0.070430 0.060002 0.020395
v 0.070430 0.060002 0.020395
v 0.070430 0.060002 0.020395
v 0.070430 0.060002 0.020395
v 0.070430 0.060002 0.020395
v 0.065098 0.060002 0.033743
v 0.065098 0.060002 0.033743
v 0.065098 0.060002 0.033743
v 0.065098 0.060002 0.033743
v 0.065098 0.060002 0.033743
v 0.065098 0.060002 0.033743
v 0.057264 0.060002 0.045795
v 0.057264 0.060002 0.045795
v 0.057264 0.060002 0.045795
v 0.057264 0.060002 0.045795
v 0.057264 0.060002 0.045795
v 0.057264 0.060002 0.045795
v 0.047230 0.060002 0.056087
v 0.047230 0.060002 0.056087
v 0.047230 0.060002 0.056087
v 0.047230 0.060002 0.056087
v 0.047230 0.060002 0.056087
v 0.047230 0.060002 0.056087
v 0.035380 0.060002 0.064223
v 0.035380 0.060002 0.064223
v 0.035380 0.060002 0.064223
v 0.035380 0.060002 0.064223
v 0.035380 0.060002 0.064223
v 0.035380 0.060002 0.064223
v 0.022171 0.060002 0.069891
v 0.022171 0.060002 0.069891
v 0.022171 0.060002 0.069891
v 0.022171 0.060002 0.069891
v 0.022171 0.060002 0.069891
v 0.022171 0.060002 0.069891
v 0.008110 0.060002 0.072874
v 0.008110 0.060002 0.072874
v 0.008110 0.060002 0.072874
v 0.008110 0.060002 0.072874
v 0.008110 0.060002 0.072874
v 0.008110 0.060002 0.072874
v -0.006263 0.060002 0.073056
v -0.006263 0.060002 0.073056
v -0.006263 0.060002 0.073056
v -0.006263 0.060002 0.073056
v -0.006263 0.060002 0.073056
v -0.006263 0.060002 0.073056
v -0.020395 0.060002 0.070430
v -0.020395 0.060002 0.070430
v -0.020395 0.060002 0.070430
v -0.020395 0.060002 0.070430
v -0.020395 0.060002 0.070430
v -0.020395 0.060002 0.070430
v -0.033743 0.060002 0.065098
v -0.033743 0.060002 0.065098
v -0.033743 0.060002 0.065098
v -0.033743 0.060002 0.065098
v -0.033743 0.060002 0.065098
v -0.033743 0.060002 0.065098
v -0.045795 0.060002 0.057264
v -0.045795 0.060002 0.057264
v -0.045795 0.060002 0.057264
v -0.045795 0.060002 0.057264
v -0.045795 0.060002 0.057264
v -0.045795 0.060002 0.057264
v -0.056087 0.060002 0.047230
v -0.056087 0.060002 0.047230
v -0.056087 0.060002 0.047230
v -0.056087 0.060002 0.047230
v -0.056087 0.060002 0.047230
v -0.056087 0.060002 0.047230
v -0.064223 0.060002 0.035380
v -0.064223 0.060002 0.035380
v -0.064223 0.060002 0.035380
v -0.064223 0.060002 0.035380
v -0.064223 0.060002 0.035380
v -0.064223 0.060002 0.035380
v -0.069891 0.060002 0.022171
v -0.069891 0.060002 0.022171
v -0.069891 0.060002 0.022171
v -0.069891 0.060002 0.022171
v -0.069891 0.060002 0.022171
v -0.069891 0.060002 0.022171
v -0.072874 0.060002 0.008110
v -0.072874 0.060002 0.008110
v -0.072874 0.060002 0.008110
v -0.072874 0.060002 0.008110
v -0.072874 0.060002 0.008110
v -0.072874 0.060002 0.008110
v -0.073056 0.060002 -0.006263
v -0.073056 0.060002 -0.006263
v -0.073056 0.060002 -0.006263
v -0.073056 0.060002 -0.006263
v -0.073056 0.060002 -0.006263
v -0.073056 0.060002 -0.006263
v -0.070430 0.060002 -0.020395
v -0.070430 0.060002 -0.020395
v -0.070430 0.060002 -0.020395
v -0.070430 0.060002 -0.020395
v -0.070430 0.060002 -0.020395
v -0.070430 0.060002 -0.020395
v -0.065098 0.060002 -0.033743
v -0.065098 0.060002 -0.033743
v -0.065098 0.060002 -0.033743
v -0.065098 0.060002 -0.033743
v -0.065098 0.060002 -0.033743
v -0.065098 0.060002 -0.033743
v -0.057264 0.060002 -0.045795
v -0.057264 0.060002 -0.045795
v -0.057264 0.060002 -0.045795
v -0.057264 0.060002 -0.045795
v -0.057264 0.060002 -0.045795
v -0.057264 0.060002 -0.045795
v -0.047230 0.060002 -0.056087
v -0.047230 0.060002 -0.056087
v -0.047230 0.060002 -0.056087
v -0.047230 0.060002 -0.056087
v -0.047230 0.060002 -0.056087
v -0.047230 0.060002 -0.056087
v -0.037442 0.173977 -0.072498
v -0.037442 0.173977 -0.072498
v -0.037442 0.173977 -0.072498
v -0.037442 0.173977 -0.072498
v -0.037442 0.173977 -0.072498
v -0.037442 0.173977 -0.072498
v -0.022579 0.173977 -0.078410
v -0.022579 0.173977 -0.078410
v -0.022579 0.173977 -0.078410
v -0.022579 0.173977 -0.078410
v -0.022579 0.173977 -0.078410
v -0.022579 0.173977 -0.078410
v -0.006848 0.173977 -0.081308
v -0.006848 0.173977 -0.081308
v -0.006848 0.173977 -0.081308
v -0.006848 0.173977 -0.081308
v -0.006848 0.173977 -0.081308
v -0.006848 0.173977 -0.081308
v 0.009146 0.173977 -0.081082
v 0.009146 0.173977 -0.081082
v 0.009146 0.173977 -0.081082
v 0.009146 0.173977 -0.081082
v 0.009146 0.173977 -0.081082
v 0.009146 0.173977 -0.081082
v 0.024789 0.173977 -0.077740
v 0.024789 0.173977 -0.077740
v 0.024789 0.173977 -0.077740
v 0.024789 0.173977 -0.077740
v 0.024789 0.173977 -0.077740
v 0.024789 0.173977 -0.077740
v 0.039478 0.173977 -0.071410
v 0.039478 0.173977 -0.071410
v 0.039478 0.173977 -0.071410
v 0.039478 0.173977 -0.071410
v 0.039478 0.173977 -0.071410
v 0.039478 0.173977 -0.071410
v 0.052651 0.173977 -0.062336
v 0.052651 0.173977 -0.062336
v 0.052651 0.173977 -0.062336
v 0.052651 0.173977 -0.062336
v 0.052651 0.173977 -0.062336
v 0.052651 0.173977 -0.062336
v 0.063801 0.173977 -0.050866
v 0.063801 0.173977 -0.050866
v 0.063801 0.173977 -0.050866
v 0.063801 0.173977 -0.050866
v 0.063801 0.173977 -0.050866
v 0.063801 0.173977 -0.050866
v 0.072498 0.173977 -0.037442
v 0.072498 0.173977 -0.037442
v 0.072498 0.173977 -0.037442
v 0.072498 0.173977 -0.037442
v 0.072498 0.173977 -0.037442
v 0.072498 0.173977 -0.037442
v 0.078410 0.173977 -0.022579
v 0.078410 0.173977 -0.022579
v 0.078410 0.173977 -0.022579
v 0.078410 0.173977 -0.022579
v 0.078410 0.173977 -0.022579
v 0.078410 0.173977 -0.022579
v 0.081308 0.173977 -0.006848
v 0.081308 0.173977 -0.006848
v 0.081308 0.173977 -0.006848
v 0.081308 0.173977 -0.006848
v 0.081308 0.173977 -0.006848
v 0.081308 0.173977 -0.006848
v 0.081082 0.173977 0.009146
v 0.081082 0.173977 0.009146
v 0.081082 0.173977 0.009146
v 0.081082 0.173977 0.009146
v 0.081082 0.173977 0.009146
v 0.081082 0.173977 0.009146
v 0.077740 0.173977 0.024789
v 0.077740 0.173977 0.024789
v 0.077740 0.173977 0.024789
v 0.077740 0.173977 0.024789
v 0.077740 0.173977 0.024789
v 0.077740 0.173977 0.024789
v 0.071410 0.173977 0.039478
v 0.071410 0.173977 0.039478
v 0.071410 0.173977 0.039478
v 0.071410 0.173977 0.039478
v 0.071410 0.173977 0.039478
v 0.071410 0.173977 0.039478
v 0.062336 0.173977 0.052651
v 0.062336 0.173977 0.052651
v 0.062336 0.173977 0.052651
v 0.062336 0.173977 0.052651
v 0.062336 0.173977 0.052651
v 0.062336 0.173977 0.052651
v 0.050866 0.173977 0.063801
v 0.050866 0.173977 0.063801
v 0.050866 0.173977 0.063801
v 0.050866 0.173977 0.063801
v 0.050866 0.173977 0.063801
v 0.050866 0.173977 0.063801
v 0.037442 0.173977 0.072498
v 0.037442 0.173977 0.072498
v 0.037442 0.173977 0.072498
v 0.037442 0.173977 0.072498
v 0.037442 0.173977 0.072498
v 0.037442 0.173977 0.072498
v 0.022579 0.173977 0.078410
v 0.022579 0.173977 0.078410
v 0.022579 0.173977 0.078410
v 0.022579 0.173977 0.078410
v 0.022579 0.173977 0.078410
v 0.022579 0.173977 0.078410
v 0.006848 0.173977 0.081308
v 0.006848 0.173977 0.081308
v 0.006848 0.173977 0.081308
v 0.006848 0.173977 0.081308
v 0.006848 0.173977 0.081308
v 0.006848 0.173977 0.081308
v -0.009146 0.173977 0.081082
v -0.009146 0.173977 0.081082
v -0.009146 0.173977 0.081082
v -0.009146 0.173977 0.081082
v -0.009146 0.173977 0.081082
v -0.009146 0.173977 0.081082
v -0.024789 0.173977 0.077740
v -0.024789 0.173977 0.077740
v -0.024789 0.173977 0.077740
v -0.024789 0.173977 0.077740
v -0.024789 0.173977 0.077740
v -0.024789 0.173977 0.077740
v -0.039478 0.173977 0.071410
v -0.039478 0.173977 0.071410
v -0.039478 0.173977 0.071410
v -0.039478 0.173977 0.071410
v -0.039478 0.173977 0.071410
v -0.039478 0.173977 0.071410
v -0.052651 0.173977 0.062336
v -0.052651 0.173977 0.062336
v -0.052651 0.173977 0.062336
v -0.052651 0.173977 0.062336
v -0.052651 0.173977 0.062336
v -0.052651 0.173977 0.062336
v -0.063801 0.173977 0.050866
v -0.063801 0.173977 0.050866
v -0.063801 0.173977 0.050866
v -0.063801 0.173977 0.050866
v -0.063801 0.173977 0.050866
v -0.063801 0.173977 0.050866
v -0.072498 0.173977 0.037442
v -0.072498 0.173977 0.037442
v -0.072498 0.173977 0.037442
v -0.072498 0.173977 0.037442
v -0.072498 0.173977 0.037442
v -0.072498 0.173977 0.037442
v -0.078410 0.173977 0.022579
v -0.078410 0.173977 0.022579
v -0.078410 0.173977 0.022579
v -0.078410 0.173977 0.022579
v -0.078410 0.173977 0.022579
v -0.078410 0.173977 0.022579
v -0.081308 0.173977 0.006848
v -0.081308 0.173977 0.006848
v -0.081308 0.173977 0.006848
v -0.081308 0.173977 0.006848
v -0.081308 0.173977 0.006848
v -0.081308 0.173977 0.006848
v -0.081082 0.173977 -0.009146
v -0.081082 0.173977 -0.009146
v -0.081082 0.173977 -0.009146
v -0.081082 0.173977 -0.009146
v -0.081082 0.173977 -0.009146
v -0.081082 0.173977 -0.009146
v -0.077740 0.173977 -0.024789
v -0.077740 0.173977 -0.024789
v -0.077740 0.173977 -0.024789
v -0.077740 0.173977 -0.024789
v -0.077740 0.173977 -0.024789
v -0.077740 0.173977 -0.024789
v -0.071410 0.173977 -0.039478
v -0.071410 0.173977 -0.039478
v -0.071410 0.173977 -0.039478
v -0.071410 0.173977 -0.039478
v -0.071410 0.173977 -0.039478
v -0.071410 0.173977 -0.039478
v -0.062336 0.173977 -0.052651
v -0.062336 0.173977 -0.052651
v -0.062336 0.173977 -0.052651
v -0.062336 0.173977 -0.052651
v -0.062336 0.173977 -0.052651
v -0.062336 0.173977 -0.052651
v -0.050866 0.173977 -0.063801
v -0.050866 0.173977 -0.063801
v -0.050866 0.173977 -0.063801
v -0.050866 0.173977 -0.063801
v -0.050866 0.173977 -0.063801
v -0.050866 0.173977 -0.063801
vn -0.3159 0.5188 -0.7944
vn -0.1549 0.5188 -0.8407
vn 0.0121 0.5188 -0.8548
vn 0.1786 0.5188 -0.8360
vn 0.3383 0.5188 -0.7851
vn 0.4850 0.5188 -0.7040
vn 0.6130 0.5188 -0.5959
vn 0.7175 0.5188 -0.4648
vn 0.7944 0.5188 -0.3159
vn 0.8407 0.5188 -0.1549
vn 0.8548 0.5188 0.0121
vn 0.8360 0.5188 0.1786
vn 0.7851 0.5188 0.3383
vn 0.7040 0.5188 0.4850
vn 0.5959 0.5188 0.6130
vn 0.4648 0.5188 0.7175
vn 0.3159 0.5188 0.7944
vn 0.1549 0.5188 0.8407
vn -0.0121 0.5188 0.8548
vn -0.1786 0.5188 0.8360
vn -0.3383 0.5188 0.7851
vn -0.4850 0.5188 0.7040
vn -0.6130 0.5188 0.5959
vn -0.7175 0.5188 0.4648
vn -0.7944 0.5188 0.3159
vn -0.8407 0.5188 0.1549
vn -0.8548 0.5188 -0.0121
vn -0.8360 0.5188 -0.1786
vn -0.7851 0.5188 -0.3383
vn -0.7040 0.5188 -0.4850
vn -0.0000 1.0000 -0.0000
vn -0.5959 0.5188 -0.6130
vn -0.4648 0.5188 -0.7175
vn 0.6989 -0.6879 -0.1957
vn 0.2739 -0.5958 -0.7550
vn -0.7121 0.6680 0.2160
vn -0.6563 0.6680 0.3508
vn -0.5752 0.6680 0.4721
vn -0.4721 0.6680 0.5752
vn -0.3508 0.6680 0.6563
vn -0.2160 0.6680 0.7121
vn -0.0729 0.6680 0.7406
vn 0.0729 0.6680 0.7406
vn 0.2160 0.6680 0.7121
vn 0.3508 0.6680 0.6563
vn 0.4721 0.6680 0.5752
vn 0.5752 0.6680 0.4721
vn 0.6563 0.6680 0.3508
vn 0.7121 0.6680 0.2160
vn 0.3394 0.1364 -0.9307
vn 0.3394 0.1364 0.9307
vn 0.7121 0.6680 -0.2160
vn 0.6563 0.6680 -0.3508
vn 0.5752 0.6680 -0.4721
vn 0.4721 0.6680 -0.5752
vn 0.3508 0.6680 -0.6563
vn 0.2160 0.6680 -0.7121
vn 0.0729 0.6680 -0.7406
vn -0.0729 0.6680 -0.7406
vn -0.2160 0.6680 -0.7121
vn -0.3508 0.6680 -0.6563
vn -0.4721 0.6680 -0.5752
vn -0.5752 0.6680 -0.4721
vn -0.6563 0.6680 -0.3508
vn -0.7121 0.6680 -0.2160
vn 0.1013 -0.2587 0.9606
vn -0.4864 0.4333 0.7587
vn -0.3291 0.4333 0.8390
vn -0.1590 0.4333 0.8871
vn 0.0171 0.4333 0.9011
vn 0.1925 0.4333 0.8805
vn 0.3606 0.4333 0.8260
vn 0.5148 0.4333 0.7397
vn 0.6492 0.4333 0.6251
vn 0.7587 0.4333 0.4864
vn 0.8390 0.4333 0.3291
vn 0.8871 0.4333 0.1590
vn 0.9011 0.4333 -0.0171
vn 0.8805 0.4333 -0.1925
vn 0.8260 0.4333 -0.3606
vn 0.7397 0.4333 -0.5148
vn 0.6251 0.4333 -0.6492
vn 0.4864 0.4333 -0.7587
vn 0.3291 0.4333 -0.8390
vn 0.1590 0.4333 -0.8871
vn -0.0171 0.4333 -0.9011
vn -0.1925 0.4333 -0.8805
vn -0.3606 0.4333 -0.8260
vn -0.5148 0.4333 -0.7397
vn -0.6492 0.4333 -0.6251
vn -0.7587 0.4333 -0.4864
vn -0.8390 0.4333 -0.3291
vn -0.8871 0.4333 -0.1590
vn -0.9011 0.4333 0.0171
vn -0.8805 0.4333 0.1925
vn -0.8260 0.4333 0.3606
vn -0.7397 0.4333 0.5148
vn -0.6251 0.4333 0.6492
vn -0.0129 0.6081 -0.7938
vn 0.1422 0.6081 -0.7810
vn 0.2918 0.6081 -0.7383
vn 0.4303 0.6081 -0.6672
vn 0.5521 0.6081 -0.5704
vn 0.6528 0.6081 -0.4517
vn 0.7284 0.6081 -0.3157
vn 0.7760 0.6081 -0.1675
vn 0.7938 0.6081 -0.0129
vn 0.7810 0.6081 0.1422
vn 0.7383 0.6081 0.2918
vn 0.6672 0.6081 0.4303
vn 0.5704 0.6081 0.5521
vn 0.4517 0.6081 0.6528
vn 0.3157 0.6081 0.7284
vn 0.1675 0.6081 0.7760
vn 0.0129 0.6081 0.7938
vn -0.1422 0.6081 0.7810
vn -0.2918 0.6081 0.7383
vn -0.4303 0.6081 0.6672
vn -0.5521 0.6081 0.5704
vn -0.6528 0.6081 0.4517
vn -0.7284 0.6081 0.3157
vn -0.7760 0.6081 0.1675
vn -0.7938 0.6081 0.0129
vn -0.7810 0.6081 -0.1422
vn -0.7383 0.6081 -0.2918
vn -0.6672 0.6081 -0.4303
vn -0.5704 0.6081 -0.5521
vn -0.4517 0.6081 -0.6528
vn -0.3157 0.6081 -0.7284
vn -0.1675 0.6081 -0.7760
vn -0.4193 0.8106 0.4088
vn -0.7102 0.6702 0.2154
vn -0.6545 0.6702 0.3498
vn -0.5737 0.6702 0.4708
vn -0.4708 0.6702 0.5737
vn -0.3498 0.6702 0.6545
vn -0.2154 0.6702 0.7102
vn -0.0727 0.6702 0.7386
vn 0.0727 0.6702 0.7386
vn 0.2154 0.6702 0.7102
vn 0.3498 0.6702 0.6545
vn 0.4708 0.6702 0.5737
vn 0.5737 0.6702 0.4708
vn 0.6545 0.6702 0.3498
vn 0.7102 0.6702 0.2154
vn -0.2576 -0.7230 0.6410
vn 0.3946 0.8132 -0.4278
vn 0.7102 0.6702 -0.2154
vn 0.6545 0.6702 -0.3498
vn 0.5737 0.6702 -0.4708
vn 0.4708 0.6702 -0.5737
vn 0.3498 0.6702 -0.6545
vn 0.2154 0.6702 -0.7102
vn 0.0727 0.6702 -0.7386
vn -0.0727 0.6702 -0.7386
vn -0.2154 0.6702 -0.7102
vn -0.3498 0.6702 -0.6545
vn -0.4708 0.6702 -0.5737
vn -0.5737 0.6702 -0.4708
vn -0.6545 0.6702 -0.3498
vn -0.7102 0.6702 -0.2154
vn 0.2735 -0.7268 -0.6301
vn -0.9603 0.2625 -0.0946
vn -0.9234 0.2625 -0.2801
vn -0.8510 0.2625 -0.4549
vn -0.7459 0.2625 -0.6121
vn -0.6121 0.2625 -0.7459
vn -0.4549 0.2625 -0.8510
vn -0.2801 0.2625 -0.9234
vn -0.0946 0.2625 -0.9603
vn 0.0946 0.2625 -0.9603
vn 0.2801 0.2625 -0.9234
vn 0.4549 0.2625 -0.8510
vn 0.6121 0.2625 -0.7459
vn 0.7459 0.2625 -0.6121
vn 0.8510 0.2625 -0.4549
vn 0.9234 0.2625 -0.2801
vn 0.9603 0.2625 -0.0946
vn 0.9603 0.2625 0.0946
vn 0.9234 0.2625 0.2801
vn 0.8510 0.2625 0.4549
vn 0.7459 0.2625 0.6121
vn 0.6121 0.2625 0.7459
vn 0.4549 0.2625 0.8510
vn 0.2801 0.2625 0.9234
vn 0.0946 0.2625 0.9603
vn -0.0946 0.2625 0.9603
vn -0.2801 0.2625 0.9234
vn -0.4549 0.2625 0.8510
vn -0.6121 0.2625 0.7459
vn -0.7459 0.2625 0.6121
vn -0.8510 0.2625 0.4549
vn -0.9234 0.2625 0.2801
vn -0.9603 0.2625 0.0946
vn -0.6844 0.2937 -0.6673
vn -0.8015 0.2937 -0.5210
vn -0.8877 0.2937 -0.3546
vn -0.9398 0.2937 -0.1746
vn -0.9558 0.2937 0.0121
vn -0.9351 0.2937 0.1983
vn -0.8784 0.2937 0.3770
vn -0.7880 0.2937 0.5411
vn -0.6673 0.2937 0.6844
vn -0.5210 0.2937 0.8015
vn -0.3546 0.2937 0.8877
vn -0.1746 0.2937 0.9398
vn 0.0121 0.2937 0.9558
vn 0.1983 0.2937 0.9351
vn 0.3770 0.2937 0.8784
vn 0.5411 0.2937 0.7880
vn 0.6844 0.2937 0.6673
vn 0.8015 0.2937 0.5210
vn 0.8877 0.2937 0.3546
vn 0.9398 0.2937 0.1746
vn 0.9558 0.2937 -0.0121
vn 0.9351 0.2937 -0.1983
vn 0.8784 0.2937 -0.3770
vn 0.7880 0.2937 -0.5411
vn 0.6673 0.2937 -0.6844
vn 0.5210 0.2937 -0.8015
vn 0.3546 0.2937 -0.8877
vn 0.1746 0.2937 -0.9398
vn -0.0121 0.2937 -0.9558
vn -0.1983 0.2937 -0.9351
vn -0.3770 0.2937 -0.8784
vn -0.5411 0.2937 -0.7880
vn -0.8972 0.4327 -0.0884
vn -0.8627 0.4327 -0.2617
vn -0.7951 0.4327 -0.4250
vn -0.6969 0.4327 -0.5719
vn -0.5719 0.4327 -0.6969
vn -0.4250 0.4327 -0.7951
vn -0.2617 0.4327 -0.8627
vn -0.0884 0.4327 -0.8972
vn 0.0884 0.4327 -0.8972
vn 0.2617 0.4327 -0.8627
vn 0.4250 0.4327 -0.7951
vn 0.5719 0.4327 -0.6969
vn 0.6969 0.4327 -0.5719
vn 0.7951 0.4327 -0.4250
vn 0.8627 0.4327 -0.2617
vn 0.8972 0.4327 -0.0884
vn 0.8972 0.4327 0.0884
vn 0.8627 0.4327 0.2617
vn 0.7951 0.4327 0.4250
vn 0.6969 0.4327 0.5719
vn 0.5719 0.4327 0.6969
vn 0.4250 0.4327 0.7951
vn 0.2617 0.4327 0.8627
vn 0.0884 0.4327 0.8972
vn -0.0884 0.4327 0.8972
vn -0.2617 0.4327 0.8627
vn -0.4250 0.4327 0.7951
vn -0.5719 0.4327 0.6969
vn -0.6969 0.4327 0.5719
vn -0.7951 0.4327 0.4250
vn -0.8627 0.4327 0.2617
vn -0.8972 0.4327 0.0884
vn -0.7682 0.6357 0.0757
vn -0.7387 0.6357 0.2241
vn -0.6808 0.6357 0.3639
vn -0.5967 0.6357 0.4897
vn -0.4897 0.6357 0.5967
vn -0.3639 0.6357 0.6808
vn -0.2241 0.6357 0.7387
vn -0.0757 0.6357 0.7682
vn 0.0757 0.6357 0.7682
vn 0.2241 0.6357 0.7387
vn 0.3639 0.6357 0.6808
vn 0.4897 0.6357 0.5967
vn 0.5967 0.6357 0.4897
vn 0.6808 0.6357 0.3639
vn 0.7387 0.6357 0.2241
vn 0.7682 0.6357 0.0757
vn 0.7682 0.6357 -0.0757
vn 0.7387 0.6357 -0.2241
vn 0.6808 0.6357 -0.3639
vn 0.5967 0.6357 -0.4897
vn 0.4897 0.6357 -0.5967
vn 0.3639 0.6357 -0.6808
vn 0.2241 0.6357 -0.7387
vn 0.0757 0.6357 -0.7682
vn -0.0757 0.6357 -0.7682
vn -0.2241 0.6357 -0.7387
vn -0.3639 0.6357 -0.6808
vn -0.4897 0.6357 -0.5967
vn -0.5967 0.6357 -0.4897
vn -0.6808 0.6357 -0.3639
vn -0.7387 0.6357 -0.2241
vn -0.7682 0.6357 -0.0757
vn -0.8082 -0.5836 -0.0796
vn -0.7771 -0.5836 -0.2357
vn -0.7162 -0.5836 -0.3828
vn -0.6277 -0.5836 -0.5152
vn -0.5152 -0.5836 -0.6277
vn -0.3828 -0.5836 -0.7162
vn -0.2357 -0.5836 -0.7771
vn -0.0796 -0.5836 -0.8082
vn 0.0796 -0.5836 -0.8082
vn 0.2357 -0.5836 -0.7771
vn 0.3828 -0.5836 -0.7162
vn 0.5152 -0.5836 -0.6277
vn 0.6277 -0.5836 -0.5152
vn 0.7162 -0.5836 -0.3828
vn 0.7771 -0.5836 -0.2357
vn 0.8082 -0.5836 -0.0796
vn 0.8082 -0.5836 0.0796
vn 0.7771 -0.5836 0.2357
vn 0.7162 -0.5836 0.3828
vn 0.6277 -0.5836 0.5152
vn 0.5152 -0.5836 0.6277
vn 0.3828 -0.5836 0.7162
vn 0.2357 -0.5836 0.7771
vn 0.0796 -0.5836 0.8082
vn -0.0796 -0.5836 0.8082
vn -0.2357 -0.5836 0.7771
vn -0.3828 -0.5836 0.7162
vn -0.5152 -0.5836 0.6277
vn -0.6277 -0.5836 0.5152
vn -0.7162 -0.5836 0.3828
vn -0.7771 -0.5836 0.2357
vn -0.8082 -0.5836 0.0796
vn 0.6158 -0.7654 0.1868
vn 0.5719 -0.7612 0.3057
vn 0.5042 -0.7580 0.4138
vn 0.4154 -0.7558 0.5062
vn 0.3092 -0.7548 0.5785
vn 0.1903 -0.7551 0.6274
vn 0.0641 -0.7566 0.6508
vn -0.0638 -0.7592 0.6477
vn -0.1877 -0.7629 0.6187
vn -0.3022 -0.7674 0.5655
vn -0.4364 -0.7259 0.5317
vn -0.5353 -0.7214 0.4393
vn -0.6141 -0.7178 0.3282
vn -0.6688 -0.7153 0.2029
vn -0.6688 -0.7153 -0.2029
vn -0.6141 -0.7178 -0.3282
vn -0.5353 -0.7214 -0.4393
vn -0.4364 -0.7259 -0.5317
vn -0.3216 -0.7310 -0.6018
vn -0.1963 -0.7366 -0.6472
vn -0.0657 -0.7424 -0.6667
vn 0.0650 -0.7482 -0.6603
vn 0.1908 -0.7536 -0.6290
vn 0.3071 -0.7586 -0.5746
vn 0.3836 -0.7965 -0.4674
vn 0.4722 -0.7917 -0.3875
vn 0.5447 -0.7865 -0.2911
vn 0.5976 -0.7810 -0.1813
vn 0.0610 -0.6640 0.7453
vn -0.2750 0.3973 0.8755
vn -0.3099 -0.5464 -0.7781
vn -0.3099 -0.5464 0.7781
vn 0.3724 -0.6548 0.6577
vn -0.8563 -0.5095 0.0843
vn -0.8234 -0.5095 0.2498
vn -0.7589 -0.5095 0.4056
vn -0.6651 -0.5095 0.5459
vn -0.5459 -0.5095 0.6651
vn -0.4056 -0.5095 0.7589
vn -0.2498 -0.5095 0.8234
vn -0.0843 -0.5095 0.8563
vn 0.0843 -0.5095 0.8563
vn 0.2498 -0.5095 0.8234
vn 0.4056 -0.5095 0.7589
vn 0.5459 -0.5095 0.6651
vn 0.6651 -0.5095 0.5459
vn 0.7589 -0.5095 0.4056
vn 0.8234 -0.5095 0.2498
vn 0.8563 -0.5095 0.0843
vn 0.8563 -0.5095 -0.0843
vn 0.8234 -0.5095 -0.2498
vn 0.7589 -0.5095 -0.4056
vn 0.6651 -0.5095 -0.5459
vn 0.5459 -0.5095 -0.6651
vn 0.4056 -0.5095 -0.7589
vn 0.2498 -0.5095 -0.8234
vn 0.0843 -0.5095 -0.8563
vn -0.0843 -0.5095 -0.8563
vn -0.2498 -0.5095 -0.8234
vn -0.4056 -0.5095 -0.7589
vn -0.5459 -0.5095 -0.6651
vn -0.6651 -0.5095 -0.5459
vn -0.7589 -0.5095 -0.4056
vn -0.8234 -0.5095 -0.2498
vn -0.8563 -0.5095 -0.0843
vn -0.7569 -0.6492 -0.0746
vn -0.7279 -0.6492 -0.2208
vn -0.6708 -0.6492 -0.3585
vn -0.5880 -0.6492 -0.4825
vn -0.4825 -0.6492 -0.5880
vn -0.3585 -0.6492 -0.6708
vn -0.2208 -0.6492 -0.7279
vn -0.0746 -0.6492 -0.7569
vn 0.0746 -0.6492 -0.7569
vn 0.2208 -0.6492 -0.7279
vn 0.3585 -0.6492 -0.6708
vn 0.4825 -0.6492 -0.5880
vn 0.5880 -0.6492 -0.4825
vn 0.6708 -0.6492 -0.3585
vn 0.7279 -0.6492 -0.2208
vn 0.7569 -0.6492 -0.0746
vn 0.7569 -0.6492 0.0746
vn 0.7279 -0.6492 0.2208
vn 0.6708 -0.6492 0.3585
vn 0.5880 -0.6492 0.4825
vn 0.4825 -0.6492 0.5880
vn 0.3585 -0.6492 0.6708
vn 0.2208 -0.6492 0.7279
vn 0.0746 -0.6492 0.7569
vn -0.0746 -0.6492 0.7569
vn -0.2208 -0.6492 0.7279
vn -0.3585 -0.6492 0.6708
vn -0.4825 -0.6492 0.5880
vn -0.5880 -0.6492 0.4825
vn -0.6708 -0.6492 0.3585
vn -0.7279 -0.6492 0.2208
vn -0.7569 -0.6492 0.0746
vn -0.1510 -0.6987 -0.6993
vn -0.2845 -0.6987 -0.6565
vn -0.4071 -0.6987 -0.5883
vn -0.5141 -0.6987 -0.4976
vn -0.6013 -0.6987 -0.3878
vn -0.6654 -0.6987 -0.2630
vn -0.7039 -0.6987 -0.1282
vn -0.7154 -0.6987 0.0116
vn -0.6993 -0.6987 0.1510
vn -0.6565 -0.6987 0.2845
vn -0.5883 -0.6987 0.4071
vn -0.4976 -0.6987 0.5141
vn -0.3878 -0.6987 0.6013
vn -0.2630 -0.6987 0.6654
vn -0.1282 -0.6987 0.7039
vn 0.0127 -0.6231 0.7821
vn 0.1510 -0.6987 0.6993
vn 0.2845 -0.6987 0.6565
vn 0.4071 -0.6987 0.5883
vn 0.5141 -0.6987 0.4976
vn 0.6013 -0.6987 0.3878
vn 0.6654 -0.6987 0.2630
vn 0.7039 -0.6987 0.1282
vn 0.7154 -0.6987 -0.0116
vn 0.6993 -0.6987 -0.1510
vn 0.6565 -0.6987 -0.2845
vn 0.5883 -0.6987 -0.4071
vn 0.4976 -0.6987 -0.5141
vn 0.3878 -0.6987 -0.6013
vn 0.2630 -0.6987 -0.6654
vn 0.1282 -0.6987 -0.7039
vn -0.0127 -0.6231 -0.7821
vn -0.6452 -0.3671 0.6701
vn -0.7635 -0.3671 0.5313
vn -0.8525 -0.3671 0.3722
vn -0.9087 -0.3671 0.1987
vn -0.9300 -0.3671 0.0176
vn -0.9156 -0.3671 -0.1642
vn -0.8660 -0.3671 -0.3396
vn -0.7831 -0.3671 -0.5020
vn -0.6701 -0.3671 -0.6452
vn -0.5313 -0.3671 -0.7635
vn -0.3722 -0.3671 -0.8525
vn -0.1987 -0.3671 -0.9087
vn -0.0176 -0.3671 -0.9300
vn 0.1642 -0.3671 -0.9156
vn 0.3396 -0.3671 -0.8660
vn 0.5020 -0.3671 -0.7831
vn 0.6452 -0.3671 -0.6701
vn 0.7635 -0.3671 -0.5313
vn 0.8525 -0.3671 -0.3722
vn 0.9087 -0.3671 -0.1987
vn 0.9300 -0.3671 -0.0176
vn 0.9156 -0.3671 0.1642
vn 0.8660 -0.3671 0.3396
vn 0.7831 -0.3671 0.5020
vn 0.6701 -0.3671 0.6452
vn 0.5313 -0.3671 0.7635
vn 0.3722 -0.3671 0.8525
vn 0.1987 -0.3671 0.9087
vn 0.0176 -0.3671 0.9300
vn -0.1642 -0.3671 0.9156
vn -0.3396 -0.3671 0.8660
vn -0.5020 -0.3671 0.7831
vn -0.9138 -0.3961 0.0900
vn -0.8786 -0.3961 0.2665
vn -0.8098 -0.3961 0.4328
vn -0.7098 -0.3961 0.5825
vn -0.5825 -0.3961 0.7098
vn -0.4328 -0.3961 0.8098
vn -0.2665 -0.3961 0.8786
vn -0.0900 -0.3961 0.9138
vn 0.0900 -0.3961 0.9138
vn 0.2665 -0.3961 0.8786
vn 0.4328 -0.3961 0.8098
vn 0.5825 -0.3961 0.7098
vn 0.7098 -0.3961 0.5825
vn 0.8098 -0.3961 0.4328
vn 0.8786 -0.3961 0.2665
vn 0.9138 -0.3961 0.0900
vn 0.9138 -0.3961 -0.0900
vn 0.8786 -0.3961 -0.2665
vn 0.8098 -0.3961 -0.4328
vn 0.7098 -0.3961 -0.5825
vn 0.5825 -0.3961 -0.7098
vn 0.4328 -0.3961 -0.8098
vn 0.2665 -0.3961 -0.8786
vn 0.0900 -0.3961 -0.9138
vn -0.0900 -0.3961 -0.9138
vn -0.2665 -0.3961 -0.8786
vn -0.4328 -0.3961 -0.8098
vn -0.5825 -0.3961 -0.7098
vn -0.7098 -0.3961 -0.5825
vn -0.8098 -0.3961 -0.4328
vn -0.8786 -0.3961 -0.2665
vn -0.9138 -0.3961 -0.0900
vn -0.4868 -0.5102 -0.7090
vn -0.3392 -0.5102 -0.7904
vn -0.1785 -0.5102 -0.8413
vn -0.0109 -0.5102 -0.8600
vn 0.1571 -0.5102 -0.8456
vn 0.3190 -0.5102 -0.7987
vn 0.4687 -0.5102 -0.7211
vn 0.6004 -0.5102 -0.6158
vn 0.7090 -0.5102 -0.4868
vn 0.7904 -0.5102 -0.3392
vn 0.8413 -0.5102 -0.1785
vn 0.8600 -0.5102 -0.0109
vn 0.8456 -0.5102 0.1571
vn 0.7987 -0.5102 0.3190
vn 0.7211 -0.5102 0.4687
vn 0.6158 -0.5102 0.6004
vn 0.4868 -0.5102 0.7090
vn 0.3392 -0.5102 0.7904
vn 0.1785 -0.5102 0.8413
vn 0.0109 -0.5102 0.8600
vn -0.1571 -0.5102 0.8456
vn -0.3190 -0.5102 0.7987
vn -0.4687 -0.5102 0.7211
vn -0.6004 -0.5102 0.6158
vn -0.7090 -0.5102 0.4868
vn -0.7904 -0.5102 0.3392
vn -0.8413 -0.5102 0.1785
vn -0.8600 -0.5102 0.0109
vn -0.8456 -0.5102 -0.1571
vn -0.7987 -0.5102 -0.3190
vn -0.7211 -0.5102 -0.4687
vn -0.6158 -0.5102 -0.6004
vn -0.3996 -0.6781 -0.6168
vn -0.5123 -0.6781 -0.5270
vn -0.6053 -0.6781 -0.4169
vn -0.6750 -0.6781 -0.2908
vn -0.7188 -0.6781 -0.1536
vn -0.7349 -0.6781 -0.0104
vn -0.7228 -0.6781 0.1332
vn -0.6829 -0.6781 0.2716
vn -0.6168 -0.6781 0.3996
vn -0.5270 -0.6781 0.5123
vn -0.4169 -0.6781 0.6053
vn -0.2908 -0.6781 0.6750
vn -0.1536 -0.6781 0.7188
vn -0.0104 -0.6781 0.7349
vn 0.1332 -0.6781 0.7228
vn 0.2716 -0.6781 0.6829
vn 0.3996 -0.6781 0.6168
vn 0.5123 -0.6781 0.5270
vn 0.6053 -0.6781 0.4169
vn 0.6750 -0.6781 0.2908
vn 0.7188 -0.6781 0.1536
vn 0.7349 -0.6781 0.0104
vn 0.7228 -0.6781 -0.1332
vn 0.6829 -0.6781 -0.2716
vn 0.6168 -0.6781 -0.3996
vn 0.5270 -0.6781 -0.5123
vn 0.4169 -0.6781 -0.6053
vn 0.2908 -0.6781 -0.6750
vn 0.1536 -0.6781 -0.7188
vn 0.0104 -0.6781 -0.7349
vn -0.1332 -0.6781 -0.7228
vn -0.2716 -0.6781 -0.6829
vt 0.743531 0.263136
vt 0.740724 0.295150
vt 0.740724 0.256647
vt 0.788409 0.314618
vt 0.791563 0.285117
vt 0.791563 0.320285
vt 0.252503 0.818632
vt 0.255628 0.787884
vt 0.255628 0.824688
vt 0.686819 0.762720
vt 0.689889 0.730798
vt 0.689889 0.769028
vt 0.545427 0.763591
vt 0.548439 0.730798
vt 0.548439 0.769985
vt 0.505179 0.763972
vt 0.508139 0.730798
vt 0.508139 0.770282
vt 0.646631 0.763735
vt 0.649553 0.730798
vt 0.649553 0.769796
vt 0.131373 0.819894
vt 0.134277 0.787884
vt 0.134277 0.825561
vt 0.743531 0.429904
vt 0.740724 0.461917
vt 0.740724 0.423415
vt 0.743531 0.318725
vt 0.740724 0.350739
vt 0.740724 0.312237
vt 0.743531 0.485493
vt 0.740724 0.517506
vt 0.740724 0.479004
vt 0.770495 0.126211
vt 0.767688 0.158224
vt 0.767688 0.119722
vt 0.743531 0.374315
vt 0.740724 0.406328
vt 0.740724 0.367826
vt 0.788409 0.522413
vt 0.791564 0.493179
vt 0.791564 0.527957
vt 0.395310 0.818320
vt 0.398448 0.787884
vt 0.398448 0.824279
vt 0.740724 0.177721
vt 0.743814 0.146084
vt 0.743814 0.183972
vt 0.565525 0.763399
vt 0.568558 0.730798
vt 0.568558 0.769784
vt 0.485114 0.763924
vt 0.488093 0.730798
vt 0.488093 0.770275
vt 0.585644 0.763868
vt 0.588581 0.730798
vt 0.588581 0.770017
vt 0.767688 0.538911
vt 0.770602 0.506567
vt 0.770602 0.544708
vt 0.767688 0.207324
vt 0.770495 0.175311
vt 0.770495 0.213813
vt 0.767688 0.096146
vt 0.770495 0.064133
vt 0.770495 0.102635
vt 0.740724 0.566607
vt 0.743531 0.534593
vt 0.743531 0.573096
vt 0.767688 0.429681
vt 0.770495 0.397668
vt 0.770495 0.436170
vt 0.740724 0.622196
vt 0.743531 0.590182
vt 0.743531 0.628685
vt 0.740724 0.233072
vt 0.743531 0.201058
vt 0.743531 0.239561
vt 0.740724 0.677785
vt 0.743531 0.645772
vt 0.743531 0.684274
vt 0.767688 0.040557
vt 0.770495 0.008543
vt 0.770495 0.047046
vt 0.767688 0.262913
vt 0.770495 0.230900
vt 0.770495 0.269402
vt 0.770495 0.292978
vt 0.767688 0.324992
vt 0.767688 0.286489
vt 0.240165 0.012835
vt 0.255722 0.064118
vt 0.204439 0.079674
vt 0.743531 0.707850
vt 0.740724 0.739863
vt 0.740724 0.701361
vt 0.770495 0.348567
vt 0.767688 0.380581
vt 0.767688 0.342078
vt 0.082608 0.168741
vt 0.041636 0.171928
vt 0.041263 0.166183
vt 0.071931 0.195640
vt 0.082608 0.224446
vt 0.370006 0.058964
vt 0.362280 0.072679
vt 0.357684 0.066843
vt 0.367937 0.054899
vt 0.354315 0.060222
vt 0.366702 0.050508
vt 0.352302 0.053072
vt 0.366346 0.045961
vt 0.351723 0.045666
vt 0.366885 0.041431
vt 0.352600 0.038289
vt 0.354899 0.031226
vt 0.370527 0.033115
vt 0.358533 0.024746
vt 0.363360 0.019100
vt 0.377075 0.026826
vt 0.369196 0.014504
vt 0.381140 0.024758
vt 0.375817 0.011135
vt 0.385531 0.023522
vt 0.382967 0.009122
vt 0.390079 0.023166
vt 0.390373 0.008543
vt 0.394608 0.023705
vt 0.397750 0.009420
vt 0.398945 0.025117
vt 0.404814 0.011720
vt 0.359482 0.896682
vt 0.360148 0.917516
vt 0.359482 0.933079
vt 0.377235 0.917475
vt 0.377902 0.896682
vt 0.377902 0.932999
vt 0.386531 0.103481
vt 0.394257 0.089766
vt 0.398853 0.095602
vt 0.388600 0.107546
vt 0.402222 0.102223
vt 0.389835 0.111937
vt 0.404235 0.109373
vt 0.390191 0.116485
vt 0.404814 0.116779
vt 0.389652 0.121014
vt 0.403937 0.124156
vt 0.388241 0.125351
vt 0.401637 0.131220
vt 0.386010 0.129330
vt 0.398004 0.137699
vt 0.393177 0.143345
vt 0.379462 0.135619
vt 0.387341 0.147941
vt 0.375397 0.137688
vt 0.380720 0.151310
vt 0.373569 0.153323
vt 0.366458 0.139279
vt 0.366164 0.153902
vt 0.361929 0.138741
vt 0.358787 0.153025
vt 0.351723 0.150726
vt 0.053217 0.190431
vt 0.059968 0.203974
vt 0.911231 0.056654
vt 0.911231 0.087678
vt 0.909030 0.061843
vt 0.949199 0.219269
vt 0.949199 0.190757
vt 0.951762 0.215093
vt 0.909030 0.700917
vt 0.909030 0.671286
vt 0.911639 0.696393
vt 0.474226 0.927444
vt 0.474226 0.896682
vt 0.476837 0.922640
vt 0.888783 0.727161
vt 0.888783 0.695484
vt 0.891371 0.722186
vt 0.888783 0.088695
vt 0.888783 0.056512
vt 0.891339 0.083678
vt 0.888783 0.383591
vt 0.888783 0.351451
vt 0.891307 0.378666
vt 0.339896 0.928141
vt 0.339896 0.896682
vt 0.342395 0.923435
vt 0.909030 0.469493
vt 0.909030 0.439388
vt 0.911516 0.465120
vt 0.951687 0.600531
vt 0.951687 0.628633
vt 0.949199 0.604490
vt 0.889512 0.896682
vt 0.889512 0.927706
vt 0.887312 0.901871
vt 0.793078 0.896682
vt 0.793078 0.927705
vt 0.790878 0.901871
vt 0.911231 0.104764
vt 0.911231 0.135788
vt 0.909030 0.109954
vt 0.949199 0.583444
vt 0.949199 0.555291
vt 0.951738 0.579385
vt 0.929140 0.315050
vt 0.929140 0.285811
vt 0.931741 0.310628
vt 0.593198 0.927092
vt 0.593198 0.896682
vt 0.595811 0.922361
vt 0.888783 0.824491
vt 0.888783 0.793065
vt 0.891378 0.819553
vt 0.888783 0.285333
vt 0.888783 0.253252
vt 0.891346 0.280313
vt 0.888783 0.236165
vt 0.888783 0.203948
vt 0.891312 0.231199
vt 0.888783 0.775978
vt 0.888783 0.744247
vt 0.891284 0.771197
vt 0.652764 0.927252
vt 0.652764 0.896682
vt 0.655247 0.922776
vt 0.951680 0.099214
vt 0.951680 0.127955
vt 0.949199 0.103293
vt 0.909030 0.183899
vt 0.909030 0.152875
vt 0.911231 0.178709
vt 0.810165 0.927705
vt 0.810165 0.896682
vt 0.812365 0.922516
vt 0.829452 0.927706
vt 0.829452 0.896682
vt 0.831652 0.922516
vt 0.848739 0.927706
vt 0.848739 0.896682
vt 0.850939 0.922516
vt 0.909030 0.232009
vt 0.909030 0.200985
vt 0.911231 0.226820
vt 0.868026 0.927705
vt 0.868026 0.896682
vt 0.870226 0.922516
vt 0.909030 0.280120
vt 0.909030 0.249096
vt 0.911231 0.274930
vt 0.911231 0.297206
vt 0.911231 0.328230
vt 0.909031 0.302396
vt 0.911231 0.008543
vt 0.911231 0.039567
vt 0.909030 0.013733
vt 0.773792 0.896682
vt 0.773792 0.927706
vt 0.771592 0.901871
vt 0.031109 0.849034
vt 0.028370 0.879595
vt 0.028370 0.844947
vt 0.822417 0.677174
vt 0.819677 0.707735
vt 0.819677 0.673087
vt 0.819677 0.548449
vt 0.822423 0.517860
vt 0.822423 0.552532
vt 0.822417 0.728908
vt 0.819677 0.759469
vt 0.819677 0.724822
vt 0.842975 0.581708
vt 0.840235 0.612269
vt 0.840235 0.577622
vt 0.842975 0.633442
vt 0.840235 0.664004
vt 0.840235 0.629356
vt 0.822417 0.780642
vt 0.819677 0.811204
vt 0.819677 0.776556
vt 0.822417 0.625439
vt 0.819677 0.656001
vt 0.819677 0.621353
vt 0.822417 0.573705
vt 0.819677 0.604266
vt 0.819677 0.569618
vt 0.842974 0.012630
vt 0.840235 0.043191
vt 0.840235 0.008543
vt 0.842975 0.064364
vt 0.840235 0.094925
vt 0.840235 0.060278
vt 0.842975 0.685177
vt 0.840235 0.715738
vt 0.840235 0.681091
vt 0.840235 0.763386
vt 0.842974 0.732825
vt 0.842974 0.767473
vt 0.840235 0.142573
vt 0.842974 0.112012
vt 0.842974 0.146660
vt 0.187655 0.875269
vt 0.190429 0.844947
vt 0.190429 0.879327
vt 0.819677 0.141789
vt 0.822370 0.110553
vt 0.822370 0.145875
vt 0.840235 0.194308
vt 0.842975 0.163747
vt 0.842975 0.198394
vt 0.840235 0.246042
vt 0.842975 0.215481
vt 0.842975 0.250129
vt 0.127501 0.875509
vt 0.130241 0.844947
vt 0.130241 0.879595
vt 0.840235 0.297777
vt 0.842975 0.267215
vt 0.842975 0.301863
vt 0.147328 0.875509
vt 0.150068 0.844947
vt 0.150068 0.879595
vt 0.048196 0.875509
vt 0.050936 0.844947
vt 0.050936 0.879595
vt 0.840235 0.349511
vt 0.842974 0.318950
vt 0.842974 0.353597
vt 0.840235 0.401245
vt 0.842975 0.370684
vt 0.842975 0.405332
vt 0.840235 0.452980
vt 0.842975 0.422418
vt 0.842975 0.457066
vt 0.068022 0.875509
vt 0.070762 0.844947
vt 0.070762 0.879595
vt 0.840235 0.815121
vt 0.842975 0.784559
vt 0.842975 0.819207
vt 0.008543 0.875509
vt 0.011283 0.844947
vt 0.011283 0.879595
vt 0.090588 0.849034
vt 0.087849 0.879595
vt 0.087849 0.844947
vt 0.842974 0.478239
vt 0.840235 0.508801
vt 0.840235 0.474153
vt 0.842975 0.529974
vt 0.840235 0.560535
vt 0.840235 0.525887
vt 0.110415 0.849034
vt 0.107675 0.879595
vt 0.107675 0.844947
vt 0.422072 0.513497
vt 0.442306 0.484216
vt 0.442306 0.553000
vt 0.404814 0.066396
vt 0.372828 0.062548
vt 0.400626 0.068979
vt 0.396015 0.070695
vt 0.391158 0.071478
vt 0.386242 0.071299
vt 0.368296 0.037094
vt 0.381455 0.070164
vt 0.376981 0.068117
vt 0.373491 0.029648
vt 0.372993 0.065237
vt 0.369643 0.061634
vt 0.367060 0.057446
vt 0.365344 0.052836
vt 0.364561 0.047979
vt 0.364740 0.043062
vt 0.365875 0.038275
vt 0.493103 0.284089
vt 0.481084 0.260992
vt 0.493103 0.214175
vt 0.260447 0.529531
vt 0.239418 0.558246
vt 0.239418 0.484216
vt 0.351723 0.096049
vt 0.383709 0.099897
vt 0.355911 0.093466
vt 0.360521 0.091750
vt 0.365378 0.090967
vt 0.370295 0.091146
vt 0.375082 0.092281
vt 0.379556 0.094328
vt 0.383046 0.132797
vt 0.383544 0.097208
vt 0.386894 0.100811
vt 0.389477 0.104999
vt 0.371006 0.138924
vt 0.391193 0.109610
vt 0.391976 0.114467
vt 0.391797 0.119383
vt 0.357592 0.137329
vt 0.390662 0.124170
vt 0.023921 0.185309
vt 0.969219 0.890665
vt 0.970705 0.871392
vt 0.970705 0.895729
vt 0.970705 0.917880
vt 0.969219 0.937153
vt 0.969219 0.912816
vt 0.990424 0.013608
vt 0.988938 0.032880
vt 0.988938 0.008543
vt 0.990424 0.055031
vt 0.988938 0.074304
vt 0.988938 0.049967
vt 0.988938 0.632757
vt 0.990716 0.613402
vt 0.990716 0.636325
vt 0.969219 0.771162
vt 0.971194 0.751540
vt 0.971194 0.775015
vt 0.969219 0.445518
vt 0.971329 0.425470
vt 0.971329 0.449682
vt 0.969219 0.071596
vt 0.971413 0.051075
vt 0.971413 0.076041
vt 0.762564 0.971077
vt 0.764805 0.950166
vt 0.764805 0.975730
vt 0.607449 0.971265
vt 0.609712 0.950166
vt 0.609712 0.976023
vt 0.684913 0.971150
vt 0.687183 0.950166
vt 0.687183 0.975894
vt 0.917519 0.970658
vt 0.919789 0.950166
vt 0.919789 0.975268
vt 0.969219 0.404019
vt 0.971487 0.384442
vt 0.971487 0.408383
vt 0.988938 0.474598
vt 0.991204 0.456371
vt 0.991204 0.478622
vt 0.991205 0.850528
vt 0.988938 0.866988
vt 0.988938 0.846904
vt 0.991208 0.922709
vt 0.988938 0.937036
vt 0.988938 0.919492
vt 0.988938 0.751234
vt 0.990646 0.731870
vt 0.990646 0.754750
vt 0.988938 0.315869
vt 0.990859 0.296305
vt 0.990859 0.319648
vt 0.969219 0.568474
vt 0.971293 0.548527
vt 0.971293 0.572559
vt 0.969219 0.196893
vt 0.971391 0.176484
vt 0.971391 0.201269
vt 0.820875 0.970993
vt 0.823104 0.950166
vt 0.823104 0.975598
vt 0.646154 0.971242
vt 0.648411 0.950166
vt 0.648411 0.975981
vt 0.626798 0.971216
vt 0.629067 0.950166
vt 0.629067 0.975977
vt 0.840190 0.970833
vt 0.842461 0.950166
vt 0.842461 0.975495
vt 0.969219 0.280420
vt 0.971488 0.260544
vt 0.971488 0.284869
vt 0.969219 0.850169
vt 0.971486 0.831516
vt 0.971486 0.854306
vt 0.991205 0.775591
vt 0.988938 0.792600
vt 0.988938 0.771837
vt 0.991208 0.887421
vt 0.988938 0.902406
vt 0.988938 0.884075
vt 0.988938 0.234933
vt 0.990424 0.215660
vt 0.990424 0.239997
vt 0.988938 0.110662
vt 0.990424 0.091390
vt 0.990424 0.115727
vt 0.988938 0.152086
vt 0.990424 0.132814
vt 0.990424 0.157150
vt 0.988938 0.193509
vt 0.990424 0.174237
vt 0.990424 0.198574
vt 0.165602 0.956275
vt 0.163856 0.978328
vt 0.163856 0.950166
vt 0.278597 0.956275
vt 0.276851 0.978328
vt 0.276851 0.950166
vt 0.222099 0.956275
vt 0.220354 0.978328
vt 0.220354 0.950166
vt 0.295684 0.972219
vt 0.297430 0.950166
vt 0.297430 0.978328
vt 0.145023 0.972219
vt 0.146769 0.950166
vt 0.146769 0.978328
vt 0.239186 0.972219
vt 0.240932 0.950166
vt 0.240932 0.978328
vt 0.182688 0.972219
vt 0.184434 0.950166
vt 0.184434 0.978328
vt 0.201521 0.972219
vt 0.203267 0.950166
vt 0.203267 0.978328
vt 0.991457 0.813656
vt 0.988938 0.829817
vt 0.988938 0.809686
vt 0.971733 0.594080
vt 0.969219 0.612587
vt 0.969219 0.589645
vt 0.551200 0.955071
vt 0.548691 0.975545
vt 0.548691 0.950166
vt 0.949199 0.891763
vt 0.951708 0.869777
vt 0.951708 0.897077
vt 0.949199 0.168051
vt 0.951712 0.145042
vt 0.951712 0.173670
vt 0.929140 0.401240
vt 0.931658 0.377691
vt 0.931658 0.407035
vt 0.929140 0.262897
vt 0.931658 0.239246
vt 0.931658 0.268724
vt 0.929140 0.815569
vt 0.931648 0.792178
vt 0.931648 0.821287
vt 0.949199 0.532724
vt 0.951675 0.509841
vt 0.951675 0.538204
vt 0.027746 0.972430
vt 0.030154 0.950166
vt 0.030154 0.977576
vt 0.392323 0.971854
vt 0.394610 0.950166
vt 0.394610 0.976618
vt 0.859548 0.971466
vt 0.861646 0.950166
vt 0.861646 0.975863
vt 0.259765 0.956275
vt 0.258019 0.978328
vt 0.258019 0.950166
vt 0.991452 0.261364
vt 0.988938 0.279218
vt 0.988938 0.257084
vt 0.881242 0.954929
vt 0.878733 0.974880
vt 0.878733 0.950166
vt 0.086352 0.971772
vt 0.088860 0.950166
vt 0.088860 0.976971
vt 0.949199 0.441120
vt 0.951710 0.418348
vt 0.951710 0.446661
vt 0.929140 0.722913
vt 0.931656 0.699466
vt 0.931656 0.728671
vt 0.929140 0.170027
vt 0.931659 0.146364
vt 0.931659 0.175859
vt 0.929140 0.540016
vt 0.931653 0.516528
vt 0.931653 0.545779
vt 0.949199 0.305631
vt 0.951689 0.282604
vt 0.951689 0.311189
vt 0.949199 0.803744
vt 0.951634 0.781331
vt 0.951634 0.808988
vt 0.314517 0.971964
vt 0.316848 0.950166
vt 0.316848 0.976828
vt 0.743314 0.971501
vt 0.745477 0.950166
vt 0.745477 0.975981
vt 0.127093 0.928761
vt 0.127093 0.896682
vt 0.129352 0.923208
vt 0.088402 0.928761
vt 0.088402 0.896682
vt 0.090661 0.923208
vt 0.146439 0.928761
vt 0.146439 0.896682
vt 0.148698 0.923208
vt 0.262513 0.928761
vt 0.262513 0.896682
vt 0.264772 0.923208
vt 0.204476 0.928761
vt 0.204476 0.896682
vt 0.206735 0.923208
vt 0.951766 0.053515
vt 0.951766 0.082128
vt 0.949199 0.057710
vt 0.514101 0.927467
vt 0.514101 0.896682
vt 0.516661 0.922823
vt 0.860061 0.812692
vt 0.860061 0.780400
vt 0.862632 0.807682
vt 0.811814 0.878045
vt 0.811814 0.844947
vt 0.814408 0.872785
vt 0.691661 0.878175
vt 0.691661 0.844947
vt 0.694287 0.872799
vt 0.860061 0.189428
vt 0.860061 0.156666
vt 0.862720 0.184080
vt 0.888783 0.186861
vt 0.888783 0.155022
vt 0.891468 0.181679
vt 0.454450 0.927331
vt 0.454450 0.896682
vt 0.457140 0.922435
vt 0.909030 0.886505
vt 0.909030 0.857077
vt 0.911683 0.881979
vt 0.949199 0.356705
vt 0.949199 0.328275
vt 0.951750 0.352572
vt 0.245427 0.896682
vt 0.245427 0.928761
vt 0.243168 0.902235
vt 0.110006 0.896682
vt 0.110006 0.928761
vt 0.107747 0.902235
vt 0.226081 0.896682
vt 0.226081 0.928761
vt 0.223822 0.902235
vt 0.754505 0.896682
vt 0.754505 0.926905
vt 0.751940 0.901208
vt 0.888783 0.485605
vt 0.888783 0.453683
vt 0.891353 0.480688
vt 0.860061 0.239446
vt 0.860061 0.206515
vt 0.862651 0.234245
vt 0.671956 0.878204
vt 0.671956 0.844947
vt 0.674574 0.872847
vt 0.792075 0.877909
vt 0.792075 0.844947
vt 0.794727 0.872539
vt 0.860061 0.715375
vt 0.860061 0.683207
vt 0.862742 0.710131
vt 0.048426 0.927733
vt 0.048426 0.896682
vt 0.051118 0.922741
vt 0.909030 0.375149
vt 0.909030 0.345317
vt 0.911698 0.370503
vt 0.929140 0.867134
vt 0.929140 0.838373
vt 0.931726 0.862876
vt 0.284118 0.896682
vt 0.284118 0.928761
vt 0.281859 0.902235
vt 0.168044 0.896682
vt 0.168044 0.928761
vt 0.165785 0.902235
vt 0.187389 0.896682
vt 0.187389 0.928761
vt 0.185130 0.902235
vt 0.301205 0.928761
vt 0.301205 0.896682
vt 0.303464 0.923208
vt 0.320551 0.928761
vt 0.320551 0.896682
vt 0.322810 0.923208
vt 0.699248 0.347797
vt 0.699248 0.305494
vt 0.702539 0.341948
vt 0.699248 0.407187
vt 0.699248 0.364884
vt 0.702539 0.401338
vt 0.719625 0.110237
vt 0.719625 0.067933
vt 0.722917 0.104387
vt 0.682161 0.127323
vt 0.682161 0.169627
vt 0.678870 0.133173
vt 0.722917 0.186713
vt 0.722917 0.229017
vt 0.719625 0.192563
vt 0.682161 0.186713
vt 0.682161 0.229017
vt 0.678870 0.192563
vt 0.702539 0.424274
vt 0.702539 0.466577
vt 0.699248 0.430123
vt 0.682161 0.483664
vt 0.682161 0.525967
vt 0.678870 0.489513
vt 0.682161 0.543054
vt 0.682161 0.585357
vt 0.678870 0.548903
vt 0.702539 0.483664
vt 0.702539 0.525967
vt 0.699248 0.489513
vt 0.682161 0.602444
vt 0.682161 0.644747
vt 0.678870 0.608293
vt 0.682161 0.305494
vt 0.682161 0.347797
vt 0.678870 0.311343
vt 0.722917 0.246104
vt 0.722917 0.288407
vt 0.719625 0.251953
vt 0.625462 0.670509
vt 0.625462 0.712813
vt 0.622171 0.676359
vt 0.682161 0.661834
vt 0.682161 0.704137
vt 0.678870 0.667683
vt 0.702539 0.008543
vt 0.702539 0.050847
vt 0.699248 0.014393
vt 0.702539 0.067933
vt 0.702539 0.110237
vt 0.699248 0.073783
vt 0.702539 0.127323
vt 0.702539 0.169627
vt 0.699248 0.133173
vt 0.702539 0.186713
vt 0.702539 0.229017
vt 0.699248 0.192563
vt 0.642549 0.712812
vt 0.642549 0.670509
vt 0.645840 0.706963
vt 0.719625 0.169627
vt 0.719625 0.127323
vt 0.722917 0.163777
vt 0.699248 0.585357
vt 0.699248 0.543054
vt 0.702539 0.579508
vt 0.678870 0.050847
vt 0.678870 0.008543
vt 0.682161 0.044997
vt 0.699248 0.644747
vt 0.699248 0.602444
vt 0.702539 0.638898
vt 0.678870 0.288407
vt 0.678870 0.246104
vt 0.682161 0.282557
vt 0.678870 0.407187
vt 0.678870 0.364884
vt 0.682161 0.401338
vt 0.699248 0.288407
vt 0.699248 0.246104
vt 0.702539 0.282557
vt 0.678870 0.466577
vt 0.678870 0.424274
vt 0.682161 0.460728
vt 0.719625 0.347797
vt 0.719625 0.305494
vt 0.722917 0.341948
vt 0.699248 0.704137
vt 0.699248 0.661834
vt 0.702539 0.698288
vt 0.719625 0.050847
vt 0.719625 0.008543
vt 0.722917 0.044997
vt 0.678870 0.110237
vt 0.678870 0.067933
vt 0.682161 0.104387
vt 0.337477 0.787884
vt 0.337477 0.823657
vt 0.334014 0.817221
vt 0.235417 0.787884
vt 0.235417 0.823669
vt 0.231887 0.817300
vt 0.073623 0.787884
vt 0.073623 0.823825
vt 0.070035 0.817508
vt 0.771322 0.453257
vt 0.771322 0.489480
vt 0.767688 0.483196
vt 0.710645 0.730798
vt 0.710645 0.767404
vt 0.706976 0.761132
vt 0.629545 0.730798
vt 0.629545 0.767849
vt 0.625850 0.761570
vt 0.468028 0.730798
vt 0.468028 0.768319
vt 0.464315 0.762016
vt 0.406704 0.730798
vt 0.406704 0.768776
vt 0.402982 0.762441
vt 0.345140 0.730798
vt 0.345140 0.769190
vt 0.341414 0.762820
vt 0.300127 0.769541
vt 0.300127 0.730798
vt 0.303851 0.737200
vt 0.195797 0.769817
vt 0.195797 0.730798
vt 0.199513 0.737224
vt 0.154349 0.770018
vt 0.154349 0.730798
vt 0.158052 0.737238
vt 0.112876 0.770150
vt 0.112876 0.730798
vt 0.116558 0.737241
vt 0.092135 0.770227
vt 0.092135 0.730798
vt 0.095789 0.737235
vt 0.133645 0.770265
vt 0.133645 0.730798
vt 0.137262 0.737224
vt 0.175139 0.770280
vt 0.175139 0.730798
vt 0.178710 0.737212
vt 0.216600 0.770284
vt 0.216600 0.730798
vt 0.220117 0.737205
vt 0.279584 0.770284
vt 0.279584 0.730798
vt 0.283040 0.737208
vt 0.320937 0.770279
vt 0.320937 0.730798
vt 0.324328 0.737223
vt 0.362227 0.770261
vt 0.362227 0.730798
vt 0.365550 0.737252
vt 0.382637 0.770218
vt 0.382637 0.730798
vt 0.385896 0.737293
vt 0.423791 0.770133
vt 0.423791 0.730798
vt 0.426991 0.737344
vt 0.444078 0.769991
vt 0.444078 0.730798
vt 0.447229 0.737399
vt 0.525225 0.769778
vt 0.525225 0.730798
vt 0.528341 0.737452
vt 0.605668 0.769489
vt 0.605668 0.730798
vt 0.608763 0.737497
vt 0.669732 0.730798
vt 0.669732 0.769127
vt 0.666640 0.762398
vt 0.743831 0.091091
vt 0.743831 0.128997
vt 0.740724 0.122255
vt 0.770828 0.669118
vt 0.770828 0.706563
vt 0.767688 0.699830
vt 0.093897 0.787884
vt 0.093897 0.824861
vt 0.090709 0.818160
vt 0.214800 0.787884
vt 0.214800 0.824424
vt 0.211551 0.817773
vt 0.198262 0.075547
vt 0.193010 0.070295
vt 0.188883 0.064118
vt 0.186040 0.057255
vt 0.184591 0.049969
vt 0.184591 0.042541
vt 0.186040 0.035255
vt 0.188883 0.028392
vt 0.193010 0.022215
vt 0.198262 0.016962
vt 0.204439 0.012835
vt 0.211302 0.009993
vt 0.218588 0.008543
vt 0.226016 0.008543
vt 0.233302 0.009993
vt 0.246342 0.016962
vt 0.258565 0.035255
vt 0.251595 0.022215
vt 0.255722 0.028392
vt 0.260014 0.042541
vt 0.260014 0.049969
vt 0.258565 0.057255
vt 0.251595 0.070295
vt 0.233302 0.082517
vt 0.246342 0.075547
vt 0.240165 0.079674
vt 0.226016 0.083966
vt 0.218588 0.083966
vt 0.211302 0.082517
vt 0.316927 0.787884
vt 0.316927 0.824055
vt 0.313609 0.817470
vt 0.357955 0.787884
vt 0.357955 0.823791
vt 0.354564 0.817280
vt 0.053035 0.206200
vt 0.045815 0.207000
vt 0.038586 0.206344
vt 0.031625 0.204258
vt 0.025200 0.200821
vt 0.019559 0.196166
vt 0.014917 0.190470
vt 0.011454 0.183954
vt 0.009302 0.176868
vt 0.008543 0.169484
vt 0.009208 0.162085
vt 0.011271 0.154957
vt 0.014652 0.148372
vt 0.019221 0.142584
vt 0.031183 0.134251
vt 0.038117 0.132025
vt 0.045337 0.131225
vt 0.052566 0.131880
vt 0.059527 0.133967
vt 0.065951 0.137403
vt 0.071593 0.142059
vt 0.076235 0.147754
vt 0.079698 0.154270
vt 0.081850 0.161356
vt 0.081943 0.176139
vt 0.079881 0.183268
vt 0.076500 0.189853
vt 0.655055 0.521397
vt 0.649685 0.535084
vt 0.649685 0.494467
vt 0.470042 0.276974
vt 0.472519 0.258388
vt 0.891306 0.873131
vt 0.888783 0.846938
vt 0.891306 0.841577
vt 0.397490 0.927943
vt 0.394989 0.902081
vt 0.397490 0.896682
vt 0.533748 0.896682
vt 0.536243 0.922162
vt 0.533748 0.927589
vt 0.672334 0.896682
vt 0.674840 0.921745
vt 0.672334 0.927184
vt 0.909030 0.392236
vt 0.911565 0.416869
vt 0.909030 0.422301
vt 0.909030 0.764434
vt 0.911609 0.788652
vt 0.909030 0.794059
vt 0.929140 0.192946
vt 0.931775 0.216795
vt 0.929140 0.222159
vt 0.929140 0.470577
vt 0.931842 0.494134
vt 0.929140 0.499441
vt 0.929140 0.653771
vt 0.931913 0.677139
vt 0.929140 0.682379
vt 0.929140 0.562865
vt 0.931985 0.586165
vt 0.929140 0.591337
vt 0.929140 0.332137
vt 0.932053 0.355496
vt 0.929140 0.360604
vt 0.929140 0.008543
vt 0.932113 0.032084
vt 0.929140 0.037139
vt 0.909030 0.486580
vt 0.912053 0.510405
vt 0.909030 0.515423
vt 0.691927 0.896682
vt 0.694989 0.920870
vt 0.691927 0.925869
vt 0.493924 0.896682
vt 0.497014 0.921280
vt 0.493924 0.926278
vt 0.068205 0.896682
vt 0.071315 0.921706
vt 0.068205 0.926717
vt 0.888783 0.550198
vt 0.891905 0.575637
vt 0.888783 0.580672
vt 0.888783 0.008543
vt 0.891910 0.034362
vt 0.888783 0.039425
vt 0.863186 0.567349
vt 0.860061 0.541200
vt 0.863186 0.536109
vt 0.863178 0.322310
vt 0.860061 0.295888
vt 0.863178 0.290774
vt 0.863163 0.090316
vt 0.860061 0.063680
vt 0.863163 0.058550
vt 0.774988 0.876882
vt 0.771908 0.850085
vt 0.774988 0.844947
vt 0.734722 0.876996
vt 0.731671 0.850087
vt 0.734722 0.844947
vt 0.754821 0.877067
vt 0.751809 0.850084
vt 0.754821 0.844947
vt 0.834461 0.877106
vt 0.831494 0.850081
vt 0.834461 0.844947
vt 0.862974 0.139579
vt 0.860061 0.112537
vt 0.862974 0.107403
vt 0.862915 0.371574
vt 0.860061 0.344538
vt 0.862915 0.339397
vt 0.862852 0.519022
vt 0.860061 0.492020
vt 0.862852 0.486862
vt 0.862787 0.616558
vt 0.860061 0.589621
vt 0.862787 0.584435
vt 0.862725 0.861833
vt 0.860061 0.835001
vt 0.862725 0.829779
vt 0.891390 0.334364
vt 0.888783 0.307687
vt 0.891390 0.302420
vt 0.891342 0.678397
vt 0.888783 0.651931
vt 0.891342 0.646617
vt 0.554303 0.844947
vt 0.554303 0.876958
vt 0.551005 0.872946
vt 0.453490 0.844947
vt 0.453490 0.877096
vt 0.450153 0.873142
vt 0.332318 0.844947
vt 0.332318 0.877358
vt 0.328950 0.873446
vt 0.210904 0.844947
vt 0.210904 0.877718
vt 0.207516 0.873830
vt 0.823081 0.315788
vt 0.823081 0.348985
vt 0.819677 0.345102
vt 0.823089 0.008543
vt 0.823089 0.042193
vt 0.819677 0.038300
vt 0.791825 0.545044
vt 0.791825 0.579142
vt 0.788409 0.575225
vt 0.791827 0.233520
vt 0.791827 0.268030
vt 0.788409 0.264084
vt 0.739688 0.822751
vt 0.739688 0.787884
vt 0.743106 0.791861
vt 0.678720 0.823040
vt 0.678720 0.787884
vt 0.682135 0.791888
vt 0.577516 0.823258
vt 0.577516 0.787884
vt 0.580924 0.791910
vt 0.516408 0.823411
vt 0.516408 0.787884
vt 0.519806 0.791923
vt 0.455073 0.823508
vt 0.455073 0.787884
vt 0.458456 0.791929
vt 0.475542 0.823564
vt 0.475542 0.787884
vt 0.478903 0.791930
vt 0.495990 0.823592
vt 0.495990 0.787884
vt 0.499321 0.791928
vt 0.557133 0.823603
vt 0.557133 0.787884
vt 0.560429 0.791927
vt 0.598010 0.823603
vt 0.598010 0.787884
vt 0.601264 0.791932
vt 0.658427 0.823592
vt 0.658427 0.787884
vt 0.661634 0.791945
vt 0.719445 0.823564
vt 0.719445 0.787884
vt 0.722602 0.791968
vt 0.760192 0.823508
vt 0.760192 0.787884
vt 0.763300 0.792000
vt 0.788409 0.182584
vt 0.788409 0.147056
vt 0.791471 0.151213
vt 0.788409 0.424926
vt 0.788409 0.389551
vt 0.791432 0.393753
vt 0.788409 0.631386
vt 0.788409 0.596228
vt 0.791403 0.600476
vt 0.788409 0.785816
vt 0.788409 0.750947
vt 0.791386 0.755235
vt 0.822651 0.213350
vt 0.822651 0.247863
vt 0.819677 0.243545
vt 0.822661 0.466673
vt 0.822661 0.500774
vt 0.819677 0.496439
vt 0.230998 0.844947
vt 0.230998 0.878600
vt 0.227991 0.874267
vt 0.352448 0.844947
vt 0.352448 0.878146
vt 0.349404 0.873834
vt 0.433066 0.844947
vt 0.433066 0.877721
vt 0.429976 0.873448
vt 0.514000 0.844947
vt 0.514000 0.877360
vt 0.510857 0.873143
vt 0.594887 0.844947
vt 0.594887 0.877097
vt 0.591690 0.872947
vt 0.615224 0.844947
vt 0.615224 0.876959
vt 0.611974 0.872879
vt 0.011929 0.824526
vt 0.008543 0.791361
vt 0.011929 0.787884
vt 0.052949 0.824518
vt 0.049603 0.791371
vt 0.052949 0.787884
vt 0.114286 0.824496
vt 0.110984 0.791391
vt 0.114286 0.787884
vt 0.194465 0.824448
vt 0.191206 0.791420
vt 0.194465 0.787884
vt 0.296522 0.824360
vt 0.293305 0.791458
vt 0.296522 0.787884
vt 0.378223 0.824219
vt 0.375042 0.791501
vt 0.378223 0.787884
vt 0.540047 0.824012
vt 0.536893 0.791546
vt 0.540047 0.787884
vt 0.702358 0.823733
vt 0.699221 0.791587
vt 0.702358 0.787884
vt 0.788409 0.008543
vt 0.791540 0.040308
vt 0.788409 0.044044
vt 0.788409 0.337372
vt 0.791548 0.368709
vt 0.788409 0.372464
vt 0.788409 0.648473
vt 0.791569 0.679359
vt 0.788409 0.683117
vt 0.819677 0.059280
vt 0.822869 0.089724
vt 0.819677 0.093467
vt 0.819677 0.264950
vt 0.822911 0.294995
vt 0.819677 0.298702
vt 0.819677 0.416209
vt 0.822957 0.445932
vt 0.819677 0.449587
vt 0.491655 0.288744
vt 0.489326 0.293049
vt 0.167154 0.844947
vt 0.170569 0.874425
vt 0.167154 0.877874
vt 0.819678 0.366071
vt 0.823124 0.395735
vt 0.819678 0.399122
vt 0.819677 0.162962
vt 0.823148 0.192923
vt 0.819677 0.196264
vt 0.788409 0.700204
vt 0.791895 0.730549
vt 0.788409 0.733860
vt 0.788409 0.442013
vt 0.791905 0.472791
vt 0.788409 0.476092
vt 0.788409 0.061130
vt 0.791909 0.092357
vt 0.788409 0.095666
vt 0.618351 0.787884
vt 0.621854 0.819544
vt 0.618351 0.822873
vt 0.434483 0.787884
vt 0.437986 0.819935
vt 0.434483 0.823292
vt 0.276218 0.823656
vt 0.272714 0.791274
vt 0.276218 0.787884
vt 0.154867 0.823952
vt 0.151364 0.791304
vt 0.154867 0.787884
vt 0.032516 0.824176
vt 0.029016 0.791328
vt 0.032516 0.787884
vt 0.771183 0.760097
vt 0.767688 0.727111
vt 0.771183 0.723649
vt 0.771173 0.652031
vt 0.767688 0.618955
vt 0.771173 0.615484
vt 0.771159 0.598398
vt 0.767688 0.565269
vt 0.771159 0.561795
vt 0.021159 0.181291
vt 0.019219 0.176797
vt 0.990834 0.336735
vt 0.990834 0.360088
vt 0.988938 0.354782
vt 0.990886 0.416343
vt 0.990886 0.439284
vt 0.988938 0.434006
vt 0.990953 0.534739
vt 0.990953 0.557303
vt 0.988938 0.552069
vt 0.991033 0.653412
vt 0.991033 0.675664
vt 0.988938 0.670487
vt 0.991120 0.692751
vt 0.991120 0.714784
vt 0.988938 0.709669
vt 0.991208 0.574389
vt 0.991208 0.596315
vt 0.988938 0.591265
vt 0.991293 0.495709
vt 0.991293 0.517652
vt 0.988938 0.512661
vt 0.991370 0.377175
vt 0.991370 0.399256
vt 0.988938 0.394313
vt 0.971716 0.792102
vt 0.971716 0.814429
vt 0.969219 0.809519
vt 0.971769 0.670934
vt 0.971769 0.693594
vt 0.969219 0.688699
vt 0.971808 0.466769
vt 0.971808 0.489818
vt 0.969219 0.484925
vt 0.971835 0.301955
vt 0.971835 0.325422
vt 0.969219 0.320516
vt 0.971851 0.093128
vt 0.971851 0.117011
vt 0.969219 0.112085
vt 0.936875 0.974440
vt 0.936875 0.950166
vt 0.939512 0.955115
vt 0.801157 0.974790
vt 0.801157 0.950166
vt 0.803788 0.955138
vt 0.704270 0.975086
vt 0.704270 0.950166
vt 0.706886 0.955157
vt 0.587771 0.975326
vt 0.587771 0.950166
vt 0.590362 0.955170
vt 0.529047 0.975509
vt 0.529047 0.950166
vt 0.531604 0.955177
vt 0.489901 0.975642
vt 0.489901 0.950166
vt 0.492414 0.955180
vt 0.509501 0.975731
vt 0.509501 0.950166
vt 0.511960 0.955181
vt 0.568286 0.975785
vt 0.568286 0.950166
vt 0.570684 0.955183
vt 0.665498 0.975808
vt 0.665498 0.950166
vt 0.667826 0.955189
vt 0.723973 0.975805
vt 0.723973 0.950166
vt 0.726228 0.955203
vt 0.781892 0.975774
vt 0.781892 0.950166
vt 0.784070 0.955226
vt 0.898328 0.975711
vt 0.898328 0.950166
vt 0.900432 0.955258
vt 0.969219 0.033988
vt 0.969219 0.008543
vt 0.971252 0.013674
vt 0.969219 0.159397
vt 0.969219 0.134098
vt 0.971188 0.139272
vt 0.969219 0.243457
vt 0.969219 0.218356
vt 0.971135 0.223575
vt 0.969219 0.367355
vt 0.969219 0.342508
vt 0.971096 0.347768
vt 0.969219 0.531440
vt 0.969219 0.506905
vt 0.971073 0.512198
vt 0.971068 0.629674
vt 0.971068 0.653847
vt 0.969219 0.648534
vt 0.971082 0.710680
vt 0.971082 0.734453
vt 0.969219 0.729135
vt 0.472814 0.950166
vt 0.472814 0.976050
vt 0.470396 0.969873
vt 0.433714 0.950166
vt 0.433714 0.976333
vt 0.431383 0.970092
vt 0.375236 0.950166
vt 0.375236 0.976698
vt 0.372982 0.970401
vt 0.336126 0.950166
vt 0.336126 0.977112
vt 0.333934 0.970776
vt 0.108093 0.950166
vt 0.108093 0.977545
vt 0.105947 0.971186
vt 0.069266 0.950166
vt 0.069266 0.977966
vt 0.067145 0.971603
vt 0.008543 0.978352
vt 0.008543 0.950166
vt 0.010659 0.956514
vt 0.949199 0.764244
vt 0.949199 0.735724
vt 0.951330 0.742042
vt 0.949199 0.674514
vt 0.949199 0.645719
vt 0.951362 0.651995
vt 0.949199 0.492755
vt 0.949199 0.463748
vt 0.951411 0.469976
vt 0.949199 0.265517
vt 0.949199 0.236356
vt 0.951473 0.242534
vt 0.929140 0.913488
vt 0.929140 0.884220
vt 0.931484 0.890353
vt 0.929140 0.775091
vt 0.929140 0.745758
vt 0.931562 0.751852
vt 0.929140 0.453491
vt 0.929140 0.424121
vt 0.931643 0.430189
vt 0.929140 0.083607
vt 0.929140 0.054225
vt 0.931722 0.060277
vt 0.909030 0.932966
vt 0.909030 0.903592
vt 0.911687 0.909637
vt 0.909030 0.747347
vt 0.909030 0.718004
vt 0.911756 0.724051
vt 0.909030 0.608069
vt 0.909030 0.578785
vt 0.911815 0.584837
vt 0.909030 0.561698
vt 0.909030 0.532510
vt 0.911865 0.538567
vt 0.909030 0.654200
vt 0.909030 0.625156
vt 0.911905 0.631213
vt 0.909030 0.839990
vt 0.909030 0.811146
vt 0.911935 0.817197
vt 0.929140 0.129277
vt 0.929140 0.100694
vt 0.932064 0.106730
vt 0.929140 0.636685
vt 0.929140 0.608424
vt 0.932073 0.614437
vt 0.952132 0.008543
vt 0.952132 0.036428
vt 0.949199 0.030441
vt 0.952121 0.373792
vt 0.952121 0.401261
vt 0.949199 0.395301
vt 0.952099 0.691600
vt 0.952099 0.718638
vt 0.949199 0.712699
vt 0.952064 0.826074
vt 0.952064 0.852691
vt 0.949199 0.846764
vt 0.050058 0.950166
vt 0.050058 0.976404
vt 0.047240 0.970474
vt 0.127936 0.950166
vt 0.127936 0.976101
vt 0.125180 0.970150
vt 0.355896 0.950166
vt 0.355896 0.975901
vt 0.353213 0.969911
vt 0.414296 0.950166
vt 0.414296 0.975823
vt 0.411697 0.969778
vt 0.453310 0.950166
vt 0.453310 0.975874
vt 0.450801 0.969765
vt 0.493770 0.878151
vt 0.490871 0.850452
vt 0.493770 0.844947
vt 0.412889 0.878157
vt 0.409926 0.850441
vt 0.412889 0.844947
vt 0.372556 0.878149
vt 0.369535 0.850439
vt 0.372556 0.844947
vt 0.291599 0.878124
vt 0.288526 0.850442
vt 0.291599 0.844947
vt 0.251202 0.878073
vt 0.248085 0.850448
vt 0.251202 0.844947
vt 0.271440 0.877986
vt 0.268288 0.850451
vt 0.271440 0.844947
vt 0.311864 0.877849
vt 0.308686 0.850447
vt 0.311864 0.844947
vt 0.392840 0.877653
vt 0.389643 0.850436
vt 0.392840 0.844947
vt 0.473785 0.877390
vt 0.470576 0.850417
vt 0.473785 0.844947
vt 0.574603 0.877061
vt 0.571390 0.850391
vt 0.574603 0.844947
vt 0.711373 0.844947
vt 0.714585 0.871260
vt 0.711373 0.876674
vt 0.860061 0.388660
vt 0.863264 0.414572
vt 0.860061 0.419958
vt 0.860061 0.732462
vt 0.863248 0.757948
vt 0.860061 0.763314
vt 0.888783 0.502692
vt 0.891944 0.527754
vt 0.888783 0.533112
vt 0.028214 0.896682
vt 0.031339 0.921352
vt 0.028214 0.926718
vt 0.434284 0.896682
vt 0.437363 0.921024
vt 0.434284 0.926417
vt 0.573090 0.896682
vt 0.576111 0.920789
vt 0.573090 0.926226
vt 0.632721 0.896682
vt 0.635677 0.920669
vt 0.632721 0.926166
vt 0.731970 0.896682
vt 0.734853 0.920676
vt 0.731970 0.926241
vt 0.712076 0.896682
vt 0.714884 0.920810
vt 0.712076 0.926445
vt 0.612898 0.896682
vt 0.615635 0.921058
vt 0.612898 0.926757
vt 0.553330 0.896682
vt 0.556003 0.921396
vt 0.553330 0.927147
vt 0.414577 0.896682
vt 0.417197 0.921796
vt 0.414577 0.927583
vt 0.008543 0.896682
vt 0.011127 0.922226
vt 0.008543 0.928028
vt 0.888783 0.597758
vt 0.891347 0.623731
vt 0.888783 0.629530
vt 0.891344 0.137935
vt 0.888783 0.111561
vt 0.891344 0.105782
vt 0.862637 0.666120
vt 0.860061 0.639389
vt 0.862637 0.633645
vt 0.862667 0.469775
vt 0.860061 0.442743
vt 0.862667 0.437045
vt 0.862711 0.041463
vt 0.860061 0.014193
vt 0.862711 0.008543
vt 0.654869 0.877998
vt 0.652164 0.850549
vt 0.654869 0.844947
vt 0.635078 0.878080
vt 0.632311 0.850507
vt 0.635078 0.844947
vt 0.533919 0.878128
vt 0.531086 0.850473
vt 0.533919 0.844947
vt 0.251644 0.713711
vt 0.247830 0.676290
vt 0.251644 0.670509
vt 0.317961 0.713709
vt 0.314206 0.676311
vt 0.317961 0.670509
vt 0.363042 0.713689
vt 0.359344 0.676346
vt 0.363042 0.670509
vt 0.438502 0.713633
vt 0.434859 0.676392
vt 0.438502 0.670509
vt 0.459186 0.713524
vt 0.455589 0.676445
vt 0.459186 0.670509
vt 0.500968 0.713344
vt 0.497407 0.676500
vt 0.500968 0.670509
vt 0.542722 0.713084
vt 0.539183 0.676550
vt 0.542722 0.670509
vt 0.559808 0.670509
vt 0.563340 0.706663
vt 0.559808 0.712742
vt 0.601543 0.670509
vt 0.605084 0.706229
vt 0.601543 0.712329
vt 0.719625 0.422206
vt 0.723192 0.457461
vt 0.719625 0.463563
vt 0.719626 0.537600
vt 0.723232 0.572392
vt 0.719626 0.578472
vt 0.719626 0.595559
vt 0.723284 0.629928
vt 0.719626 0.635965
vt 0.008543 0.730798
vt 0.012262 0.764821
vt 0.008543 0.770798
vt 0.050335 0.730798
vt 0.054117 0.764586
vt 0.050335 0.770489
vt 0.071204 0.730798
vt 0.075048 0.764485
vt 0.071204 0.770310
vt 0.029349 0.730798
vt 0.033249 0.764528
vt 0.029349 0.770279
vt 0.719626 0.653052
vt 0.723573 0.686964
vt 0.719626 0.692655
vt 0.719626 0.480649
vt 0.723610 0.514866
vt 0.719626 0.520513
vt 0.719625 0.364884
vt 0.723638 0.399494
vt 0.719625 0.405120
vt 0.580426 0.670509
vt 0.584457 0.705568
vt 0.580426 0.711193
vt 0.518055 0.670509
vt 0.522097 0.706032
vt 0.518055 0.711675
vt 0.476272 0.670509
vt 0.480321 0.706478
vt 0.476272 0.712150
vt 0.413721 0.670509
vt 0.417772 0.706877
vt 0.413721 0.712587
vt 0.272782 0.712958
vt 0.268731 0.676255
vt 0.272782 0.670509
vt 0.209788 0.713251
vt 0.205740 0.676286
vt 0.209788 0.670509
vt 0.167650 0.713462
vt 0.163608 0.676307
vt 0.167650 0.670509
vt 0.104400 0.713597
vt 0.100369 0.676317
vt 0.104400 0.670509
vt 0.083282 0.713672
vt 0.079268 0.676316
vt 0.083282 0.670509
vt 0.125477 0.713704
vt 0.121486 0.676308
vt 0.125477 0.670509
vt 0.146521 0.713712
vt 0.142563 0.676296
vt 0.146521 0.670509
vt 0.188653 0.713710
vt 0.184736 0.676285
vt 0.188653 0.670509
vt 0.230744 0.713710
vt 0.226875 0.676282
vt 0.230744 0.670509
s 0
usemtl 画像マテ茶
f 1607/1/1 30/2/1 1613/3/1
f 1614/4/2 38/5/2 1619/6/2
f 1620/7/3 46/8/3 1626/9/3
f 1625/10/4 54/11/4 1632/12/4
f 1631/13/5 62/14/5 1638/15/5
f 1637/16/6 69/17/6 1643/18/6
f 1642/19/7 76/20/7 1648/21/7
f 1647/22/8 84/23/8 1654/24/8
f 1652/25/9 92/26/9 1660/27/9
f 1658/28/10 100/29/10 1664/30/10
f 1668/31/11 111/32/11 1672/33/11
f 1674/34/12 119/35/12 1678/36/12
f 1680/37/13 127/38/13 1684/39/13
f 1686/40/14 135/41/14 1691/42/14
f 1692/43/15 142/44/15 1697/45/15
s 1
f 1698/46/16 166/47/16 1703/48/16
s 0
f 1704/49/17 173/50/17 1709/51/17
f 1710/52/18 181/53/18 1715/54/18
s 1
f 1716/55/19 189/56/19 1722/57/19
s 0
f 1721/58/20 197/59/20 1728/60/20
f 1727/61/21 205/62/21 1734/63/21
f 1733/64/22 212/65/22 1739/66/22
f 1738/67/23 219/68/23 1744/69/23
f 1743/70/24 227/71/24 1750/72/24
f 1748/73/25 235/74/25 1756/75/25
f 1754/76/26 243/77/26 1762/78/26
f 1760/79/27 252/80/27 1766/81/27
f 1768/82/28 260/83/28 1772/84/28
s 1
f 1774/85/29 268/86/29 1778/87/29
s 0
f 1780/88/30 276/89/30 1785/90/30
f 178/91/31 99/92/31 35/93/31
f 1786/94/32 284/95/32 1791/96/32
s 1
f 1792/97/33 22/98/33 1606/99/33
s 0
f 246/100/34 2/101/34 143/102/34
f 280/103/35 288/104/35 6/101/35
f 443/105/36 281/106/36 273/107/36
f 438/108/37 274/107/37 265/109/37
f 433/110/38 266/109/38 257/111/38
f 428/112/39 258/111/39 249/113/39
f 423/114/40 250/113/40 240/115/40
f 232/116/41 425/114/41 241/115/41
f 415/117/42 233/116/42 225/118/42
f 217/119/43 414/117/43 224/118/43
f 405/120/44 216/119/44 209/121/44
s 1
f 400/122/45 208/121/45 201/123/45
s 0
f 395/124/46 200/123/46 193/125/46
f 389/126/47 192/125/47 185/127/47
f 384/128/48 184/127/48 177/129/48
f 377/130/49 176/129/49 169/131/49
f 155/132/50 375/133/50 168/134/50
f 369/135/51 162/136/51 138/137/51
f 360/138/52 136/139/52 128/140/52
f 355/141/53 129/140/53 120/142/53
f 350/143/54 121/142/54 112/144/54
f 345/145/55 113/144/55 103/146/55
f 340/147/56 104/146/56 95/148/56
f 335/149/57 96/148/57 87/150/57
f 332/151/58 88/150/58 79/152/58
f 72/153/59 333/151/59 80/152/59
f 323/154/60 71/153/60 64/155/60
s 1
f 318/156/61 63/155/61 56/157/61
s 0
f 48/158/62 316/156/62 55/157/62
f 307/159/63 47/158/63 40/160/63
f 302/161/64 39/160/64 32/162/64
f 24/163/65 300/161/65 31/162/65
f 19/101/66 298/164/66 26/165/66
f 1215/166/67 456/167/67 1031/168/67
f 1209/169/68 642/170/68 1216/171/68
f 1203/172/69 636/173/69 1210/174/69
f 1197/175/70 630/176/70 1204/177/70
f 1191/178/71 624/179/71 1196/180/71
f 1185/181/72 618/182/72 1190/183/72
f 1179/184/73 609/185/73 1184/186/73
f 1173/187/74 602/188/74 1177/189/74
f 1167/190/75 596/191/75 1171/192/75
s 1
f 1161/193/76 589/194/76 1165/195/76
s 0
f 1155/196/77 583/197/77 1159/198/77
f 1147/199/78 577/200/78 1153/201/78
f 1141/202/79 571/203/79 1149/204/79
f 1135/205/80 565/206/80 1143/207/80
f 1129/208/81 559/209/81 1137/210/81
f 1124/211/82 553/212/82 1131/213/82
f 1119/214/83 549/215/83 1126/216/83
f 1113/217/84 545/218/84 1120/219/84
f 1107/220/85 539/221/85 1114/222/85
f 1101/223/86 533/224/86 1108/225/86
f 1095/226/87 527/227/87 1100/228/87
f 1089/229/88 522/230/88 1094/231/88
f 1083/232/89 513/233/89 1088/234/89
f 1077/235/90 506/236/90 1081/237/90
f 1071/238/91 500/239/91 1075/240/91
s 1
f 1065/241/92 493/242/92 1069/243/92
s 0
f 1057/244/93 487/245/93 1063/246/93
f 1053/247/94 486/248/94 1061/249/94
f 1047/250/95 480/251/95 1055/252/95
f 1041/253/96 474/254/96 1049/255/96
f 1035/256/97 468/257/97 1043/258/97
f 1029/259/98 462/260/98 1037/261/98
f 1025/262/99 647/263/99 839/264/99
f 838/265/100 653/266/100 845/267/100
f 844/268/101 658/269/101 851/270/101
f 850/271/102 663/272/102 857/273/102
f 856/274/103 669/275/103 862/276/103
f 859/277/104 673/278/104 867/279/104
f 865/280/105 679/281/105 873/282/105
f 871/283/106 685/284/106 879/285/106
f 877/286/107 691/287/107 883/288/107
f 887/289/108 702/290/108 891/291/108
f 893/292/109 708/293/109 897/294/109
f 899/295/110 714/296/110 903/297/110
f 905/298/111 720/299/111 910/300/111
f 911/301/112 726/302/112 916/303/112
f 917/304/113 732/305/113 922/306/113
f 923/307/114 738/308/114 929/309/114
f 930/310/115 744/311/115 935/312/115
f 934/313/116 750/314/116 941/315/116
f 940/316/117 755/317/117 947/318/117
f 946/319/118 760/320/118 953/321/118
f 952/322/119 765/323/119 958/324/119
f 955/325/120 769/326/120 963/327/120
f 961/328/121 775/329/121 969/330/121
f 967/331/122 781/332/122 975/333/122
f 973/334/123 787/335/123 981/336/123
f 979/337/124 793/338/124 985/339/124
f 987/340/125 799/341/125 991/342/125
f 993/343/126 805/344/126 997/345/126
f 999/346/127 811/347/127 1004/348/127
f 1005/349/128 817/350/128 1010/351/128
f 1011/352/129 823/353/129 1016/354/129
f 1017/355/130 831/356/130 1024/357/130
f 449/358/131 1026/359/131 289/360/131
f 442/105/132 1019/361/132 447/362/132
s 1
f 437/108/133 1013/363/133 444/105/133
s 0
f 432/110/134 1007/364/134 439/108/134
f 427/112/135 1001/365/135 434/110/135
f 422/114/136 995/366/136 429/112/136
f 417/367/137 989/368/137 424/114/137
f 413/117/138 982/369/138 419/367/138
f 409/370/139 976/371/139 412/117/139
f 404/120/140 970/372/140 407/370/140
f 399/122/141 964/373/141 402/120/141
f 394/124/142 957/374/142 397/122/142
f 388/126/143 948/375/143 391/124/143
f 383/128/144 942/376/144 386/126/144
f 376/130/145 936/377/145 381/128/145
f 926/378/146 378/379/146 372/380/146
f 366/381/147 924/382/147 370/383/147
f 359/138/148 919/384/148 364/385/148
f 354/141/149 913/386/149 361/138/149
f 349/143/150 907/387/150 356/141/150
f 344/145/151 901/388/151 351/143/151
f 339/147/152 895/389/152 346/145/152
f 334/149/153 889/390/153 341/147/153
f 330/151/154 884/391/154 336/149/154
f 327/392/155 880/393/155 331/151/155
f 322/154/156 874/394/156 325/392/156
f 317/156/157 868/395/157 320/154/157
f 312/396/158 861/397/158 315/156/158
f 306/159/159 852/398/159 309/396/159
s 1
f 301/161/160 846/399/160 304/159/160
s 0
f 292/400/161 840/401/161 299/161/161
f 1021/402/162 294/164/162 287/104/162
f 830/403/163 1033/404/163 644/405/163
f 646/406/164 1039/407/164 651/408/164
f 652/409/165 1046/410/165 657/411/165
f 659/412/166 1052/413/166 664/414/166
f 665/415/167 1060/416/167 671/417/167
f 672/418/168 1068/419/168 677/420/168
f 678/421/169 1074/422/169 683/423/169
f 684/424/170 1080/425/170 690/426/170
f 689/427/171 1086/428/171 696/429/171
f 695/430/172 1092/431/172 701/432/172
s 1
f 700/433/173 1098/434/173 707/435/173
s 0
f 705/436/174 1102/437/174 712/438/174
f 711/439/175 1106/440/175 718/441/175
s 1
f 717/442/176 1112/443/176 724/444/176
s 0
f 723/445/177 1118/446/177 730/447/177
f 728/448/178 1123/449/178 734/450/178
s 1
f 737/451/179 1133/452/179 741/453/179
s 0
f 743/454/180 1139/455/180 748/456/180
f 749/457/181 1146/458/181 754/459/181
f 756/460/182 1152/461/182 761/462/182
f 762/463/183 1158/464/183 767/465/183
f 768/466/184 1164/467/184 773/468/184
f 774/469/185 1170/470/185 779/471/185
f 780/472/186 1176/473/186 785/474/186
f 786/475/187 1182/476/187 792/477/187
f 791/478/188 1188/479/188 798/480/188
f 797/481/189 1194/482/189 804/483/189
f 802/484/190 1198/485/190 809/486/190
f 808/487/191 1202/488/191 815/489/191
s 1
f 814/490/192 1208/491/192 821/492/192
s 0
f 820/493/193 1214/494/193 827/495/193
f 825/496/194 1028/497/194 833/498/194
f 1594/499/195 1222/500/195 1600/501/195
f 1588/502/196 1406/503/196 1593/504/196
f 1582/505/197 1400/506/197 1587/507/197
f 1574/508/198 1393/509/198 1580/510/198
f 1568/511/199 1388/512/199 1576/513/199
f 1562/514/200 1382/515/200 1570/516/200
f 1557/517/201 1376/518/201 1564/519/201
f 1551/520/202 1372/521/202 1558/522/202
f 1545/523/203 1366/524/203 1552/525/203
f 1541/526/204 1362/527/204 1548/528/204
f 1535/529/205 1356/530/205 1542/531/205
f 1529/532/206 1350/533/206 1536/534/206
f 1524/535/207 1344/536/207 1530/537/207
f 1518/538/208 1338/539/208 1523/540/208
f 1512/541/209 1332/542/209 1517/543/209
f 1506/544/210 1326/545/210 1511/546/210
f 1500/547/211 1320/548/211 1505/549/211
s 1
f 1494/550/212 1314/551/212 1499/552/212
s 0
f 1488/553/213 1308/554/213 1493/555/213
f 1482/556/214 1301/557/214 1486/558/214
f 1472/559/215 1291/560/215 1478/561/215
f 1466/562/216 1285/563/216 1474/564/216
f 1461/565/217 1279/566/217 1468/567/217
f 1455/568/218 1276/569/218 1462/570/218
f 1449/571/219 1270/572/219 1456/573/219
f 1445/574/220 1266/575/220 1452/576/220
f 1439/577/221 1260/578/221 1446/579/221
f 1433/580/222 1254/581/222 1440/582/222
f 1428/583/223 1248/584/223 1434/585/223
f 1422/586/224 1242/587/224 1427/588/224
f 1416/589/225 1236/590/225 1421/591/225
f 1601/592/226 1230/593/226 1415/594/226
f 452/595/227 1411/596/227 458/597/227
f 460/598/228 1417/599/228 464/600/228
f 466/601/229 1423/602/229 470/603/229
f 472/604/230 1429/605/230 476/606/230
f 478/607/231 1435/608/231 483/609/231
s 1
f 485/610/232 1443/611/232 491/612/232
s 0
f 492/613/233 1450/614/233 497/615/233
f 498/616/234 1457/617/234 504/618/234
f 503/619/235 1463/620/235 510/621/235
f 509/622/236 1470/623/236 516/624/236
s 1
f 515/625/237 1476/626/237 521/627/237
s 0
f 520/628/238 1480/629/238 526/630/238
f 524/631/239 1484/632/239 532/633/239
f 530/634/240 1490/635/240 538/636/240
f 536/637/241 1496/638/241 544/639/241
f 542/640/242 1501/641/242 548/642/242
f 551/643/243 1507/644/243 555/645/243
f 557/646/244 1513/647/244 561/648/244
f 563/649/245 1519/650/245 567/651/245
f 569/652/246 1525/653/246 573/654/246
f 575/655/247 1531/656/247 580/657/247
f 582/658/248 1539/659/248 587/660/248
f 588/661/249 1546/662/249 593/663/249
f 594/664/250 1553/665/250 599/666/250
f 600/667/251 1559/668/251 606/669/251
f 605/670/252 1566/671/252 612/672/252
s 1
f 611/673/253 1572/674/253 617/675/253
s 0
f 616/676/254 1578/677/254 623/678/254
f 621/679/255 1584/680/255 629/681/255
s 1
f 627/682/256 1590/683/256 635/684/256
s 0
f 633/685/257 1596/686/257 641/687/257
f 639/688/258 1602/689/258 455/690/258
f 1407/691/259 1608/692/259 1223/693/259
f 1401/694/260 1794/695/260 1409/696/260
f 1395/697/261 1788/698/261 1403/699/261
f 1389/700/262 1782/701/262 1396/702/262
f 1383/703/263 1776/704/263 1390/705/263
f 1377/706/264 1770/707/264 1384/708/264
f 1370/709/265 1763/710/265 1378/711/265
f 1365/712/266 1757/713/266 1371/714/266
f 1359/715/267 1751/716/267 1364/717/267
f 1353/718/268 1745/719/268 1358/720/268
f 1347/721/269 1737/722/269 1352/723/269
f 1340/724/270 1730/725/270 1346/726/270
f 1334/727/271 1723/728/271 1339/729/271
f 1329/730/272 1717/731/272 1333/732/272
f 1323/733/273 1711/734/273 1327/735/273
f 1317/736/274 1705/737/274 1321/738/274
f 1309/739/275 1699/740/275 1315/741/275
f 1303/742/276 1694/743/276 1311/744/276
f 1297/745/277 1688/746/277 1305/747/277
f 1292/748/278 1682/749/278 1298/750/278
f 1286/751/279 1676/752/279 1293/753/279
f 1280/754/280 1670/755/280 1287/756/280
f 1274/757/281 1665/758/281 1281/759/281
f 1268/760/282 1661/761/282 1275/762/282
f 1263/763/283 1655/764/283 1269/765/283
f 1257/766/284 1649/767/284 1262/768/284
f 1251/769/285 1641/770/285 1256/771/285
f 1244/772/286 1634/773/286 1250/774/286
f 1238/775/287 1627/776/287 1243/777/287
f 1233/778/288 1621/779/288 1237/780/288
f 1227/781/289 1615/782/289 1231/783/289
f 1219/784/290 1609/785/290 1225/786/290
f 1603/787/291 21/788/291 28/789/291
f 1610/790/292 29/791/292 36/792/292
f 1616/793/293 37/794/293 44/795/293
s 1
f 1622/796/294 45/797/294 52/798/294
s 0
f 1629/799/295 53/800/295 60/801/295
f 1636/802/296 61/803/296 68/804/296
f 1644/805/297 70/806/297 77/807/297
f 1650/808/298 78/809/298 86/810/298
f 1656/811/299 85/812/299 94/813/299
f 1662/814/300 93/815/300 102/816/300
f 1666/817/301 101/818/301 110/819/301
f 1669/820/302 109/821/302 118/822/302
f 1675/823/303 117/824/303 126/825/303
f 1681/826/304 125/827/304 134/828/304
f 1687/829/305 133/830/305 141/831/305
f 1693/832/306 140/833/306 164/834/306
f 1700/835/307 165/836/307 171/837/307
f 1706/838/308 172/839/308 179/840/308
f 1712/841/309 180/842/309 187/843/309
f 1718/844/310 188/845/310 195/846/310
f 1725/847/311 196/848/311 203/849/311
f 1732/850/312 204/851/312 211/852/312
f 1740/853/313 213/854/313 220/855/313
f 1746/856/314 221/857/314 228/858/314
f 1752/859/315 229/860/315 237/861/315
f 1758/862/316 236/863/316 245/864/316
f 1764/865/317 244/866/317 254/867/317
f 1769/868/318 253/869/318 262/870/318
f 1775/871/319 261/872/319 270/873/319
f 1781/874/320 269/875/320 278/876/320
f 35/93/31 27/877/31 20/878/31
f 20/878/31 283/879/31 35/93/31
f 283/879/31 275/880/31 35/93/31
f 275/880/31 267/881/31 259/882/31
f 259/882/31 251/883/31 242/884/31
f 242/884/31 234/885/31 226/886/31
f 226/886/31 218/887/31 242/884/31
f 218/887/31 210/888/31 242/884/31
f 210/888/31 202/889/31 194/890/31
f 194/890/31 186/891/31 178/91/31
f 178/91/31 170/892/31 132/893/31
f 170/892/31 163/894/31 132/893/31
f 163/894/31 139/895/31 132/893/31
f 132/893/31 124/896/31 116/897/31
f 116/897/31 108/898/31 99/92/31
f 99/92/31 91/899/31 67/900/31
f 91/899/31 83/901/31 67/900/31
f 83/901/31 75/902/31 67/900/31
f 67/900/31 59/903/31 51/904/31
f 51/904/31 43/905/31 35/93/31
f 275/880/31 259/882/31 35/93/31
f 259/882/31 242/884/31 35/93/31
f 210/888/31 194/890/31 242/884/31
f 194/890/31 178/91/31 242/884/31
f 132/893/31 116/897/31 178/91/31
f 116/897/31 99/92/31 178/91/31
f 67/900/31 51/904/31 99/92/31
f 51/904/31 35/93/31 99/92/31
f 35/93/31 242/884/31 178/91/31
f 1787/906/321 277/907/321 286/908/321
f 1793/909/322 285/910/322 23/911/322
f 7/101/323 25/165/323 33/912/323
f 34/912/324 41/913/324 8/101/324
f 42/913/325 49/914/325 9/101/325
f 50/914/326 57/915/326 10/101/326
f 58/915/327 65/916/327 12/101/327
f 66/916/328 73/917/328 14/101/328
f 74/917/329 82/918/329 16/101/329
f 81/918/330 90/919/330 15/101/330
f 89/919/331 98/920/331 13/101/331
f 97/920/332 106/921/332 11/101/332
f 105/921/333 115/922/333 159/102/333
f 114/922/334 123/923/334 158/102/334
f 122/923/335 131/924/335 157/102/335
f 130/924/336 137/925/336 156/102/336
f 144/102/337 167/926/337 174/927/337
f 175/927/338 182/928/338 145/102/338
f 183/928/339 190/929/339 146/102/339
f 191/929/340 198/930/340 147/102/340
f 199/930/341 206/931/341 149/102/341
f 207/931/342 214/932/342 151/102/342
f 215/932/343 223/933/343 153/102/343
s 1
f 222/933/344 231/934/344 152/102/344
s 0
f 230/934/345 239/935/345 150/102/345
f 238/935/346 248/100/346 148/102/346
f 247/100/347 256/936/347 5/101/347
f 255/936/348 264/937/348 4/101/348
f 263/937/349 272/938/349 3/101/349
f 271/938/350 279/103/350 1/101/350
f 107/921/351 160/102/351 18/101/351
f 282/939/352 450/940/352 291/941/352
f 443/105/36 448/362/36 281/106/36
s 1
f 438/108/37 445/105/37 274/107/37
s 0
f 433/110/38 440/108/38 266/109/38
f 428/112/39 435/110/39 258/111/39
f 423/114/40 430/112/40 250/113/40
f 232/116/41 418/367/41 425/114/41
f 415/117/42 420/367/42 233/116/42
f 217/119/43 410/370/43 414/117/43
f 405/120/44 408/370/44 216/119/44
f 400/122/45 403/120/45 208/121/45
f 395/124/46 398/122/46 200/123/46
f 389/126/47 392/124/47 192/125/47
f 384/128/48 387/126/48 184/127/48
f 377/130/49 382/128/49 176/129/49
f 154/942/353 371/380/353 374/379/353
f 368/943/354 373/380/354 161/942/354
f 360/138/52 365/385/52 136/139/52
f 355/141/53 362/138/53 129/140/53
f 350/143/54 357/141/54 121/142/54
f 345/145/55 352/143/55 113/144/55
f 340/147/56 347/145/56 104/146/56
f 335/149/57 342/147/57 96/148/57
f 332/151/58 337/149/58 88/150/58
f 72/153/59 328/392/59 333/151/59
f 323/154/60 326/392/60 71/153/60
f 318/156/61 321/154/61 63/155/61
f 48/158/62 313/396/62 316/156/62
f 307/159/63 310/396/63 47/158/63
f 302/161/64 305/159/64 39/160/64
f 24/163/65 293/400/65 300/161/65
f 17/101/355 290/104/355 297/164/355
f 1213/944/356 638/945/356 454/946/356
f 1207/947/357 632/948/357 640/949/357
f 1201/950/358 626/951/358 634/952/358
f 1195/953/359 620/954/359 628/955/359
f 1189/956/360 614/957/360 622/958/360
s 1
f 1183/959/361 608/960/361 615/961/361
s 0
f 1180/962/362 603/963/362 610/964/362
f 1175/965/363 598/966/363 604/967/363
f 1169/968/364 592/969/364 597/970/364
f 1163/971/365 586/972/365 591/973/365
f 1157/974/366 579/975/366 585/976/366
f 1151/977/367 574/978/367 578/979/367
f 1145/980/368 568/981/368 572/982/368
f 1140/983/369 562/984/369 566/985/369
f 1134/986/370 556/987/370 560/988/370
f 1128/989/371 550/990/371 554/991/371
f 1117/992/372 541/993/372 547/994/372
f 1111/995/373 535/996/373 543/997/373
f 1105/998/374 529/999/374 537/1000/374
f 1099/1001/375 523/1002/375 531/1003/375
f 1093/1004/376 518/1005/376 525/1006/376
f 1087/1007/377 512/1008/377 519/1009/377
f 1084/1010/378 507/1011/378 514/1012/378
f 1079/1013/379 501/1014/379 508/1015/379
f 1073/1016/380 496/1017/380 502/1018/380
f 1067/1019/381 490/1020/381 495/1021/381
f 1059/1022/382 482/1023/382 489/1024/382
f 1051/1025/383 477/1026/383 481/1027/383
f 1045/1028/384 471/1029/384 475/1030/384
f 1040/1031/385 465/1032/385 469/1033/385
f 1034/1034/386 459/1035/386 463/1036/386
s 1
f 1027/1037/387 451/1038/387 457/1039/387
s 0
f 1020/1040/388 829/1041/388 643/1042/388
f 835/1043/389 645/1044/389 649/1045/389
f 841/1046/390 650/1047/390 655/1048/390
f 847/1049/391 656/1050/391 661/1051/391
f 855/1052/392 662/1053/392 668/1054/392
f 863/1055/393 670/1056/393 675/1057/393
f 869/1058/394 676/1059/394 681/1060/394
f 875/1061/395 682/1062/395 687/1063/395
f 881/1064/396 686/1065/396 693/1066/396
f 885/1067/397 692/1068/397 698/1069/397
f 888/1070/398 697/1071/398 704/1072/398
f 894/1073/399 703/1074/399 710/1075/399
f 900/1076/400 709/1077/400 716/1078/400
f 906/1079/401 715/1080/401 722/1081/401
f 912/1082/402 721/1083/402 729/1084/402
f 918/1085/403 727/1086/403 733/1087/403
f 925/1088/404 736/1089/404 740/1090/404
f 931/1091/405 742/1092/405 746/1093/405
f 937/1094/406 747/1095/406 752/1096/406
f 943/1097/407 753/1098/407 758/1099/407
f 951/1100/408 759/1101/408 764/1102/408
f 959/1103/409 766/1104/409 771/1105/409
f 965/1106/410 772/1107/410 777/1108/410
f 971/1109/411 778/1110/411 782/1111/411
f 977/1112/412 783/1113/412 789/1114/412
f 983/1115/413 788/1116/413 795/1117/413
f 988/1118/414 794/1119/414 801/1120/414
f 994/1121/415 800/1122/415 807/1123/415
f 1000/1124/416 806/1125/416 813/1126/416
f 1006/1127/417 812/1128/417 819/1129/417
f 1012/1130/418 818/1131/418 826/1132/418
f 1018/1133/419 824/1134/419 832/1135/419
f 446/1136/420 1015/1137/420 1022/1138/420
f 441/1139/421 1009/1140/421 1014/1141/421
f 436/1142/422 1003/1143/422 1008/1144/422
f 431/1145/423 998/1146/423 1002/1147/423
f 426/1148/424 992/1149/424 996/1150/424
f 421/1151/425 986/1152/425 990/1153/425
f 416/1154/426 978/1155/426 984/1156/426
f 411/1157/427 972/1158/427 980/1159/427
f 406/1160/428 966/1161/428 974/1162/428
f 401/1163/429 960/1164/429 968/1165/429
f 396/1166/430 954/1167/430 962/1168/430
f 393/1169/431 949/1170/431 956/1171/431
f 390/1172/432 944/1173/432 950/1174/432
f 385/1175/433 938/1176/433 945/1177/433
f 379/379/434 932/1178/434 939/1179/434
f 928/378/435 933/1178/435 380/379/435
f 367/1180/436 921/1181/436 927/1182/436
f 363/1183/437 915/1184/437 920/1185/437
f 358/1186/438 909/1187/438 914/1188/438
f 353/1189/439 904/1190/439 908/1191/439
f 348/1192/440 898/1193/440 902/1194/440
f 343/1195/441 892/1196/441 896/1197/441
f 338/1198/442 886/1199/442 890/1200/442
f 329/1201/443 876/1202/443 882/1203/443
f 324/1204/444 870/1205/444 878/1206/444
f 319/1207/445 864/1208/445 872/1209/445
f 314/1210/446 858/1211/446 866/1212/446
f 311/1213/447 853/1214/447 860/1215/447
f 308/1216/448 848/1217/448 854/1218/448
f 303/1219/449 842/1220/449 849/1221/449
f 295/164/450 836/1222/450 843/1223/450
f 1023/402/451 837/1222/451 296/164/451
f 834/1224/452 1030/1225/452 1038/1226/452
f 648/1227/453 1036/1228/453 1044/1229/453
f 654/1230/454 1042/1231/454 1050/1232/454
f 660/1233/455 1048/1234/455 1056/1235/455
f 666/1236/456 1054/1237/456 1062/1238/456
f 667/1239/457 1058/1240/457 1064/1241/457
f 674/1242/458 1066/1243/458 1070/1244/458
f 680/1245/459 1072/1246/459 1076/1247/459
f 688/1248/460 1078/1249/460 1082/1250/460
f 694/1251/461 1085/1252/461 1090/1253/461
f 699/1254/462 1091/1255/462 1096/1256/462
s 1
f 706/1257/463 1097/1258/463 1103/1259/463
s 0
f 713/1260/464 1104/1261/464 1110/1262/464
f 719/1263/465 1109/1264/465 1116/1265/465
f 725/1266/466 1115/1267/466 1122/1268/466
f 731/1269/467 1121/1270/467 1127/1271/467
f 735/1272/468 1125/1273/468 1132/1274/468
f 739/1275/469 1130/1276/469 1138/1277/469
f 745/1278/470 1136/1279/470 1144/1280/470
f 751/1281/471 1142/1282/471 1150/1283/471
f 757/1284/472 1148/1285/472 1154/1286/472
f 763/1287/473 1156/1288/473 1160/1289/473
s 1
f 770/1290/474 1162/1291/474 1166/1292/474
s 0
f 776/1293/475 1168/1294/475 1172/1295/475
s 1
f 784/1296/476 1174/1297/476 1178/1298/476
s 0
f 790/1299/477 1181/1300/477 1186/1301/477
f 796/1302/478 1187/1303/478 1192/1304/478
f 803/1305/479 1193/1306/479 1199/1307/479
f 810/1308/480 1200/1309/480 1206/1310/480
f 816/1311/481 1205/1312/481 1212/1313/481
f 822/1314/482 1211/1315/482 1218/1316/482
f 828/1317/483 1217/1318/483 1032/1319/483
f 1595/1320/484 1408/1321/484 1224/1322/484
f 1589/1323/485 1402/1324/485 1410/1325/485
f 1583/1326/486 1397/1327/486 1404/1328/486
f 1577/1329/487 1391/1330/487 1398/1331/487
f 1571/1332/488 1385/1333/488 1392/1334/488
f 1565/1335/489 1379/1336/489 1386/1337/489
f 1560/1338/490 1373/1339/490 1380/1340/490
f 1554/1341/491 1368/1342/491 1374/1343/491
f 1547/1344/492 1361/1345/492 1367/1346/492
f 1540/1347/493 1355/1348/493 1360/1349/493
f 1534/1350/494 1349/1351/494 1354/1352/494
f 1526/1353/495 1343/1354/495 1348/1355/495
f 1520/1356/496 1337/1357/496 1342/1358/496
f 1514/1359/497 1330/1360/497 1335/1361/497
f 1508/1362/498 1324/1363/498 1328/1364/498
f 1502/1365/499 1318/1366/499 1322/1367/499
f 1495/1368/500 1310/1369/500 1316/1370/500
f 1489/1371/501 1304/1372/501 1312/1373/501
f 1483/1374/502 1299/1375/502 1306/1376/502
f 1479/1377/503 1294/1378/503 1300/1379/503
f 1475/1380/504 1288/1381/504 1295/1382/504
f 1469/1383/505 1282/1384/505 1289/1385/505
f 1464/1386/506 1277/1387/506 1283/1388/506
s 1
f 1458/1389/507 1271/1390/507 1278/1391/507
s 0
f 1451/1392/508 1265/1393/508 1272/1394/508
f 1444/1395/509 1259/1396/509 1264/1397/509
f 1438/1398/510 1253/1399/510 1258/1400/510
f 1430/1401/511 1247/1402/511 1252/1403/511
f 1424/1404/512 1241/1405/512 1246/1406/512
f 1418/1407/513 1234/1408/513 1239/1409/513
f 1412/1410/514 1228/1411/514 1232/1412/514
f 1597/1413/515 1220/1414/515 1226/1415/515
f 453/1416/516 1599/1417/516 1413/1418/516
f 461/1419/517 1414/1420/517 1419/1421/517
f 467/1422/518 1420/1423/518 1425/1424/518
f 473/1425/519 1426/1426/519 1432/1427/519
f 479/1428/520 1431/1429/520 1437/1430/520
f 484/1431/521 1436/1432/521 1442/1433/521
f 488/1434/522 1441/1435/522 1448/1436/522
f 494/1437/523 1447/1438/523 1454/1439/523
f 499/1440/524 1453/1441/524 1460/1442/524
f 505/1443/525 1459/1444/525 1467/1445/525
f 511/1446/526 1465/1447/526 1473/1448/526
f 517/1449/527 1471/1450/527 1477/1451/527
f 528/1452/528 1481/1453/528 1485/1454/528
f 534/1455/529 1487/1456/529 1491/1457/529
f 540/1458/530 1492/1459/530 1497/1460/530
f 546/1461/531 1498/1462/531 1503/1463/531
s 1
f 552/1464/532 1504/1465/532 1509/1466/532
s 0
f 558/1467/533 1510/1468/533 1515/1469/533
f 564/1470/534 1516/1471/534 1521/1472/534
f 570/1473/535 1522/1474/535 1528/1475/535
f 576/1476/536 1527/1477/536 1533/1478/536
f 581/1479/537 1532/1480/537 1538/1481/537
f 584/1482/538 1537/1483/538 1544/1484/538
f 590/1485/539 1543/1486/539 1550/1487/539
f 595/1488/540 1549/1489/540 1556/1490/540
f 601/1491/541 1555/1492/541 1563/1493/541
f 607/1494/542 1561/1495/542 1569/1496/542
f 613/1497/543 1567/1498/543 1575/1499/543
f 619/1500/544 1573/1501/544 1579/1502/544
f 625/1503/545 1581/1504/545 1585/1505/545
f 631/1506/546 1586/1507/546 1591/1508/546
f 637/1509/547 1592/1510/547 1598/1511/547
f 1405/1512/548 1790/1513/548 1604/1514/548
f 1399/1515/549 1784/1516/549 1789/1517/549
f 1394/1518/550 1779/1519/550 1783/1520/550
f 1387/1521/551 1773/1522/551 1777/1523/551
f 1381/1524/552 1767/1525/552 1771/1526/552
f 1375/1527/553 1759/1528/553 1765/1529/553
f 1369/1530/554 1753/1531/554 1761/1532/554
f 1363/1533/555 1747/1534/555 1755/1535/555
f 1357/1536/556 1741/1537/556 1749/1538/556
f 1351/1539/557 1735/1540/557 1742/1541/557
f 1345/1542/558 1729/1543/558 1736/1544/558
f 1341/1545/559 1724/1546/559 1731/1547/559
f 1336/1548/560 1719/1549/560 1726/1550/560
f 1331/1551/561 1714/1552/561 1720/1553/561
f 1325/1554/562 1708/1555/562 1713/1556/562
f 1319/1557/563 1702/1558/563 1707/1559/563
f 1313/1560/564 1696/1561/564 1701/1562/564
f 1307/1563/565 1690/1564/565 1695/1565/565
f 1302/1566/566 1685/1567/566 1689/1568/566
f 1296/1569/567 1679/1570/567 1683/1571/567
f 1290/1572/568 1673/1573/568 1677/1574/568
f 1284/1575/569 1667/1576/569 1671/1577/569
f 1273/1578/570 1657/1579/570 1663/1580/570
f 1267/1581/571 1651/1582/571 1659/1583/571
f 1261/1584/572 1645/1585/572 1653/1586/572
f 1255/1587/573 1639/1588/573 1646/1589/573
f 1249/1590/574 1633/1591/574 1640/1592/574
f 1245/1593/575 1628/1594/575 1635/1595/575
f 1240/1596/576 1623/1597/576 1630/1598/576
f 1235/1599/577 1618/1600/577 1624/1601/577
s 1
f 1229/1602/578 1612/1603/578 1617/1604/578
s 0
f 1221/1605/579 1605/1606/579 1611/1607/579
o 立方体
v 0.335753 0.224929 0.085732
v 0.335753 0.224929 0.085732
v 0.335753 0.224929 0.085732
v 0.335753 0.224929 0.085732
v 0.370347 0.396393 0.085732
v 0.370347 0.396393 0.085732
v 0.370347 0.396393 0.085732
v 0.370347 0.396393 0.085732
v -0.289228 0.224929 0.085732
v -0.289228 0.224929 0.085732
v -0.289228 0.224929 0.085732
v -0.289228 0.224929 0.085732
v -0.289228 0.224929 0.085732
v -0.370347 0.396393 0.085732
v -0.370347 0.396393 0.085732
v -0.370347 0.396393 0.085732
v -0.370347 0.396393 0.085732
v 0.321652 0.224929 -0.085732
v 0.321652 0.224929 -0.085732
v 0.321652 0.224929 -0.085732
v 0.321652 0.224929 -0.085732
v 0.321652 0.224929 -0.085732
v 0.370347 0.396393 -0.085732
v 0.370347 0.396393 -0.085732
v 0.370347 0.396393 -0.085732
v 0.370347 0.396393 -0.085732
v -0.289228 0.224929 -0.085732
v -0.289228 0.224929 -0.085732
v -0.289228 0.224929 -0.085732
v -0.289228 0.224929 -0.085732
v -0.289228 0.224929 -0.085732
v -0.370347 0.396393 -0.085732
v -0.370347 0.396393 -0.085732
v -0.370347 0.396393 -0.085732
v -0.370347 0.396393 -0.085732
v 0.370347 0.310661 0.085732
v 0.370347 0.310661 0.085732
v 0.370347 0.310661 0.085732
v 0.370347 0.310661 0.085732
v 0.370347 0.310661 0.085732
v 0.370347 0.310661 0.085732
v 0.370347 0.310661 0.085732
v -0.370347 0.310661 0.085732
v -0.370347 0.310661 0.085732
v -0.370347 0.310661 0.085732
v -0.370347 0.310661 0.085732
v -0.370347 0.310661 0.085732
v -0.370347 0.310661 0.085732
v -0.370347 0.310661 0.085732
v -0.370347 0.310661 -0.085732
v -0.370347 0.310661 -0.085732
v -0.370347 0.310661 -0.085732
v -0.370347 0.310661 -0.085732
v -0.370347 0.310661 -0.085732
v -0.370347 0.310661 -0.085732
v -0.370347 0.310661 -0.085732
v 0.370347 0.310661 -0.085732
v 0.370347 0.310661 -0.085732
v 0.370347 0.310661 -0.085732
v 0.370347 0.310661 -0.085732
v 0.370347 0.310661 -0.085732
v 0.370347 0.310661 -0.085732
v 0.370347 0.310661 -0.085732
v 0.000000 0.224929 0.092264
v 0.000000 0.224929 0.092264
v 0.000000 0.224929 0.092264
v 0.000000 0.224929 0.092264
v 0.000000 0.224929 0.092264
v 0.000000 0.224929 0.092264
v 0.000000 0.224929 0.092264
v 0.000000 0.396393 0.153674
v 0.000000 0.396393 0.153674
v 0.000000 0.396393 0.153674
v 0.000000 0.396393 0.153674
v -0.000000 0.224929 -0.097538
v -0.000000 0.224929 -0.097538
v -0.000000 0.224929 -0.097538
v -0.000000 0.224929 -0.097538
v -0.000000 0.224929 -0.097538
v -0.000000 0.224929 -0.097538
v -0.000000 0.224929 -0.097538
v -0.000000 0.396393 -0.137378
v -0.000000 0.396393 -0.137378
v -0.000000 0.396393 -0.137378
v -0.000000 0.396393 -0.137378
v -0.000000 0.310661 -0.085732
v -0.000000 0.310661 -0.085732
v -0.000000 0.310661 -0.085732
v -0.000000 0.310661 -0.085732
v -0.000000 0.310661 -0.085732
v -0.000000 0.310661 -0.085732
v 0.000000 0.310661 0.085732
v 0.000000 0.310661 0.085732
v 0.000000 0.310661 0.085732
v 0.000000 0.310661 0.085732
v 0.000000 0.310661 0.085732
v 0.000000 0.310661 0.085732
v -0.185173 0.396393 0.085732
v -0.185173 0.396393 0.085732
v -0.185173 0.396393 0.085732
v -0.185173 0.396393 0.085732
v -0.185173 0.396393 0.085732
v -0.185173 0.396393 0.085732
v -0.185173 0.224929 -0.085732
v -0.185173 0.224929 -0.085732
v -0.185173 0.224929 -0.085732
v -0.185173 0.224929 -0.085732
v -0.185173 0.224929 -0.085732
v -0.185173 0.310661 0.085732
v -0.185173 0.310661 0.085732
v -0.185173 0.310661 0.085732
v -0.185173 0.310661 0.085732
v -0.185173 0.224929 0.085732
v -0.185173 0.224929 0.085732
v -0.185173 0.224929 0.085732
v -0.185173 0.224929 0.085732
v -0.185173 0.224929 0.085732
v -0.185173 0.396393 -0.085732
v -0.185173 0.396393 -0.085732
v -0.185173 0.396393 -0.085732
v -0.185173 0.396393 -0.085732
v -0.185173 0.396393 -0.085732
v -0.185173 0.396393 -0.085732
v -0.185173 0.310661 -0.085732
v -0.185173 0.310661 -0.085732
v -0.185173 0.310661 -0.085732
v -0.185173 0.310661 -0.085732
v 0.185173 0.224929 0.085732
v 0.185173 0.224929 0.085732
v 0.185173 0.224929 0.085732
v 0.185173 0.224929 0.085732
v 0.185173 0.224929 0.085732
v 0.185173 0.396393 -0.085732
v 0.185173 0.396393 -0.085732
v 0.185173 0.396393 -0.085732
v 0.185173 0.396393 -0.085732
v 0.185173 0.396393 -0.085732
v 0.185173 0.396393 -0.085732
v 0.185173 0.310661 -0.085732
v 0.185173 0.310661 -0.085732
v 0.185173 0.310661 -0.085732
v 0.185173 0.310661 -0.085732
v 0.185173 0.396393 0.085732
v 0.185173 0.396393 0.085732
v 0.185173 0.396393 0.085732
v 0.185173 0.396393 0.085732
v 0.185173 0.396393 0.085732
v 0.185173 0.224929 -0.085732
v 0.185173 0.224929 -0.085732
v 0.185173 0.224929 -0.085732
v 0.185173 0.224929 -0.085732
v 0.185173 0.224929 -0.085732
v 0.185173 0.310661 0.085732
v 0.185173 0.310661 0.085732
v 0.185173 0.310661 0.085732
v 0.185173 0.310661 0.085732
v 0.185173 0.310661 0.085732
v 0.185173 0.310661 0.085732
v -0.277760 0.375298 0.085732
v -0.277760 0.375298 0.085732
v -0.277760 0.375298 0.085732
v -0.277760 0.375298 0.085732
v -0.277760 0.375298 0.085732
v -0.277760 0.375298 0.085732
v -0.277760 0.224929 -0.085732
v -0.277760 0.224929 -0.085732
v -0.277760 0.224929 -0.085732
v -0.277760 0.224929 -0.085732
v -0.277760 0.224929 -0.085732
v -0.277760 0.224929 -0.085732
v -0.277760 0.310661 0.068948
v -0.277760 0.310661 0.068948
v -0.277760 0.310661 0.068948
v -0.277760 0.310661 0.068948
v -0.277760 0.310661 0.068948
v -0.277760 0.224929 0.085732
v -0.277760 0.224929 0.085732
v -0.277760 0.224929 0.085732
v -0.277760 0.224929 0.085732
v -0.277760 0.224929 0.085732
v -0.277760 0.224929 0.085732
v -0.277760 0.375298 -0.085732
v -0.277760 0.375298 -0.085732
v -0.277760 0.375298 -0.085732
v -0.277760 0.375298 -0.085732
v -0.277760 0.375298 -0.085732
v -0.277760 0.375298 -0.085732
v -0.277760 0.310661 -0.068948
v -0.277760 0.310661 -0.068948
v -0.277760 0.310661 -0.068948
v -0.277760 0.310661 -0.068948
v -0.277760 0.310661 -0.068948
v -0.205302 0.192222 0.085732
v -0.205302 0.192222 0.085732
v -0.205302 0.192222 0.085732
v -0.205302 0.192222 0.085732
v -0.092587 0.437202 -0.080379
v -0.092587 0.437202 -0.080379
v -0.092587 0.437202 -0.080379
v -0.092587 0.437202 -0.080379
v -0.092587 0.437202 -0.080379
v -0.092587 0.437202 -0.080379
v -0.092587 0.310661 -0.056318
v -0.092587 0.310661 -0.056318
v -0.092587 0.310661 -0.056318
v -0.092587 0.310661 -0.056318
v -0.092587 0.310661 -0.056318
v -0.092587 0.310661 -0.056318
v -0.092587 0.410794 0.114598
v -0.092587 0.410794 0.114598
v -0.092587 0.410794 0.114598
v -0.092587 0.410794 0.114598
v -0.092587 0.410794 0.114598
v -0.092587 0.410794 0.114598
v -0.213214 0.190724 -0.085732
v -0.213214 0.190724 -0.085732
v -0.213214 0.190724 -0.085732
v -0.213214 0.190724 -0.085732
v -0.213214 0.190724 -0.085732
v -0.092587 0.310661 0.056539
v -0.092587 0.310661 0.056539
v -0.092587 0.310661 0.056539
v -0.092587 0.310661 0.056539
v -0.092587 0.310661 0.056539
v -0.092587 0.310661 0.056539
v 0.092587 0.410794 0.114598
v 0.092587 0.410794 0.114598
v 0.092587 0.410794 0.114598
v 0.092587 0.410794 0.114598
v 0.092587 0.410794 0.114598
v 0.092587 0.410794 0.114598
v 0.092587 0.410794 0.114598
v 0.210483 0.190724 -0.085732
v 0.210483 0.190724 -0.085732
v 0.210483 0.190724 -0.085732
v 0.210483 0.190724 -0.085732
v 0.092587 0.310661 0.056539
v 0.092587 0.310661 0.056539
v 0.092587 0.310661 0.056539
v 0.092587 0.310661 0.056539
v 0.092587 0.310661 0.056539
v 0.092587 0.310661 0.056539
v 0.211982 0.175267 0.085732
v 0.211982 0.175267 0.085732
v 0.211982 0.175267 0.085732
v 0.211982 0.175267 0.085732
v 0.211982 0.175267 0.085732
v 0.092587 0.437202 -0.080379
v 0.092587 0.437202 -0.080379
v 0.092587 0.437202 -0.080379
v 0.092587 0.437202 -0.080379
v 0.092587 0.437202 -0.080379
v 0.092587 0.437202 -0.080379
v 0.092587 0.310661 -0.057073
v 0.092587 0.310661 -0.057073
v 0.092587 0.310661 -0.057073
v 0.092587 0.310661 -0.057073
v 0.092587 0.310661 -0.057073
v 0.092587 0.310661 -0.057073
v 0.278892 0.224929 0.085732
v 0.278892 0.224929 0.085732
v 0.278892 0.224929 0.085732
v 0.278892 0.224929 0.085732
v 0.278892 0.224929 0.085732
v 0.278892 0.224929 0.085732
v 0.278892 0.224929 0.085732
v 0.278892 0.371995 -0.085732
v 0.278892 0.371995 -0.085732
v 0.278892 0.371995 -0.085732
v 0.278892 0.371995 -0.085732
v 0.278892 0.371995 -0.085732
v 0.278892 0.371995 -0.085732
v 0.278892 0.310661 -0.065744
v 0.278892 0.310661 -0.065744
v 0.278892 0.310661 -0.065744
v 0.278892 0.310661 -0.065744
v 0.278892 0.310661 -0.065744
v 0.278892 0.371995 0.085732
v 0.278892 0.371995 0.085732
v 0.278892 0.371995 0.085732
v 0.278892 0.371995 0.085732
v 0.278892 0.371995 0.085732
v 0.278892 0.371995 0.085732
v 0.278892 0.224929 -0.085732
v 0.278892 0.224929 -0.085732
v 0.278892 0.224929 -0.085732
v 0.278892 0.224929 -0.085732
v 0.278892 0.224929 -0.085732
v 0.278892 0.224929 -0.085732
v 0.278892 0.310661 0.065744
v 0.278892 0.310661 0.065744
v 0.278892 0.310661 0.065744
v 0.278892 0.310661 0.065744
v 0.278892 0.310661 0.065744
v -0.370347 0.264504 0.000000
v -0.370347 0.264504 0.000000
v -0.370347 0.264504 0.000000
v -0.370347 0.264504 0.000000
v -0.370347 0.264504 0.000000
v -0.370347 0.264504 0.000000
v -0.370347 0.396165 0.000000
v -0.370347 0.396165 0.000000
v -0.370347 0.396165 0.000000
v -0.370347 0.396165 0.000000
v -0.370347 0.396165 0.000000
v -0.370347 0.396165 0.000000
v 0.316859 0.251932 -0.000000
v 0.316859 0.251932 -0.000000
v 0.316859 0.251932 -0.000000
v 0.316859 0.251932 -0.000000
v 0.316859 0.251932 -0.000000
v 0.316859 0.251932 -0.000000
v 0.316859 0.251932 -0.000000
v 0.370347 0.396393 -0.000000
v 0.370347 0.396393 -0.000000
v 0.370347 0.396393 -0.000000
v 0.370347 0.396393 -0.000000
v 0.370347 0.396393 -0.000000
v 0.585067 0.310661 -0.000000
v 0.585067 0.310661 -0.000000
v 0.585067 0.310661 -0.000000
v 0.585067 0.310661 -0.000000
v -0.533014 0.310661 0.000000
v -0.533014 0.310661 0.000000
v -0.533014 0.310661 0.000000
v -0.533014 0.310661 0.000000
v 0.000000 0.396393 0.000000
v 0.000000 0.396393 0.000000
v 0.000000 0.396393 0.000000
v 0.000000 0.396393 0.000000
v 0.000000 0.396393 0.000000
v 0.000000 0.396393 0.000000
v 0.000000 0.224929 0.000000
v -0.185173 0.224929 0.000000
v -0.185173 0.224929 0.000000
v -0.185173 0.224929 0.000000
v -0.185173 0.224929 0.000000
v -0.185173 0.224929 0.000000
v -0.185173 0.224929 0.000000
v -0.185173 0.396393 0.000000
v 0.185173 0.396393 -0.000000
v 0.185173 0.224929 -0.000000
v 0.185173 0.224929 -0.000000
v 0.185173 0.224929 -0.000000
v 0.185173 0.224929 -0.000000
v 0.185173 0.224929 -0.000000
v 0.185173 0.224929 -0.000000
v -0.277760 0.396393 0.000000
v -0.277760 0.396393 0.000000
v -0.277760 0.396393 0.000000
v -0.277760 0.396393 0.000000
v -0.277760 0.396393 0.000000
v -0.277760 0.396393 0.000000
v -0.277760 0.396393 0.000000
v -0.390823 0.170687 0.000000
v -0.390823 0.170687 0.000000
v -0.390823 0.170687 0.000000
v -0.390823 0.170687 0.000000
v -0.390823 0.170687 0.000000
v -0.390823 0.170687 0.000000
v -0.092587 0.224929 0.000000
v -0.092587 0.224929 0.000000
v -0.092587 0.224929 0.000000
v -0.092587 0.224929 0.000000
v -0.092587 0.224929 0.000000
v -0.092587 0.396393 0.000000
v -0.092587 0.396393 0.000000
v -0.092587 0.396393 0.000000
v -0.092587 0.396393 0.000000
v -0.092587 0.396393 0.000000
v 0.092587 0.224929 -0.000000
v 0.092587 0.224929 -0.000000
v 0.092587 0.224929 -0.000000
v 0.092587 0.224929 -0.000000
v 0.092587 0.224929 -0.000000
v 0.092587 0.396393 -0.000000
v 0.092587 0.396393 -0.000000
v 0.092587 0.396393 -0.000000
v 0.092587 0.396393 -0.000000
v 0.092587 0.396393 -0.000000
v 0.278892 0.396393 -0.000000
v 0.278892 0.396393 -0.000000
v 0.278892 0.396393 -0.000000
v 0.278892 0.396393 -0.000000
v 0.278892 0.396393 -0.000000
v 0.278892 0.396393 -0.000000
v 0.370819 0.153799 -0.000000
v 0.370819 0.153799 -0.000000
v 0.370819 0.153799 -0.000000
v 0.370819 0.153799 -0.000000
v 0.370819 0.153799 -0.000000
vn 0.1728 -0.2476 0.9533
vn -0.3488 0.6636 -0.6618
vn -0.2035 -0.3034 -0.9309
vn 0.2717 0.6805 0.6805
vn 0.8717 0.4793 -0.1022
vn -0.0000 1.0000 -0.0000
vn 0.8827 -0.3562 -0.3067
vn -0.0000 0.2271 -0.9739
vn -0.6812 -0.6446 -0.3470
vn -0.0000 0.1921 0.9814
vn 0.0975 0.2912 0.9517
vn -0.1057 0.3359 -0.9360
vn -0.0000 0.9922 -0.1247
vn -0.0000 -1.0000 -0.0000
vn -0.2979 -0.1783 -0.9378
vn 0.2632 -0.4839 0.8346
vn -0.1728 -0.2476 -0.9533
vn 0.2459 -0.9322 -0.2655
vn -0.0000 -0.0000 -1.0000
vn 0.5556 -0.3419 0.7579
vn 0.3007 -0.0000 0.9537
vn 0.1987 -0.3037 0.9318
vn -0.0000 -0.0000 1.0000
vn -0.6223 -0.4605 -0.6330
vn -0.2957 -0.0000 -0.9553
vn -0.0000 0.1921 -0.9814
vn -0.0025 1.0000 -0.0027
vn -0.6830 0.1491 -0.7151
vn 0.1728 -0.2476 -0.9533
vn -0.1728 -0.2476 0.9533
vn -0.2632 -0.4839 0.8346
vn -0.0794 0.3092 0.9477
vn 0.3028 -0.0000 -0.9531
vn -0.0000 -0.9288 0.3706
vn 0.6671 -0.5469 -0.5059
vn 0.2912 -0.1733 -0.9408
vn 0.1060 0.3285 -0.9385
vn -0.5125 -0.2767 0.8129
vn -0.0000 0.2271 0.9739
vn -0.2035 -0.3034 0.9309
vn -0.3332 -0.8697 -0.3642
vn 0.1987 -0.3037 -0.9318
vn 0.2429 0.9330 -0.2655
vn -0.4033 0.9151 -0.0000
vn -0.2287 -0.9461 -0.2295
vn -0.3866 0.8223 0.4175
vn -0.6268 0.3858 -0.6769
vn -0.0000 -0.8451 0.5347
vn 0.2160 0.9481 -0.2333
vn 0.8800 0.4750 -0.0000
vn 0.3866 0.8223 0.4175
vn -0.2160 0.9481 -0.2333
vn 0.1603 -0.9739 -0.1608
vn 0.4033 0.9151 -0.0000
vn -0.6812 -0.6446 0.3470
vn 0.8520 -0.4839 0.2000
vn -0.2485 0.9316 -0.2651
vn -0.0000 -0.9538 -0.3004
vn 0.2717 0.6805 -0.6805
vn -0.3488 0.6636 0.6618
vn -1.0000 -0.0000 -0.0000
vn 1.0000 -0.0000 -0.0000
vn -0.0000 -0.7696 -0.6385
vn -0.2485 0.9316 0.2651
vn 0.1885 -0.8611 0.4722
vn -0.2120 0.1204 -0.9698
vn -0.2424 -0.8542 -0.4599
vn 0.1759 0.1664 0.9702
vn 0.2999 0.0725 0.9512
vn -0.3002 0.1301 -0.9450
vn 0.1537 0.9881 -0.0000
vn 0.1649 -0.9738 0.1565
vn -0.6024 -0.4119 -0.6837
vn 0.3930 -0.5711 0.7207
vn -0.2160 0.9481 0.2333
vn -0.1752 0.1892 -0.9662
vn -0.1883 -0.4926 0.8496
vn 0.2034 0.2223 0.9535
vn 0.1147 0.9857 -0.1239
vn 0.6070 0.4492 0.6556
vn -0.1354 -0.1795 -0.9744
vn 0.1759 0.1664 -0.9702
vn 0.2160 0.9481 0.2333
vn -0.0000 -0.8451 -0.5347
vn -0.1752 0.1892 0.9662
vn -0.3930 -0.5711 0.7207
vn -0.2999 0.0725 0.9512
vn 0.1378 -0.1850 -0.9730
vn -0.7734 0.6340 -0.0000
vn -0.1147 0.9857 -0.1239
vn 0.6024 -0.4119 -0.6837
vn -0.1670 -0.9731 0.1586
vn -0.1537 0.9881 -0.0000
vn 0.2932 0.1304 -0.9471
vn 0.2976 -0.0000 0.9547
vn -0.3007 -0.0000 0.9537
vn -0.2127 0.0858 0.9733
vn 0.2034 0.2223 -0.9535
vn 0.2429 0.9330 0.2655
vn -0.3332 -0.8697 0.3642
vn -0.0000 0.8917 0.4527
vn -0.6830 0.1491 0.7151
vn -0.0025 1.0000 0.0027
vn -0.0000 -0.8653 -0.5012
vn 0.2459 -0.9322 0.2655
vn -0.2424 -0.8542 0.4599
vn 0.1885 -0.8611 -0.4722
vn 0.7711 0.4240 0.4750
vt 0.570099 0.111485
vt 0.580708 0.139051
vt 0.568952 0.140728
vt 0.348387 0.484216
vt 0.348387 0.531286
vt 0.316950 0.508733
vt 0.265891 0.369533
vt 0.272453 0.396439
vt 0.259592 0.396453
vt 0.084488 0.484216
vt 0.084488 0.530387
vt 0.050167 0.504883
vt 0.547023 0.105777
vt 0.514810 0.079110
vt 0.547023 0.063116
vt 0.071323 0.614903
vt 0.061966 0.652717
vt 0.061966 0.614904
vt 0.568952 0.281722
vt 0.598355 0.246859
vt 0.601655 0.281722
vt 0.268959 0.434420
vt 0.265891 0.434510
vt 0.568952 0.194249
vt 0.601440 0.208592
vt 0.568952 0.229772
vt 0.580708 0.177080
vt 0.579917 0.177162
vt 0.052484 0.406235
vt 0.079459 0.438165
vt 0.068583 0.463076
vt 0.008543 0.414194
vt 0.033129 0.449250
vt 0.016370 0.467130
vt 0.139073 0.096485
vt 0.129610 0.046360
vt 0.139083 0.046359
vt 0.292704 0.144796
vt 0.298421 0.101478
vt 0.302142 0.143970
vt 0.008543 0.357987
vt 0.024319 0.412115
vt 0.059399 0.357987
vt 0.067860 0.402146
vt 0.574241 0.018059
vt 0.580884 0.046422
vt 0.568952 0.046466
vt 0.290411 0.577092
vt 0.299885 0.614583
vt 0.278843 0.618070
vt 0.158030 0.046357
vt 0.148557 0.084170
vt 0.148557 0.046358
vt 0.574241 0.084495
vt 0.580884 0.084300
vt 0.421900 0.046478
vt 0.437810 0.084267
vt 0.439205 0.098774
vt 0.437810 0.008543
vt 0.437810 0.046405
vt 0.471261 0.330957
vt 0.482811 0.356614
vt 0.470042 0.359025
vt 0.483530 0.394736
vt 0.489963 0.393794
vt 0.096546 0.413687
vt 0.112220 0.451626
vt 0.114036 0.466685
vt 0.120136 0.046360
vt 0.110663 0.084174
vt 0.110663 0.046361
vt 0.311579 0.143143
vt 0.317746 0.104968
vt 0.321017 0.142317
vt 0.112220 0.375870
vt 0.112220 0.413748
vt 0.573418 0.084519
vt 0.167504 0.084168
vt 0.167504 0.046363
vt 0.551866 0.046029
vt 0.514810 0.027271
vt 0.551866 0.008543
vt 0.250505 0.600811
vt 0.258837 0.577092
vt 0.261756 0.603364
vt 0.444227 0.084554
vt 0.195117 0.607126
vt 0.195185 0.577092
vt 0.206194 0.604416
vt 0.289837 0.248371
vt 0.297625 0.202332
vt 0.305218 0.252711
vt 0.277100 0.282964
vt 0.287292 0.297325
vt 0.470042 0.023694
vt 0.486805 0.059420
vt 0.470725 0.059583
vt 0.283267 0.145622
vt 0.277330 0.110715
vt 0.471408 0.095472
vt 0.470042 0.109065
vt 0.365080 0.220011
vt 0.380639 0.170989
vt 0.380639 0.222802
vt 0.120126 0.096487
vt 0.354800 0.255651
vt 0.367951 0.277160
vt 0.293308 0.404528
vt 0.289539 0.357987
vt 0.309284 0.404953
vt 0.291876 0.441603
vt 0.289539 0.463489
vt 0.479627 0.395307
vt 0.136294 0.605688
vt 0.136294 0.577092
vt 0.148486 0.602854
vt 0.118944 0.451429
vt 0.101073 0.046362
vt 0.088427 0.577092
vt 0.119207 0.590922
vt 0.088427 0.610865
vt 0.165573 0.599252
vt 0.174189 0.577091
vt 0.178030 0.601950
vt 0.618741 0.499511
vt 0.628331 0.537002
vt 0.618741 0.537002
vt 0.618741 0.320120
vt 0.629113 0.284688
vt 0.632598 0.320120
vt 0.360488 0.577092
vt 0.378895 0.608554
vt 0.360488 0.620400
vt 0.305662 0.184163
vt 0.327298 0.182606
vt 0.546448 0.577433
vt 0.528653 0.609926
vt 0.528653 0.577092
vt 0.618741 0.149598
vt 0.631681 0.118520
vt 0.631681 0.156283
vt 0.888783 0.436218
vt 0.889894 0.400678
vt 0.889894 0.436596
vt 0.618741 0.427398
vt 0.630444 0.392448
vt 0.631281 0.427398
vt 0.474898 0.580201
vt 0.453550 0.609072
vt 0.453550 0.577092
vt 0.506971 0.607947
vt 0.491985 0.577092
vt 0.511566 0.577092
vt 0.148557 0.008545
vt 0.158045 0.009155
vt 0.277100 0.183797
vt 0.286538 0.182971
vt 0.284670 0.185245
vt 0.568952 0.442503
vt 0.589236 0.411492
vt 0.589236 0.462737
vt 0.088378 0.278570
vt 0.121571 0.300795
vt 0.086169 0.317289
vt 0.581762 0.479824
vt 0.599999 0.515772
vt 0.568952 0.515772
vt 0.238875 0.357987
vt 0.272453 0.358561
vt 0.649684 0.591589
vt 0.649684 0.552170
vt 0.655474 0.591016
vt 0.184538 0.527903
vt 0.142546 0.495629
vt 0.184538 0.484216
vt 0.118178 0.243917
vt 0.129241 0.277481
vt 0.575110 0.101606
vt 0.514810 0.472322
vt 0.537488 0.495000
vt 0.514810 0.524365
vt 0.568952 0.359349
vt 0.600933 0.359349
vt 0.593214 0.394405
vt 0.008543 0.713612
vt 0.008543 0.670509
vt 0.012813 0.671464
vt 0.071340 0.653423
vt 0.048824 0.537444
vt 0.315000 0.531851
vt 0.129609 0.114138
vt 0.035398 0.372845
vt 0.079459 0.359121
vt 0.580884 0.008543
vt 0.299885 0.577092
vt 0.158045 0.084781
vt 0.311130 0.212599
vt 0.475659 0.319434
vt 0.576595 0.577092
vt 0.576595 0.616449
vt 0.563535 0.608810
vt 0.103890 0.357987
vt 0.250505 0.639188
vt 0.289238 0.577092
vt 0.649684 0.477381
vt 0.649684 0.439502
vt 0.656328 0.448628
vt 0.206194 0.641230
vt 0.444227 0.018147
vt 0.277100 0.202468
vt 0.477070 0.008543
vt 0.618741 0.337207
vt 0.630504 0.367057
vt 0.618741 0.375361
vt 0.351723 0.185604
vt 0.320517 0.106933
vt 0.489963 0.310136
vt 0.144678 0.641263
vt 0.649684 0.646538
vt 0.649684 0.608676
vt 0.656023 0.619734
vt 0.165573 0.638062
vt 0.661783 0.084906
vt 0.649684 0.091661
vt 0.649684 0.060251
vt 0.327298 0.104132
vt 0.118944 0.386452
vt 0.543208 0.277347
vt 0.514810 0.298743
vt 0.514810 0.253460
vt 0.110663 0.008549
vt 0.120108 0.009727
vt 0.125103 0.340900
vt 0.167504 0.008543
vt 0.343402 0.577092
vt 0.343402 0.609415
vt 0.316972 0.598957
vt 0.139055 0.009725
vt 0.594538 0.298808
vt 0.594538 0.342263
vt 0.568952 0.331645
vt 0.061966 0.577092
vt 0.547236 0.122863
vt 0.525918 0.164748
vt 0.514810 0.122863
vt 0.148653 0.527021
vt 0.086169 0.241533
s 1
usemtl 画像マテ茶
f 1955/1608/580 1841/1609/580 1965/1610/580
s 0
f 2098/1611/581 1847/1612/581 2118/1613/581
f 2063/1614/582 1854/1615/582 2067/1616/582
s 1
f 2112/1617/583 1833/1618/583 2116/1619/583
s 0
f 2181/1620/584 1812/1621/584 2101/1622/584
f 2175/1623/585 1800/1624/585 2110/1625/585
f 2102/1626/586 1831/1627/586 1795/1628/586
f 2071/1616/587 1815/1629/587 2082/1630/587
f 2089/1631/588 1845/1632/588 1821/1633/588
f 1969/1610/589 1807/1634/589 1974/1635/589
f 2036/1636/590 1863/1637/590 2041/1638/590
f 2002/1639/591 1872/1640/591 2011/1641/591
f 2005/1642/592 2125/1643/592 2162/1644/592
f 2155/1645/593 1869/1646/593 2127/1647/593
f 1993/1648/594 1882/1649/594 1998/1639/594
f 2024/1650/595 1888/1651/595 2032/1636/595
s 1
f 1979/1652/596 1919/1653/596 1983/1654/596
s 0
f 1960/1655/597 2131/1656/597 2149/1657/597
f 2142/1658/585 1892/1659/585 2134/1660/585
f 1964/1661/598 1921/1653/598 1902/1662/598
f 2014/1663/599 1909/1664/599 1989/1665/599
f 2017/1663/600 1895/1666/600 1903/1667/600
f 2075/1668/601 1950/1669/601 2085/1670/601
f 2060/1671/602 1952/1669/602 1926/1672/602
s 1
f 2048/1673/603 1943/1674/603 2027/1675/603
s 0
f 2170/1676/585 1937/1677/585 2135/1678/585
f 2165/1679/593 1942/1680/593 2137/1681/593
f 2051/1673/604 1929/1682/604 1933/1683/604
f 1825/1684/605 1986/1654/605 1963/1661/605
f 1809/1685/606 2143/1658/606 2097/1686/606
f 1822/1687/607 2150/1688/607 2090/1689/607
s 1
f 1848/1690/608 1978/1691/608 1982/1692/608
s 0
f 1906/1667/602 1975/1693/602 1911/1664/602
s 1
f 1904/1694/609 1956/1695/609 1966/1696/609
s 0
f 1889/1697/610 2007/1698/610 2015/1699/610
f 1864/1700/611 2019/1699/611 1990/1701/611
f 1914/1702/612 2000/1703/612 1918/1704/612
f 2133/1705/613 2013/1706/613 2159/1645/613
f 1892/1659/585 2160/1644/585 2134/1660/585
f 1900/1707/614 1997/1703/614 2010/1708/614
f 1884/1709/615 2044/1710/615 2049/1711/615
f 1869/1646/593 2165/1679/593 2127/1647/593
f 2125/1643/592 2022/1712/592 2172/1676/592
f 1873/1713/616 2053/1711/616 2028/1714/616
f 1947/1715/610 2025/1716/610 2033/1717/610
f 1924/1718/617 2031/1717/617 2040/1719/617
f 1798/1720/618 2088/1670/618 2059/1671/618
f 1834/1721/619 2074/1722/619 2084/1723/619
f 1936/1683/598 2083/1724/598 1945/1674/598
f 1937/1677/585 2176/1725/585 2135/1678/585
f 2139/1726/620 2079/1727/620 2182/1728/620
f 1934/1729/621 2064/1730/621 2068/1731/621
f 2138/1732/593 2054/1733/593 1923/1734/593
s 1
f 1928/1735/622 2178/1736/622 2062/1737/622
s 0
f 2122/1738/623 2042/1739/623 1877/1740/623
f 1860/1741/624 2166/1679/624 2038/1742/624
f 1917/1743/625 2163/1744/625 1995/1745/625
f 1908/1746/626 2157/1747/626 1988/1748/626
f 1805/1749/627 2154/1750/627 1972/1751/627
f 1827/1752/628 2144/1753/628 1976/1754/628
f 2037/1755/629 2136/1756/629 1922/1757/629
f 2173/1758/630 1932/1759/630 2046/1760/630
f 2145/1658/631 1913/1761/631 1977/1762/631
f 1970/1763/593 2129/1705/593 1907/1764/593
f 2156/1645/632 1859/1741/632 1987/1765/632
f 1991/1766/633 2121/1767/633 1876/1768/633
f 1838/1769/634 2092/1770/634 1803/1771/634
f 1857/1772/635 2105/1773/635 1816/1774/635
f 2177/1775/636 1819/1776/636 2061/1614/636
f 2055/1777/637 2103/1778/637 1796/1779/637
s 1
f 1853/1780/638 2111/1781/638 2114/1782/638
s 0
f 1840/1769/639 2100/1783/639 2120/1784/639
f 1958/1608/602 1811/1785/602 1843/1609/602
f 2096/1786/640 1826/1787/640 1844/1788/640
f 2066/1614/598 1820/1776/598 1856/1615/598
f 2109/1789/641 1799/1790/641 1830/1791/641
f 2183/1792/642 2080/1793/642 1813/1794/642
f 2179/1623/643 2072/1795/643 1801/1624/643
f 2107/1796/644 2115/1619/644 1832/1618/644
f 2069/1616/645 1855/1615/645 1814/1629/645
f 2091/1797/646 2117/1613/646 1846/1612/646
f 1968/1610/647 1842/1609/647 1806/1634/647
f 2034/1636/648 1890/1651/648 1861/1637/648
f 1999/1639/649 1883/1649/649 1870/1640/649
f 2003/1642/650 1865/1798/650 2123/1643/650
f 2158/1645/651 2012/1706/651 1874/1646/651
f 1992/1648/652 1879/1799/652 1881/1649/652
f 2023/1650/653 1867/1800/653 1886/1651/653
f 1980/1652/598 1916/1801/598 1921/1653/598
f 1959/1655/593 1899/1802/593 2130/1656/593
f 2148/1658/654 1954/1803/654 1894/1659/654
f 1962/1661/655 1984/1654/655 1920/1653/655
f 2017/1663/600 1903/1667/600 1910/1664/600
f 2018/1699/656 2008/1698/656 1896/1804/656
f 2076/1668/602 1941/1805/602 1952/1669/602
f 2058/1671/657 2086/1670/657 1951/1669/657
f 2051/1673/604 1933/1683/604 1944/1674/604
f 2171/1676/658 2021/1712/658 1938/1677/658
f 2169/1806/659 2030/1807/659 1946/1808/659
f 2052/1673/660 2045/1809/660 1930/1682/660
f 1824/1810/661 1849/1690/661 1985/1692/661
f 1810/1685/662 1953/1803/662 2147/1658/662
f 1823/1811/663 1961/1655/663 2151/1657/663
f 1850/1812/598 1828/1813/598 1981/1814/598
f 1905/1694/664 1967/1696/664 1973/1815/664
f 1906/1667/602 1897/1666/602 1957/1816/602
f 1887/1697/665 1868/1817/665 2006/1698/665
f 1862/1700/666 1891/1697/666 2016/1699/666
f 1915/1702/667 1994/1818/667 2001/1703/667
f 2128/1819/668 1898/1820/668 2009/1821/668
f 1893/1659/669 2004/1642/669 2161/1644/669
f 1901/1707/612 1918/1704/612 2000/1703/612
f 1880/1709/670 1878/1822/670 2043/1710/670
f 1875/1646/671 2029/1823/671 2168/1679/671
f 2124/1643/672 1866/1798/672 2020/1712/672
f 1871/1713/673 1885/1709/673 2050/1711/673
f 1949/1669/674 1940/1805/674 2026/1824/674
f 1925/1718/675 1948/1715/675 2035/1717/675
f 1797/1825/676 1835/1721/676 2087/1723/676
f 1836/1826/602 1802/1827/602 2077/1828/602
f 1935/1729/677 2070/1731/677 2081/1829/677
s 1
f 1939/1830/678 2073/1831/678 2180/1832/678
s 0
f 2137/1681/593 1942/1680/593 2078/1833/593
f 1936/1683/598 1931/1682/598 2065/1834/598
f 2141/1835/679 2185/1836/679 2057/1837/679
f 1927/1838/585 2135/1678/585 2176/1725/585
s 1
f 2126/1643/680 2174/1676/680 2047/1839/680
s 0
f 1858/1741/593 2127/1647/593 2165/1679/593
f 1912/1761/585 2134/1660/585 2160/1644/585
f 1907/1764/593 2129/1705/593 2155/1645/593
f 1804/1771/681 2093/1770/681 2153/1840/681
f 1829/1841/682 2099/1686/682 2146/1658/682
s 1
f 2039/1742/683 2167/1679/683 2140/1681/683
s 0
f 2170/1676/585 2135/1678/585 1927/1838/585
f 2142/1658/585 2134/1660/585 1912/1761/585
f 1971/1842/684 2152/1843/684 2132/1844/684
f 2155/1645/593 2127/1647/593 1858/1741/593
s 1
f 1996/1845/680 2164/1644/680 2126/1643/680
s 0
f 1839/1769/685 2119/1784/685 2094/1770/685
f 1852/1846/686 2113/1847/686 2104/1848/686
f 2175/1623/585 2110/1625/585 1818/1849/585
f 2056/1850/687 2184/1851/687 2106/1852/687
f 1851/1780/641 1817/1853/641 2108/1781/641
f 1837/1769/640 1808/1854/640 2095/1783/640
o 立方体.001
v 0.181053 0.390075 0.067185
v 0.181053 0.390075 0.067185
v 0.181053 0.390075 0.067185
v 0.098544 1.788845 0.036568
v 0.098544 1.788845 0.036568
v 0.098544 1.788845 0.036568
v 0.098544 1.788845 0.036568
v 0.098544 1.788845 0.036568
v -0.181053 0.390075 0.067185
v -0.181053 0.390075 0.067185
v -0.181053 0.390075 0.067185
v -0.098544 1.788845 0.036568
v -0.098544 1.788845 0.036568
v -0.098544 1.788845 0.036568
v -0.098544 1.788845 0.036568
v -0.098544 1.788845 0.036568
v 0.181053 0.390075 -0.067185
v 0.181053 0.390075 -0.067185
v 0.181053 0.390075 -0.067185
v 0.098544 1.788845 -0.036568
v 0.098544 1.788845 -0.036568
v 0.098544 1.788845 -0.036568
v 0.098544 1.788845 -0.036568
v 0.098544 1.788845 -0.036568
v -0.181053 0.390075 -0.067185
v -0.181053 0.390075 -0.067185
v -0.181053 0.390075 -0.067185
v -0.098544 1.788845 -0.036568
v -0.098544 1.788845 -0.036568
v -0.098544 1.788845 -0.036568
v -0.098544 1.788845 -0.036568
v -0.098544 1.788845 -0.036568
v -0.217682 0.390075 0.000000
v -0.217682 0.390075 0.000000
v -0.217682 0.390075 0.000000
v -0.217682 0.390075 0.000000
v -0.217682 0.390075 0.000000
v -0.090003 1.906718 0.000000
v -0.090003 1.906718 0.000000
v -0.090003 1.906718 0.000000
v -0.090003 1.906718 0.000000
v -0.090003 1.906718 0.000000
v -0.090003 1.906718 0.000000
v 0.217682 0.390075 -0.000000
v 0.217682 0.390075 -0.000000
v 0.217682 0.390075 -0.000000
v 0.217682 0.390075 -0.000000
v 0.217682 0.390075 -0.000000
v 0.090003 1.906718 -0.000000
v 0.090003 1.906718 -0.000000
v 0.090003 1.906718 -0.000000
v 0.090003 1.906718 -0.000000
v 0.090003 1.906718 -0.000000
v 0.090003 1.906718 -0.000000
v 0.000000 0.390075 0.067185
v 0.000000 0.390075 0.067185
v 0.000000 1.883999 0.027759
v 0.000000 1.883999 0.027759
v 0.000000 1.883999 0.027759
v 0.000000 1.883999 0.027759
v 0.000000 1.883999 0.027759
v 0.000000 1.883999 0.027759
v -0.000000 0.390075 -0.067185
v -0.000000 0.390075 -0.067185
v -0.000000 1.883999 -0.027759
v -0.000000 1.883999 -0.027759
v -0.000000 1.883999 -0.027759
v -0.000000 1.883999 -0.027759
v -0.000000 1.883999 -0.027759
v -0.000000 1.883999 -0.027759
v 0.000000 2.111271 0.000000
v 0.000000 2.111271 0.000000
v 0.000000 2.111271 0.000000
v 0.000000 2.111271 0.000000
v 0.000000 0.390075 0.000000
v 0.217682 1.089460 0.080777
v 0.217682 1.089460 0.080777
v 0.217682 1.089460 0.080777
v 0.217682 1.089460 0.080777
v 0.217682 1.089460 0.080777
v -0.217682 1.089460 0.080777
v -0.217682 1.089460 0.080777
v -0.217682 1.089460 0.080777
v -0.217682 1.089460 0.080777
v -0.217682 1.089460 -0.080777
v -0.217682 1.089460 -0.080777
v -0.217682 1.089460 -0.080777
v -0.217682 1.089460 -0.080777
v -0.217682 1.089460 -0.080777
v 0.217682 1.089460 -0.080777
v 0.217682 1.089460 -0.080777
v 0.217682 1.089460 -0.080777
v 0.217682 1.089460 -0.080777
v 0.217682 1.089460 -0.000000
v 0.217682 1.089460 -0.000000
v 0.217682 1.089460 -0.000000
v 0.217682 1.089460 -0.000000
v 0.217682 1.089460 -0.000000
v 0.217682 1.089460 -0.000000
v -0.217682 1.089460 0.000000
v -0.217682 1.089460 0.000000
v -0.217682 1.089460 0.000000
v -0.217682 1.089460 0.000000
v -0.217682 1.089460 0.000000
v -0.217682 1.089460 0.000000
v -0.000000 1.089460 -0.080777
v -0.000000 1.089460 -0.080777
v -0.000000 1.089460 -0.080777
v -0.000000 1.089460 -0.080777
v -0.000000 1.089460 -0.080777
v -0.000000 1.089460 -0.080777
v -0.000000 1.089460 -0.080777
v -0.000000 1.089460 -0.080777
v 0.000000 1.089460 0.080777
v 0.000000 1.089460 0.080777
v 0.000000 1.089460 0.080777
v 0.000000 1.089460 0.080777
v 0.000000 1.089460 0.080777
v 0.000000 1.089460 0.080777
v 0.000000 1.089460 0.080777
v 0.000000 1.089460 0.080777
v -0.217682 0.739768 0.080777
v -0.217682 0.739768 0.080777
v -0.217682 0.739768 0.080777
v -0.217682 0.739768 0.080777
v -0.217682 0.739768 -0.080777
v -0.217682 0.739768 -0.080777
v -0.217682 0.739768 -0.080777
v -0.217682 0.739768 -0.080777
v 0.217682 0.739768 -0.080777
v 0.217682 0.739768 -0.080777
v 0.217682 0.739768 -0.080777
v 0.217682 0.739768 -0.080777
v 0.181649 0.739768 -0.000000
v 0.181649 0.739768 -0.000000
v 0.181649 0.739768 -0.000000
v 0.181649 0.739768 -0.000000
v 0.181649 0.739768 -0.000000
v 0.181649 0.739768 -0.000000
v 0.181649 0.739768 -0.000000
v 0.181649 0.739768 -0.000000
v -0.181649 0.739768 0.000000
v -0.181649 0.739768 0.000000
v -0.181649 0.739768 0.000000
v -0.181649 0.739768 0.000000
v -0.181649 0.739768 0.000000
v -0.181649 0.739768 0.000000
v -0.181649 0.739768 0.000000
v -0.181649 0.739768 0.000000
v -0.000000 0.739768 -0.080777
v -0.000000 0.739768 -0.080777
v -0.000000 0.739768 -0.080777
v -0.000000 0.739768 -0.080777
v -0.000000 0.739768 -0.080777
v 0.000000 0.739768 0.080777
v 0.000000 0.739768 0.080777
v 0.000000 0.739768 0.080777
v 0.000000 0.739768 0.080777
v 0.000000 0.739768 0.080777
v 0.217682 0.739768 0.080777
v 0.217682 0.739768 0.080777
v 0.217682 0.739768 0.080777
v 0.217682 0.739768 0.080777
v 0.217682 1.439152 0.080777
v 0.217682 1.439152 0.080777
v 0.217682 1.439152 0.080777
v 0.217682 1.439152 0.080777
v 0.217682 1.439152 0.080777
v -0.217682 1.439152 0.080777
v -0.217682 1.439152 0.080777
v -0.217682 1.439152 0.080777
v -0.217682 1.439152 0.080777
v -0.217682 1.439152 0.080777
v -0.217682 1.439152 -0.080777
v -0.217682 1.439152 -0.080777
v -0.217682 1.439152 -0.080777
v -0.217682 1.439152 -0.080777
v -0.217682 1.439152 -0.080777
v 0.217682 1.439152 -0.080777
v 0.217682 1.439152 -0.080777
v 0.217682 1.439152 -0.080777
v 0.217682 1.439152 -0.080777
v 0.217682 1.439152 -0.080777
v 0.318561 1.663026 -0.000000
v 0.318561 1.663026 -0.000000
v 0.318561 1.663026 -0.000000
v 0.318561 1.663026 -0.000000
v 0.318561 1.663026 -0.000000
v 0.318561 1.663026 -0.000000
v -0.329898 1.663026 0.000000
v -0.329898 1.663026 0.000000
v -0.329898 1.663026 0.000000
v -0.329898 1.663026 0.000000
v -0.329898 1.663026 0.000000
v -0.329898 1.663026 0.000000
v -0.000000 1.439152 -0.080777
v -0.000000 1.439152 -0.080777
v -0.000000 1.439152 -0.080777
v -0.000000 1.439152 -0.080777
v -0.000000 1.439152 -0.080777
v -0.000000 1.439152 -0.080777
v -0.000000 1.439152 -0.080777
v -0.000000 1.439152 -0.080777
v 0.000000 1.439152 0.080777
v 0.000000 1.439152 0.080777
v 0.000000 1.439152 0.080777
v 0.000000 1.439152 0.080777
v 0.000000 1.439152 0.080777
v 0.000000 1.439152 0.080777
v 0.000000 1.439152 0.080777
v 0.000000 1.439152 0.080777
v 0.217682 0.868600 0.080777
v 0.217682 0.868600 0.080777
v 0.217682 0.868600 0.080777
v 0.217682 0.868600 0.080777
v 0.217682 0.868600 0.080777
v -0.217682 0.871219 0.080777
v -0.217682 0.871219 0.080777
v -0.217682 0.871219 0.080777
v -0.217682 0.871219 0.080777
v -0.217682 0.875592 -0.080777
v -0.217682 0.875592 -0.080777
v -0.217682 0.875592 -0.080777
v -0.217682 0.875592 -0.080777
v -0.217682 0.875592 -0.080777
v 0.217682 0.878133 -0.080777
v 0.217682 0.878133 -0.080777
v 0.217682 0.878133 -0.080777
v 0.217682 0.878133 -0.080777
v 0.217682 0.852169 -0.000000
v 0.217682 0.852169 -0.000000
v 0.217682 0.852169 -0.000000
v 0.217682 0.852169 -0.000000
v 0.217682 0.852169 -0.000000
v 0.217682 0.852169 -0.000000
v 0.217682 0.852169 -0.000000
v -0.217682 0.866754 0.000000
v -0.217682 0.866754 0.000000
v -0.217682 0.866754 0.000000
v -0.217682 0.866754 0.000000
v -0.217682 0.866754 0.000000
v -0.217682 0.866754 0.000000
v -0.217682 0.866754 0.000000
v -0.000000 0.875592 -0.080777
v -0.000000 0.875592 -0.080777
v -0.000000 0.875592 -0.080777
v -0.000000 0.875592 -0.080777
v -0.000000 0.875592 -0.080777
v 0.000000 0.871219 0.080777
v 0.000000 0.871219 0.080777
v 0.000000 0.871219 0.080777
v 0.000000 0.871219 0.080777
v 0.000000 0.871219 0.080777
v -0.217682 0.564921 0.080777
v -0.217682 0.564921 0.080777
v -0.217682 0.564921 0.080777
v -0.217682 0.564921 0.080777
v -0.217682 0.564921 0.080777
v -0.217682 0.564921 0.080777
v -0.217682 0.564921 -0.080777
v -0.217682 0.564921 -0.080777
v -0.217682 0.564921 -0.080777
v -0.217682 0.564921 -0.080777
v -0.217682 0.564921 -0.080777
v -0.217682 0.564921 -0.080777
v 0.217682 0.564921 -0.080777
v 0.217682 0.564921 -0.080777
v 0.217682 0.564921 -0.080777
v 0.217682 0.564921 -0.080777
v 0.217682 0.564921 -0.080777
v 0.377783 0.649744 -0.000000
v 0.377783 0.649744 -0.000000
v 0.377783 0.649744 -0.000000
v 0.377783 0.649744 -0.000000
v 0.377783 0.649744 -0.000000
v 0.377783 0.649744 -0.000000
v -0.391378 0.675787 0.000000
v -0.391378 0.675787 0.000000
v -0.391378 0.675787 0.000000
v -0.391378 0.675787 0.000000
v -0.000000 0.564921 -0.080777
v -0.000000 0.564921 -0.080777
v -0.000000 0.564921 -0.080777
v -0.000000 0.564921 -0.080777
v -0.000000 0.564921 -0.080777
v 0.000000 0.564921 0.080777
v 0.000000 0.564921 0.080777
v 0.000000 0.564921 0.080777
v 0.000000 0.564921 0.080777
v 0.000000 0.564921 0.080777
v 0.217682 0.564921 0.080777
v 0.217682 0.564921 0.080777
v 0.217682 0.564921 0.080777
v 0.217682 0.564921 0.080777
v 0.217682 0.564921 0.080777
v -0.174039 1.338101 0.064582
v -0.174039 1.338101 0.064582
v -0.174039 1.338101 0.064582
v -0.174039 1.338101 0.064582
v -0.174039 1.338101 0.064582
v -0.174039 1.338101 0.064582
v -0.174039 1.338101 -0.064582
v -0.174039 1.338101 -0.064582
v -0.174039 1.338101 -0.064582
v -0.174039 1.338101 -0.064582
v -0.174039 1.338101 -0.064582
v -0.174039 1.338101 -0.064582
v 0.174039 1.338101 -0.064582
v 0.174039 1.338101 -0.064582
v 0.174039 1.338101 -0.064582
v 0.174039 1.338101 -0.064582
v 0.174039 1.338101 -0.064582
v 0.174039 1.338101 -0.064582
v 0.217682 1.376980 -0.000000
v 0.217682 1.376980 -0.000000
v 0.217682 1.376980 -0.000000
v 0.217682 1.376980 -0.000000
v 0.217682 1.376980 -0.000000
v 0.217682 1.376980 -0.000000
v -0.217682 1.376980 0.000000
v -0.217682 1.376980 0.000000
v -0.217682 1.376980 0.000000
v -0.217682 1.376980 0.000000
v -0.217682 1.376980 0.000000
v -0.217682 1.376980 0.000000
v -0.000000 1.264306 -0.080777
v -0.000000 1.264306 -0.080777
v -0.000000 1.264306 -0.080777
v -0.000000 1.264306 -0.080777
v -0.000000 1.264306 -0.080777
v -0.000000 1.264306 -0.080777
v 0.000000 1.264306 0.080777
v 0.000000 1.264306 0.080777
v 0.000000 1.264306 0.080777
v 0.000000 1.264306 0.080777
v 0.000000 1.264306 0.080777
v 0.000000 1.264306 0.080777
v 0.174039 1.338101 0.064582
v 0.174039 1.338101 0.064582
v 0.174039 1.338101 0.064582
v 0.174039 1.338101 0.064582
v 0.174039 1.338101 0.064582
v 0.174039 1.338101 0.064582
v 0.191983 0.589883 0.071241
v 0.191983 0.589883 0.071241
v 0.191983 0.589883 0.071241
v 0.191983 0.589883 0.071241
v 0.191983 0.589883 0.071241
v 0.191983 0.589883 0.071241
v 0.191983 0.589883 0.071241
v -0.191983 0.591919 0.071241
v -0.191983 0.591919 0.071241
v -0.191983 0.591919 0.071241
v -0.191983 0.591919 0.071241
v -0.191983 0.591919 0.071241
v -0.191983 0.591919 0.071241
v -0.191983 0.587001 -0.071241
v -0.191983 0.587001 -0.071241
v -0.191983 0.587001 -0.071241
v -0.191983 0.587001 -0.071241
v -0.191983 0.587001 -0.071241
v -0.191983 0.587001 -0.071241
v -0.191983 0.587001 -0.071241
v 0.191983 0.588021 -0.071241
v 0.191983 0.588021 -0.071241
v 0.191983 0.588021 -0.071241
v 0.191983 0.588021 -0.071241
v 0.191983 0.588021 -0.071241
v 0.191983 0.588021 -0.071241
v 0.191983 0.588021 -0.071241
v 0.191983 0.588021 -0.071241
v 0.217682 0.586166 -0.000000
v 0.217682 0.586166 -0.000000
v 0.217682 0.586166 -0.000000
v 0.217682 0.586166 -0.000000
v -0.217682 0.590011 0.000000
v -0.217682 0.590011 0.000000
v -0.217682 0.590011 0.000000
v -0.217682 0.590011 0.000000
v -0.217682 0.590011 0.000000
v -0.217682 0.590011 0.000000
v -0.000000 0.589829 -0.079994
v -0.000000 0.589829 -0.079994
v -0.000000 0.589829 -0.079994
v -0.000000 0.589829 -0.079994
v 0.000000 0.591578 0.080777
v 0.000000 0.591578 0.080777
v -0.217682 0.827191 0.080777
v -0.217682 0.827191 0.080777
v -0.217682 0.827191 0.080777
v -0.217682 0.827191 0.080777
v -0.217682 0.827191 0.080777
v -0.217682 0.827191 -0.080777
v -0.217682 0.827191 -0.080777
v -0.217682 0.827191 -0.080777
v -0.217682 0.827191 -0.080777
v 0.217682 0.827191 -0.080777
v 0.217682 0.827191 -0.080777
v 0.217682 0.827191 -0.080777
v 0.217682 0.827191 -0.080777
v 0.217682 0.827191 -0.080777
v 0.329238 0.884113 -0.000000
v 0.329238 0.884113 -0.000000
v 0.329238 0.884113 -0.000000
v 0.329238 0.884113 -0.000000
v 0.329238 0.884113 -0.000000
v -0.359317 0.881805 0.000000
v -0.359317 0.881805 0.000000
v -0.359317 0.881805 0.000000
v -0.359317 0.881805 0.000000
v -0.359317 0.881805 0.000000
v -0.000000 0.827191 -0.080777
v 0.000000 0.827191 0.080777
v 0.217682 0.827191 0.080777
v 0.217682 0.827191 0.080777
v 0.217682 0.827191 0.080777
v 0.217682 0.827191 0.080777
v 0.158113 1.613999 0.058672
v 0.158113 1.613999 0.058672
v 0.158113 1.613999 0.058672
v 0.158113 1.613999 0.058672
v 0.158113 1.613999 0.058672
v 0.158113 1.613999 0.058672
v -0.158113 1.613999 0.058672
v -0.158113 1.613999 0.058672
v -0.158113 1.613999 0.058672
v -0.158113 1.613999 0.058672
v -0.158113 1.613999 0.058672
v -0.158113 1.613999 0.058672
v -0.158113 1.613999 -0.058672
v -0.158113 1.613999 -0.058672
v -0.158113 1.613999 -0.058672
v -0.158113 1.613999 -0.058672
v -0.158113 1.613999 -0.058672
v -0.158113 1.613999 -0.058672
v 0.158113 1.613999 -0.058672
v 0.158113 1.613999 -0.058672
v 0.158113 1.613999 -0.058672
v 0.158113 1.613999 -0.058672
v 0.158113 1.613999 -0.058672
v 0.158113 1.613999 -0.058672
v 0.153842 1.525626 -0.000000
v 0.153842 1.525626 -0.000000
v 0.153842 1.525626 -0.000000
v 0.153842 1.525626 -0.000000
v 0.153842 1.525626 -0.000000
v 0.153842 1.525626 -0.000000
v -0.153842 1.525725 0.000000
v -0.153842 1.525725 0.000000
v -0.153842 1.525725 0.000000
v -0.153842 1.525725 0.000000
v -0.153842 1.525725 0.000000
v -0.153842 1.525725 0.000000
v -0.000000 1.661576 -0.054268
v -0.000000 1.661576 -0.054268
v -0.000000 1.661576 -0.054268
v -0.000000 1.661576 -0.054268
v -0.000000 1.661576 -0.054268
v -0.000000 1.661576 -0.054268
v 0.000000 1.661576 0.054268
v 0.000000 1.661576 0.054268
v 0.000000 1.661576 0.054268
v 0.000000 1.661576 0.054268
v 0.000000 1.661576 0.054268
v 0.000000 1.661576 0.054268
v -0.176151 1.213780 0.065366
v -0.176151 1.213780 0.065366
v -0.176151 1.213780 0.065366
v -0.176151 1.213780 0.065366
v -0.176151 1.213780 0.065366
v -0.176151 1.213780 0.065366
v -0.176151 1.213780 -0.065366
v -0.176151 1.213780 -0.065366
v -0.176151 1.213780 -0.065366
v -0.176151 1.213780 -0.065366
v -0.176151 1.213780 -0.065366
v -0.176151 1.213780 -0.065366
v 0.176151 1.213780 -0.065366
v 0.176151 1.213780 -0.065366
v 0.176151 1.213780 -0.065366
v 0.176151 1.213780 -0.065366
v 0.176151 1.213780 -0.065366
v 0.176151 1.213780 -0.065366
v 0.157800 1.233220 -0.000000
v 0.157800 1.233220 -0.000000
v 0.157800 1.233220 -0.000000
v 0.157800 1.233220 -0.000000
v 0.157800 1.233220 -0.000000
v 0.157800 1.233220 -0.000000
v -0.157800 1.233220 0.000000
v -0.157800 1.233220 0.000000
v -0.157800 1.233220 0.000000
v -0.157800 1.233220 0.000000
v -0.157800 1.233220 0.000000
v -0.157800 1.233220 0.000000
v -0.000000 1.176883 -0.080777
v -0.000000 1.176883 -0.080777
v 0.000000 1.176883 0.080777
v 0.000000 1.176883 0.080777
v 0.176151 1.213780 0.065366
v 0.176151 1.213780 0.065366
v 0.176151 1.213780 0.065366
v 0.176151 1.213780 0.065366
v 0.176151 1.213780 0.065366
v 0.176151 1.213780 0.065366
v 0.187789 0.979359 0.069685
v 0.187789 0.979359 0.069685
v 0.187789 0.979359 0.069685
v 0.187789 0.979359 0.069685
v 0.187789 0.979359 0.069685
v 0.187789 0.979359 0.069685
v -0.187789 0.980488 0.069685
v -0.187789 0.980488 0.069685
v -0.187789 0.980488 0.069685
v -0.187789 0.980488 0.069685
v -0.187789 0.980488 0.069685
v -0.187789 0.980488 0.069685
v -0.187789 0.980488 0.069685
v -0.187789 0.982375 -0.069685
v -0.187789 0.982375 -0.069685
v -0.187789 0.982375 -0.069685
v -0.187789 0.982375 -0.069685
v -0.187789 0.982375 -0.069685
v -0.187789 0.982375 -0.069685
v 0.187789 0.983470 -0.069685
v 0.187789 0.983470 -0.069685
v 0.187789 0.983470 -0.069685
v 0.187789 0.983470 -0.069685
v 0.187789 0.983470 -0.069685
v 0.187789 0.983470 -0.069685
v 0.187789 0.983470 -0.069685
v 0.339170 1.289608 -0.000000
v 0.339170 1.289608 -0.000000
v 0.339170 1.289608 -0.000000
v 0.339170 1.289608 -0.000000
v 0.339170 1.289608 -0.000000
v -0.339170 1.300970 0.000000
v -0.339170 1.300970 0.000000
v -0.339170 1.300970 0.000000
v -0.339170 1.300970 0.000000
v -0.339170 1.300970 0.000000
v -0.000000 0.982526 -0.080777
v -0.000000 0.982526 -0.080777
v 0.000000 0.980339 0.080777
v 0.000000 0.980339 0.080777
vn -0.0113 0.1292 0.9916
vn -0.8706 0.2425 0.4282
vn 0.0113 0.1292 -0.9916
vn 0.8704 0.2424 -0.4284
vn -0.0000 -1.0000 -0.0000
vn 0.2656 0.1169 0.9570
vn 0.2100 0.3035 -0.9294
vn 0.8704 0.2424 0.4284
vn -0.8706 0.2425 -0.4282
vn -0.2100 0.3035 -0.9294
vn -0.2656 0.1169 0.9570
vn -0.0113 0.1292 -0.9916
vn 0.0113 0.1292 0.9916
vn 0.0590 -0.0000 0.9983
vn -0.0590 -0.0000 -0.9983
vn 0.8032 0.4613 0.3769
vn -0.7874 0.4780 -0.3892
vn 0.8014 -0.2713 0.5331
vn 0.0590 -0.0000 -0.9983
vn -0.8201 -0.2806 -0.4987
vn -0.0590 -0.0000 0.9983
vn -0.0496 -0.0000 0.9988
vn -0.9146 0.2201 -0.3392
vn 0.0455 -0.0052 -0.9990
vn 0.9220 0.2163 0.3213
vn 0.9203 0.2159 -0.3263
vn -0.9192 0.2212 0.3257
vn -0.0455 -0.0052 -0.9990
vn 0.0496 -0.0000 0.9988
vn 0.0927 -0.0000 0.9957
vn -0.0927 -0.0000 -0.9957
vn -0.8493 -0.4184 0.3220
vn 0.8493 -0.4184 -0.3220
vn 0.8493 -0.4184 0.3220
vn 0.0927 -0.0000 -0.9957
vn -0.8493 -0.4184 -0.3220
vn -0.0927 -0.0000 0.9957
vn -0.0000 -0.0000 1.0000
vn -0.4954 -0.0000 -0.8687
vn -0.0000 -0.0000 -1.0000
vn 0.5865 -0.0000 0.8100
vn -0.2639 0.9215 -0.2849
vn 0.0950 0.8940 0.4379
vn -0.0000 -0.0775 0.9970
vn -0.0000 -0.0775 -0.9970
vn -0.8573 -0.2159 0.4674
vn 0.8573 -0.2159 -0.4674
vn 0.8573 -0.2159 0.4674
vn -0.8573 -0.2159 -0.4674
vn -0.0872 -0.0000 0.9962
vn -0.9638 0.0147 0.2662
vn 0.0872 -0.0000 -0.9962
vn 0.9638 0.0147 -0.2662
vn 0.9638 0.0147 0.2662
vn -0.9638 0.0147 -0.2662
vn -0.0872 -0.0000 -0.9962
vn 0.0872 -0.0000 0.9962
vn -0.0000 0.3569 0.9341
vn -0.0000 0.3965 -0.9180
vn 0.4265 0.8638 0.2683
vn 0.1515 0.5165 -0.8428
vn 0.1665 0.4968 0.8517
vn -0.0000 0.3816 -0.9243
vn 0.4265 0.8638 -0.2683
vn -0.0000 0.3331 0.9429
vn -0.9133 -0.0000 -0.4074
vn 0.9133 -0.0000 0.4074
vn 0.9133 -0.0000 -0.4074
vn -0.9133 -0.0000 0.4074
vn -0.0000 0.1254 0.9921
vn -0.0000 0.1254 -0.9921
vn -0.2623 0.2085 0.9422
vn 0.2775 0.2130 -0.9368
vn 0.2775 0.2130 0.9368
vn -0.2623 0.2085 -0.9422
vn -0.0000 0.1230 0.9924
vn -0.0000 0.1230 -0.9924
vn -0.9485 0.3169 -0.0000
vn 0.9485 0.3169 -0.0000
vn -0.0000 0.1010 0.9949
vn -0.9634 0.2666 0.0292
vn -0.0012 0.1044 -0.9945
vn 0.9654 0.2554 -0.0519
vn 0.9609 0.2637 0.0848
vn -0.9648 0.2625 -0.0145
vn -0.0000 0.1033 -0.9946
vn 0.0012 0.1000 0.9950
vn -0.0255 0.1183 0.9926
vn -0.9440 0.1582 -0.2894
vn 0.0255 0.1183 -0.9926
vn 0.9441 0.1582 0.2893
vn 0.2100 0.3035 0.9294
vn 0.2656 0.1169 -0.9570
vn 0.9441 0.1582 -0.2893
vn -0.9440 0.1582 0.2894
vn -0.2656 0.1169 -0.9570
vn -0.2100 0.3035 0.9294
vn -0.0255 0.1183 -0.9926
vn 0.0255 0.1183 0.9926
vn -0.0000 -0.1002 0.9950
vn -0.0000 -0.1030 -0.9947
vn -0.9644 -0.2645 -0.0000
vn 0.9625 -0.2714 -0.0000
vn -0.8548 0.5189 -0.0000
vn -0.0000 -0.1041 -0.9946
vn 0.8671 0.4981 -0.0000
vn -0.0000 -0.1013 0.9949
vn -0.0000 -0.0644 0.9979
vn -0.9058 -0.1272 0.4041
vn -0.0000 -0.0627 -0.9980
vn 0.9056 -0.1296 -0.4040
vn 0.9057 -0.1280 0.4040
vn -0.9053 -0.1313 -0.4039
vn -0.0000 -0.0623 -0.9981
vn -0.0000 -0.0635 0.9980
vn -0.0000 -0.1582 0.9874
vn -0.0000 -0.1582 -0.9874
vn -0.8962 -0.3516 0.2706
vn 0.9136 -0.3222 -0.2480
vn 0.9136 -0.3222 0.2480
vn -0.8962 -0.3516 -0.2706
vn 0.1051 0.9886 0.1082
vn -0.2702 0.9435 -0.1919
vn 1.0000 -0.0000 -0.0000
vn -1.0000 -0.0000 -0.0000
vn -0.5678 -0.3452 0.7472
vn 0.5624 -0.3468 -0.7506
vn 0.5624 -0.3468 0.7506
vn -0.5678 -0.3452 -0.7472
vn -0.0894 0.0078 0.9960
vn -0.8593 -0.3580 -0.3652
vn 0.0894 0.0078 -0.9960
vn 0.8593 -0.3580 0.3652
vn 0.8593 -0.3580 -0.3652
vn -0.8593 -0.3580 0.3652
vn -0.0894 0.0078 -0.9960
vn 0.0894 0.0078 0.9960
vn -0.0460 0.0314 -0.9984
vn -0.6661 0.7123 0.2212
vn -0.3646 0.9181 0.1554
vn -0.3631 0.9144 -0.1787
vn 0.0458 0.0314 -0.9985
vn -0.5792 0.7785 -0.2418
vn -0.5432 -0.6795 0.4931
vn 0.6348 -0.6490 -0.4193
vn 0.6348 -0.6490 0.4193
vn -0.5432 -0.6795 -0.4931
vn 0.0080 0.1183 0.9929
vn -0.0080 0.1183 -0.9929
vn 0.4052 0.5196 -0.7522
vn -0.4287 0.5140 0.7430
vn -0.4287 0.5140 -0.7430
vn 0.0079 0.1183 -0.9929
vn 0.4052 0.5196 0.7522
vn -0.0079 0.1183 0.9929
vn -0.9136 0.3805 -0.1433
vn 0.9136 0.3805 0.1433
vn 0.9136 0.3805 -0.1433
vn -0.9136 0.3805 0.1433
vn -0.7301 -0.2043 -0.6521
vn 0.7156 -0.1987 0.6697
vn 0.7100 -0.1972 -0.6761
vn -0.7327 -0.2050 0.6489
vt 0.750550 0.074004
vt 0.740724 0.056289
vt 0.750550 0.049820
vt 0.538027 0.209616
vt 0.523357 0.190291
vt 0.538027 0.181835
vt 0.018418 0.304848
vt 0.031297 0.296523
vt 0.044610 0.306922
vt 0.045912 0.279413
vt 0.031340 0.262214
vt 0.044679 0.251874
vt 0.049908 0.076927
vt 0.083987 0.102740
vt 0.053159 0.111569
vt 0.013566 0.266331
vt 0.027364 0.279349
vt 0.008543 0.279315
vt 0.013534 0.292375
vt 0.021238 0.108740
vt 0.018534 0.079926
vt 0.518698 0.224282
vt 0.530551 0.236373
vt 0.015830 0.051113
vt 0.788409 0.112753
vt 0.802250 0.126792
vt 0.788409 0.129970
vt 0.383155 0.684864
vt 0.380128 0.670509
vt 0.396634 0.673820
vt 0.078579 0.045114
vt 0.046657 0.042284
vt 0.750601 0.015049
vt 0.740724 0.032734
vt 0.740724 0.008543
vt 0.018481 0.253932
vt 0.428034 0.279320
vt 0.421900 0.246629
vt 0.427810 0.246629
vt 0.444436 0.121064
vt 0.450318 0.153754
vt 0.444524 0.153754
vt 0.470042 0.197088
vt 0.473864 0.163852
vt 0.497723 0.161439
vt 0.101575 0.555206
vt 0.105618 0.521894
vt 0.125459 0.519765
vt 0.452752 0.418581
vt 0.437207 0.458568
vt 0.428926 0.454269
vt 0.444496 0.186445
vt 0.452955 0.334297
vt 0.428973 0.372185
vt 0.421900 0.366990
vt 0.427973 0.213939
vt 0.440837 0.246629
vt 0.448991 0.213209
vt 0.448862 0.246629
vt 0.233418 0.609888
vt 0.227685 0.643787
vt 0.223280 0.610592
vt 0.431373 0.153754
vt 0.423083 0.187175
vt 0.423244 0.153754
vt 0.171366 0.279410
vt 0.176311 0.246008
vt 0.180481 0.279424
vt 0.176353 0.312849
vt 0.223280 0.577091
vt 0.423028 0.120334
vt 0.449101 0.280050
vt 0.522171 0.394086
vt 0.533417 0.422794
vt 0.524114 0.424552
vt 0.522443 0.315829
vt 0.533440 0.344608
vt 0.524125 0.346327
vt 0.311895 0.008604
vt 0.310561 0.046510
vt 0.302750 0.016209
vt 0.201768 0.357987
vt 0.199651 0.395916
vt 0.193424 0.365805
vt 0.203395 0.433753
vt 0.194725 0.426381
vt 0.533440 0.375417
vt 0.311895 0.084392
vt 0.302750 0.076802
vt 0.533417 0.453627
vt 0.433719 0.246629
vt 0.436103 0.208735
vt 0.436103 0.246629
vt 0.171953 0.827639
vt 0.171953 0.787884
vt 0.174119 0.788571
vt 0.438731 0.153754
vt 0.436109 0.191648
vt 0.436109 0.153754
vt 0.415535 0.787884
vt 0.417396 0.827273
vt 0.415535 0.827861
vt 0.201624 0.559619
vt 0.205401 0.521906
vt 0.222331 0.523823
vt 0.008543 0.560005
vt 0.008882 0.522108
vt 0.031737 0.521760
vt 0.438731 0.115860
vt 0.436109 0.115860
vt 0.433861 0.284523
vt 0.436103 0.284523
vt 0.018222 0.646503
vt 0.008543 0.614986
vt 0.018222 0.614986
vt 0.035309 0.583468
vt 0.044879 0.614986
vt 0.035309 0.614986
vt 0.008543 0.042159
vt 0.392024 0.433771
vt 0.400265 0.395927
vt 0.403410 0.427386
vt 0.392024 0.357987
vt 0.403410 0.364354
vt 0.035309 0.646503
vt 0.083987 0.034946
vt 0.018222 0.583468
vt 0.526882 0.455235
vt 0.519462 0.425430
vt 0.471346 0.522110
vt 0.474859 0.552407
vt 0.468839 0.552775
vt 0.526889 0.376999
vt 0.519467 0.347187
vt 0.187738 0.396225
vt 0.189055 0.426833
vt 0.187738 0.365522
vt 0.474859 0.491814
vt 0.468839 0.491446
vt 0.515759 0.316689
vt 0.515500 0.394972
vt 0.146328 0.241576
vt 0.180949 0.241533
vt 0.218259 0.172402
vt 0.249279 0.176841
vt 0.214658 0.176884
vt 0.214658 0.101096
vt 0.214105 0.138987
vt 0.184591 0.139009
vt 0.204543 0.279383
vt 0.180949 0.317321
vt 0.146328 0.317364
vt 0.249279 0.101053
vt 0.218151 0.105561
vt 0.440837 0.284523
vt 0.431373 0.115860
vt 0.241307 0.730798
vt 0.241307 0.768705
vt 0.237204 0.730904
vt 0.631152 0.173369
vt 0.631152 0.211974
vt 0.627100 0.174116
vt 0.618741 0.267601
vt 0.618741 0.229060
vt 0.622785 0.229855
vt 0.431373 0.191648
vt 0.261526 0.730798
vt 0.262497 0.768692
vt 0.258393 0.768692
vt 0.440837 0.208735
vt 0.023397 0.241533
vt 0.058017 0.241533
vt 0.629140 0.609702
vt 0.618741 0.638687
vt 0.618741 0.604067
vt 0.618741 0.090798
vt 0.631917 0.063532
vt 0.631917 0.101433
vt 0.069083 0.279390
vt 0.057923 0.317321
vt 0.023302 0.317321
vt 0.618741 0.008543
vt 0.631917 0.035811
vt 0.618741 0.046446
vt 0.660025 0.043164
vt 0.649684 0.014153
vt 0.660025 0.008543
vt 0.161308 0.365207
vt 0.136031 0.358030
vt 0.170651 0.357987
vt 0.297119 0.674385
vt 0.289869 0.705130
vt 0.289869 0.670509
vt 0.459393 0.522110
vt 0.459393 0.484216
vt 0.161308 0.426536
vt 0.170651 0.395881
vt 0.170651 0.433774
vt 0.136031 0.433818
vt 0.459393 0.560004
vt 0.342257 0.705130
vt 0.335048 0.674367
vt 0.342257 0.670509
vt 0.433719 0.208735
vt 0.657352 0.146644
vt 0.649684 0.113868
vt 0.657352 0.108748
vt 0.438869 0.191648
vt 0.201624 0.488556
vt 0.209364 0.484216
vt 0.656837 0.223814
vt 0.649684 0.256604
vt 0.649684 0.218709
vt 0.618741 0.476748
vt 0.628269 0.444485
vt 0.626205 0.482323
vt 0.871696 0.273687
vt 0.860061 0.273687
vt 0.865078 0.256533
vt 0.514810 0.206434
vt 0.618741 0.572460
vt 0.630110 0.569086
vt 0.630110 0.586980
vt 0.081283 0.073927
vt 0.396634 0.690655
vt 0.798822 0.199670
vt 0.802591 0.216433
vt 0.788409 0.216433
vt 0.620348 0.554089
vt 0.421900 0.284523
vt 0.450318 0.115860
vt 0.649684 0.278908
vt 0.656801 0.273691
vt 0.656801 0.311584
vt 0.657247 0.196402
vt 0.649684 0.201623
vt 0.649684 0.163731
vt 0.101575 0.484216
vt 0.450318 0.191648
vt 0.470042 0.126151
vt 0.421900 0.208735
vt 0.649685 0.367010
vt 0.649685 0.328671
vt 0.656319 0.334180
vt 0.631054 0.235986
vt 0.618741 0.180258
vt 0.649684 0.389636
vt 0.656207 0.384097
vt 0.656207 0.422416
vt 0.037521 0.700483
vt 0.029900 0.705304
vt 0.029900 0.670509
vt 0.277100 0.084331
vt 0.334637 0.046484
vt 0.221788 0.395362
vt 0.062181 0.670509
vt 0.062181 0.705304
vt 0.054608 0.700510
vt 0.277100 0.008543
vt 0.008543 0.484216
vt 0.638940 0.787948
vt 0.641340 0.787884
vt 0.641340 0.825789
vt 0.628269 0.482425
vt 0.008543 0.652880
vt 0.044879 0.577092
vt 0.043422 0.008543
vt 0.374281 0.396104
vt 0.044879 0.652880
vt 0.008543 0.577092
vt 0.297904 0.046523
vt 0.450306 0.246629
vt 0.421900 0.153754
vt 0.342220 0.432280
vt 0.326371 0.390401
vt 0.357194 0.396635
vt 0.285254 0.484216
vt 0.297913 0.523647
vt 0.277534 0.521490
vt 0.277534 0.559609
vt 0.357194 0.357987
vt 0.431467 0.577092
vt 0.436463 0.604275
vt 0.424876 0.605331
vt 0.402720 0.577092
vt 0.407790 0.604264
vt 0.395981 0.605357
vt 0.404985 0.523785
vt 0.383395 0.506496
vt 0.404985 0.484216
vt 0.407790 0.631906
vt 0.365474 0.485456
vt 0.436463 0.631913
vt 0.514810 0.426309
vt 0.514810 0.348047
vt 0.157961 0.395872
vt 0.424217 0.334333
vt 0.421900 0.422078
vt 0.421900 0.389271
vt 0.421900 0.301610
s 0
usemtl 画像マテ茶
f 2646/1855/688 2200/1856/688 2612/1857/688
s 1
f 2637/1858/689 2217/1859/689 2619/1860/689
s 0
f 2639/1861/690 2207/1862/690 2622/1863/690
f 2628/1864/691 2189/1865/691 2603/1866/691
f 2260/1867/692 2202/1868/692 2229/1869/692
s 1
f 2244/1870/693 2239/1871/693 2258/1872/693
s 0
f 2250/1873/694 2235/1871/694 2206/1862/694
f 2260/1867/692 2186/1874/692 2240/1875/692
f 2209/1862/695 2631/1864/695 2625/1863/695
f 2197/1876/696 2634/1858/696 2609/1877/696
f 2194/1878/692 2260/1867/692 2240/1875/692
f 2224/1879/697 2251/1880/697 2214/1881/697
s 1
f 2228/1882/698 2245/1883/698 2259/1884/698
s 0
f 2210/1885/692 2260/1867/692 2218/1886/692
f 2215/1887/699 2640/1888/699 2616/1889/699
f 2192/1865/700 2645/1890/700 2606/1866/700
f 2696/1891/701 2305/1892/701 2729/1893/701
f 2708/1894/702 2298/1895/702 2728/1896/702
f 2699/1897/703 2290/1898/703 2725/1899/703
s 1
f 2711/1900/704 2283/1901/704 2718/1902/704
s 0
f 2720/1903/705 2263/1904/705 2692/1905/705
f 2297/1895/706 2715/1906/706 2727/1896/706
f 2723/1907/707 2272/1908/707 2704/1909/707
f 2306/1892/708 2703/1910/708 2730/1893/708
f 2343/1911/709 2541/1912/709 2572/1913/709
f 2328/1914/710 2543/1915/710 2563/1916/710
f 2337/1917/711 2554/1918/711 2569/1919/711
f 2324/1920/712 2531/1921/712 2560/1922/712
f 2549/1923/713 2320/1920/713 2558/1922/713
f 2538/1924/714 2332/1914/714 2566/1916/714
f 2547/1925/715 2338/1917/715 2570/1919/715
f 2535/1926/716 2342/1911/716 2571/1913/716
f 2528/1927/717 2395/1928/717 2519/1929/717
f 2491/1930/718 2388/1931/718 2514/1932/718
s 1
f 2355/1933/719 2509/1934/719 2482/1935/719
f 2365/1936/720 2500/1937/720 2493/1938/720
s 0
f 2503/1937/721 2350/1939/721 2524/1940/721
f 2387/1931/722 2497/1941/722 2513/1932/722
f 2506/1934/723 2360/1942/723 2487/1943/723
f 2396/1928/724 2486/1944/724 2520/1929/724
f 2438/1945/725 2577/1946/725 2598/1947/725
f 2593/1948/726 2406/1949/726 2579/1950/726
f 2433/1951/727 2585/1952/727 2597/1953/727
f 2591/1954/728 2399/1955/728 2601/1956/728
f 2583/1957/729 2418/1958/729 2588/1959/729
f 2575/1960/730 2427/1961/730 2595/1962/730
f 2408/1963/727 2597/1953/727 2580/1964/727
f 2401/1965/725 2598/1947/725 2602/1966/725
f 2188/1967/731 2473/1968/731 2241/1969/731
f 2212/1970/732 2468/1971/732 2249/1972/732
s 1
f 2441/1973/733 2221/1886/733 2195/1878/733
f 2451/1974/734 2230/1975/734 2203/1976/734
f 2232/1975/735 2476/1977/735 2187/1978/735
s 0
f 2468/1971/732 2204/1979/732 2249/1972/732
s 1
f 2219/1886/736 2447/1980/736 2211/1885/736
s 0
f 2473/1968/731 2196/1981/731 2241/1969/731
f 2522/1929/737 2656/1982/737 2684/1983/737
f 2680/1984/738 2492/1985/738 2662/1986/738
f 2515/1932/739 2666/1987/739 2681/1988/739
f 2671/1989/740 2523/1940/740 2687/1990/740
f 2498/1938/741 2674/1989/741 2668/1991/741
f 2481/1992/742 2677/1984/742 2653/1993/742
f 2660/1994/743 2516/1932/743 2682/1988/743
f 2690/1995/744 2521/1929/744 2683/1983/744
f 2533/1921/745 2471/1996/745 2479/1997/745
f 2544/1998/746 2466/1999/746 2449/2000/746
f 2440/2001/747 2565/2002/747 2464/2003/747
f 2550/1923/748 2457/2004/748 2452/2005/748
f 2460/2004/749 2532/1921/749 2477/1997/749
f 2467/2006/750 2551/1923/750 2454/2005/750
f 2562/2002/751 2446/2000/751 2462/2003/751
f 2472/2007/752 2539/2008/752 2443/2001/752
f 2602/1966/725 2344/1911/725 2348/2009/725
f 2580/1964/727 2339/1917/727 2312/2010/727
f 2574/2011/753 2330/2012/753 2308/2013/753
f 2586/2014/754 2326/2015/754 2318/2016/754
f 2322/2017/755 2599/2018/755 2346/2019/755
f 2597/1953/727 2316/2020/727 2339/1917/727
f 2334/2021/756 2581/2022/756 2314/2023/756
f 2598/1947/725 2310/2024/725 2344/1911/725
f 2607/1866/757 2391/2025/757 2353/2026/757
f 2617/2027/758 2384/2028/758 2363/2029/758
f 2611/2030/759 2380/2031/759 2356/2032/759
f 2621/1863/760 2371/2033/760 2366/2034/760
f 2374/2033/761 2605/1866/761 2351/2026/761
f 2383/2035/758 2623/1863/758 2368/2034/758
f 2377/2036/762 2615/2037/762 2361/2038/762
f 2392/2039/757 2613/2040/757 2358/2041/757
f 2688/2042/763 2299/2043/763 2264/2044/763
f 2658/2045/764 2292/2046/764 2273/2047/764
f 2651/1993/765 2285/2048/765 2266/2049/765
f 2663/2050/766 2279/2051/766 2275/2052/766
f 2279/2051/766 2685/2042/766 2261/2044/766
f 2291/2053/764 2664/2050/764 2277/2052/764
f 2285/2048/765 2657/1986/765 2270/2054/765
f 2300/2055/763 2654/2056/763 2268/2057/763
s 1
f 2434/1945/767 2702/1910/767 2404/2058/767
s 0
f 2425/2059/768 2709/2060/768 2409/2061/768
s 1
f 2429/1951/769 2713/1906/769 2412/2062/769
s 0
f 2416/1958/770 2691/2063/770 2397/2064/770
s 1
f 2716/2065/771 2420/2066/771 2414/2067/771
s 0
f 2698/2068/772 2423/2069/772 2403/2070/772
f 2706/1894/773 2430/1951/773 2407/1963/773
f 2695/1891/774 2435/1945/774 2400/1965/774
f 2648/2071/775 2247/2072/775 2201/2073/775
s 1
f 2633/1858/776 2223/2074/776 2213/1859/776
s 0
f 2641/2075/777 2254/2076/777 2208/2077/777
f 2630/1864/778 2237/1871/778 2190/1865/778
f 2260/1867/692 2248/2078/692 2202/1868/692
f 2242/1870/779 2191/1865/779 2238/1871/779
s 1
f 2252/1873/780 2256/1872/780 2236/1871/780
s 0
f 2260/1867/692 2229/1869/692 2186/1874/692
f 2205/1862/781 2234/1871/781 2627/1864/781
s 1
f 2198/1876/782 2226/2074/782 2636/1858/782
s 0
f 2194/1878/692 2218/1886/692 2260/1867/692
s 1
f 2225/1882/783 2257/1884/783 2253/2079/783
s 0
f 2227/2080/784 2199/2081/784 2243/2082/784
f 2210/1885/692 2248/2078/692 2260/1867/692
f 2216/2083/785 2255/2076/785 2642/2075/785
f 2193/1865/786 2246/1870/786 2647/1890/786
f 2694/1891/787 2265/2084/787 2302/1892/787
f 2707/1894/788 2274/2085/788 2294/1895/788
f 2697/2086/789 2267/2087/789 2287/2088/789
f 2710/2089/790 2276/2090/790 2281/2091/790
f 2717/1902/791 2280/1901/791 2262/2092/791
f 2293/1895/792 2278/2093/792 2714/1906/792
f 2722/1899/793 2286/1898/793 2271/2094/793
f 2301/1892/794 2269/2095/794 2701/1910/794
f 2340/1911/795 2309/2024/795 2540/1912/795
f 2333/2096/796 2313/2097/796 2548/2098/796
f 2335/1917/797 2315/2020/797 2552/1918/797
f 2321/2017/798 2345/2019/798 2530/2099/798
s 1
f 2556/2100/799 2317/2016/799 2325/2015/799
s 0
f 2536/2101/800 2307/2102/800 2329/2103/800
f 2545/1925/801 2311/2010/801 2336/1917/801
f 2534/1926/802 2347/2009/802 2341/1911/802
f 2526/2104/803 2352/2105/803 2389/2106/803
f 2489/1943/804 2362/1942/804 2382/2107/804
f 2354/1933/805 2378/2108/805 2508/1934/805
f 2364/1936/806 2369/2109/806 2499/1937/806
f 2502/1937/807 2372/2109/807 2349/1939/807
f 2381/2110/804 2367/2111/804 2495/2112/804
f 2505/1934/808 2375/2108/808 2359/1942/808
f 2390/2113/803 2357/1933/803 2484/1935/803
f 2438/1945/725 2405/2058/725 2577/1946/725
f 2594/1962/809 2426/1961/809 2410/2114/809
f 2433/1951/727 2413/2062/727 2585/1952/727
f 2587/1959/810 2417/1958/810 2398/2064/810
f 2582/2115/811 2411/2116/811 2415/2117/811
f 2573/2118/812 2402/2070/812 2422/2069/812
f 2408/1963/727 2433/1951/727 2597/1953/727
f 2401/1965/725 2438/1945/725 2598/1947/725
f 2188/1967/731 2480/2119/731 2473/1968/731
f 2212/1970/732 2450/2120/732 2468/1971/732
f 2442/1973/813 2465/2121/813 2222/1886/813
f 2453/1974/814 2458/2122/814 2231/1975/814
f 2233/1975/815 2461/2122/815 2478/1977/815
f 2468/1971/732 2455/2123/732 2204/1979/732
f 2220/1886/816 2463/2121/816 2448/1980/816
f 2473/1968/731 2444/2124/731 2196/1981/731
f 2518/1929/817 2485/1944/817 2655/1982/817
f 2676/2125/818 2507/1934/818 2488/1943/818
f 2511/1932/819 2496/1941/819 2665/1987/819
f 2673/1989/820 2504/1937/820 2525/1940/820
f 2494/1938/821 2501/1937/821 2670/1989/821
f 2483/1935/822 2510/1934/822 2679/2125/822
f 2659/1994/823 2490/1930/823 2512/1932/823
f 2689/1995/824 2527/1927/824 2517/1929/824
f 2535/1926/716 2571/1913/716 2474/2126/716
f 2546/1925/825 2567/1919/825 2469/2127/825
f 2439/2001/826 2537/2008/826 2564/2002/826
f 2555/1923/827 2559/1922/827 2459/2004/827
f 2456/2004/828 2557/1922/828 2529/1921/828
f 2470/2127/829 2568/1919/829 2553/1918/829
s 1
f 2561/2002/830 2542/1998/830 2445/2000/830
s 0
f 2475/2126/709 2572/1913/709 2541/1912/709
f 2602/1966/725 2598/1947/725 2344/1911/725
f 2580/1964/727 2597/1953/727 2339/1917/727
f 2576/2128/831 2596/2129/831 2331/2130/831
f 2584/2131/832 2589/2132/832 2319/2133/832
f 2323/2133/833 2590/2132/833 2600/2134/833
f 2597/1953/727 2585/1952/727 2316/2020/727
f 2327/2130/834 2592/2129/834 2578/2135/834
f 2598/1947/725 2577/1946/725 2310/2024/725
f 2608/2136/835 2649/2137/835 2393/2138/835
f 2618/2139/836 2644/2140/836 2386/2141/836
f 2610/2142/837 2635/2143/837 2376/2144/837
f 2626/1863/838 2632/1864/838 2373/2033/838
f 2370/2033/839 2629/1864/839 2604/1866/839
f 2385/2141/840 2643/2140/840 2624/2145/840
f 2379/2144/841 2638/2143/841 2620/2146/841
f 2394/2138/842 2650/2137/842 2614/2147/842
f 2690/1995/744 2683/1983/744 2303/2148/744
f 2660/1994/743 2682/1988/743 2296/2149/743
f 2652/1993/843 2675/1984/843 2288/2048/843
f 2667/2050/844 2672/2150/844 2284/2051/844
f 2282/2051/845 2669/2150/845 2686/2042/845
f 2295/2149/739 2681/1988/739 2666/1987/739
f 2289/2048/846 2678/1984/846 2661/1986/846
f 2304/2148/737 2684/1983/737 2656/1982/737
f 2437/1945/708 2730/1893/708 2703/1910/708
f 2424/2151/847 2724/1907/847 2705/1909/847
f 2431/1951/706 2727/1896/706 2715/1906/706
f 2421/2152/848 2721/1903/848 2693/1905/848
f 2712/2153/849 2719/1903/849 2419/2152/849
f 2700/2154/850 2726/1907/850 2428/2151/850
f 2708/1894/702 2728/1896/702 2432/1951/702
f 2696/1891/701 2729/1893/701 2436/1945/701
