# Blender 5.1.1
# www.blender.org
mtllib KingSlime.mtl
o 円柱
v 0.000000 1.097252 -0.932587
v 0.000000 1.957284 -0.932587
v 0.244139 1.097252 -0.893919
v 0.244139 2.497252 -0.893919
v 0.464379 1.097252 -0.781701
v 0.464379 1.957284 -0.781701
v 0.639164 1.097252 -0.606917
v 0.639164 2.497252 -0.606917
v 0.751382 1.097252 -0.386676
v 0.751382 1.957284 -0.386676
v 0.790050 1.097252 -0.142537
v 0.790050 2.497252 -0.142537
v 0.751382 1.097252 0.101601
v 0.751382 1.957284 0.101601
v 0.639164 1.097252 0.321842
v 0.639164 2.497252 0.321842
v 0.464380 1.097252 0.496626
v 0.464380 1.957284 0.496626
v 0.244139 1.097252 0.608845
v 0.244139 2.497252 0.608845
v 0.000000 1.097252 0.647512
v 0.000000 1.957284 0.647512
v -0.244139 1.097252 0.608845
v -0.244139 2.497252 0.608845
v -0.464379 1.097252 0.496626
v -0.464379 1.957284 0.496626
v -0.639164 1.097252 0.321842
v -0.639164 2.497252 0.321842
v -0.751382 1.097252 0.101601
v -0.751382 1.957284 0.101601
v -0.790050 1.097252 -0.142537
v -0.790050 2.497252 -0.142537
v -0.751382 1.097252 -0.386676
v -0.751382 1.957284 -0.386676
v -0.639164 1.097252 -0.606917
v -0.639164 2.497252 -0.606917
v -0.464380 1.097252 -0.781701
v -0.464380 1.957284 -0.781701
v -0.244139 1.097252 -0.893919
v -0.244139 2.497252 -0.893919
v 0.000000 1.097252 -1.092537
v 0.293566 1.097252 -1.046041
v 0.293566 2.497252 -1.046041
v 0.000000 1.957284 -1.092537
v 0.558396 1.097252 -0.911103
v 0.558396 1.957284 -0.911103
v 0.768566 1.097252 -0.700933
v 0.768566 2.497252 -0.700933
v 0.903504 1.097252 -0.436103
v 0.903504 1.957284 -0.436103
v 0.950000 1.097252 -0.142537
v 0.950000 2.497252 -0.142537
v 0.903504 1.097252 0.151029
v 0.903504 1.957284 0.151029
v 0.768566 1.097252 0.415859
v 0.768566 2.497252 0.415859
v 0.558396 1.097252 0.626029
v 0.558396 1.957284 0.626029
v 0.293566 1.097252 0.760966
v 0.293566 2.497252 0.760966
v 0.000000 1.097252 0.807463
v 0.000000 1.957284 0.807463
v -0.293566 1.097252 0.760966
v -0.293566 2.497252 0.760966
v -0.558396 1.097252 0.626029
v -0.558396 1.957284 0.626029
v -0.768566 1.097252 0.415859
v -0.768566 2.497252 0.415859
v -0.903504 1.097252 0.151029
v -0.903504 1.957284 0.151029
v -0.950000 1.097252 -0.142537
v -0.950000 2.497252 -0.142537
v -0.903504 1.097252 -0.436103
v -0.903504 1.957284 -0.436103
v -0.768566 1.097252 -0.700933
v -0.768566 2.497252 -0.700933
v -0.558396 1.097252 -0.911103
v -0.558396 1.957284 -0.911103
v -0.293566 1.097252 -1.046041
v -0.293566 2.497252 -1.046041
v 0.000000 1.556363 -1.092537
v 0.293566 1.556363 -1.046041
v 0.558396 1.556363 -0.911103
v 0.768566 1.556363 -0.700933
v 0.903504 1.556363 -0.436103
v 0.950000 1.556363 -0.142537
v 0.903504 1.556363 0.151029
v 0.768566 1.556363 0.415859
v 0.558396 1.556363 0.626029
v 0.293566 1.556363 0.760966
v 0.000000 1.556363 0.807463
v -0.293566 1.556363 0.760966
v -0.558396 1.556363 0.626029
v -0.768566 1.556363 0.415859
v -0.903504 1.556363 0.151029
v -0.950000 1.556363 -0.142537
v -0.903504 1.556363 -0.436103
v -0.768566 1.556363 -0.700933
v -0.558396 1.556363 -0.911103
v -0.293566 1.556363 -1.046041
vn 0.1564 -0.0000 -0.9877
vn 0.4540 -0.0000 -0.8910
vn 0.7071 -0.0000 -0.7071
vn 0.8910 -0.0000 -0.4540
vn 0.9877 -0.0000 -0.1564
vn 0.9877 -0.0000 0.1564
vn 0.8910 -0.0000 0.4540
vn 0.7071 -0.0000 0.7071
vn 0.4540 -0.0000 0.8910
vn 0.1564 -0.0000 0.9877
vn -0.1564 -0.0000 0.9877
vn -0.4540 -0.0000 0.8910
vn -0.7071 -0.0000 0.7071
vn -0.8910 -0.0000 0.4540
vn -0.9877 -0.0000 0.1564
vn -0.9877 -0.0000 -0.1564
vn -0.8910 -0.0000 -0.4540
vn -0.7071 -0.0000 -0.7071
vn -0.4540 -0.0000 -0.8910
vn -0.1564 -0.0000 -0.9877
vn -0.0000 -1.0000 -0.0000
vn -0.9112 0.4120 -0.0000
vn 0.8666 0.4120 0.2816
vn -0.7372 0.4120 -0.5356
vn 0.5356 0.4120 0.7372
vn -0.2715 0.4776 -0.8356
vn -0.0000 0.4120 0.9112
vn 0.2816 0.4120 -0.8666
vn -0.5356 0.4120 0.7372
vn 0.7372 0.4120 -0.5356
vn -0.8666 0.4120 0.2816
vn 0.9112 0.4120 -0.0000
vn -0.8666 0.4120 -0.2816
vn 0.7372 0.4120 0.5356
vn -0.5356 0.4120 -0.7372
vn 0.2715 0.4776 0.8356
vn -0.0000 0.4120 -0.9112
vn -0.2816 0.4120 0.8666
vn 0.5356 0.4120 -0.7372
vn -0.7372 0.4120 0.5356
vn 0.8666 0.4120 -0.2816
vn -0.8356 0.4776 -0.2715
vn 0.7108 0.4776 0.5164
vn -0.5164 0.4776 -0.7108
vn -0.2715 0.4776 0.8356
vn 0.5164 0.4776 -0.7108
vn -0.7108 0.4776 0.5164
vn 0.8356 0.4776 -0.2715
vn -0.8786 0.4776 -0.0000
vn 0.8356 0.4776 0.2715
vn -0.7108 0.4776 -0.5164
vn 0.5164 0.4776 0.7108
vn 0.2715 0.4776 -0.8356
vn -0.5164 0.4776 0.7108
vn 0.7108 0.4776 -0.5164
vn -0.8356 0.4776 0.2715
vn 0.8786 0.4776 -0.0000
vt 1.000000 1.000000
vt 0.950000 0.750000
vt 1.000000 0.750000
vt 0.900000 1.000000
vt 0.900000 0.750000
vt 0.850000 0.750000
vt 0.800000 1.000000
vt 0.800000 0.750000
vt 0.750000 0.750000
vt 0.700000 1.000000
vt 0.700000 0.750000
vt 0.650000 0.750000
vt 0.600000 1.000000
vt 0.600000 0.750000
vt 0.550000 0.750000
vt 0.500000 1.000000
vt 0.500000 0.750000
vt 0.450000 0.750000
vt 0.400000 1.000000
vt 0.400000 0.750000
vt 0.350000 0.750000
vt 0.300000 1.000000
vt 0.300000 0.750000
vt 0.250000 0.750000
vt 0.200000 1.000000
vt 0.200000 0.750000
vt 0.150000 0.750000
vt 0.100000 1.000000
vt 0.100000 0.750000
vt 0.132683 0.411473
vt 0.688323 0.439823
vt 0.188323 0.439823
vt 0.050000 0.750000
vt -0.000000 1.000000
vt -0.000000 0.750000
vt 0.250000 0.449591
vt 0.750000 0.449591
vt 0.824164 0.478254
vt 0.811677 0.439823
vt 0.311677 0.439823
vt 0.250000 0.490000
vt 0.891068 0.444164
vt 0.867317 0.411473
vt 0.367317 0.411473
vt 0.324164 0.478254
vt 0.944164 0.391068
vt 0.911473 0.367317
vt 0.411473 0.367317
vt 0.391068 0.444164
vt 0.978254 0.324164
vt 0.939823 0.311677
vt 0.439823 0.311677
vt 0.444164 0.391068
vt 0.990000 0.250000
vt 0.949592 0.250000
vt 0.490000 0.250000
vt 0.478254 0.324164
vt 0.978254 0.175836
vt 0.939823 0.188323
vt 0.439823 0.188323
vt 0.449591 0.250000
vt 0.944164 0.108932
vt 0.911473 0.132683
vt 0.411473 0.132683
vt 0.478254 0.175836
vt 0.891068 0.055836
vt 0.867317 0.088527
vt 0.367317 0.088527
vt 0.444164 0.108932
vt 0.824164 0.021746
vt 0.811677 0.060177
vt 0.311677 0.060177
vt 0.391068 0.055836
vt 0.750000 0.010000
vt 0.750000 0.050409
vt 0.250000 0.050409
vt 0.324164 0.021746
vt 0.675836 0.021746
vt 0.688323 0.060177
vt 0.188323 0.060177
vt 0.250000 0.010000
vt 0.608932 0.055836
vt 0.632683 0.088527
vt 0.132683 0.088527
vt 0.175836 0.021746
vt 0.555836 0.108932
vt 0.588527 0.132683
vt 0.088527 0.132683
vt 0.108932 0.055836
vt 0.521746 0.175836
vt 0.560177 0.188323
vt 0.060177 0.188323
vt 0.055836 0.108932
vt 0.510000 0.250000
vt 0.550408 0.250000
vt 0.010000 0.250000
vt 0.021746 0.175836
vt 0.521746 0.324164
vt 0.560177 0.311677
vt 0.060177 0.311677
vt 0.050409 0.250000
vt 0.555836 0.391068
vt 0.588527 0.367317
vt 0.088527 0.367317
vt 0.021746 0.324164
vt 0.608932 0.444164
vt 0.632683 0.411473
vt 0.055836 0.391068
vt 0.675836 0.478254
vt 0.108932 0.444164
vt 0.750000 0.490000
vt 0.175836 0.478254
vt -0.000000 0.500000
vt 0.050000 0.500000
vt 0.100000 0.500000
vt 0.150000 0.500000
vt 0.200000 0.500000
vt 0.250000 0.500000
vt 0.300000 0.500000
vt 0.350000 0.500000
vt 0.400000 0.500000
vt 0.450000 0.500000
vt 0.500000 0.500000
vt 0.550000 0.500000
vt 0.600000 0.500000
vt 0.650000 0.500000
vt 0.700000 0.500000
vt 0.750000 0.500000
vt 0.800000 0.500000
vt 0.850000 0.500000
vt 0.900000 0.500000
vt 0.950000 0.500000
vt 1.000000 0.500000
vt 0.950000 1.000000
vt 0.850000 1.000000
vt 0.750000 1.000000
vt 0.650000 1.000000
vt 0.550000 1.000000
vt 0.450000 1.000000
vt 0.350000 1.000000
vt 0.250000 1.000000
vt 0.150000 1.000000
vt 0.050000 1.000000
s 1
usemtl マテリアル.001
f 44/1/1 82/2/1 81/3/1
f 82/2/2 46/4/2 83/5/2
f 46/4/3 84/6/3 83/5/3
f 84/6/4 50/7/4 85/8/4
f 50/7/5 86/9/5 85/8/5
f 86/9/6 54/10/6 87/11/6
f 54/10/7 88/12/7 87/11/7
f 88/12/8 58/13/8 89/14/8
f 58/13/9 90/15/9 89/14/9
f 90/15/10 62/16/10 91/17/10
f 62/16/11 92/18/11 91/17/11
f 92/18/12 66/19/12 93/20/12
f 66/19/13 94/21/13 93/20/13
f 94/21/14 70/22/14 95/23/14
f 70/22/15 96/24/15 95/23/15
f 96/24/16 74/25/16 97/26/16
f 74/25/17 98/27/17 97/26/17
f 98/27/18 78/28/18 99/29/18
f 38/30/9 39/31/9 40/32/9
f 78/28/19 100/33/19 99/29/19
f 100/33/20 44/34/20 81/35/20
f 2/36/10 39/31/10 1/37/10
f 1/37/21 42/38/21 3/39/21
f 4/40/22 44/41/22 2/36/22
f 3/39/21 45/42/21 5/43/21
f 6/44/23 43/45/23 4/40/23
f 5/43/21 47/46/21 7/47/21
f 8/48/24 46/49/24 6/44/24
f 7/47/21 49/50/21 9/51/21
f 10/52/25 48/53/25 8/48/25
f 9/51/21 51/54/21 11/55/21
f 10/52/26 52/56/26 50/57/26
f 11/55/21 53/58/21 13/59/21
f 14/60/27 52/56/27 12/61/27
f 13/59/21 55/62/21 15/63/21
f 16/64/28 54/65/28 14/60/28
f 15/63/21 57/66/21 17/67/21
f 18/68/29 56/69/29 16/64/29
f 17/67/21 59/70/21 19/71/21
f 20/72/30 58/73/30 18/68/30
f 19/71/21 61/74/21 21/75/21
f 22/76/31 60/77/31 20/72/31
f 21/75/21 63/78/21 23/79/21
f 24/80/32 62/81/32 22/76/32
f 23/79/21 65/82/21 25/83/21
f 26/84/33 64/85/33 24/80/33
f 25/83/21 67/86/21 27/87/21
f 28/88/34 66/89/34 26/84/34
f 27/87/21 69/90/21 29/91/21
f 30/92/35 68/93/35 28/88/35
f 29/91/21 71/94/21 31/95/21
f 30/92/36 72/96/36 70/97/36
f 31/95/21 73/98/21 33/99/21
f 34/100/37 72/96/37 32/101/37
f 33/99/21 75/102/21 35/103/21
f 36/104/38 74/105/38 34/100/38
f 35/103/21 77/106/21 37/107/21
f 38/30/39 76/108/39 36/104/39
f 37/107/21 79/109/21 39/31/21
f 40/32/40 78/110/40 38/30/40
f 39/31/21 41/111/21 1/37/21
f 2/36/41 80/112/41 40/32/41
f 38/30/8 35/103/8 37/107/8
f 34/100/7 35/103/7 36/104/7
f 34/100/6 31/95/6 33/99/6
f 30/92/5 31/95/5 32/101/5
f 30/92/4 27/87/4 29/91/4
f 26/84/3 27/87/3 28/88/3
f 26/84/2 23/79/2 25/83/2
f 22/76/1 23/79/1 24/80/1
f 22/76/20 19/71/20 21/75/20
f 18/68/19 19/71/19 20/72/19
f 18/68/18 15/63/18 17/67/18
f 14/60/17 15/63/17 16/64/17
f 14/60/16 11/55/16 13/59/16
f 10/52/15 11/55/15 12/61/15
f 10/52/14 7/47/14 9/51/14
f 6/44/13 7/47/13 8/48/13
f 6/44/12 3/39/12 5/43/12
f 2/36/11 3/39/11 4/40/11
f 100/33/20 41/113/20 79/114/20
f 99/29/19 79/114/19 77/115/19
f 98/27/18 77/115/18 75/116/18
f 97/26/17 75/116/17 73/117/17
f 96/24/16 73/117/16 71/118/16
f 95/23/15 71/118/15 69/119/15
f 94/21/14 69/119/14 67/120/14
f 93/20/13 67/120/13 65/121/13
f 92/18/12 65/121/12 63/122/12
f 91/17/11 63/122/11 61/123/11
f 90/15/10 61/123/10 59/124/10
f 89/14/9 59/124/9 57/125/9
f 88/12/8 57/125/8 55/126/8
f 87/11/7 55/126/7 53/127/7
f 86/9/6 53/127/6 51/128/6
f 85/8/5 51/128/5 49/129/5
f 84/6/4 49/129/4 47/130/4
f 83/5/3 47/130/3 45/131/3
f 82/2/2 45/131/2 42/132/2
f 81/3/1 42/132/1 41/133/1
f 44/1/1 43/134/1 82/2/1
f 82/2/2 43/134/2 46/4/2
f 46/4/3 48/135/3 84/6/3
f 84/6/4 48/135/4 50/7/4
f 50/7/5 52/136/5 86/9/5
f 86/9/6 52/136/6 54/10/6
f 54/10/7 56/137/7 88/12/7
f 88/12/8 56/137/8 58/13/8
f 58/13/9 60/138/9 90/15/9
f 90/15/10 60/138/10 62/16/10
f 62/16/11 64/139/11 92/18/11
f 92/18/12 64/139/12 66/19/12
f 66/19/13 68/140/13 94/21/13
f 94/21/14 68/140/14 70/22/14
f 70/22/15 72/141/15 96/24/15
f 96/24/16 72/141/16 74/25/16
f 74/25/17 76/142/17 98/27/17
f 98/27/18 76/142/18 78/28/18
f 38/30/9 37/107/9 39/31/9
f 78/28/19 80/143/19 100/33/19
f 100/33/20 80/143/20 44/34/20
f 2/36/10 40/32/10 39/31/10
f 1/37/21 41/111/21 42/38/21
f 4/40/42 43/45/42 44/41/42
f 3/39/21 42/38/21 45/42/21
f 6/44/43 46/49/43 43/45/43
f 5/43/21 45/42/21 47/46/21
f 8/48/44 48/53/44 46/49/44
f 7/47/21 47/46/21 49/50/21
f 10/52/36 50/57/36 48/53/36
f 9/51/21 49/50/21 51/54/21
f 10/52/37 12/61/37 52/56/37
f 11/55/21 51/54/21 53/58/21
f 14/60/45 54/65/45 52/56/45
f 13/59/21 53/58/21 55/62/21
f 16/64/46 56/69/46 54/65/46
f 15/63/21 55/62/21 57/66/21
f 18/68/47 58/73/47 56/69/47
f 17/67/21 57/66/21 59/70/21
f 20/72/48 60/77/48 58/73/48
f 19/71/21 59/70/21 61/74/21
f 22/76/49 62/81/49 60/77/49
f 21/75/21 61/74/21 63/78/21
f 24/80/50 64/85/50 62/81/50
f 23/79/21 63/78/21 65/82/21
f 26/84/51 66/89/51 64/85/51
f 25/83/21 65/82/21 67/86/21
f 28/88/52 68/93/52 66/89/52
f 27/87/21 67/86/21 69/90/21
f 30/92/26 70/97/26 68/93/26
f 29/91/21 69/90/21 71/94/21
f 30/92/27 32/101/27 72/96/27
f 31/95/21 71/94/21 73/98/21
f 34/100/53 74/105/53 72/96/53
f 33/99/21 73/98/21 75/102/21
f 36/104/54 76/108/54 74/105/54
f 35/103/21 75/102/21 77/106/21
f 38/30/55 78/110/55 76/108/55
f 37/107/21 77/106/21 79/109/21
f 40/32/56 80/112/56 78/110/56
f 39/31/21 79/109/21 41/111/21
f 2/36/57 44/41/57 80/112/57
f 38/30/8 36/104/8 35/103/8
f 34/100/7 33/99/7 35/103/7
f 34/100/6 32/101/6 31/95/6
f 30/92/5 29/91/5 31/95/5
f 30/92/4 28/88/4 27/87/4
f 26/84/3 25/83/3 27/87/3
f 26/84/2 24/80/2 23/79/2
f 22/76/1 21/75/1 23/79/1
f 22/76/20 20/72/20 19/71/20
f 18/68/19 17/67/19 19/71/19
f 18/68/18 16/64/18 15/63/18
f 14/60/17 13/59/17 15/63/17
f 14/60/16 12/61/16 11/55/16
f 10/52/15 9/51/15 11/55/15
f 10/52/14 8/48/14 7/47/14
f 6/44/13 5/43/13 7/47/13
f 6/44/12 4/40/12 3/39/12
f 2/36/11 1/37/11 3/39/11
f 100/33/20 81/35/20 41/113/20
f 99/29/19 100/33/19 79/114/19
f 98/27/18 99/29/18 77/115/18
f 97/26/17 98/27/17 75/116/17
f 96/24/16 97/26/16 73/117/16
f 95/23/15 96/24/15 71/118/15
f 94/21/14 95/23/14 69/119/14
f 93/20/13 94/21/13 67/120/13
f 92/18/12 93/20/12 65/121/12
f 91/17/11 92/18/11 63/122/11
f 90/15/10 91/17/10 61/123/10
f 89/14/9 90/15/9 59/124/9
f 88/12/8 89/14/8 57/125/8
f 87/11/7 88/12/7 55/126/7
f 86/9/6 87/11/6 53/127/6
f 85/8/5 86/9/5 51/128/5
f 84/6/4 85/8/4 49/129/4
f 83/5/3 84/6/3 47/130/3
f 82/2/2 83/5/2 45/131/2
f 81/3/1 82/2/1 42/132/1
o 球
v 0.000000 1.703456 -0.342462
v 0.000000 1.674094 -0.437146
v 0.000000 1.626788 -0.528406
v 0.000000 1.484453 -0.697113
v 0.000000 0.798612 -1.048174
v 0.000000 0.664812 -1.082565
v 0.000000 0.529812 -1.123411
v -0.335856 0.975261 -0.957051
v 0.000000 -0.341149 -1.493256
v -0.335856 0.918278 -1.014034
v -0.335856 0.882570 -1.033120
v 0.000000 -0.443175 -1.507855
v 0.000000 -0.956940 -0.836911
v -0.335856 0.843826 -1.044873
v 0.000000 -0.995185 -0.456538
v 0.009607 1.703456 -0.342000
v 0.019122 1.674094 -0.436244
v 0.028453 1.626788 -0.527092
v 0.037510 1.563038 -0.613641
v 0.046205 1.484453 -0.695057
v 0.054455 1.392730 -0.770612
v 0.062181 1.289617 -0.839713
v 0.069309 1.176888 -0.901918
v 0.075768 1.056319 -0.956920
v -0.270139 0.962189 -0.957051
v 0.081498 0.929659 -1.004536
v 0.086443 0.798612 -1.044671
v -0.279968 0.938459 -0.988349
v -0.291945 0.909543 -1.014034
v 0.090726 0.664812 -1.078933
v -0.305610 0.876554 -1.033120
v 0.095559 0.529812 -1.119639
v 0.101092 0.395065 -1.169003
v -0.320437 0.840758 -1.044873
v 0.107093 0.261915 -1.230123
v 0.131675 -0.341149 -1.488484
v 0.132928 -0.443175 -1.503046
v 0.132221 -0.537523 -1.498423
v 0.129320 -0.623766 -1.472627
v 0.124043 -0.701560 -1.424216
v 0.116269 -0.770637 -1.352339
v 0.105949 -0.830794 -1.256760
v 0.093117 -0.881879 -1.137848
v 0.077908 -0.923880 -0.996542
v 0.060569 -0.956940 -0.834297
v 0.041462 -0.980785 -0.653084
v -0.232588 0.906800 -0.988349
v 0.021074 -0.995185 -0.455549
v -0.254719 0.884670 -1.014034
v 0.019122 1.703456 -0.340578
v -0.279968 0.859421 -1.033120
v -0.307365 0.832024 -1.044873
v 0.038060 1.674094 -0.433397
v 0.056632 1.626788 -0.522828
v 0.074658 1.563038 -0.607988
v 0.091965 1.484453 -0.688055
v 0.108386 1.392730 -0.762316
v 0.123764 1.289617 -0.830195
v 0.137950 1.176888 -0.891261
v 0.028533 -0.273728 -1.441747
v 0.150807 1.056319 -0.945222
v 0.162212 0.929659 -0.991905
v 0.172054 0.798612 -1.031227
v 0.180577 0.664812 -1.064779
v 0.190198 0.529812 -1.104678
v 0.201211 0.395065 -1.153109
v -0.229845 0.847443 -1.014034
v -0.262835 0.833779 -1.033120
v 0.213155 0.261915 -1.213226
v -0.298630 0.818952 -1.044873
v 0.262082 -0.341149 -1.467441
v 0.391926 -0.251807 -1.367089
v 0.264576 -0.443175 -1.481795
v 0.317917 -0.273908 -1.367089
v 0.263168 -0.537523 -1.477302
v 0.231692 -0.285484 -1.367089
v 0.136562 -0.286088 -1.367089
v 0.257394 -0.623766 -1.452012
v 0.036184 -0.275698 -1.367089
v 0.246892 -0.701560 -1.404511
v 0.231419 -0.770637 -1.333959
v 0.210878 -0.830794 -1.240117
v 0.242738 0.188426 -1.220642
v 0.185337 -0.881879 -1.123333
v -0.221111 0.803532 -1.014034
v 0.318966 0.143700 -1.154481
v -0.256818 0.803532 -1.033120
v -0.295563 0.803532 -1.044873
v 0.155066 -0.923880 -0.984508
v 0.382937 0.093451 -1.096491
v 0.120554 -0.956940 -0.825037
v 0.432192 0.039612 -1.048899
v 0.082525 -0.980785 -0.646820
v 0.464838 -0.015750 -1.013535
v 0.041944 -0.995185 -0.452407
v 0.479620 -0.070506 -0.991759
v 0.475971 -0.122553 -0.984405
v 0.028453 1.703456 -0.338212
v 0.454030 -0.169891 -0.991759
v 0.056632 1.674094 -0.428632
v 0.414642 -0.210699 -1.013535
v 0.084265 1.626788 -0.515661
v 0.111087 1.563038 -0.598443
v -0.262835 0.773286 -1.033120
v 0.359319 -0.243411 -1.048899
v -0.298630 0.788113 -1.044873
v 0.290187 -0.266768 -1.096491
v 0.136839 1.484453 -0.676186
v 0.209904 -0.279874 -1.154481
v 0.161274 1.392730 -0.748206
v 0.121554 -0.282224 -1.220642
v 0.184155 1.289617 -0.813953
v 0.028533 -0.273728 -1.292431
v 0.205262 1.176888 -0.873023
v 0.224393 1.056319 -0.925148
v 0.135394 0.231520 -1.229139
v 0.200000 0.199430 -1.096491
v -0.279968 0.747644 -1.033120
v 0.256921 0.159675 -0.974241
v -0.307365 0.775041 -1.044873
v 0.303968 0.113784 -0.867089
v 0.268690 0.664812 -1.040341
v 0.339334 0.063521 -0.779151
v 0.283005 0.529812 -1.078792
v 0.299392 0.395065 -1.125547
v 0.361660 0.010816 -0.713807
v 0.370087 -0.042304 -0.673569
v 0.317164 0.261915 -1.183864
v 0.364292 -0.093798 -0.659982
v 0.344498 -0.141688 -0.673569
v 0.311464 -0.184133 -0.713807
v 0.266461 -0.219502 -0.779151
v 0.211219 -0.246435 -0.867089
v -0.291945 0.697521 -1.014034
v 0.389965 -0.341149 -1.430641
v -0.305610 0.730511 -1.033120
v 0.147859 -0.263898 -0.974241
v 0.393676 -0.443175 -1.444624
v -0.320437 0.766306 -1.044873
v 0.078817 -0.271220 -1.096491
v 0.391581 -0.537523 -1.440373
v 0.006746 -0.268119 -1.229139
v 0.382989 -0.623766 -1.416006
v 0.367362 -0.701560 -1.370154
v 0.102787 0.239916 -1.186849
v 0.344340 -0.770637 -1.301995
v 0.136039 0.215899 -1.013536
v 0.164064 0.183584 -0.853809
v 0.313775 -0.830794 -1.211272
v 0.185783 0.144215 -0.713808
v 0.275772 -0.881879 -1.098286
v 0.200364 0.099303 -0.598911
v -0.335856 0.688787 -1.014034
v 0.230731 -0.923880 -0.963852
v -0.335856 0.724494 -1.033120
v 0.207244 0.050576 -0.513536
v -0.335856 0.763239 -1.044873
v 0.179378 -0.956940 -0.809250
v 0.206160 -0.000096 -0.460962
v 0.122793 -0.980785 -0.636224
v 0.197153 -0.050763 -0.443209
v 0.062411 -0.995185 -0.447143
v 0.037510 1.703456 -0.334923
v 0.180570 -0.099480 -0.460962
v 0.074658 1.674094 -0.421996
v 0.157048 -0.144374 -0.513536
v 0.127491 -0.183720 -0.598911
v 0.111087 1.626788 -0.505661
v 0.093034 -0.216005 -0.713808
v -0.391745 0.668606 -0.988349
v -0.379768 0.697521 -1.014034
v 0.146447 1.563038 -0.585107
v -0.366103 0.730511 -1.033120
v 0.180396 1.484453 -0.659582
v 0.055002 -0.239989 -0.853809
v -0.351276 0.766306 -1.044873
v 0.212608 1.392730 -0.728445
v -0.335856 0.803532 -1.048842
v 0.014856 -0.254751 -1.013536
v 0.242772 1.289617 -0.791186
v -0.025861 -0.259723 -1.186849
v 0.064324 0.249819 -1.171999
v 0.270598 1.176888 -0.847440
v 0.295818 1.056319 -0.896974
v 0.060592 0.235325 -0.984406
v 0.054531 0.211787 -0.811519
v -0.457287 0.682102 -0.957051
v 0.046375 0.180110 -0.659982
v 0.354215 0.664812 -1.006003
v -0.439125 0.700264 -0.988349
v -0.416994 0.722395 -1.014034
v 0.036436 0.141511 -0.535620
v 0.373087 0.529812 -1.042409
v -0.391745 0.747644 -1.033120
v 0.025098 0.097475 -0.443210
v -0.364348 0.775041 -1.044873
v 0.394690 0.395065 -1.086795
v 0.012795 0.049692 -0.386304
v 0.418119 0.261915 -1.142576
v 0.000000 -0.000000 -0.367089
v -0.012795 -0.049692 -0.386304
v 0.442111 0.131592 -1.201804
v -0.025098 -0.097475 -0.443210
v -0.036437 -0.141511 -0.535620
v -0.046375 -0.180110 -0.659982
v -0.523005 0.726013 -0.882599
v 0.502640 -0.231973 -1.350277
v -0.512146 0.730511 -0.921344
v 0.514092 -0.341149 -1.378893
v -0.494513 0.737815 -0.957051
v -0.054531 -0.211787 -0.811519
v -0.470783 0.747644 -0.988349
v -0.060592 -0.235325 -0.984406
v -0.441867 0.759621 -1.014034
v -0.408878 0.773286 -1.033120
v 0.518984 -0.443175 -1.392357
v -0.373082 0.788113 -1.044873
v 0.516223 -0.537523 -1.388445
v -0.064324 -0.249819 -1.171999
v 0.504896 -0.623766 -1.365376
v 0.025861 0.259723 -1.186849
v 0.484295 -0.701560 -1.321843
v -0.014856 0.254751 -1.013536
v 0.453945 -0.770637 -1.257050
v -0.055002 0.239989 -0.853809
v 0.413651 -0.830794 -1.170723
v -0.542393 0.803532 -0.842306
v -0.093034 0.216005 -0.713808
v -0.538424 0.803532 -0.882599
v 0.363551 -0.881879 -1.063094
v -0.127491 0.183720 -0.598911
v -0.526671 0.803532 -0.921344
v -0.507585 0.803532 -0.957051
v 0.304173 -0.923880 -0.934859
v -0.481900 0.803532 -0.988349
v -0.157048 0.144374 -0.513536
v -0.450602 0.803532 -1.014034
v 0.236475 -0.956940 -0.787125
v -0.414894 0.803532 -1.033120
v -0.180571 0.099480 -0.460962
v -0.376150 0.803532 -1.044873
v -0.197154 0.050763 -0.443210
v 0.161878 -0.980785 -0.621411
v 0.082277 -0.995185 -0.439810
v -0.206160 0.000096 -0.460962
v -0.207244 -0.050576 -0.513536
v 0.046205 1.703456 -0.330744
v -0.200364 -0.099303 -0.598911
v 0.091965 1.674094 -0.413554
v -0.185784 -0.144215 -0.713808
v -0.526671 0.882571 -0.842306
v 0.136839 1.626788 -0.492930
v -0.523004 0.881052 -0.882599
v 0.180396 1.563038 -0.568116
v -0.512146 0.876554 -0.921344
v -0.164064 -0.183584 -0.853809
v -0.494513 0.869250 -0.957051
v -0.470783 0.859421 -0.988349
v 0.222215 1.484453 -0.638419
v -0.136039 -0.215899 -1.013536
v -0.441867 0.847444 -1.014034
v -0.102787 -0.239916 -1.186849
v -0.408878 0.833779 -1.033120
v 0.261894 1.392730 -0.703251
v -0.373082 0.818952 -1.044873
v 0.299051 1.289617 -0.762154
v -0.065584 -0.254714 -1.367089
v 0.333328 1.176888 -0.814814
v -0.006746 0.268119 -1.229139
v 0.364395 1.056319 -0.861046
v -0.078817 0.271220 -1.096491
v -0.481899 0.949576 -0.842306
v -0.147859 0.263898 -0.974242
v -0.479093 0.946769 -0.882599
v -0.470783 0.938459 -0.921344
v -0.211219 0.246435 -0.867089
v -0.457287 0.924963 -0.957051
v 0.436329 0.664812 -0.962235
v -0.439124 0.906800 -0.988349
v -0.266461 0.219502 -0.779151
v -0.416994 0.884670 -1.014034
v -0.311464 0.184133 -0.713808
v -0.391745 0.859421 -1.033120
v 0.459575 0.529812 -0.996048
v -0.364348 0.832024 -1.044873
v 0.486187 0.395065 -1.037435
v -0.344498 0.141688 -0.673569
v 0.515047 0.261915 -1.090005
v -0.364292 0.093798 -0.659983
v 0.544601 0.131592 -1.145955
v -0.370087 0.042304 -0.673569
v 0.573051 0.005200 -1.199513
v -0.361660 -0.010816 -0.713808
v 0.598517 -0.116275 -1.247277
v -0.339334 -0.063521 -0.779151
v -0.413376 0.990681 -0.882599
v -0.303968 -0.113784 -0.867089
v -0.408878 0.979822 -0.921344
v 0.619162 -0.231973 -1.286092
v -0.401574 0.962189 -0.957051
v -0.256921 -0.159675 -0.974242
v -0.391745 0.938459 -0.988349
v 0.633269 -0.341149 -1.313133
v -0.379768 0.909543 -1.014034
v -0.366103 0.876554 -1.033120
v -0.200000 -0.199430 -1.096491
v 0.639294 -0.443175 -1.325943
v -0.351276 0.840758 -1.044873
v -0.135394 -0.231520 -1.229139
v 0.635893 -0.537523 -1.322455
v 0.621941 -0.623766 -1.301150
v -0.335856 0.994347 -0.921344
v 0.596564 -0.701560 -1.260710
v 0.559178 -0.770637 -1.200170
v -0.335856 0.949576 -0.988349
v -0.209904 0.279874 -1.154482
v 0.509543 -0.830794 -1.119209
v -0.290187 0.266768 -1.096491
v -0.359319 0.243411 -1.048900
v 0.447829 -0.881879 -1.018233
v 0.374686 -0.923880 -0.897886
v 0.335856 0.975261 -0.957051
v -0.414642 0.210699 -1.013536
v 0.291295 -0.956940 -0.758911
v 0.335856 0.918278 -1.014034
v -0.454030 0.169891 -0.991759
v 0.335856 0.882570 -1.033120
v 0.199405 -0.980785 -0.602535
v 0.335856 0.843826 -1.044873
v -0.475971 0.122553 -0.984406
v 0.101350 -0.995185 -0.430480
v -0.479620 0.070506 -0.991759
v 0.054455 1.703456 -0.325715
v -0.464838 0.015750 -1.013536
v 0.108386 1.674094 -0.403389
v -0.432192 -0.039612 -1.048900
v 0.161274 1.626788 -0.477593
v -0.382937 -0.093451 -1.096491
v 0.212608 1.563038 -0.547642
v -0.318966 -0.143700 -1.154482
v 0.270139 0.962189 -0.957051
v -0.242738 -0.188426 -1.220643
v 0.279968 0.938459 -0.988349
v 0.261894 1.484453 -0.612914
v 0.291945 0.909543 -1.014034
v 0.305610 0.876554 -1.033120
v 0.308658 1.392730 -0.672888
v -0.157181 -0.225910 -1.292431
v 0.320437 0.840758 -1.044873
v 0.352450 1.289617 -0.727173
v 0.392847 1.176888 -0.775513
v 0.429462 1.056319 -0.817781
v 0.514241 0.664812 -0.909592
v 0.541638 0.529812 -0.940316
v 0.573001 0.395065 -0.978139
v 0.607014 0.261915 -1.026891
v 0.641846 0.131592 -1.078947
v 0.675376 0.005200 -1.128745
v 0.232588 0.906800 -0.988349
v 0.705390 -0.116275 -1.173140
v 0.254719 0.884670 -1.014034
v 0.729720 -0.231973 -1.209224
v 0.279968 0.859421 -1.033120
v 0.746346 -0.341149 -1.234407
v 0.307365 0.832024 -1.044873
v 0.753448 -0.443175 -1.246444
v -0.257745 -0.184561 -1.367089
v 0.749439 -0.537523 -1.243524
v -0.164832 -0.223941 -1.367089
v 0.732996 -0.623766 -1.224446
v 0.703088 -0.701560 -1.187599
v 0.659026 -0.770637 -1.132234
v 0.600528 -0.830794 -1.058008
v 0.527795 -0.881879 -0.964953
v 0.441591 -0.923880 -0.853425
v 0.343309 -0.956940 -0.724913
v 0.235011 -0.980785 -0.579787
v 0.119447 -0.995185 -0.419244
v 0.062181 1.703456 -0.319884
v 0.229845 0.847443 -1.014034
v 0.123764 1.674094 -0.391599
v 0.262835 0.833779 -1.033120
v 0.298630 0.818952 -1.044873
v 0.184155 1.626788 -0.459800
v 0.242772 1.563038 -0.523888
v 0.299051 1.484453 -0.583329
v -0.157181 -0.225910 -1.441747
v 0.352450 1.392730 -0.637693
v 0.402455 1.289617 -0.686611
v 0.448584 1.176888 -0.729960
v 0.490393 1.056319 -0.767658
v 0.527479 0.929659 -0.799740
v 0.559485 0.798612 -0.826316
v 0.587200 0.664812 -0.848705
v 0.618485 0.529812 -0.875899
v 0.654297 0.395065 -0.909660
v 0.693136 0.261915 -0.954136
v 0.732910 0.131592 -1.001921
v 0.256818 0.803532 -1.033120
v 0.771197 0.005200 -1.047549
v 0.295563 0.803532 -1.044873
v 0.805469 -0.116275 -1.088135
v 0.833251 -0.231973 -1.121035
v 0.852236 -0.341149 -1.143906
v 0.860345 -0.443175 -1.155019
v 0.855768 -0.537523 -1.152885
v 0.836992 -0.623766 -1.136411
v 0.802840 -0.701560 -1.103629
v 0.752527 -0.770637 -1.053781
v 0.685730 -0.830794 -0.987224
v 0.602677 -0.881879 -0.903561
v 0.504243 -0.923880 -0.802940
v 0.392017 -0.956940 -0.685655
v 0.268354 -0.980785 -0.553395
v 0.262835 0.773286 -1.033120
v 0.136394 -0.995185 -0.406211
v 0.298630 0.788113 -1.044873
v 0.069309 1.703456 -0.313308
v 0.137950 1.674094 -0.378298
v 0.205262 1.626788 -0.439843
v 0.270598 1.563038 -0.497400
v 0.333328 1.484453 -0.550376
v 0.392848 1.392730 -0.598434
v 0.448584 1.289617 -0.641359
v 0.500000 1.176888 -0.679055
v 0.546601 1.056319 -0.711540
v 0.587938 0.929659 -0.738923
v 0.623612 0.798612 -0.761372
v 0.654504 0.664812 -0.780271
v 0.689375 0.529812 -0.803636
v 0.729292 0.395065 -0.833176
v 0.279968 0.747644 -1.033120
v 0.772583 0.261915 -0.872999
v 0.307365 0.775041 -1.044873
v 0.816915 0.131592 -0.915891
v 0.859591 0.005200 -0.956788
v 0.897791 -0.116275 -0.993122
v 0.928758 -0.231973 -1.022554
v 0.949919 -0.341149 -1.043023
v 0.958957 -0.443175 -1.052912
v 0.953855 -0.537523 -1.052088
v 0.932927 -0.623766 -1.038406
v 0.894861 -0.701560 -1.010088
v 0.838781 -0.770637 -0.966819
v 0.764328 -0.830794 -0.908026
v 0.671755 -0.881879 -0.834449
v 0.562039 -0.923880 -0.746031
v 0.436950 -0.956940 -0.642343
v 0.299112 -0.980785 -0.523620
v 0.305610 0.730511 -1.033120
v 0.152027 -0.995185 -0.391508
v 0.320437 0.766306 -1.044873
v 0.075768 1.703456 -0.306049
v 0.150807 1.674094 -0.363695
v 0.224393 1.626788 -0.418020
v 0.295818 1.563038 -0.468228
v 0.364395 1.484453 -0.514001
v 0.429462 1.392730 -0.555110
v 0.490393 1.289617 -0.591440
v 0.546601 1.176888 -0.622987
v 0.597545 1.056319 -0.649851
v 0.642735 0.929659 -0.672213
v 0.681734 0.798612 -0.690302
v 0.715505 0.664812 -0.705313
v 0.753626 0.529812 -0.724593
v 0.335856 0.688787 -1.014034
v 0.797264 0.395065 -0.749345
v 0.335856 0.724494 -1.033120
v 0.335856 0.763239 -1.044873
v 0.844589 0.261915 -0.783995
v 0.893053 0.131592 -0.821595
v 0.939706 0.005200 -0.857398
v 0.981466 -0.116275 -0.889171
v 1.015320 -0.231973 -0.914900
v 1.038453 -0.341149 -0.932818
v 1.048334 -0.443175 -0.941440
v 1.042756 -0.537523 -0.942852
v 1.019877 -0.623766 -0.931874
v 0.978264 -0.701560 -0.908364
v 0.916957 -0.770637 -0.871352
v 0.835564 -0.830794 -0.821933
v 0.734364 -0.881879 -0.758916
v 0.391745 0.668606 -0.988349
v 0.614422 -0.923880 -0.683280
v 0.379768 0.697521 -1.014034
v 0.477674 -0.956940 -0.594538
v 0.366103 0.730511 -1.033120
v 0.326990 -0.980785 -0.491459
v 0.351276 0.766306 -1.044873
v 0.166196 -0.995185 -0.375276
v 0.335856 0.803532 -1.048842
v 0.081498 1.703456 -0.298179
v 0.162212 1.674094 -0.348039
v 0.241363 1.626788 -0.394353
v 0.318190 1.563038 -0.436591
v 0.391952 1.484453 -0.474559
v 0.461940 1.392730 -0.508148
v 0.527479 1.289617 -0.537352
v 0.587938 1.176888 -0.562270
v 0.642735 1.056319 -0.583090
v 0.691342 0.929659 -0.600069
v 0.457287 0.682102 -0.957051
v 0.733291 0.798612 -0.613498
v 0.439125 0.700264 -0.988349
v 0.769615 0.664812 -0.624477
v 0.810619 0.529812 -0.639303
v 0.416994 0.722395 -1.014034
v 0.391745 0.747644 -1.033120
v 0.857557 0.395065 -0.658972
v 0.908461 0.261915 -0.688127
v 0.364348 0.775041 -1.044873
v 0.960590 0.131592 -0.720116
v 1.010772 0.005200 -0.750538
v 1.055690 -0.116275 -0.777517
v 1.092103 -0.231973 -0.799435
v 1.116987 -0.341149 -0.814638
v 1.127615 -0.443175 -0.823995
v 1.121615 -0.537523 -0.826432
v 1.097006 -0.623766 -0.818276
v 1.052245 -0.701560 -0.799266
v 0.523005 0.726013 -0.882599
v 0.986302 -0.770637 -0.769760
v 0.512146 0.730511 -0.921344
v 0.494513 0.737815 -0.957051
v 0.898754 -0.830794 -0.728872
v 0.470783 0.747644 -0.988349
v 0.789901 -0.881879 -0.678165
v 0.441867 0.759621 -1.014034
v 0.660887 -0.923880 -0.615614
v 0.513798 -0.956940 -0.542709
v 0.408878 0.773286 -1.033120
v 0.373082 0.788113 -1.044873
v 0.351719 -0.980785 -0.456917
v 0.178765 -0.995185 -0.357672
v 0.086443 1.703456 -0.289773
v 0.172054 1.674094 -0.331317
v 0.256008 1.626788 -0.369070
v 0.337497 1.563038 -0.402795
v 0.415735 1.484453 -0.432434
v 0.489969 1.392730 -0.458040
v 0.559485 1.289617 -0.479631
v 0.623613 1.176888 -0.497512
v 0.542393 0.803532 -0.842306
v 0.681734 1.056319 -0.511934
v 0.538424 0.803532 -0.882599
v 0.733291 0.929659 -0.523231
v 0.526671 0.803532 -0.921344
v 0.777785 0.798612 -0.531759
v 0.507585 0.803532 -0.957051
v 0.481900 0.803532 -0.988349
v 0.816314 0.664812 -0.538514
v 0.450602 0.803532 -1.014034
v 0.859805 0.529812 -0.548674
v 0.414894 0.803532 -1.033120
v 0.909592 0.395065 -0.563036
v 0.376150 0.803532 -1.044873
v 0.963585 0.261915 -0.586447
v 1.018877 0.131592 -0.612583
v 1.072103 0.005200 -0.637701
v 1.119747 -0.116275 -0.659914
v 1.158370 -0.231973 -0.677812
v 1.184763 -0.341149 -0.690215
v 1.196036 -0.443175 -0.700924
v 1.189672 -0.537523 -0.703997
v 0.526671 0.882571 -0.842306
v 1.163570 -0.623766 -0.698630
v 0.523004 0.881052 -0.882599
v 1.116093 -0.701560 -0.684563
v 0.512146 0.876554 -0.921344
v 1.046149 -0.770637 -0.661960
v 0.494513 0.869250 -0.957051
v 0.953289 -0.830794 -0.631467
v 0.470783 0.859421 -0.988349
v 0.837830 -0.881879 -0.592050
v 0.441867 0.847444 -1.014034
v 0.700988 -0.923880 -0.544782
v 0.408878 0.833779 -1.033120
v 0.544974 -0.956940 -0.487364
v 0.373082 0.818952 -1.044873
v 0.373060 -0.980785 -0.420016
v 0.189612 -0.995185 -0.338867
v 0.090556 1.703456 -0.280957
v 0.180240 1.674094 -0.313688
v 0.268188 1.626788 -0.342415
v 0.353553 1.563038 -0.367478
v 0.435514 1.484453 -0.388607
v 0.513280 1.392730 -0.405845
v 0.481899 0.949576 -0.842306
v 0.586103 1.289617 -0.419476
v 0.479093 0.946769 -0.882599
v 0.653281 1.176888 -0.429855
v 0.714168 1.056319 -0.437393
v 0.470783 0.938459 -0.921344
v 0.768178 0.929659 -0.442527
v 0.457287 0.924963 -0.957051
v 0.814789 0.798612 -0.445924
v 0.439124 0.906800 -0.988349
v 0.855151 0.664812 -0.448312
v 0.416994 0.884670 -1.014034
v 0.900711 0.529812 -0.453653
v 0.391745 0.859421 -1.033120
v 0.952866 0.395065 -0.462552
v 0.364348 0.832024 -1.044873
v 1.009428 0.261915 -0.480092
v 1.067351 0.131592 -0.500631
v 1.123109 0.005200 -0.520035
v 1.173020 -0.116275 -0.537140
v 1.213480 -0.231973 -0.550934
v 1.241129 -0.341149 -0.563494
v 1.252938 -0.443175 -0.573263
v 1.246272 -0.537523 -0.576699
v 0.413376 0.990681 -0.882599
v 1.218928 -0.623766 -0.574020
v 0.408878 0.979822 -0.921344
v 1.169192 -0.701560 -0.565145
v 0.401574 0.962189 -0.957051
v 1.095921 -0.770637 -0.550126
v 0.998642 -0.830794 -0.528990
v 0.391745 0.938459 -0.988349
v 0.379768 0.909543 -1.014034
v 0.877691 -0.881879 -0.502861
v 0.734339 -0.923880 -0.470144
v 0.366103 0.876554 -1.033120
v 0.570902 -0.956940 -0.429842
v 0.351276 0.840758 -1.044873
v 0.390809 -0.980785 -0.381112
v 0.198633 -0.995185 -0.319290
v 0.093797 1.703456 -0.271898
v 0.186690 1.674094 -0.295324
v 0.335856 0.994347 -0.921344
v 0.335856 0.949576 -0.988349
v 0.277785 1.626788 -0.314941
v 0.366205 1.563038 -0.330914
v 0.451099 1.484453 -0.342975
v 0.531648 1.392730 -0.351483
v 0.607076 1.289617 -0.356865
v 0.676659 1.176888 -0.359603
v 0.739725 1.056319 -0.360214
v 0.795667 0.929659 -0.359225
v 0.843946 0.798612 -0.357135
v 0.885752 0.664812 -0.354790
v 0.932943 0.529812 -0.355217
v 0.986964 0.395065 -0.359549
v 1.045550 0.261915 -0.370529
v 1.105546 0.131592 -0.384933
v 1.163300 0.005200 -0.398506
v 1.214996 -0.116275 -0.410474
v 1.256904 -0.231973 -0.420924
v 1.285542 -0.341149 -0.433627
v 1.297774 -0.443175 -0.442027
v 1.290869 -0.537523 -0.446083
v 1.262547 -0.623766 -0.445915
v 1.211032 -0.701560 -0.441816
v 1.135138 -0.770637 -0.434641
v 1.034379 -0.830794 -0.424238
v 0.909099 -0.881879 -0.410455
v 0.760617 -0.923880 -0.392712
v 0.591332 -0.956940 -0.370786
v 0.404794 -0.980785 -0.340578
v 0.205741 -0.995185 -0.299411
v 0.096134 1.703456 -0.262566
v 0.191342 1.674094 -0.276400
v 0.284707 1.626788 -0.286795
v 0.375330 1.563038 -0.293232
v 0.462339 1.484453 -0.296308
v 0.544895 1.392730 -0.295970
v 0.622204 1.289617 -0.292823
v 0.693520 1.176888 -0.287546
v 0.758157 1.056319 -0.280836
v 0.815493 0.929659 -0.273614
v 0.864975 0.798612 -0.266197
v 0.907823 0.664812 -0.259329
v 0.956190 0.529812 -0.256374
v 1.011557 0.395065 -0.256025
v 1.071603 0.261915 -0.258399
v 1.133094 0.131592 -0.266630
v 1.192287 0.005200 -0.274394
v 1.245271 -0.116275 -0.281593
v 1.288224 -0.231973 -0.291678
v 1.317575 -0.341149 -0.301253
v 1.330112 -0.443175 -0.308243
v 1.323035 -0.537523 -0.312888
v 1.294007 -0.623766 -0.315565
v 1.241208 -0.701560 -0.316755
v 1.163423 -0.770637 -0.316961
v 1.060153 -0.830794 -0.316517
v 0.931751 -0.881879 -0.316143
v 0.779570 -0.923880 -0.314636
v 0.606066 -0.956940 -0.309927
v 0.414881 -0.980785 -0.298807
v 0.210868 -0.995185 -0.278929
v 0.097545 1.703456 -0.253050
v 0.194151 1.674094 -0.257239
v 0.288887 1.626788 -0.258088
v 0.380841 1.563038 -0.255356
v 0.469127 1.484453 -0.249023
v 0.552895 1.392730 -0.239661
v 0.631338 1.289617 -0.227847
v 0.703702 1.176888 -0.214587
v 0.769288 1.056319 -0.200673
v 0.827466 0.929659 -0.186820
v 0.877674 0.798612 -0.174785
v 0.921152 0.664812 -0.165444
v 0.970228 0.529812 -0.157644
v 1.026409 0.395065 -0.151683
v 1.087336 0.261915 -0.146939
v 1.149729 0.131592 -0.146912
v 1.209791 0.005200 -0.149272
v 1.263554 -0.116275 -0.153276
v 1.307137 -0.231973 -0.160980
v 1.336919 -0.341149 -0.167418
v 1.349640 -0.443175 -0.172985
v 1.342459 -0.537523 -0.178200
v 1.313005 -0.623766 -0.183690
v 1.259431 -0.701560 -0.190167
v 1.180504 -0.770637 -0.198335
v 1.075718 -0.830794 -0.208694
v 0.945431 -0.881879 -0.221224
v 0.791015 -0.923880 -0.235002
v 0.614964 -0.956940 -0.247849
v 0.420972 -0.980785 -0.257086
v 0.213964 -0.995185 -0.258044
v 0.098017 1.703456 -0.243441
v 0.195090 1.674094 -0.238105
v 0.290285 1.626788 -0.229312
v 0.382683 1.563038 -0.217146
v 0.471397 1.484453 -0.201857
v 0.555570 1.392730 -0.183490
v 0.634393 1.289617 -0.162994
v 0.707107 1.176888 -0.141507
v 0.773010 1.056319 -0.120585
v 0.831470 0.929659 -0.101851
v 0.881921 0.798612 -0.085534
v 0.925609 0.664812 -0.071672
v 0.974923 0.529812 -0.059125
v 1.031375 0.395065 -0.047558
v 1.092597 0.261915 -0.036673
v 1.155292 0.131592 -0.027245
v 1.215645 0.005200 -0.023922
v 1.269668 -0.116275 -0.027072
v 1.313462 -0.231973 -0.030317
v 1.343388 -0.341149 -0.033674
v 1.356170 -0.443174 -0.037844
v 1.348955 -0.537523 -0.043619
v 1.319358 -0.623766 -0.051860
v 1.265525 -0.701560 -0.063471
v 1.186216 -0.770637 -0.079302
v 1.080923 -0.830794 -0.099940
v 0.950005 -0.881879 -0.125652
v 0.794842 -0.923880 -0.155345
v 0.617940 -0.956940 -0.186607
v 0.423009 -0.980785 -0.215532
v 0.214999 -0.995185 -0.236956
v 0.097545 1.703456 -0.233832
v 0.194151 1.674094 -0.218971
v 0.288887 1.626788 -0.200823
v 0.380841 1.563038 -0.179500
v 0.469127 1.484453 -0.155197
v 0.552895 1.392730 -0.128477
v 0.631338 1.289617 -0.099894
v 0.703702 1.176888 -0.070778
v 0.769288 1.056319 -0.043309
v 0.827466 0.929659 -0.018757
v 0.877674 0.798612 0.002668
v 0.921152 0.664812 0.020778
v 0.970228 0.529812 0.038295
v 1.026409 0.395065 0.055300
v 1.087336 0.261915 0.072153
v 1.149729 0.131592 0.088187
v 1.209791 0.005200 0.096289
v 1.263554 -0.116275 0.098004
v 1.307137 -0.231973 0.099154
v 1.336919 -0.341149 0.098820
v 1.349640 -0.443174 0.095980
v 1.342459 -0.537523 0.089566
v 1.313005 -0.623766 0.078482
v 1.259431 -0.701560 0.061639
v 1.180504 -0.770637 0.037907
v 1.075718 -0.830794 0.006694
v 0.945431 -0.881879 -0.031998
v 0.791015 -0.923880 -0.077044
v 0.614964 -0.956940 -0.125807
v 0.420972 -0.980785 -0.173978
v 0.213964 -0.995185 -0.215867
v 0.096134 1.703456 -0.224316
v 0.191342 1.674094 -0.200021
v 0.284707 1.626788 -0.172608
v 0.375330 1.563038 -0.142524
v 0.462339 1.484453 -0.109846
v 0.544895 1.392730 -0.075281
v 0.622204 1.289617 -0.039660
v 0.693520 1.176888 -0.004075
v 0.758157 1.056319 0.030410
v 0.815493 0.929659 0.062387
v 0.864975 0.798612 0.088766
v 0.907823 0.664812 0.111218
v 0.956190 0.529812 0.133455
v 1.011557 0.395065 0.155910
v 1.071603 0.261915 0.178450
v 1.133094 0.131592 0.199543
v 1.192286 0.005200 0.213318
v 1.245271 -0.116275 0.220825
v 1.288224 -0.231973 0.226175
v 1.317575 -0.341149 0.228696
v 1.330112 -0.443174 0.227043
v 1.323035 -0.537523 0.219865
v 1.294007 -0.623766 0.205827
v 1.241208 -0.701560 0.183654
v 1.163423 -0.770637 0.152243
v 1.060153 -0.830794 0.110903
v 0.931751 -0.881879 0.059725
v 0.779570 -0.923880 0.000035
v 0.606066 -0.956940 -0.065594
v 0.414881 -0.980785 -0.132824
v 0.210868 -0.995185 -0.194982
v 0.093797 1.703456 -0.214983
v 0.186690 1.674094 -0.181438
v 0.277785 1.626788 -0.145291
v 0.366205 1.563038 -0.106517
v 0.451098 1.484453 -0.065765
v 0.531648 1.392730 -0.023644
v 0.607076 1.289617 0.018828
v 0.676659 1.176888 0.060605
v 0.739725 1.056319 0.100641
v 0.795667 0.929659 0.137929
v 0.843946 0.798612 0.171537
v 0.885752 0.664812 0.198839
v 0.932943 0.529812 0.225593
v 0.986964 0.395065 0.253106
v 1.045550 0.261915 0.281284
v 1.105546 0.131592 0.304759
v 1.163300 0.005200 0.324507
v 1.214996 -0.116275 0.340424
v 1.256904 -0.231973 0.349844
v 1.285542 -0.341149 0.355140
v 1.297774 -0.443174 0.354654
v 1.290869 -0.537523 0.346764
v 1.262547 -0.623766 0.329925
v 1.211031 -0.701560 0.302720
v 1.135138 -0.770637 0.263982
v 1.034379 -0.830794 0.212688
v 0.909099 -0.881879 0.148913
v 0.760617 -0.923880 0.074365
v 0.591332 -0.956940 -0.007710
v 0.404794 -0.980785 -0.092467
v 0.205741 -0.995185 -0.174501
v 0.090556 1.703456 -0.205925
v 0.180240 1.674094 -0.163626
v 0.268188 1.626788 -0.118833
v 0.353553 1.563038 -0.071788
v 0.435514 1.484453 -0.023211
v 0.513280 1.392730 0.026030
v 0.586103 1.289617 0.075113
v 0.653281 1.176888 0.122964
v 0.714169 1.056319 0.168506
v 0.768178 0.929659 0.210573
v 0.814789 0.798612 0.248244
v 0.855151 0.664812 0.281550
v 0.900711 0.529812 0.313786
v 0.952866 0.395065 0.346303
v 1.009428 0.261916 0.379426
v 1.067351 0.131592 0.406004
v 1.123109 0.005200 0.431525
v 1.173020 -0.116275 0.454232
v 1.213480 -0.231973 0.469135
v 1.241129 -0.341149 0.477081
v 1.252938 -0.443174 0.477708
v 1.246272 -0.537523 0.469143
v 1.218928 -0.623766 0.449573
v 1.169192 -0.701560 0.417192
v 1.095920 -0.770637 0.370914
v 0.998642 -0.830794 0.310066
v 0.877690 -0.881879 0.234967
v 0.734339 -0.923880 0.146476
v 0.570902 -0.956940 0.048080
v 0.390809 -0.980785 -0.054200
v 0.198633 -0.995185 -0.154621
v 0.086443 1.703456 -0.197228
v 0.172054 1.674094 -0.146585
v 0.256008 1.626788 -0.093436
v 0.337497 1.563038 -0.038735
v 0.415735 1.484453 0.017154
v 0.489969 1.392730 0.073291
v 0.559485 1.289617 0.128669
v 0.623612 1.176888 0.182228
v 0.681734 1.056319 0.232886
v 0.733291 0.929659 0.279577
v 0.777785 0.798612 0.321293
v 0.816314 0.664812 0.358131
v 0.859805 0.529812 0.396501
v 0.909591 0.395065 0.434677
v 0.963585 0.261915 0.470101
v 1.018877 0.131592 0.502111
v 1.072103 0.005200 0.533006
v 1.119747 -0.116275 0.560793
v 1.158370 -0.231973 0.582725
v 1.184762 -0.341149 0.593143
v 1.196035 -0.443174 0.594681
v 1.189672 -0.537523 0.585245
v 1.163570 -0.623766 0.562875
v 1.116093 -0.701560 0.525870
v 1.046149 -0.770637 0.472949
v 0.953289 -0.830794 0.403057
v 0.837830 -0.881879 0.316226
v 0.700988 -0.923880 0.214920
v 0.544974 -0.956940 0.101612
v 0.373060 -0.980785 -0.017754
v 0.189612 -0.995185 -0.135534
v 0.081498 1.703456 -0.188977
v 0.162212 1.674094 -0.130420
v 0.241363 1.626788 -0.069575
v 0.318190 1.563038 -0.007393
v 0.391952 1.484453 0.055320
v 0.461940 1.392730 0.117839
v 0.527479 1.289617 0.179134
v 0.587938 1.176888 0.238122
v 0.642735 1.056319 0.293690
v 0.691342 0.929659 0.344737
v 0.733290 0.798612 0.390219
v 0.769615 0.664812 0.430180
v 0.810619 0.529812 0.472139
v 0.857557 0.395065 0.516664
v 0.908461 0.261916 0.555396
v 0.960590 0.131592 0.592420
v 1.010772 0.005200 0.628238
v 1.055690 -0.116275 0.660512
v 1.092103 -0.231973 0.686705
v 1.116986 -0.341149 0.701755
v 1.127614 -0.443174 0.704225
v 1.121615 -0.537523 0.694149
v 1.097006 -0.623766 0.669398
v 1.052245 -0.701560 0.628184
v 0.986302 -0.770637 0.568364
v 0.898754 -0.830794 0.489920
v 0.789901 -0.881879 0.393187
v 0.660887 -0.923880 0.278856
v 0.513798 -0.956940 0.152371
v 0.351719 -0.980785 0.016800
v 0.178765 -0.995185 -0.117424
v 0.075768 1.703456 -0.181355
v 0.150807 1.674094 -0.115287
v 0.224393 1.626788 -0.047387
v 0.295818 1.563038 0.021623
v 0.364394 1.484453 0.090868
v 0.429462 1.392730 0.159401
v 0.490393 1.289617 0.226198
v 0.546601 1.176888 0.290170
v 0.597545 1.056319 0.350189
v 0.642735 0.929659 0.405133
v 0.681734 0.798612 0.453926
v 0.715505 0.664812 0.496864
v 0.753625 0.529812 0.542342
v 0.797264 0.395065 0.590927
v 0.844589 0.261916 0.634346
v 0.893053 0.131592 0.676084
v 0.939706 0.005200 0.716395
v 0.981466 -0.116275 0.752717
v 1.015320 -0.231973 0.782227
v 1.038453 -0.341149 0.802064
v 1.048334 -0.443174 0.805421
v 1.042756 -0.537523 0.794810
v 1.019878 -0.623766 0.767816
v 0.978264 -0.701560 0.722116
v 0.916957 -0.770637 0.656728
v 0.835565 -0.830794 0.570499
v 0.734364 -0.881879 0.463744
v 0.614421 -0.923880 0.338601
v 0.477674 -0.956940 0.198470
v 0.326990 -0.980785 0.049131
v 0.166196 -0.995185 -0.100958
v 0.069309 1.703456 -0.174352
v 0.137950 1.674094 -0.101332
v 0.205262 1.626788 -0.026935
v 0.270598 1.563038 0.048221
v 0.333328 1.484453 0.123246
v 0.392848 1.392730 0.197176
v 0.448584 1.289617 0.268968
v 0.500000 1.176888 0.337511
v 0.546601 1.056319 0.401655
v 0.587938 0.929659 0.460249
v 0.623612 0.798612 0.512190
v 0.654504 0.664812 0.557863
v 0.689374 0.529812 0.606511
v 0.729292 0.395065 0.658746
v 0.772583 0.261916 0.706112
v 0.816915 0.131592 0.751956
v 0.859591 0.005200 0.796445
v 0.897790 -0.116275 0.836553
v 0.928758 -0.231973 0.869046
v 0.949919 -0.341149 0.890837
v 0.958957 -0.443174 0.897079
v 0.953855 -0.537523 0.886069
v 0.932927 -0.623766 0.856824
v 0.894861 -0.701560 0.807761
v 0.838781 -0.770637 0.736901
v 0.764328 -0.830794 0.643688
v 0.671755 -0.881879 0.528268
v 0.562038 -0.923880 0.393128
v 0.436950 -0.956940 0.240869
v 0.299112 -0.980785 0.078930
v 0.152027 -0.995185 -0.085888
v 0.062181 1.703456 -0.168007
v 0.123764 1.674094 -0.088689
v 0.184155 1.626788 -0.008416
v 0.242772 1.563038 0.072290
v 0.299051 1.484453 0.152521
v 0.352450 1.392730 0.231299
v 0.402455 1.289617 0.307565
v 0.448584 1.176888 0.380192
v 0.490393 1.056319 0.448006
v 0.527479 0.929659 0.509837
v 0.559485 0.798612 0.564560
v 0.587200 0.664812 0.612643
v 0.618484 0.529812 0.664090
v 0.654297 0.395065 0.719540
v 0.693136 0.261916 0.770364
v 0.732910 0.131592 0.819793
v 0.771197 0.005200 0.867767
v 0.805468 -0.116275 0.911012
v 0.833251 -0.231973 0.946076
v 0.852236 -0.341149 0.969595
v 0.860345 -0.443174 0.978185
v 0.855768 -0.537523 0.966854
v 0.836992 -0.623766 0.936058
v 0.802840 -0.701560 0.883819
v 0.752527 -0.770637 0.808373
v 0.685730 -0.830794 0.708889
v 0.602677 -0.881879 0.586332
v 0.504243 -0.923880 0.441368
v 0.392017 -0.956940 0.279190
v 0.268354 -0.980785 0.105910
v 0.136394 -0.995185 -0.072243
v 0.054455 1.703456 -0.162382
v 0.108386 1.674094 -0.077645
v 0.161274 1.626788 0.007993
v 0.212607 1.563038 0.093599
v 0.261894 1.484453 0.178417
v 0.308658 1.392730 0.261454
v 0.352450 1.289617 0.341638
v 0.392847 1.176888 0.417826
v 0.429462 1.056319 0.488831
v 0.461940 0.929659 0.553465
v 0.489969 0.798612 0.610587
v 0.514240 0.664812 0.660742
v 0.541638 0.529812 0.714601
v 0.573001 0.395065 0.772815
v 0.607014 0.261916 0.826590
v 0.641846 0.131592 0.879070
v 0.675376 0.005200 0.929996
v 0.705389 -0.116275 0.975884
v 0.729720 -0.231973 1.013084
v 0.746346 -0.341149 1.038042
v 0.753448 -0.443174 1.047284
v 0.749439 -0.537523 1.036700
v 0.732996 -0.623766 1.004765
v 0.703088 -0.701560 0.949790
v 0.659026 -0.770637 0.870450
v 0.600529 -0.830794 0.766062
v 0.527795 -0.881879 0.636269
v 0.441591 -0.923880 0.483913
v 0.343309 -0.956940 0.313076
v 0.235011 -0.980785 0.129308
v 0.119447 -0.995185 -0.060156
v 0.046205 1.703456 -0.157530
v 0.091965 1.674094 -0.068160
v 0.136839 1.626788 0.021931
v 0.180396 1.563038 0.111843
v 0.222215 1.484453 0.200647
v 0.261894 1.392730 0.287345
v 0.299051 1.289617 0.370859
v 0.333328 1.176888 0.450040
v 0.364395 1.056319 0.523692
v 0.391952 0.929659 0.590618
v 0.415735 0.798612 0.649663
v 0.436329 0.664812 0.701469
v 0.459575 0.529812 0.757447
v 0.486187 0.395065 0.818116
v 0.515047 0.261916 0.874374
v 0.544601 0.131592 0.929366
v 0.573051 0.005200 0.982709
v 0.598517 -0.116275 1.030745
v 0.619161 -0.231973 1.069665
v 0.633269 -0.341149 1.095766
v 0.639294 -0.443174 1.105330
v 0.635893 -0.537523 1.095085
v 0.621941 -0.623766 1.062263
v 0.596564 -0.701560 1.005474
v 0.559178 -0.770637 0.922913
v 0.509544 -0.830794 0.813835
v 0.447829 -0.881879 0.678939
v 0.374686 -0.923880 0.520390
v 0.291295 -0.956940 0.342059
v 0.199405 -0.980785 0.149100
v 0.101350 -0.995185 -0.049740
v 0.037510 1.703456 -0.153498
v 0.074658 1.674094 -0.060285
v 0.111087 1.626788 0.033440
v 0.146447 1.563038 0.126766
v 0.180396 1.484453 0.218752
v 0.212608 1.392730 0.308392
v 0.242772 1.289617 0.394601
v 0.270598 1.176888 0.476222
v 0.295818 1.056319 0.552053
v 0.318190 0.929659 0.620888
v 0.337497 0.798612 0.681567
v 0.354215 0.664812 0.734776
v 0.373087 0.529812 0.792330
v 0.394690 0.395065 0.854792
v 0.418119 0.261916 0.913046
v 0.442111 0.131592 0.970128
v 0.465207 0.005200 1.025454
v 0.485881 -0.116275 1.075201
v 0.502640 -0.231973 1.115423
v 0.514092 -0.341149 1.142288
v 0.518984 -0.443174 1.152241
v 0.516223 -0.537523 1.141993
v 0.504896 -0.623766 1.108591
v 0.484295 -0.701560 1.050170
v 0.453945 -0.770637 0.965175
v 0.413651 -0.830794 0.852941
v 0.363551 -0.881879 0.714008
v 0.304173 -0.923880 0.550236
v 0.236475 -0.956940 0.365244
v 0.161878 -0.980785 0.165481
v 0.082277 -0.995185 -0.041095
v 0.028453 1.703456 -0.150325
v 0.056632 1.674094 -0.054097
v 0.084265 1.626788 0.042471
v 0.111087 1.563038 0.138455
v 0.136839 1.484453 0.232908
v 0.161274 1.392730 0.324818
v 0.184155 1.289617 0.413094
v 0.205262 1.176888 0.496576
v 0.224393 1.056319 0.574060
v 0.241363 0.929659 0.644336
v 0.256008 0.798612 0.706242
v 0.268690 0.664812 0.760501
v 0.283005 0.529812 0.819228
v 0.299392 0.395065 0.883019
v 0.317164 0.261916 0.942697
v 0.335363 0.131592 1.001224
v 0.352883 0.005200 1.057929
v 0.368565 -0.116275 1.108902
v 0.381278 -0.231973 1.150114
v 0.389965 -0.341149 1.177654
v 0.393675 -0.443174 1.187895
v 0.391581 -0.537523 1.177582
v 0.382989 -0.623766 1.143782
v 0.367362 -0.701560 1.084299
v 0.344340 -0.770637 0.997656
v 0.313775 -0.830794 0.883072
v 0.275772 -0.881879 0.740698
v 0.230731 -0.923880 0.572784
v 0.179378 -0.956940 0.383309
v 0.122793 -0.980785 0.178301
v 0.062411 -0.995185 -0.034304
v 0.019122 1.703456 -0.148041
v 0.038060 1.674094 -0.049654
v 0.056632 1.626788 0.048939
v 0.074658 1.563038 0.146806
v 0.091965 1.484453 0.242994
v 0.108386 1.392730 0.336487
v 0.123764 1.289617 0.426195
v 0.137950 1.176888 0.510957
v 0.150807 1.056319 0.589567
v 0.162212 0.929659 0.660819
v 0.172054 0.798612 0.723548
v 0.180577 0.664812 0.778509
v 0.190198 0.529812 0.838014
v 0.201211 0.395065 0.902680
v 0.213155 0.261916 0.963288
v 0.225386 0.131592 1.022748
v 0.237160 0.005200 1.080336
v 0.247700 -0.116275 1.132087
v 0.256244 -0.231973 1.173921
v 0.262082 -0.341149 1.201883
v 0.264576 -0.443174 1.212303
v 0.263168 -0.537523 1.201889
v 0.257394 -0.623766 1.167785
v 0.246891 -0.701560 1.107655
v 0.231419 -0.770637 1.019818
v 0.210878 -0.830794 0.903487
v 0.185337 -0.881879 0.759092
v 0.155066 -0.923880 0.588658
v 0.120554 -0.956940 0.396115
v 0.082525 -0.980785 0.187449
v 0.041944 -0.995185 -0.029429
v 0.009607 1.703456 -0.146669
v 0.019122 1.674094 -0.046996
v 0.028453 1.626788 0.052787
v 0.037510 1.563038 0.151747
v 0.046205 1.484453 0.248927
v 0.054455 1.392730 0.343314
v 0.062181 1.289617 0.433817
v 0.069308 1.176888 0.519278
v 0.075768 1.056319 0.598495
v 0.081498 0.929659 0.670264
v 0.086443 0.798612 0.733424
v 0.090725 0.664812 0.788746
v 0.095559 0.529812 0.848648
v 0.101092 0.395065 0.913752
v 0.107093 0.261916 0.974819
v 0.113238 0.131592 1.034729
v 0.119154 0.005200 1.092733
v 0.124449 -0.116275 1.144843
v 0.128742 -0.231973 1.186960
v 0.131675 -0.341149 1.215110
v 0.132928 -0.443174 1.225609
v 0.132221 -0.537523 1.215150
v 0.129320 -0.623766 1.180861
v 0.124043 -0.701560 1.120384
v 0.116270 -0.770637 1.032014
v 0.105949 -0.830794 0.914932
v 0.093117 -0.881879 0.769528
v 0.077908 -0.923880 0.597782
v 0.060569 -0.956940 0.403575
v 0.041462 -0.980785 0.192848
v 0.021074 -0.995185 -0.026517
v 0.000000 1.703456 -0.146220
v 0.000000 1.674094 -0.046150
v 0.000000 1.626788 0.053982
v 0.000000 1.563038 0.153239
v 0.000000 1.484453 0.250669
v 0.000000 1.392730 0.345260
v 0.000000 1.289617 0.435927
v 0.000000 1.176888 0.521517
v 0.000000 1.056319 0.600832
v 0.000000 0.929659 0.672672
v 0.000000 0.798612 0.735883
v 0.000000 0.664812 0.791241
v 0.000000 0.529812 0.851175
v 0.000000 0.395065 0.916304
v 0.000000 0.261916 0.977384
v 0.000000 0.131592 1.037294
v 0.000000 0.005200 1.095285
v 0.000000 -0.116275 1.147372
v 0.000000 -0.231973 1.189462
v 0.000000 -0.341149 1.217591
v 0.000000 -0.443174 1.228080
v 0.000000 -0.537523 1.217627
v 0.000000 -0.623766 1.183360
v 0.000000 -0.701560 1.122915
v 0.000000 -0.770637 1.034574
v 0.000000 -0.830794 0.917496
v 0.000000 -0.881879 0.772040
v 0.000000 -0.923880 0.600146
v 0.000000 -0.956940 0.405653
v 0.000000 -0.980785 0.194458
v 0.000000 -0.995185 -0.025594
v -0.009607 1.703456 -0.146700
v -0.019122 1.674094 -0.047120
v -0.028453 1.626788 0.052515
v -0.037510 1.563038 0.151277
v -0.046205 1.484453 0.248218
v -0.054455 1.392730 0.342335
v -0.062181 1.289617 0.432547
v -0.069309 1.176888 0.517709
v -0.075768 1.056319 0.596629
v -0.081498 0.929659 0.668113
v -0.086443 0.798612 0.731013
v -0.090726 0.664812 0.786099
v -0.095559 0.529812 0.845722
v -0.101092 0.395065 0.910490
v -0.107093 0.261916 0.971173
v -0.113239 0.131592 1.030672
v -0.119154 0.005200 1.088261
v -0.124449 -0.116275 1.139984
v -0.128742 -0.231973 1.181776
v -0.131675 -0.341149 1.209699
v -0.132928 -0.443174 1.220100
v -0.132221 -0.537523 1.209697
v -0.129320 -0.623766 1.175633
v -0.124043 -0.701560 1.115555
v -0.116269 -0.770637 1.027746
v -0.105949 -0.830794 0.911361
v -0.093117 -0.881879 0.766744
v -0.077908 -0.923880 0.595811
v -0.060569 -0.956940 0.402369
v -0.041462 -0.980785 0.192275
v -0.021074 -0.995185 -0.026667
v 0.000000 1.713518 -0.245259
v -0.019122 1.703456 -0.148104
v -0.038060 1.674094 -0.049898
v -0.056632 1.626788 0.048404
v -0.074658 1.563038 0.145886
v -0.091965 1.484453 0.241611
v -0.108386 1.392730 0.334585
v -0.123764 1.289617 0.423737
v -0.137950 1.176888 0.507930
v -0.150807 1.056319 0.585978
v -0.162212 0.929659 0.656695
v -0.172054 0.798612 0.718937
v -0.180577 0.664812 0.773456
v -0.190198 0.529812 0.832442
v -0.201211 0.395065 0.896487
v -0.213155 0.261916 0.956390
v -0.225387 0.131592 1.015096
v -0.237161 0.005200 1.071927
v -0.247700 -0.116275 1.122976
v -0.256244 -0.231973 1.164225
v -0.262082 -0.341149 1.191778
v -0.264576 -0.443174 1.202021
v -0.263168 -0.537523 1.191707
v -0.257394 -0.623766 1.158009
v -0.246892 -0.701560 1.098598
v -0.231419 -0.770637 1.011781
v -0.210878 -0.830794 0.896726
v -0.185337 -0.881879 0.753786
v -0.155066 -0.923880 0.584874
v -0.120554 -0.956940 0.393779
v -0.082525 -0.980785 0.186330
v -0.041944 -0.995185 -0.029725
v -0.028453 1.703456 -0.150417
v -0.056632 1.674094 -0.054458
v -0.084265 1.626788 0.041686
v -0.111087 1.563038 0.137111
v -0.136839 1.484453 0.230899
v -0.161274 1.392730 0.322067
v -0.184155 1.289617 0.409555
v -0.205262 1.176888 0.492235
v -0.224393 1.056319 0.568932
v -0.241363 0.929659 0.638465
v -0.256008 0.798612 0.699695
v -0.268690 0.664812 0.753347
v -0.283005 0.529812 0.811363
v -0.299392 0.395065 0.874308
v -0.317164 0.261916 0.933033
v -0.335364 0.131592 0.990545
v -0.352883 0.005200 1.046241
v -0.368565 -0.116275 1.096286
v -0.381278 -0.231973 1.136727
v -0.389965 -0.341149 1.163733
v -0.393676 -0.443174 1.173743
v -0.391581 -0.537523 1.163560
v -0.382989 -0.623766 1.130403
v -0.367363 -0.701560 1.071985
v -0.344340 -0.770637 0.986648
v -0.313775 -0.830794 0.873592
v -0.275772 -0.881879 0.733195
v -0.230731 -0.923880 0.567383
v -0.179379 -0.956940 0.379942
v -0.122793 -0.980785 0.176670
v -0.062411 -0.995185 -0.034740
v -0.037510 1.703456 -0.153619
v -0.074658 1.674094 -0.060756
v -0.111087 1.626788 0.032420
v -0.146447 1.563038 0.125029
v -0.180396 1.484453 0.216168
v -0.212608 1.392730 0.304872
v -0.242772 1.289617 0.390094
v -0.270598 1.176888 0.470718
v -0.295818 1.056319 0.545579
v -0.318190 0.929659 0.613504
v -0.337497 0.798612 0.673362
v -0.354215 0.664812 0.725836
v -0.373087 0.529812 0.782536
v -0.394690 0.395065 0.843988
v -0.418119 0.261916 0.901113
v -0.442111 0.131592 0.957006
v -0.465207 0.005200 1.011159
v -0.485881 -0.116275 1.059836
v -0.502640 -0.231973 1.099178
v -0.514092 -0.341149 1.125437
v -0.518984 -0.443174 1.135129
v -0.516223 -0.537523 1.125126
v -0.504896 -0.623766 1.092706
v -0.484296 -0.701560 1.035639
v -0.453945 -0.770637 0.952315
v -0.413651 -0.830794 0.841977
v -0.363551 -0.881879 0.705032
v -0.304173 -0.923880 0.543427
v -0.236475 -0.956940 0.360951
v -0.161878 -0.980785 0.163377
v -0.082277 -0.995185 -0.041664
v -0.046205 1.703456 -0.157678
v -0.091965 1.674094 -0.068733
v -0.136839 1.626788 0.020694
v -0.180396 1.563038 0.109747
v -0.222215 1.484453 0.197544
v -0.261894 1.392730 0.283139
v -0.299051 1.289617 0.365502
v -0.333328 1.176888 0.443530
v -0.364394 1.056319 0.516070
v -0.391952 0.929659 0.581960
v -0.415735 0.798612 0.640081
v -0.436329 0.664812 0.691062
v -0.459576 0.529812 0.746090
v -0.486187 0.395065 0.805646
v -0.515047 0.261916 0.860731
v -0.544601 0.131592 0.914554
v -0.573051 0.005200 0.966732
v -0.598517 -0.116275 1.013653
v -0.619162 -0.231973 1.051579
v -0.633269 -0.341149 1.076874
v -0.639294 -0.443174 1.086156
v -0.635893 -0.537523 1.076385
v -0.621941 -0.623766 1.044724
v -0.596564 -0.701560 0.989252
v -0.559178 -0.770637 0.908532
v -0.509544 -0.830794 0.801891
v -0.447829 -0.881879 0.669429
v -0.374686 -0.923880 0.513156
v -0.291295 -0.956940 0.336952
v -0.199405 -0.980785 0.146567
v -0.101350 -0.995185 -0.050433
v -0.054455 1.703456 -0.162556
v -0.108386 1.674094 -0.078314
v -0.161274 1.626788 0.006615
v -0.212607 1.563038 0.091402
v -0.261894 1.484453 0.175190
v -0.308658 1.392730 0.257052
v -0.352450 1.289617 0.335977
v -0.392848 1.176888 0.410878
v -0.429461 1.056319 0.480619
v -0.461940 0.929659 0.544052
v -0.489969 0.798612 0.600068
v -0.514241 0.664812 0.649240
v -0.541638 0.529812 0.702238
v -0.573001 0.395065 0.759483
v -0.607014 0.261916 0.812079
v -0.641846 0.131592 0.863367
v -0.675376 0.005200 0.913116
v -0.705390 -0.116275 0.957871
v -0.729720 -0.231973 0.994046
v -0.746346 -0.341149 1.018146
v -0.753448 -0.443174 1.026918
v -0.749439 -0.537523 1.017271
v -0.732996 -0.623766 0.986578
v -0.703088 -0.701560 0.933100
v -0.659026 -0.770637 0.855402
v -0.600529 -0.830794 0.752872
v -0.527795 -0.881879 0.626027
v -0.441591 -0.923880 0.476785
v -0.343309 -0.956940 0.308140
v -0.235011 -0.980785 0.126391
v -0.119447 -0.995185 -0.060963
v -0.062181 1.703456 -0.168205
v -0.123764 1.674094 -0.089407
v -0.184155 1.626788 -0.009684
v -0.242772 1.563038 0.070165
v -0.299051 1.484453 0.149287
v -0.352450 1.392730 0.226767
v -0.402455 1.289617 0.301673
v -0.448584 1.176888 0.372937
v -0.490392 1.056319 0.439441
v -0.527479 0.929659 0.500054
v -0.559485 0.798612 0.553613
v -0.587200 0.664812 0.600660
v -0.618485 0.529812 0.651268
v -0.654297 0.395065 0.705718
v -0.693136 0.261916 0.755382
v -0.732910 0.131592 0.803583
v -0.771197 0.005200 0.850348
v -0.805469 -0.116275 0.892495
v -0.833251 -0.231973 0.926642
v -0.852236 -0.341149 0.949471
v -0.860345 -0.443174 0.957628
v -0.855768 -0.537523 0.948041
v -0.836991 -0.623766 0.918338
v -0.802841 -0.701560 0.867338
v -0.752527 -0.770637 0.793552
v -0.685730 -0.830794 0.695912
v -0.602677 -0.881879 0.575260
v -0.504243 -0.923880 0.433624
v -0.392017 -0.956940 0.274759
v -0.268354 -0.980785 0.103030
v -0.136394 -0.995185 -0.073156
v 0.000000 -1.000000 -0.245259
v -0.069309 1.703456 -0.174571
v -0.137950 1.674094 -0.101907
v -0.205262 1.626788 -0.028135
v -0.270598 1.563038 0.045959
v -0.333328 1.484453 0.119720
v -0.392848 1.392730 0.192262
v -0.448584 1.289617 0.262618
v -0.500000 1.176888 0.329741
v -0.546601 1.056319 0.392535
v -0.587938 0.929659 0.449893
v -0.623612 0.798612 0.500742
v -0.654504 0.664812 0.545474
v -0.689375 0.529812 0.593211
v -0.729292 0.395065 0.644428
v -0.772583 0.261916 0.690714
v -0.816915 0.131592 0.735437
v -0.859591 0.005200 0.778852
v -0.897791 -0.116275 0.818016
v -0.928758 -0.231973 0.849765
v -0.949919 -0.341149 0.871003
v -0.958957 -0.443174 0.878626
v -0.953855 -0.537523 0.868630
v -0.932927 -0.623766 0.840337
v -0.894861 -0.701560 0.792085
v -0.838781 -0.770637 0.722529
v -0.764328 -0.830794 0.631363
v -0.671755 -0.881879 0.517893
v -0.562038 -0.923880 0.384846
v -0.436950 -0.956940 0.236059
v -0.299112 -0.980785 0.076701
v -0.152027 -0.995185 -0.086894
v -0.075768 1.703456 -0.181594
v -0.150807 1.674094 -0.115744
v -0.224393 1.626788 -0.048685
v -0.295818 1.563038 0.019190
v -0.364394 1.484453 0.087097
v -0.429462 1.392730 0.154180
v -0.490393 1.289617 0.219493
v -0.546601 1.176888 0.282017
v -0.597545 1.056319 0.340681
v -0.642735 0.929659 0.394403
v -0.681734 0.798612 0.442136
v -0.715505 0.664813 0.484174
v -0.753626 0.529812 0.528797
v -0.797264 0.395065 0.576447
v -0.844589 0.261916 0.618914
v -0.893053 0.131592 0.659693
v -0.939706 0.005200 0.699295
v -0.981466 -0.116275 0.735046
v -1.015320 -0.231973 0.764035
v -1.038453 -0.341149 0.783406
v -1.048334 -0.443174 0.789845
v -1.042756 -0.537523 0.779374
v -1.019877 -0.623766 0.752745
v -0.978264 -0.701560 0.707838
v -0.916957 -0.770637 0.643532
v -0.835565 -0.830794 0.558575
v -0.734364 -0.881879 0.454284
v -0.614421 -0.923880 0.330956
v -0.477674 -0.956940 0.193350
v -0.326990 -0.980785 0.047173
v -0.166196 -0.995185 -0.102046
v -0.081498 1.703456 -0.189205
v -0.162212 1.674094 -0.130909
v -0.241363 1.626788 -0.070957
v -0.318189 1.563038 -0.009826
v -0.391952 1.484453 0.051727
v -0.461940 1.392730 0.112872
v -0.527479 1.289617 0.172692
v -0.587938 1.176888 0.230194
v -0.642734 1.056319 0.284337
v -0.691342 0.929659 0.334066
v -0.733290 0.798612 0.378367
v -0.769615 0.664813 0.417432
v -0.810619 0.529812 0.458619
v -0.857557 0.395065 0.502327
v -0.908461 0.261916 0.540547
v -0.960590 0.131592 0.576930
v -1.010772 0.005200 0.612267
v -1.055690 -0.116275 0.644182
v -1.092104 -0.231973 0.670049
v -1.116986 -0.341149 0.687291
v -1.127614 -0.443174 0.691056
v -1.121615 -0.537523 0.680964
v -1.097006 -0.623766 0.656243
v -1.052245 -0.701560 0.615431
v -0.986302 -0.770637 0.556462
v -0.898755 -0.830794 0.479398
v -0.789901 -0.881879 0.383788
v -0.660887 -0.923880 0.272436
v -0.513798 -0.956940 0.147033
v -0.351719 -0.980785 0.014720
v -0.178765 -0.995185 -0.118468
v -0.086443 1.703456 -0.197331
v -0.172054 1.674094 -0.147101
v -0.256008 1.626788 -0.094737
v -0.337496 1.563038 -0.040813
v -0.415735 1.484453 0.013942
v -0.489969 1.392730 0.068700
v -0.559485 1.289617 0.122587
v -0.623612 1.176888 0.174703
v -0.681734 1.056319 0.224008
v -0.733291 0.929659 0.269418
v -0.777785 0.798612 0.309994
v -0.816314 0.664813 0.345824
v -0.859805 0.529812 0.383278
v -0.909592 0.395065 0.422690
v -0.963585 0.261916 0.456260
v -1.018877 0.131592 0.487817
v -1.072103 0.005200 0.518326
v -1.119747 -0.116275 0.545829
v -1.158370 -0.231973 0.568190
v -1.184762 -0.341149 0.582403
v -1.196035 -0.443174 0.583672
v -1.189672 -0.537523 0.574255
v -1.163569 -0.623766 0.551877
v -1.116093 -0.701560 0.515027
v -1.046149 -0.770637 0.462695
v -0.953289 -0.830794 0.393534
v -0.837830 -0.881879 0.308364
v -0.700988 -0.923880 0.208554
v -0.544974 -0.956940 0.097544
v -0.373060 -0.980785 -0.019933
v -0.189612 -0.995185 -0.136003
v -0.090556 1.703456 -0.205925
v -0.180240 1.674094 -0.164164
v -0.268188 1.626788 -0.119798
v -0.353553 1.563038 -0.073663
v -0.435514 1.484453 -0.026345
v -0.513280 1.392730 0.021560
v -0.586103 1.289617 0.069171
v -0.653281 1.176888 0.115540
v -0.714168 1.056319 0.159682
v -0.768178 0.929659 0.200609
v -0.814789 0.798612 0.237375
v -0.855151 0.664813 0.269963
v -0.900711 0.529812 0.303437
v -0.952866 0.395065 0.338184
v -1.009428 0.261916 0.366382
v -1.067351 0.131592 0.392728
v -1.123109 0.005200 0.418141
v -1.173020 -0.116275 0.441062
v -1.213480 -0.231973 0.459672
v -1.241128 -0.341149 0.468632
v -1.252938 -0.443174 0.468872
v -1.246272 -0.537523 0.460044
v -1.218927 -0.623766 0.440438
v -1.169192 -0.701560 0.408335
v -1.095920 -0.770637 0.362326
v -0.998643 -0.830794 0.302261
v -0.877690 -0.881879 0.228147
v -0.734338 -0.923880 0.140934
v -0.570902 -0.956940 0.045171
v -0.390809 -0.980785 -0.056454
v -0.198633 -0.995185 -0.154621
v -0.093796 1.703456 -0.214983
v -0.186690 1.674094 -0.181935
v -0.277785 1.626788 -0.146071
v -0.366205 1.563038 -0.108156
v -0.451098 1.484453 -0.068394
v -0.531648 1.392730 -0.027562
v -0.607076 1.289617 0.013483
v -0.676659 1.176888 0.053827
v -0.739725 1.056319 0.092519
v -0.795667 0.929659 0.128612
v -0.843946 0.798612 0.161201
v -0.885752 0.664813 0.190153
v -0.932943 0.529812 0.219625
v -0.986964 0.395065 0.247643
v -1.045550 0.261916 0.272106
v -1.105546 0.131592 0.292914
v -1.163299 0.005200 0.312904
v -1.214996 -0.116275 0.330893
v -1.256904 -0.231973 0.343916
v -1.285542 -0.341149 0.348810
v -1.297774 -0.443174 0.347995
v -1.290869 -0.537523 0.339846
v -1.262546 -0.623766 0.322840
v -1.211031 -0.701560 0.295628
v -1.135138 -0.770637 0.257170
v -1.034379 -0.830794 0.206250
v -0.909098 -0.881879 0.143361
v -0.760616 -0.923880 0.070452
v -0.591332 -0.956940 -0.010684
v -0.404794 -0.980785 -0.094491
v -0.205741 -0.995185 -0.174501
v -0.096134 1.703456 -0.224316
v -0.191342 1.674094 -0.200241
v -0.284707 1.626788 -0.173351
v -0.375330 1.563038 -0.143692
v -0.462339 1.484453 -0.111873
v -0.544895 1.392730 -0.078513
v -0.622204 1.289617 -0.044302
v -0.693520 1.176888 -0.010161
v -0.758157 1.056319 0.022970
v -0.815493 0.929659 0.054170
v -0.864975 0.798612 0.082447
v -0.907823 0.664813 0.107586
v -0.956190 0.529812 0.130633
v -1.011557 0.395065 0.152638
v -1.071603 0.261916 0.174358
v -1.133094 0.131592 0.189316
v -1.192286 0.005200 0.203540
v -1.245271 -0.116275 0.216125
v -1.288224 -0.231973 0.221812
v -1.317575 -0.341149 0.224093
v -1.330112 -0.443174 0.222285
v -1.323035 -0.537523 0.215026
v -1.294006 -0.623766 0.200807
v -1.241208 -0.701560 0.178538
v -1.163423 -0.770637 0.147207
v -1.060153 -0.830794 0.106256
v -0.931751 -0.881879 0.055945
v -0.779569 -0.923880 -0.003336
v -0.606066 -0.956940 -0.068229
v -0.414881 -0.980785 -0.133681
v -0.210868 -0.995185 -0.194982
v -0.097545 1.703456 -0.233832
v -0.194151 1.674094 -0.218971
v -0.288887 1.626788 -0.201167
v -0.380840 1.563038 -0.180241
v -0.469127 1.484453 -0.156634
v -0.552895 1.392730 -0.130786
v -0.631338 1.289617 -0.103552
v -0.703702 1.176888 -0.075822
v -0.769288 1.056319 -0.048500
v -0.827466 0.929659 -0.022467
v -0.877674 0.798612 0.001454
v -0.921151 0.664813 0.020443
v -0.970228 0.529812 0.037946
v -1.026409 0.395065 0.054678
v -1.087336 0.261916 0.071153
v -1.149729 0.131592 0.082577
v -1.209791 0.005200 0.090831
v -1.263554 -0.116275 0.095334
v -1.307137 -0.231973 0.096258
v -1.336919 -0.341149 0.095737
v -1.349640 -0.443174 0.092739
v -1.342460 -0.537523 0.086195
v -1.313004 -0.623766 0.075024
v -1.259431 -0.701560 0.058177
v -1.180504 -0.770637 0.034752
v -1.075718 -0.830794 0.003643
v -0.945431 -0.881879 -0.034747
v -0.791015 -0.923880 -0.079170
v -0.614964 -0.956940 -0.126912
v -0.420972 -0.980785 -0.173978
v -0.213964 -0.995185 -0.215867
v -0.098017 1.703456 -0.243441
v -0.195090 1.674094 -0.238105
v -0.290285 1.626788 -0.229312
v -0.382683 1.563038 -0.217331
v -0.471396 1.484453 -0.202081
v -0.555571 1.392730 -0.184054
v -0.634393 1.289617 -0.163918
v -0.707107 1.176888 -0.142607
v -0.773010 1.056319 -0.121038
v -0.831470 0.929659 -0.100408
v -0.881921 0.798612 -0.083741
v -0.925608 0.664813 -0.069728
v -0.974923 0.529812 -0.057022
v -1.031375 0.395065 -0.045370
v -1.092597 0.261916 -0.034825
v -1.155292 0.131592 -0.025893
v -1.215645 0.005200 -0.024179
v -1.269668 -0.116275 -0.027919
v -1.313462 -0.231973 -0.031199
v -1.343388 -0.341149 -0.034589
v -1.356170 -0.443174 -0.038800
v -1.348955 -0.537523 -0.044627
v -1.319358 -0.623766 -0.052933
v -1.265524 -0.701560 -0.064616
v -1.186216 -0.770637 -0.080513
v -1.080923 -0.830794 -0.101192
v -0.950005 -0.881879 -0.126617
v -0.794842 -0.923880 -0.155744
v -0.617940 -0.956940 -0.186607
v -0.423009 -0.980785 -0.215532
v -0.214999 -0.995185 -0.236956
v -0.097545 1.703456 -0.253050
v -0.194151 1.674094 -0.257239
v -0.288887 1.626788 -0.257802
v -0.380840 1.563038 -0.254678
v -0.469127 1.484453 -0.247889
v -0.552895 1.392730 -0.237811
v -0.631338 1.289617 -0.224811
v -0.703702 1.176888 -0.210055
v -0.769288 1.056319 -0.195495
v -0.827466 0.929659 -0.182339
v -0.877674 0.798612 -0.170745
v -0.921151 0.664813 -0.161108
v -0.970228 0.529812 -0.153024
v -1.026409 0.395065 -0.147007
v -1.087336 0.261916 -0.142097
v -1.149729 0.131592 -0.138306
v -1.209791 0.005200 -0.142947
v -1.263554 -0.116275 -0.151923
v -1.307137 -0.231973 -0.159443
v -1.336919 -0.341149 -0.165716
v -1.349640 -0.443174 -0.171126
v -1.342460 -0.537523 -0.176181
v -1.313004 -0.623766 -0.181504
v -1.259431 -0.701560 -0.187872
v -1.180504 -0.770637 -0.196027
v -1.075718 -0.830794 -0.206489
v -0.945431 -0.881879 -0.219311
v -0.791014 -0.923880 -0.233649
v -0.614964 -0.956940 -0.247407
v -0.420972 -0.980785 -0.257086
v -0.213964 -0.995185 -0.258044
v -0.096134 1.703456 -0.262566
v -0.191342 1.674094 -0.276188
v -0.284707 1.626788 -0.286017
v -0.375330 1.563038 -0.291962
v -0.462339 1.484453 -0.294099
v -0.544896 1.392730 -0.292303
v -0.622204 1.289617 -0.287344
v -0.693520 1.176888 -0.280187
v -0.758157 1.056319 -0.272124
v -0.815493 0.929659 -0.264692
v -0.864975 0.798612 -0.258155
v -0.907823 0.664813 -0.252594
v -0.956190 0.529812 -0.249573
v -1.011557 0.395065 -0.248827
v -1.071603 0.261916 -0.249840
v -1.133093 0.131592 -0.253414
v -1.192286 0.005200 -0.262046
v -1.245271 -0.116275 -0.275848
v -1.288224 -0.231973 -0.287727
v -1.317575 -0.341149 -0.296999
v -1.330112 -0.443174 -0.303731
v -1.323035 -0.537523 -0.308159
v -1.294007 -0.623766 -0.310672
v -1.241208 -0.701560 -0.311799
v -1.163423 -0.770637 -0.312122
v -1.060153 -0.830794 -0.312107
v -0.931751 -0.881879 -0.312070
v -0.779569 -0.923880 -0.311199
v -0.606066 -0.956940 -0.307623
v -0.414881 -0.980785 -0.298240
v -0.210868 -0.995185 -0.278930
v -0.093796 1.703456 -0.271899
v -0.186690 1.674094 -0.294771
v -0.277785 1.626788 -0.313970
v -0.366205 1.563038 -0.329084
v -0.451098 1.484453 -0.339922
v -0.531648 1.392730 -0.346881
v -0.607076 1.289617 -0.350368
v -0.676659 1.176888 -0.351220
v -0.739725 1.056319 -0.350073
v -0.795667 0.929659 -0.347508
v -0.843946 0.798612 -0.344929
v -0.885752 0.664813 -0.343785
v -0.932943 0.529812 -0.345349
v -0.986964 0.395065 -0.350077
v -1.045550 0.261916 -0.356980
v -1.105546 0.131592 -0.369787
v -1.163299 0.005200 -0.383928
v -1.214996 -0.116275 -0.398466
v -1.256904 -0.231973 -0.414678
v -1.285542 -0.341149 -0.426945
v -1.297774 -0.443174 -0.435034
v -1.290870 -0.537523 -0.438917
v -1.262547 -0.623766 -0.438757
v -1.211031 -0.701560 -0.434895
v -1.135138 -0.770637 -0.427772
v -1.034379 -0.830794 -0.417767
v -0.909098 -0.881879 -0.404920
v -0.760616 -0.923880 -0.388583
v -0.591332 -0.956940 -0.367108
v -0.404794 -0.980785 -0.338598
v -0.205741 -0.995185 -0.299411
v -0.090556 1.703456 -0.280957
v -0.180240 1.674094 -0.313018
v -0.268188 1.626788 -0.341315
v -0.353553 1.563038 -0.365160
v -0.435514 1.484453 -0.384982
v -0.513280 1.392730 -0.400558
v -0.586103 1.289617 -0.412328
v -0.653281 1.176888 -0.420809
v -0.714168 1.056319 -0.426549
v -0.768178 0.929659 -0.430336
v -0.814789 0.798612 -0.432378
v -0.855150 0.664813 -0.433548
v -0.900711 0.529812 -0.439482
v -0.952866 0.395065 -0.449621
v -1.009428 0.261916 -0.463884
v -1.067351 0.131592 -0.484052
v -1.123109 0.005200 -0.503311
v -1.173020 -0.116275 -0.520803
v -1.213480 -0.231973 -0.539206
v -1.241128 -0.341149 -0.554465
v -1.252938 -0.443174 -0.563912
v -1.246272 -0.537523 -0.567252
v -1.218928 -0.623766 -0.564411
v -1.169192 -0.701560 -0.555508
v -1.095920 -0.770637 -0.540791
v -0.998643 -0.830794 -0.520482
v -0.877690 -0.881879 -0.495344
v -0.734338 -0.923880 -0.464453
v -0.570902 -0.956940 -0.426262
v -0.390809 -0.980785 -0.378331
v -0.198633 -0.995185 -0.319290
v -0.086443 1.703456 -0.289654
v -0.172054 1.674094 -0.330676
v -0.256008 1.626788 -0.367573
v -0.337496 1.563038 -0.400346
v -0.415735 1.484453 -0.428567
v -0.489970 1.392730 -0.452430
v -0.559485 1.289617 -0.472200
v -0.623612 1.176888 -0.488208
v -0.681734 1.056319 -0.500831
v -0.733291 0.929659 -0.510468
v -0.777785 0.798612 -0.517513
v -0.816313 0.664813 -0.523035
v -0.859805 0.529812 -0.532310
v -0.909591 0.395065 -0.546470
v -0.963584 0.261916 -0.568882
v -1.018877 0.131592 -0.594800
v -1.072103 0.005200 -0.619465
v -1.119747 -0.116275 -0.641371
v -1.158370 -0.231973 -0.659885
v -1.184762 -0.341149 -0.678070
v -1.196035 -0.443174 -0.688837
v -1.189672 -0.537523 -0.691628
v -1.163570 -0.623766 -0.686127
v -1.116093 -0.701560 -0.672280
v -1.046149 -0.770637 -0.650688
v -0.953289 -0.830794 -0.621098
v -0.837830 -0.881879 -0.583417
v -0.700988 -0.923880 -0.537325
v -0.544974 -0.956940 -0.483078
v -0.373060 -0.980785 -0.417340
v -0.189612 -0.995185 -0.338377
v -0.081498 1.703456 -0.297905
v -0.162212 1.674094 -0.347433
v -0.241363 1.626788 -0.392652
v -0.318189 1.563038 -0.433747
v -0.391952 1.484453 -0.470291
v -0.461940 1.392730 -0.502175
v -0.527479 1.289617 -0.529529
v -0.587938 1.176888 -0.552566
v -0.642735 1.056319 -0.571563
v -0.691342 0.929659 -0.586837
v -0.733290 0.798612 -0.598954
v -0.769615 0.664813 -0.608855
v -0.810619 0.529812 -0.622654
v -0.857557 0.395065 -0.641212
v -0.908461 0.261916 -0.669398
v -0.960590 0.131592 -0.700918
v -1.010772 0.005200 -0.730901
v -1.055690 -0.116275 -0.757485
v -1.092103 -0.231973 -0.778980
v -1.116986 -0.341149 -0.796798
v -1.127614 -0.443174 -0.808820
v -1.121615 -0.537523 -0.811044
v -1.097006 -0.623766 -0.803266
v -1.052245 -0.701560 -0.785074
v -0.986302 -0.770637 -0.756294
v -0.898755 -0.830794 -0.716852
v -0.789900 -0.881879 -0.667908
v -0.660887 -0.923880 -0.608137
v -0.513798 -0.956940 -0.537012
v -0.351719 -0.980785 -0.454374
v -0.178765 -0.995185 -0.356487
v -0.075768 1.703456 -0.305751
v -0.150807 1.674094 -0.363129
v -0.224393 1.626788 -0.416427
v -0.295818 1.563038 -0.465261
v -0.364394 1.484453 -0.509426
v -0.429462 1.392730 -0.548829
v -0.490393 1.289617 -0.583348
v -0.546601 1.176888 -0.613151
v -0.597545 1.056319 -0.638366
v -0.642735 0.929659 -0.659220
v -0.681734 0.798612 -0.675970
v -0.715505 0.664813 -0.689814
v -0.753625 0.529812 -0.707956
v -0.797264 0.395065 -0.731438
v -0.844589 0.261916 -0.764881
v -0.893053 0.131592 -0.801360
v -0.939706 0.005200 -0.836439
v -0.981466 -0.116275 -0.867580
v -1.015319 -0.231973 -0.892729
v -1.038453 -0.341149 -0.910114
v -1.048334 -0.443174 -0.922944
v -1.042757 -0.537523 -0.924865
v -1.019877 -0.623766 -0.914684
v -0.978263 -0.701560 -0.891833
v -0.916957 -0.770637 -0.856256
v -0.835565 -0.830794 -0.808498
v -0.734364 -0.881879 -0.747592
v -0.614421 -0.923880 -0.674829
v -0.477674 -0.956940 -0.588372
v -0.326990 -0.980785 -0.489075
v -0.166196 -0.995185 -0.373933
v -0.069309 1.703456 -0.313034
v -0.137950 1.674094 -0.377614
v -0.205262 1.626788 -0.438375
v -0.270598 1.563038 -0.494653
v -0.333328 1.484453 -0.546116
v -0.392848 1.392730 -0.592522
v -0.448584 1.289617 -0.633733
v -0.500000 1.176888 -0.669726
v -0.546601 1.056319 -0.700574
v -0.587938 0.929659 -0.726434
v -0.623612 0.798612 -0.747508
v -0.654504 0.664813 -0.765083
v -0.689374 0.529812 -0.787338
v -0.729292 0.395065 -0.815497
v -0.772583 0.261916 -0.853972
v -0.816915 0.131592 -0.895564
v -0.859590 0.005200 -0.935236
v -0.897790 -0.116275 -0.970504
v -0.928758 -0.231973 -0.999153
v -0.949918 -0.341149 -1.018978
v -0.958957 -0.443174 -1.030326
v -0.953856 -0.537523 -1.031686
v -0.932927 -0.623766 -1.019051
v -0.894861 -0.701560 -0.991873
v -0.838781 -0.770637 -0.950300
v -0.764328 -0.830794 -0.893377
v -0.671755 -0.881879 -0.822694
v -0.562038 -0.923880 -0.736470
v -0.436950 -0.956940 -0.636579
v -0.299112 -0.980785 -0.521110
v -0.152027 -0.995185 -0.390270
v -0.062181 1.703456 -0.319638
v -0.123764 1.674094 -0.390747
v -0.184155 1.626788 -0.458284
v -0.242772 1.563038 -0.521329
v -0.299051 1.484453 -0.579438
v -0.352450 1.392730 -0.632262
v -0.402455 1.289617 -0.679565
v -0.448584 1.176888 -0.721234
v -0.490393 1.056319 -0.757266
v -0.527479 0.929659 -0.787749
v -0.559485 0.798612 -0.812831
v -0.587199 0.664813 -0.833880
v -0.618484 0.529812 -0.859963
v -0.654297 0.395065 -0.892490
v -0.693136 0.261916 -0.935661
v -0.732909 0.131592 -0.982031
v -0.771197 0.005200 -1.026281
v -0.805468 -0.116275 -1.065624
v -0.833251 -0.231973 -1.097500
v -0.852236 -0.341149 -1.119635
v -0.860345 -0.443174 -1.130087
v -0.855768 -0.537523 -1.130512
v -0.836992 -0.623766 -1.115435
v -0.802840 -0.701560 -1.084449
v -0.752527 -0.770637 -1.036409
v -0.685730 -0.830794 -0.972320
v -0.602677 -0.881879 -0.891053
v -0.504242 -0.923880 -0.793775
v -0.392017 -0.956940 -0.680373
v -0.268354 -0.980785 -0.550169
v -0.136394 -0.995185 -0.405091
v -0.054455 1.703456 -0.325498
v -0.108386 1.674094 -0.402567
v -0.161274 1.626788 -0.475963
v -0.212607 1.563038 -0.545032
v -0.261894 1.484453 -0.609068
v -0.308659 1.392730 -0.667628
v -0.352450 1.289617 -0.720389
v -0.392847 1.176888 -0.767159
v -0.429461 1.056319 -0.807864
v -0.514240 0.664813 -0.895572
v -0.541638 0.529812 -0.925047
v -0.573001 0.395065 -0.961571
v -0.607014 0.261916 -1.009033
v -0.641846 0.131592 -1.059779
v -0.675376 0.005200 -1.108243
v -0.705389 -0.116275 -1.151356
v -0.729720 -0.231973 -1.186291
v -0.746346 -0.341149 -1.210532
v -0.753448 -0.443174 -1.222053
v -0.749440 -0.537523 -1.220352
v -0.732996 -0.623766 -1.202992
v -0.703087 -0.701560 -1.167969
v -0.659026 -0.770637 -1.114806
v -0.600529 -0.830794 -1.042867
v -0.527794 -0.881879 -0.952928
v -0.441590 -0.923880 -0.845111
v -0.343309 -0.956940 -0.719324
v -0.235011 -0.980785 -0.576283
v -0.119447 -0.995185 -0.418254
v -0.046205 1.703456 -0.330559
v -0.091965 1.674094 -0.412851
v -0.136839 1.626788 -0.491429
v -0.180396 1.563038 -0.565594
v -0.222215 1.484453 -0.634716
v -0.261894 1.392730 -0.698270
v -0.299051 1.289617 -0.755796
v -0.333328 1.176888 -0.807085
v -0.364395 1.056319 -0.851976
v -0.459575 0.529812 -0.982190
v -0.486187 0.395065 -1.022077
v -0.515047 0.261916 -1.073237
v -0.544601 0.131592 -1.127890
v -0.573051 0.005200 -1.180133
v -0.598517 -0.116275 -1.226644
v -0.619161 -0.231973 -1.264353
v -0.633268 -0.341149 -1.290517
v -0.639294 -0.443174 -1.303051
v -0.635893 -0.537523 -1.300149
v -0.621941 -0.623766 -1.280456
v -0.596564 -0.701560 -1.241803
v -0.559178 -0.770637 -1.183299
v -0.509544 -0.830794 -1.105234
v -0.447829 -0.881879 -1.007255
v -0.374686 -0.923880 -0.889667
v -0.291295 -0.956940 -0.753051
v -0.199405 -0.980785 -0.599502
v -0.101350 -0.995185 -0.429633
v -0.037509 1.703456 -0.334773
v -0.074658 1.674094 -0.421420
v -0.111087 1.626788 -0.504426
v -0.146446 1.563038 -0.583022
v -0.180396 1.484453 -0.656504
v -0.212608 1.392730 -0.724271
v -0.242772 1.289617 -0.785853
v -0.270598 1.176888 -0.840926
v -0.295818 1.056319 -0.889293
v -0.354215 0.664813 -0.995205
v -0.373087 0.529812 -1.030477
v -0.394690 0.395065 -1.073502
v -0.418119 0.261916 -1.127923
v -0.485881 -0.116275 -1.290612
v -0.502640 -0.231973 -1.330768
v -0.514092 -0.341149 -1.358737
v -0.518984 -0.443174 -1.371973
v -0.516223 -0.537523 -1.368398
v -0.504896 -0.623766 -1.346589
v -0.484295 -0.701560 -1.304763
v -0.453945 -0.770637 -1.242056
v -0.413651 -0.830794 -1.158076
v -0.363551 -0.881879 -1.052888
v -0.304173 -0.923880 -0.926980
v -0.236475 -0.956940 -0.782076
v -0.161878 -0.980785 -0.618900
v -0.082276 -0.995185 -0.439116
v -0.028453 1.703456 -0.338097
v -0.056632 1.674094 -0.428191
v -0.084265 1.626788 -0.514711
v -0.111087 1.563038 -0.596833
v -0.136839 1.484453 -0.673798
v -0.161274 1.392730 -0.744952
v -0.184155 1.289617 -0.809776
v -0.205262 1.176888 -0.867898
v -0.224393 1.056319 -0.919079
v -0.268690 0.664813 -1.031715
v -0.283005 0.529812 -1.069223
v -0.299392 0.395065 -1.114837
v -0.381278 -0.231973 -1.384717
v -0.389965 -0.341149 -1.414014
v -0.393675 -0.443174 -1.427794
v -0.391581 -0.537523 -1.423772
v -0.382989 -0.623766 -1.400249
v -0.367362 -0.701560 -1.355768
v -0.344340 -0.770637 -1.289272
v -0.313776 -0.830794 -1.200400
v -0.275772 -0.881879 -1.089583
v -0.230730 -0.923880 -0.957570
v -0.179378 -0.956940 -0.805300
v -0.122793 -0.980785 -0.634281
v -0.062411 -0.995185 -0.446611
v -0.019122 1.703456 -0.340501
v -0.038060 1.674094 -0.433098
v -0.056632 1.626788 -0.522182
v -0.074658 1.563038 -0.606887
v -0.091965 1.484453 -0.686414
v -0.108386 1.392730 -0.760071
v -0.123764 1.289617 -0.827300
v -0.137950 1.176888 -0.887694
v -0.150807 1.056319 -0.940981
v -0.162212 0.929659 -0.987010
v -0.172054 0.798612 -1.025717
v -0.180577 0.664813 -1.058693
v -0.190198 0.529812 -1.097904
v -0.201211 0.395065 -1.145499
v -0.256243 -0.231973 -1.425061
v -0.262082 -0.341149 -1.455384
v -0.264575 -0.443174 -1.469581
v -0.263168 -0.537523 -1.465262
v -0.257394 -0.623766 -1.440509
v -0.246891 -0.701560 -1.393913
v -0.231419 -0.770637 -1.324604
v -0.210878 -0.830794 -1.232280
v -0.185337 -0.881879 -1.117190
v -0.155066 -0.923880 -0.980115
v -0.120554 -0.956940 -0.822303
v -0.082525 -0.980785 -0.645488
v -0.041944 -0.995185 -0.452046
v -0.009607 1.703456 -0.341960
v -0.019122 1.674094 -0.436093
v -0.028453 1.626788 -0.526763
v -0.037509 1.563038 -0.613079
v -0.046205 1.484453 -0.694216
v -0.054455 1.392730 -0.769457
v -0.062181 1.289617 -0.838219
v -0.069308 1.176888 -0.900070
v -0.075768 1.056319 -0.954717
v -0.081499 0.929659 -1.001985
v -0.086443 0.798612 -1.041792
v -0.090725 0.664813 -1.075746
v -0.095559 0.529812 -1.116083
v -0.101092 0.395065 -1.164995
v -0.131675 -0.341149 -1.482031
v -0.132928 -0.443174 -1.496505
v -0.132221 -0.537523 -1.491979
v -0.129320 -0.623766 -1.466481
v -0.124043 -0.701560 -1.418570
v -0.116270 -0.770637 -1.347376
v -0.105949 -0.830794 -1.252626
v -0.093117 -0.881879 -1.134629
v -0.077908 -0.923880 -0.994258
v -0.060569 -0.956940 -0.832887
v -0.041462 -0.980785 -0.652403
v -0.021074 -0.995185 -0.455366
v 0.000000 1.563038 -0.615341
v 0.000000 1.392730 -0.772992
v 0.000000 1.289617 -0.842385
v 0.000000 1.176888 -0.904848
v 0.000000 1.056319 -0.960075
v 0.000000 0.929659 -1.007882
v 0.000000 0.395065 -1.172927
v 0.000000 -0.537523 -1.503224
v 0.000000 -0.623766 -1.477365
v 0.000000 -0.701560 -1.428830
v 0.000000 -0.770637 -1.356754
v 0.000000 -0.830794 -1.260889
v 0.000000 -0.881879 -1.141589
v 0.000000 -0.923880 -0.999781
v 0.000000 -0.980785 -0.654948
v 0.068326 -0.277363 -1.472456
v 0.017958 -0.271005 -1.472468
v 0.000000 -0.267170 -1.472022
v 0.125802 -0.283318 -1.472083
v 0.130121 -0.283295 -1.471920
v 0.000000 0.266644 -1.232044
v 0.020851 0.261915 -1.233423
v 0.036380 0.258396 -1.234580
v 0.091919 0.244239 -1.239502
v 0.064743 0.251449 -1.236953
v 0.108145 0.239619 -1.241191
v 0.139412 0.230486 -1.240812
v 0.129451 0.233495 -1.240883
v 0.219074 0.198854 -1.244031
v 0.215114 0.200528 -1.243821
v 0.222480 -0.283112 -1.456978
v 0.258734 -0.278533 -1.449799
v 0.244966 0.187852 -1.242387
v 0.334684 0.136460 -1.243376
v 0.328011 0.141371 -1.242745
v 0.311179 -0.272173 -1.432848
v 0.382893 -0.252268 -1.406325
v 0.341250 0.131592 -1.243265
v 0.397855 0.089610 -1.242066
v 0.462621 0.019351 -1.252182
v 0.452640 0.034347 -1.248443
v 0.450849 -0.220022 -1.366858
v 0.426463 -0.231973 -1.381972
v 0.493433 -0.168413 -1.327683
v 0.489088 -0.178917 -1.333858
v 0.388175 -0.250841 -1.403689
v 0.471965 0.005200 -1.254835
v 0.508859 -0.078035 -1.277078
v 0.489987 -0.022226 -1.258954
v 0.508766 -0.116275 -1.296578
v 0.508624 -0.130961 -1.303045
v -0.491596 0.131592 -1.157838
v -0.469923 0.173983 -1.146848
v -0.428443 0.214253 -1.148213
v -0.426715 0.215221 -1.148659
v -0.493858 0.127159 -1.158956
v -0.499296 0.075573 -1.183768
v -0.486068 0.021216 -1.220709
v -0.476933 0.005200 -1.234559
v -0.467890 -0.010567 -1.247613
v -0.317015 0.263033 -1.171526
v -0.320564 0.261916 -1.170521
v -0.370394 0.246262 -1.156972
v -0.454322 -0.033914 -1.264852
v -0.405085 -0.087749 -1.312615
v -0.368566 -0.116280 -1.342605
v -0.340082 -0.138263 -1.360534
v -0.328199 -0.145118 -1.367089
v -0.253622 -0.185623 -1.407325
v -0.298202 0.268832 -1.174704
v -0.214103 0.280955 -1.195455
v -0.211444 0.280994 -1.196274
v -0.158083 -0.225515 -1.442504
v -0.136718 -0.231973 -1.449394
v -0.156760 -0.226019 -1.442971
v -0.128805 -0.234327 -1.451686
v -0.134436 0.281881 -1.210996
v -0.119298 0.281643 -1.214088
v -0.106271 0.280146 -1.217349
v -0.110015 -0.239952 -1.454888
v -0.043896 -0.257449 -1.465497
v -0.064969 -0.252327 -1.462246
v -0.084577 -0.247159 -1.459106
v -0.011441 -0.264748 -1.470352
v -0.005778 0.267939 -1.230985
v -0.007289 0.268259 -1.230717
v 0.241256 0.930454 -0.969897
v 0.240728 0.929659 -0.970354
v 0.227562 0.911827 -0.979686
v 0.215912 0.853215 -1.001657
v 0.222215 0.809082 -1.014034
v 0.221412 0.890074 -0.988349
v 0.223677 0.803532 -1.015406
v 0.226265 0.798612 -1.016266
v 0.241961 0.764639 -1.021044
v 0.261614 0.739468 -1.022328
v 0.307660 0.989274 -0.919577
v 0.304421 0.988094 -0.921344
v 0.252887 0.950661 -0.957051
v 0.267456 0.968667 -0.943933
v 0.265743 0.733419 -1.022367
v 0.314692 0.692997 -1.014034
v 0.295134 0.705220 -1.018488
v 0.352504 0.678508 -1.002881
v 0.335856 0.682118 -1.008561
v 0.335856 1.000876 -0.899819
v 0.377031 0.998238 -0.879266
v 0.369810 0.999346 -0.882599
v 0.385891 0.667442 -0.988349
v 0.435351 0.671166 -0.960895
v 0.392775 0.666118 -0.985067
v 0.451657 0.969760 -0.842503
v 0.414347 0.993026 -0.856827
v 0.463590 0.675799 -0.940375
v 0.441024 0.671236 -0.957051
v 0.505981 0.710344 -0.900915
v 0.485135 0.690086 -0.921344
v 0.493525 0.929659 -0.827828
v 0.480960 0.948636 -0.828818
v 0.524770 0.881783 -0.821419
v 0.542048 0.803532 -0.838811
v 0.541326 0.798612 -0.841409
v 0.541033 0.796696 -0.842306
v 0.523119 0.725966 -0.881338
v 0.522124 0.724696 -0.882599
v -0.492286 0.929659 -0.817165
v -0.480230 0.947906 -0.818337
v -0.452023 0.968335 -0.831944
v -0.523730 0.881352 -0.809989
v -0.540840 0.803532 -0.826537
v -0.540114 0.798612 -0.829110
v -0.535713 0.769954 -0.842306
v -0.524458 0.725411 -0.866623
v -0.511908 0.709406 -0.882599
v -0.506947 0.705016 -0.888265
v -0.423257 0.988760 -0.842306
v -0.414766 0.994038 -0.845699
v -0.376808 0.999264 -0.869299
v -0.473558 0.672760 -0.921344
v -0.442342 0.664813 -0.945468
v -0.469362 0.670026 -0.925102
v -0.436517 0.663718 -0.949904
v -0.353762 0.668432 -0.994406
v -0.364028 0.664813 -0.989760
v -0.425408 0.660801 -0.957051
v -0.367228 0.663729 -0.988349
v -0.396174 0.657913 -0.974245
v -0.349112 1.003463 -0.882599
v -0.335856 1.003978 -0.889595
v -0.307186 0.991957 -0.910423
v -0.287892 0.984806 -0.921344
v -0.265725 0.972845 -0.935472
v -0.242470 0.943701 -0.957051
v -0.240054 0.939430 -0.959796
v -0.335856 0.672732 -1.000858
v -0.286716 0.701015 -1.014034
v -0.291553 0.696575 -1.013194
v -0.263009 0.724746 -1.017609
v -0.233701 0.929659 -0.965504
v -0.223640 0.915749 -0.972929
v -0.212842 0.877249 -0.988349
v -0.218968 0.798612 -1.011472
v -0.216861 0.803532 -1.010546
v -0.209658 0.855806 -0.996101
v -0.259791 0.727467 -1.017868
v -0.234316 0.761473 -1.016621
v -0.225517 0.781382 -1.014034
vn -0.0049 0.7642 -0.6449
vn 0.0518 0.8487 -0.5264
vn 0.0631 0.7646 -0.6414
vn -0.0009 -0.9948 -0.1022
vn 0.0047 -0.9988 -0.0481
vn -0.0002 -0.9988 -0.0484
vn -0.0068 0.6793 -0.7339
vn 0.0718 0.6798 -0.7299
vn -0.0000 -1.0000 -0.0006
vn -0.0086 0.5977 -0.8017
vn 0.0784 0.5984 -0.7974
vn 0.0349 0.2759 -0.9606
vn 0.0348 0.2759 -0.9605
vn 0.0958 0.2090 -0.9732
vn -0.0103 0.5212 -0.8534
vn 0.0835 0.5220 -0.8489
vn -0.0244 0.0463 -0.9986
vn 0.0978 0.0462 -0.9941
vn -0.0120 0.4502 -0.8928
vn 0.0873 0.4511 -0.8882
vn 0.0965 -0.1692 -0.9808
vn -0.0238 -0.1685 -0.9854
vn -0.0135 0.3844 -0.9230
vn 0.0903 0.3854 -0.9183
vn 0.0892 -0.4110 -0.9073
vn -0.0216 -0.4099 -0.9119
vn -0.0148 0.3232 -0.9462
vn 0.0926 0.3241 -0.9415
vn 0.0760 -0.6292 -0.7735
vn -0.0178 -0.6280 -0.7780
vn -0.0160 0.2711 -0.9624
vn 0.0942 0.2720 -0.9577
vn 0.0602 -0.7875 -0.6134
vn -0.0133 -0.7866 -0.6173
vn -0.0170 0.2694 -0.9629
vn 0.0942 0.2703 -0.9582
vn 0.0455 -0.8851 -0.4632
vn -0.0093 -0.8845 -0.4664
vn -0.0177 0.3175 -0.9481
vn 0.0928 0.3185 -0.9434
vn 0.0333 -0.9402 -0.3390
vn -0.0061 -0.9399 -0.3414
vn -0.0184 0.3822 -0.9239
vn 0.0905 0.3830 -0.9193
vn -0.0005 0.9791 -0.2036
vn -0.0001 1.0000 -0.0012
vn 0.0199 0.9791 -0.2025
vn 0.0237 -0.9701 -0.2416
vn -0.0037 -0.9700 -0.2433
vn 0.0348 0.4202 -0.9068
vn -0.0016 0.9241 -0.3822
vn 0.0374 0.9242 -0.3802
vn 0.0162 -0.9862 -0.1647
vn -0.0020 -0.9862 -0.1658
vn 0.0883 0.4328 -0.8972
vn 0.0341 0.4455 -0.8947
vn 0.0342 0.4454 -0.8947
vn -0.0031 0.8485 -0.5293
vn 0.0100 -0.9948 -0.1016
vn 0.2029 0.2726 -0.9405
vn 0.2038 0.2708 -0.9408
vn 0.0997 -0.8850 -0.4548
vn 0.2017 0.3187 -0.9262
vn 0.0722 -0.9401 -0.3331
vn 0.1978 0.3825 -0.9025
vn 0.0401 0.9791 -0.1995
vn 0.0507 -0.9701 -0.2374
vn 0.1938 0.4320 -0.8808
vn 0.0759 0.9242 -0.3743
vn 0.0341 -0.9862 -0.1619
vn 0.1409 0.4455 -0.8841
vn 0.1409 0.4456 -0.8841
vn 0.1060 0.8488 -0.5180
vn 0.0207 -0.9948 -0.0999
vn 0.1302 0.7648 -0.6310
vn 0.0096 -0.9988 -0.0474
vn 0.1493 0.6800 -0.7178
vn 0.1643 0.5987 -0.7839
vn 0.0943 0.2764 -0.9564
vn 0.1531 0.2756 -0.9490
vn 0.1760 0.5224 -0.8343
vn 0.2181 0.0459 -0.9749
vn 0.1853 0.4516 -0.8728
vn 0.2149 -0.1692 -0.9619
vn 0.1927 0.3860 -0.9022
vn 0.1984 -0.4109 -0.8898
vn 0.1985 0.3247 -0.9247
vn 0.1687 -0.6290 -0.7589
vn 0.1331 -0.7873 -0.6020
vn 0.3054 0.3183 -0.8975
vn 0.2998 0.3809 -0.8746
vn 0.0598 0.9791 -0.1945
vn 0.0770 -0.9700 -0.2308
vn 0.2943 0.4298 -0.8536
vn 0.1136 0.9242 -0.3647
vn 0.0515 -0.9862 -0.1574
vn 0.2446 0.4433 -0.8624
vn 0.2438 0.4437 -0.8624
vn 0.1590 0.8487 -0.5044
vn 0.0311 -0.9948 -0.0972
vn 0.1956 0.7647 -0.6140
vn 0.0144 -0.9988 -0.0462
vn 0.2246 0.6800 -0.6980
vn 0.2474 0.5988 -0.7618
vn 0.2135 0.2083 -0.9545
vn 0.2143 0.2755 -0.9371
vn 0.2658 0.2742 -0.9242
vn 0.2654 0.5226 -0.8102
vn 0.3309 0.0452 -0.9426
vn 0.2796 0.4519 -0.8471
vn 0.3261 -0.1688 -0.9302
vn 0.2911 0.3862 -0.8753
vn 0.3010 -0.4099 -0.8611
vn 0.2669 0.3545 -0.8962
vn 0.2559 -0.6276 -0.7353
vn 0.2527 0.2952 -0.9214
vn 0.2533 0.2952 -0.9212
vn 0.2018 -0.7863 -0.5840
vn 0.2580 0.2501 -0.9332
vn 0.2769 0.2501 -0.9278
vn 0.1511 -0.8844 -0.4415
vn 0.3085 0.2709 -0.9118
vn 0.1095 -0.9399 -0.3235
vn 0.3875 0.4267 -0.8172
vn 0.3866 0.4378 -0.8117
vn 0.1500 0.9241 -0.3514
vn 0.2099 0.8486 -0.4857
vn 0.0411 -0.9948 -0.0936
vn 0.3425 0.4367 -0.8318
vn 0.3435 0.4361 -0.8318
vn 0.2583 0.7645 -0.5906
vn 0.0190 -0.9988 -0.0445
vn 0.2965 0.6799 -0.6707
vn 0.3587 0.3583 -0.8619
vn 0.4121 0.3142 -0.8553
vn 0.3586 0.3583 -0.8620
vn 0.3266 0.5987 -0.7314
vn 0.3240 0.2067 -0.9232
vn 0.3271 0.2735 -0.9045
vn 0.3696 0.2724 -0.8883
vn 0.3502 0.5226 -0.7773
vn 0.4342 0.0443 -0.8997
vn 0.3689 0.4521 -0.8121
vn 0.4279 -0.1681 -0.8881
vn 0.3836 0.3864 -0.8388
vn 0.3948 -0.4079 -0.8233
vn 0.3444 0.3545 -0.8693
vn 0.3440 0.3553 -0.8692
vn 0.3356 -0.6259 -0.7040
vn 0.2654 -0.7849 -0.5600
vn 0.3608 0.2498 -0.8986
vn 0.3608 0.2499 -0.8986
vn 0.1991 -0.8836 -0.4238
vn 0.4065 0.2712 -0.8725
vn 0.4022 0.3176 -0.8587
vn 0.1442 -0.9395 -0.3106
vn 0.3949 0.3789 -0.8370
vn 0.0789 0.9791 -0.1876
vn 0.1015 -0.9698 -0.2218
vn 0.0681 -0.9861 -0.1513
vn 0.4393 0.4074 -0.8006
vn 0.4383 0.4083 -0.8008
vn 0.4771 0.4190 -0.7725
vn 0.3176 0.7643 -0.5612
vn 0.3643 0.6797 -0.6366
vn 0.0235 -0.9988 -0.0424
vn 0.4503 0.3558 -0.8189
vn 0.5011 0.3114 -0.8074
vn 0.4360 0.3566 -0.8263
vn 0.4009 0.5987 -0.6935
vn 0.5169 0.2025 -0.8317
vn 0.4253 0.2048 -0.8816
vn 0.4295 0.5228 -0.7364
vn 0.5274 0.0433 -0.8485
vn 0.4520 0.4524 -0.7688
vn 0.5197 -0.1669 -0.8379
vn 0.4698 0.3871 -0.7934
vn 0.4803 -0.4050 -0.7780
vn 0.4359 0.3544 -0.8273
vn 0.4343 0.3553 -0.8277
vn 0.4085 -0.6234 -0.6667
vn 0.3224 -0.7836 -0.5311
vn 0.4966 0.2713 -0.8245
vn 0.4554 0.2502 -0.8544
vn 0.2421 -0.8831 -0.4020
vn 0.4913 0.3171 -0.8113
vn 0.1761 -0.9393 -0.2945
vn 0.4821 0.3768 -0.7909
vn 0.0972 0.9791 -0.1789
vn 0.1246 -0.9697 -0.2102
vn 0.4730 0.4234 -0.7726
vn 0.1847 0.9240 -0.3347
vn 0.0837 -0.9861 -0.1437
vn 0.4719 0.4341 -0.7674
vn 0.2583 0.8484 -0.4620
vn 0.0506 -0.9947 -0.0890
vn 0.4200 0.4340 -0.7970
vn 0.5989 0.2003 -0.7754
vn 0.4694 0.5989 -0.6488
vn 0.5025 0.5233 -0.6883
vn 0.6107 0.0424 -0.7907
vn 0.5283 0.4532 -0.7180
vn 0.6018 -0.1654 -0.7814
vn 0.5485 0.3882 -0.7406
vn 0.5566 -0.4023 -0.7268
vn 0.5721 0.3571 -0.7384
vn 0.5185 0.3559 -0.7775
vn 0.4748 -0.6212 -0.6235
vn 0.3761 -0.7821 -0.4969
vn 0.5785 0.2721 -0.7689
vn 0.5419 0.2511 -0.8020
vn 0.2820 -0.8824 -0.3765
vn 0.5719 0.3170 -0.7566
vn 0.2044 -0.9391 -0.2762
vn 0.5610 0.3751 -0.7379
vn 0.1145 0.9790 -0.1684
vn 0.1444 -0.9697 -0.1971
vn 0.5502 0.4203 -0.7215
vn 0.2173 0.9240 -0.3147
vn 0.0979 -0.9860 -0.1347
vn 0.5481 0.4305 -0.7171
vn 0.3037 0.8483 -0.4338
vn 0.0595 -0.9947 -0.0835
vn 0.5533 0.4156 -0.7219
vn 0.3729 0.7642 -0.5262
vn 0.0276 -0.9988 -0.0398
vn 0.5644 0.3771 -0.7343
vn 0.4870 0.3802 -0.7863
vn 0.4272 0.6797 -0.5962
vn 0.5807 0.3084 -0.7534
vn 0.6741 -0.1637 -0.7202
vn 0.5958 0.4545 -0.6622
vn 0.6185 0.3898 -0.6823
vn 0.6243 -0.4003 -0.6708
vn 0.5950 0.3569 -0.7202
vn 0.5326 -0.6204 -0.5757
vn 0.6098 0.2981 -0.7344
vn 0.6364 0.3291 -0.6976
vn 0.6496 0.2771 -0.7079
vn 0.4221 -0.7819 -0.4587
vn 0.6195 0.2527 -0.7432
vn 0.6183 0.2538 -0.7439
vn 0.3183 -0.8820 -0.3475
vn 0.6518 0.2736 -0.7073
vn 0.6439 0.3176 -0.6960
vn 0.2311 -0.9389 -0.2550
vn 0.6309 0.3743 -0.6796
vn 0.1306 0.9790 -0.1563
vn 0.1626 -0.9697 -0.1824
vn 0.6185 0.4178 -0.6654
vn 0.2475 0.9239 -0.2917
vn 0.1099 -0.9861 -0.1247
vn 0.6160 0.4278 -0.6615
vn 0.3448 0.8483 -0.4019
vn 0.0676 -0.9947 -0.0771
vn 0.6214 0.4129 -0.6659
vn 0.4222 0.7644 -0.4873
vn 0.0314 -0.9988 -0.0369
vn 0.6334 0.3742 -0.6773
vn 0.4829 0.6801 -0.5517
vn 0.6512 0.3053 -0.6948
vn 0.5301 0.5995 -0.5997
vn 0.6713 0.1975 -0.7144
vn 0.5669 0.5243 -0.6354
vn 0.6844 0.0421 -0.7279
vn 0.5836 -0.6204 -0.5239
vn 0.6999 0.3315 -0.6327
vn 0.7140 0.2796 -0.6419
vn 0.4627 -0.7822 -0.4172
vn 0.7162 0.2759 -0.6411
vn 0.3482 -0.8826 -0.3159
vn 0.7066 0.3197 -0.6312
vn 0.2542 -0.9390 -0.2315
vn 0.6922 0.3746 -0.6168
vn 0.1453 0.9790 -0.1428
vn 0.1797 -0.9697 -0.1656
vn 0.6793 0.4159 -0.6046
vn 0.2745 0.9240 -0.2661
vn 0.1209 -0.9861 -0.1137
vn 0.6765 0.4255 -0.6011
vn 0.3809 0.8487 -0.3670
vn 0.0742 -0.9948 -0.0704
vn 0.6823 0.4106 -0.6049
vn 0.4661 0.7649 -0.4445
vn 0.0349 -0.9988 -0.0337
vn 0.6951 0.3720 -0.6152
vn 0.5328 0.6809 -0.5025
vn 0.7141 0.3031 -0.6310
vn 0.5845 0.6007 -0.5454
vn 0.7355 0.1948 -0.6489
vn 0.6245 0.5259 -0.5774
vn 0.7491 0.0429 -0.6611
vn 0.6559 0.4565 -0.6012
vn 0.7374 -0.1618 -0.6558
vn 0.6805 0.3920 -0.6191
vn 0.6834 -0.3996 -0.6109
vn 0.3749 -0.8833 -0.2815
vn 0.7722 0.2792 -0.5707
vn 0.7616 0.3227 -0.5619
vn 0.2728 -0.9397 -0.2064
vn 0.7466 0.3754 -0.5493
vn 0.1585 0.9791 -0.1278
vn 0.1940 -0.9699 -0.1473
vn 0.7332 0.4146 -0.5390
vn 0.2977 0.9243 -0.2388
vn 0.1311 -0.9862 -0.1012
vn 0.7301 0.4238 -0.5361
vn 0.4136 0.8492 -0.3284
vn 0.0800 -0.9948 -0.0631
vn 0.7358 0.4091 -0.5396
vn 0.5063 0.7658 -0.3965
vn 0.0380 -0.9988 -0.0301
vn 0.7492 0.3707 -0.5489
vn 0.5782 0.6823 -0.4474
vn 0.7692 0.3018 -0.5632
vn 0.6335 0.6028 -0.4851
vn 0.7911 0.1940 -0.5801
vn 0.6762 0.5285 -0.5132
vn 0.8044 0.0446 -0.5924
vn 0.7093 0.4596 -0.5344
vn 0.7929 -0.1596 -0.5881
vn 0.7352 0.3955 -0.5505
vn 0.7346 -0.4014 -0.5471
vn 0.7556 0.3351 -0.5629
vn 0.6271 -0.6225 -0.4683
vn 0.7703 0.2830 -0.5714
vn 0.4970 -0.7839 -0.3721
vn 0.2050 -0.9703 -0.1283
vn 0.7934 0.3771 -0.4778
vn 0.7797 0.4141 -0.4696
vn 0.1699 0.9791 -0.1116
vn 0.3185 0.9246 -0.2091
vn 0.1396 -0.9863 -0.0878
vn 0.7762 0.4230 -0.4675
vn 0.4426 0.8498 -0.2861
vn 0.0853 -0.9948 -0.0551
vn 0.7817 0.4086 -0.4711
vn 0.5410 0.7671 -0.3449
vn 0.0405 -0.9988 -0.0261
vn 0.7954 0.3704 -0.4797
vn 0.6169 0.6844 -0.3886
vn 0.8165 0.3014 -0.4925
vn 0.6751 0.6057 -0.4211
vn 0.8389 0.1979 -0.5071
vn 0.7201 0.5321 -0.4453
vn 0.8521 0.0464 -0.5213
vn 0.7549 0.4639 -0.4636
vn 0.8408 -0.1616 -0.5167
vn 0.7821 0.4001 -0.4777
vn 0.7783 -0.4057 -0.4792
vn 0.8036 0.3399 -0.4886
vn 0.6640 -0.6260 -0.4089
vn 0.8191 0.2877 -0.4963
vn 0.5257 -0.7863 -0.3246
vn 0.8207 0.2837 -0.4960
vn 0.3959 -0.8850 -0.2450
vn 0.8093 0.3264 -0.4884
vn 0.2891 -0.9403 -0.1795
vn 0.0898 -0.9949 -0.0464
vn 0.8147 0.4235 -0.3962
vn 0.8201 0.4094 -0.3997
vn 0.4668 0.8508 -0.2414
vn 0.5691 0.7690 -0.2913
vn 0.0426 -0.9988 -0.0221
vn 0.8345 0.3711 -0.4073
vn 0.6479 0.6872 -0.3285
vn 0.8559 0.3027 -0.4193
vn 0.7086 0.6093 -0.3557
vn 0.8785 0.2012 -0.4332
vn 0.7555 0.5366 -0.3758
vn 0.8943 0.0479 -0.4449
vn 0.7919 0.4691 -0.3910
vn 0.8824 -0.1667 -0.4401
vn 0.8206 0.4057 -0.4025
vn 0.8157 -0.4109 -0.4070
vn 0.8433 0.3457 -0.4115
vn 0.6939 -0.6312 -0.3467
vn 0.8597 0.2935 -0.4181
vn 0.5489 -0.7897 -0.2741
vn 0.8612 0.2891 -0.4181
vn 0.4131 -0.8869 -0.2067
vn 0.8489 0.3311 -0.4119
vn 0.3014 -0.9414 -0.1513
vn 0.8326 0.3796 -0.4034
vn 0.1794 0.9792 -0.0945
vn 0.2141 -0.9708 -0.1083
vn 0.8188 0.4146 -0.3972
vn 0.3364 0.9250 -0.1767
vn 0.1459 -0.9865 -0.0741
vn 0.0442 -0.9989 -0.0181
vn 0.8671 0.3722 -0.3310
vn 0.8882 0.3080 -0.3408
vn 0.6723 0.6908 -0.2661
vn 0.7350 0.6140 -0.2878
vn 0.9120 0.2033 -0.3561
vn 0.7834 0.5422 -0.3039
vn 0.9300 0.0444 -0.3649
vn 0.8212 0.4752 -0.3160
vn 0.9170 -0.1735 -0.3593
vn 0.8510 0.4122 -0.3253
vn 0.8462 -0.4176 -0.3310
vn 0.8747 0.3524 -0.3326
vn 0.7181 -0.6367 -0.2810
vn 0.8920 0.3001 -0.3380
vn 0.5660 -0.7939 -0.2220
vn 0.8937 0.2952 -0.3378
vn 0.4255 -0.8894 -0.1668
vn 0.8808 0.3367 -0.3329
vn 0.3105 -0.9427 -0.1220
vn 0.8637 0.3833 -0.3273
vn 0.1870 0.9793 -0.0770
vn 0.2210 -0.9714 -0.0870
vn 0.8502 0.4160 -0.3228
vn 0.3508 0.9255 -0.1429
vn 0.1505 -0.9868 -0.0600
vn 0.8461 0.4247 -0.3221
vn 0.4853 0.8522 -0.1955
vn 0.0931 -0.9950 -0.0374
vn 0.8520 0.4105 -0.3248
vn 0.5907 0.7715 -0.2362
vn 0.9595 0.0394 -0.2790
vn 0.8039 0.5488 -0.2293
vn 0.8428 0.4826 -0.2385
vn 0.9445 -0.1805 -0.2744
vn 0.8736 0.4200 -0.2456
vn 0.8690 -0.4256 -0.2523
vn 0.8983 0.3602 -0.2516
vn 0.7352 -0.6435 -0.2131
vn 0.9166 0.3074 -0.2558
vn 0.5784 -0.7983 -0.1676
vn 0.9183 0.3022 -0.2558
vn 0.4338 -0.8922 -0.1259
vn 0.9041 0.3438 -0.2537
vn 0.3162 -0.9442 -0.0920
vn 0.8870 0.3878 -0.2509
vn 0.1931 0.9794 -0.0587
vn 0.2251 -0.9721 -0.0657
vn 0.8750 0.4171 -0.2456
vn 0.3614 0.9261 -0.1080
vn 0.1538 -0.9871 -0.0453
vn 0.8710 0.4261 -0.2447
vn 0.4987 0.8540 -0.1484
vn 0.0954 -0.9950 -0.0281
vn 0.8770 0.4121 -0.2469
vn 0.6069 0.7745 -0.1784
vn 0.0455 -0.9989 -0.0139
vn 0.8917 0.3753 -0.2529
vn 0.6902 0.6952 -0.2007
vn 0.9135 0.3114 -0.2620
vn 0.7543 0.6196 -0.2172
vn 0.9402 0.2043 -0.2727
vn 0.8850 -0.4333 -0.1700
vn 0.8883 0.4288 -0.1645
vn 0.9140 0.3690 -0.1686
vn 0.7458 -0.6505 -0.1435
vn 0.9330 0.3159 -0.1722
vn 0.5846 -0.8034 -0.1126
vn 0.9345 0.3106 -0.1739
vn 0.4376 -0.8952 -0.0842
vn 0.9200 0.3515 -0.1733
vn 0.3188 -0.9458 -0.0615
vn 0.9042 0.3916 -0.1707
vn 0.1973 0.9796 -0.0394
vn 0.2270 -0.9729 -0.0440
vn 0.8929 0.4186 -0.1661
vn 0.3682 0.9269 -0.0724
vn 0.1553 -0.9874 -0.0302
vn 0.8887 0.4277 -0.1652
vn 0.5074 0.8559 -0.0995
vn 0.0966 -0.9951 -0.0188
vn 0.8947 0.4144 -0.1667
vn 0.6167 0.7781 -0.1196
vn 0.0463 -0.9989 -0.0093
vn 0.9093 0.3796 -0.1707
vn 0.7009 0.7004 -0.1348
vn 0.9330 0.3122 -0.1789
vn 0.7660 0.6261 -0.1457
vn 0.9618 0.2014 -0.1853
vn 0.8166 0.5564 -0.1537
vn 0.9814 0.0342 -0.1888
vn 0.8564 0.4909 -0.1597
vn 0.9647 -0.1873 -0.1853
vn 0.5857 -0.8085 -0.0565
vn 0.9415 0.3255 -0.0876
vn 0.9435 0.3191 -0.0891
vn 0.4373 -0.8983 -0.0424
vn 0.9295 0.3583 -0.0879
vn 0.3181 -0.9475 -0.0309
vn 0.9140 0.3964 -0.0865
vn 0.1994 0.9797 -0.0198
vn 0.2265 -0.9738 -0.0220
vn 0.9029 0.4215 -0.0845
vn 0.3713 0.9278 -0.0366
vn 0.1552 -0.9878 -0.0151
vn 0.8993 0.4294 -0.0832
vn 0.5110 0.8581 -0.0500
vn 0.0968 -0.9953 -0.0096
vn 0.9049 0.4171 -0.0845
vn 0.6203 0.7820 -0.0604
vn 0.0466 -0.9989 -0.0047
vn 0.9205 0.3808 -0.0872
vn 0.7048 0.7062 -0.0678
vn 0.9459 0.3114 -0.0908
vn 0.7702 0.6335 -0.0732
vn 0.9758 0.1978 -0.0937
vn 0.8214 0.5651 -0.0771
vn 0.9950 0.0290 -0.0954
vn 0.8621 0.5004 -0.0802
vn 0.9765 -0.1944 -0.0934
vn 0.8949 0.4386 -0.0828
vn 0.8932 -0.4414 -0.0855
vn 0.9216 0.3788 -0.0850
vn 0.7499 -0.6576 -0.0720
vn 0.3144 -0.9493 -0.0003
vn 0.9310 0.3651 0.0003
vn 0.9155 0.4023 0.0003
vn 0.1996 0.9799 -0.0002
vn 0.2239 -0.9746 -0.0002
vn 0.9048 0.4259 0.0005
vn 0.3708 0.9287 -0.0004
vn 0.1536 -0.9881 -0.0002
vn 0.9017 0.4323 0.0013
vn 0.5094 0.8605 -0.0003
vn 0.0961 -0.9954 -0.0002
vn 0.9082 0.4184 0.0015
vn 0.6178 0.7863 -0.0003
vn 0.0465 -0.9989 -0.0001
vn 0.9251 0.3798 0.0005
vn 0.7017 0.7125 -0.0003
vn 0.9510 0.3091 0.0003
vn 0.7669 0.6417 -0.0000
vn 0.9809 0.1944 0.0004
vn 0.8184 0.5747 0.0003
vn 0.9997 0.0240 0.0005
vn 0.8597 0.5108 0.0005
vn 0.9795 -0.2013 0.0006
vn 0.8934 0.4493 0.0007
vn 0.8933 -0.4494 0.0004
vn 0.9212 0.3891 0.0005
vn 0.7470 -0.6648 -0.0000
vn 0.9423 0.3348 0.0004
vn 0.5813 -0.8137 -0.0002
vn 0.9450 0.3270 0.0004
vn 0.4328 -0.9015 -0.0002
vn 0.1978 0.9800 0.0192
vn 0.3667 0.9296 0.0357
vn 0.1506 -0.9885 0.0145
vn 0.8979 0.4314 0.0879
vn 0.8958 0.4355 0.0889
vn 0.5029 0.8629 0.0490
vn 0.0945 -0.9955 0.0091
vn 0.9040 0.4181 0.0899
vn 0.6092 0.7907 0.0596
vn 0.0459 -0.9989 0.0044
vn 0.9214 0.3778 0.0909
vn 0.6916 0.7191 0.0679
vn 0.9472 0.3067 0.0935
vn 0.7559 0.6504 0.0745
vn 0.9768 0.1911 0.0966
vn 0.8071 0.5850 0.0801
vn 0.9950 0.0192 0.0985
vn 0.8487 0.5221 0.0848
vn 0.9733 -0.2083 0.0964
vn 0.8833 0.4605 0.0879
vn 0.8849 -0.4574 0.0875
vn 0.9123 0.3996 0.0894
vn 0.7370 -0.6720 0.0726
vn 0.9345 0.3440 0.0914
vn 0.5713 -0.8188 0.0560
vn 0.9377 0.3350 0.0916
vn 0.4242 -0.9046 0.0415
vn 0.9238 0.3721 0.0903
vn 0.3077 -0.9510 0.0300
vn 0.9084 0.4085 0.0888
vn 0.2191 -0.9755 0.0212
vn 0.4916 0.8653 0.0980
vn 0.5948 0.7950 0.1189
vn 0.0448 -0.9990 0.0088
vn 0.9086 0.3758 0.1823
vn 0.6748 0.7254 0.1357
vn 0.9340 0.3042 0.1874
vn 0.7374 0.6588 0.1492
vn 0.9630 0.1878 0.1934
vn 0.7875 0.5950 0.1607
vn 0.9803 0.0142 0.1970
vn 0.8286 0.5334 0.1703
vn 0.9574 -0.2153 0.1925
vn 0.8632 0.4727 0.1774
vn 0.8677 -0.4655 0.1743
vn 0.8931 0.4111 0.1827
vn 0.7197 -0.6791 0.1443
vn 0.9169 0.3541 0.1843
vn 0.5558 -0.8238 0.1112
vn 0.9211 0.3434 0.1837
vn 0.4116 -0.9076 0.0822
vn 0.9075 0.3791 0.1810
vn 0.2982 -0.9527 0.0596
vn 0.8924 0.4146 0.1783
vn 0.1942 0.9802 0.0384
vn 0.2123 -0.9763 0.0424
vn 0.8822 0.4365 0.1768
vn 0.3592 0.9306 0.0710
vn 0.1461 -0.9888 0.0290
vn 0.8809 0.4376 0.1805
vn 0.0920 -0.9956 0.0181
vn 0.8898 0.4186 0.1818
vn 0.6517 0.7312 0.2014
vn 0.7120 0.6662 0.2219
vn 0.9393 0.1843 0.2894
vn 0.7604 0.6039 0.2390
vn 0.9556 0.0092 0.2946
vn 0.8003 0.5435 0.2533
vn 0.9317 -0.2222 0.2874
vn 0.8339 0.4839 0.2654
vn 0.8418 -0.4733 0.2596
vn 0.8633 0.4233 0.2749
vn 0.6955 -0.6858 0.2145
vn 0.8875 0.3656 0.2804
vn 0.5352 -0.8285 0.1650
vn 0.8935 0.3527 0.2779
vn 0.3953 -0.9104 0.1217
vn 0.8815 0.3861 0.2720
vn 0.2860 -0.9542 0.0878
vn 0.8670 0.4203 0.2676
vn 0.1887 0.9804 0.0570
vn 0.2036 -0.9771 0.0626
vn 0.8578 0.4392 0.2668
vn 0.3482 0.9314 0.1060
vn 0.1403 -0.9892 0.0432
vn 0.8569 0.4377 0.2724
vn 0.4757 0.8675 0.1457
vn 0.0886 -0.9957 0.0270
vn 0.8646 0.4208 0.2746
vn 0.5749 0.7989 0.1766
vn 0.0434 -0.9990 0.0131
vn 0.8843 0.3771 0.2754
vn 0.9112 0.3015 0.2806
vn 0.7260 0.6117 0.3143
vn 0.7642 0.5524 0.3331
vn 0.8958 -0.2290 0.3808
vn 0.7966 0.4935 0.3493
vn 0.8068 -0.4810 0.3431
vn 0.8246 0.4338 0.3632
vn 0.6640 -0.6925 0.2822
vn 0.8475 0.3770 0.3736
vn 0.5093 -0.8330 0.2164
vn 0.8538 0.3634 0.3728
vn 0.3754 -0.9130 0.1596
vn 0.8443 0.3942 0.3629
vn 0.2713 -0.9555 0.1153
vn 0.8322 0.4256 0.3554
vn 0.1815 0.9805 0.0750
vn 0.1933 -0.9777 0.0817
vn 0.8238 0.4388 0.3589
vn 0.3340 0.9321 0.1399
vn 0.1334 -0.9895 0.0563
vn 0.8232 0.4378 0.3616
vn 0.4556 0.8694 0.1910
vn 0.0844 -0.9958 0.0357
vn 0.8302 0.4233 0.3627
vn 0.5497 0.8024 0.2324
vn 0.0416 -0.9990 0.0171
vn 0.8487 0.3814 0.3664
vn 0.6225 0.7363 0.2653
vn 0.8781 0.3003 0.3725
vn 0.6798 0.6727 0.2920
vn 0.9055 0.1807 0.3839
vn 0.9205 0.0040 0.3908
vn 0.7515 0.5016 0.4286
vn 0.7783 0.4424 0.4456
vn 0.6260 -0.6984 0.3470
vn 0.7999 0.3864 0.4591
vn 0.4788 -0.8368 0.2656
vn 0.8045 0.3735 0.4619
vn 0.3523 -0.9153 0.1952
vn 0.7952 0.4031 0.4529
vn 0.2544 -0.9568 0.1407
vn 0.7868 0.4293 0.4434
vn 0.1728 0.9806 0.0922
vn 0.1813 -0.9783 0.1004
vn 0.7803 0.4373 0.4472
vn 0.3168 0.9328 0.1716
vn 0.1255 -0.9897 0.0685
vn 0.7798 0.4388 0.4465
vn 0.4314 0.8711 0.2347
vn 0.0796 -0.9959 0.0436
vn 0.7860 0.4253 0.4487
vn 0.5198 0.8053 0.2851
vn 0.0395 -0.9990 0.0210
vn 0.8018 0.3858 0.4564
vn 0.5879 0.7405 0.3257
vn 0.8311 0.3041 0.4656
vn 0.6415 0.6783 0.3584
vn 0.8613 0.1765 0.4764
vn 0.6848 0.6184 0.3856
vn 0.8748 -0.0017 0.4844
vn 0.7207 0.5599 0.4087
vn 0.8499 -0.2363 0.4711
vn 0.7632 -0.4882 0.4232
vn 0.7446 0.3935 0.5392
vn 0.7479 0.3809 0.5436
vn 0.3260 -0.9172 0.2289
vn 0.7375 0.4111 0.5358
vn 0.2355 -0.9578 0.1650
vn 0.7312 0.4321 0.5279
vn 0.1623 0.9807 0.1091
vn 0.1679 -0.9788 0.1172
vn 0.7282 0.4370 0.5279
vn 0.2970 0.9334 0.2014
vn 0.1164 -0.9899 0.0808
vn 0.7280 0.4393 0.5263
vn 0.4031 0.8724 0.2763
vn 0.0742 -0.9959 0.0509
vn 0.7336 0.4262 0.5293
vn 0.4853 0.8077 0.3349
vn 0.0369 -0.9990 0.0250
vn 0.7483 0.3874 0.5385
vn 0.5485 0.7439 0.3818
vn 0.7732 0.3106 0.5529
vn 0.5980 0.6827 0.4199
vn 0.8052 0.1766 0.5661
vn 0.6380 0.6238 0.4516
vn 0.8187 -0.0069 0.5741
vn 0.6712 0.5661 0.4785
vn 0.7942 -0.2425 0.5571
vn 0.6997 0.5085 0.5019
vn 0.7115 -0.4945 0.4993
vn 0.7246 0.4496 0.5224
vn 0.5817 -0.7035 0.4084
vn 0.4436 -0.8405 0.3112
vn 0.6749 0.4169 0.6089
vn 0.6684 0.4341 0.6039
vn 0.1499 0.9808 0.1248
vn 0.1535 -0.9792 0.1327
vn 0.6677 0.4375 0.6023
vn 0.2748 0.9338 0.2291
vn 0.1063 -0.9901 0.0920
vn 0.6675 0.4394 0.6011
vn 0.3717 0.8735 0.3144
vn 0.0683 -0.9960 0.0577
vn 0.6728 0.4264 0.6046
vn 0.4462 0.8096 0.3814
vn 0.0339 -0.9990 0.0286
vn 0.6861 0.3880 0.6154
vn 0.5037 0.7467 0.4344
vn 0.7068 0.3151 0.6333
vn 0.5486 0.6863 0.4775
vn 0.7362 0.1815 0.6520
vn 0.5848 0.6281 0.5134
vn 0.7526 -0.0117 0.6583
vn 0.6149 0.5711 0.5439
vn 0.7291 -0.2482 0.6378
vn 0.6407 0.5139 0.5704
vn 0.6514 -0.5006 0.5701
vn 0.6634 0.4553 0.5938
vn 0.5313 -0.7082 0.4650
vn 0.6819 0.3992 0.6130
vn 0.4047 -0.8431 0.3541
vn 0.6851 0.3863 0.6175
vn 0.2973 -0.9188 0.2595
vn 0.2146 -0.9586 0.1873
vn 0.6002 0.4387 0.6688
vn 0.2504 0.9341 0.2545
vn 0.3380 0.8742 0.3488
vn 0.0620 -0.9960 0.0640
vn 0.6045 0.4262 0.6730
vn 0.4044 0.8108 0.4231
vn 0.0307 -0.9990 0.0318
vn 0.6163 0.3878 0.6854
vn 0.4552 0.7486 0.4821
vn 0.6349 0.3145 0.7056
vn 0.4949 0.6888 0.5297
vn 0.6579 0.1875 0.7294
vn 0.5269 0.6313 0.5691
vn 0.6753 -0.0101 0.7375
vn 0.5537 0.5749 0.6025
vn 0.6550 -0.2531 0.7120
vn 0.5768 0.5181 0.6315
vn 0.5846 -0.5051 0.6349
vn 0.5973 0.4597 0.6572
vn 0.4764 -0.7114 0.5167
vn 0.6140 0.4037 0.6782
vn 0.3625 -0.8452 0.3926
vn 0.6168 0.3906 0.6833
vn 0.2663 -0.9199 0.2878
vn 0.6073 0.4205 0.6740
vn 0.1927 -0.9592 0.2069
vn 0.6017 0.4356 0.6695
vn 0.1365 0.9809 0.1388
vn 0.1377 -0.9794 0.1475
vn 0.6010 0.4367 0.6694
vn 0.0959 -0.9902 0.1015
vn 0.5410 0.3866 0.7469
vn 0.3602 0.8115 0.4601
vn 0.4047 0.7497 0.5236
vn 0.0273 -0.9990 0.0345
vn 0.5568 0.3132 0.7693
vn 0.4391 0.6905 0.5748
vn 0.5753 0.1904 0.7954
vn 0.4668 0.6334 0.6172
vn 0.5895 -0.0055 0.8077
vn 0.4899 0.5774 0.6531
vn 0.5738 -0.2555 0.7781
vn 0.5097 0.5211 0.6845
vn 0.5124 -0.5079 0.6925
vn 0.5274 0.4630 0.7124
vn 0.4173 -0.7133 0.5630
vn 0.5417 0.4071 0.7354
vn 0.3177 -0.8465 0.4272
vn 0.5438 0.3937 0.7411
vn 0.2337 -0.9207 0.3127
vn 0.5351 0.4230 0.7313
vn 0.1691 -0.9595 0.2254
vn 0.5303 0.4358 0.7272
vn 0.1220 0.9809 0.1513
vn 0.1211 -0.9796 0.1602
vn 0.5297 0.4351 0.7281
vn 0.2230 0.9342 0.2783
vn 0.0850 -0.9903 0.1103
vn 0.5286 0.4368 0.7278
vn 0.3015 0.8746 0.3797
vn 0.0549 -0.9960 0.0699
vn 0.5315 0.4247 0.7329
vn 0.4903 0.1884 0.8509
vn 0.3803 0.6914 0.6143
vn 0.4036 0.6347 0.6590
vn 0.4993 -0.0019 0.8665
vn 0.4227 0.5790 0.6972
vn 0.4869 -0.2527 0.8361
vn 0.4391 0.5230 0.7305
vn 0.4361 -0.5083 0.7426
vn 0.4535 0.4650 0.7603
vn 0.3557 -0.7143 0.6026
vn 0.4650 0.4092 0.7850
vn 0.2711 -0.8469 0.4576
vn 0.4661 0.3957 0.7913
vn 0.1995 -0.9209 0.3349
vn 0.4586 0.4245 0.7807
vn 0.1445 -0.9597 0.2410
vn 0.4550 0.4354 0.7768
vn 0.1065 0.9810 0.1624
vn 0.1044 -0.9797 0.1712
vn 0.4546 0.4328 0.7785
vn 0.1933 0.9344 0.2992
vn 0.0736 -0.9903 0.1180
vn 0.4531 0.4342 0.7785
vn 0.2615 0.8748 0.4078
vn 0.0471 -0.9961 0.0752
vn 0.4549 0.4223 0.7840
vn 0.3126 0.8120 0.4930
vn 0.0238 -0.9990 0.0370
vn 0.4624 0.3843 0.7990
vn 0.3510 0.7504 0.5602
vn 0.4753 0.3111 0.8230
vn 0.3643 0.5238 0.7700
vn 0.3758 0.4660 0.8010
vn 0.2917 -0.7134 0.6371
vn 0.3850 0.4102 0.8268
vn 0.2227 -0.8468 0.4830
vn 0.3856 0.3968 0.8330
vn 0.1645 -0.9207 0.3538
vn 0.3792 0.4254 0.8218
vn 0.1203 -0.9596 0.2543
vn 0.3760 0.4345 0.8184
vn 0.0902 0.9809 0.1721
vn 0.0872 -0.9796 0.1808
vn 0.3758 0.4300 0.8209
vn 0.1630 0.9344 0.3166
vn 0.0610 -0.9903 0.1251
vn 0.3745 0.4311 0.8209
vn 0.2191 0.8750 0.4318
vn 0.0393 -0.9961 0.0794
vn 0.3756 0.4192 0.8265
vn 0.2616 0.8121 0.5215
vn 0.0201 -0.9990 0.0391
vn 0.3812 0.3813 0.8422
vn 0.2931 0.7506 0.5921
vn 0.3909 0.3082 0.8673
vn 0.3171 0.6918 0.6487
vn 0.4027 0.1855 0.8964
vn 0.3359 0.6352 0.6954
vn 0.4093 -0.0016 0.9124
vn 0.3513 0.5797 0.7352
vn 0.3985 -0.2491 0.8827
vn 0.3570 -0.5067 0.7847
vn 0.3046 0.4105 0.8595
vn 0.3049 0.3971 0.8656
vn 0.1753 -0.8458 0.5038
vn 0.1303 -0.9202 0.3691
vn 0.2988 0.4249 0.8545
vn 0.0951 -0.9594 0.2657
vn 0.2955 0.4330 0.8516
vn 0.0731 0.9809 0.1801
vn 0.0686 -0.9796 0.1890
vn 0.2951 0.4272 0.8547
vn 0.1317 0.9344 0.3310
vn 0.0481 -0.9903 0.1307
vn 0.2936 0.4280 0.8548
vn 0.1763 0.8748 0.4512
vn 0.0315 -0.9961 0.0829
vn 0.2941 0.4161 0.8605
vn 0.2093 0.8120 0.5449
vn 0.0162 -0.9990 0.0410
vn 0.2981 0.3781 0.8765
vn 0.2337 0.7504 0.6182
vn 0.3054 0.3047 0.9021
vn 0.2522 0.6916 0.6768
vn 0.3141 0.1827 0.9316
vn 0.2666 0.6352 0.7249
vn 0.3191 -0.0020 0.9477
vn 0.2784 0.5798 0.7657
vn 0.3101 -0.2467 0.9182
vn 0.2885 0.5240 0.8014
vn 0.2784 -0.5042 0.8175
vn 0.2974 0.4663 0.8332
vn 0.2284 -0.7119 0.6641
vn 0.2167 0.4311 0.8759
vn 0.0553 0.9809 0.1865
vn 0.0693 -0.9591 0.2744
vn 0.0503 -0.9795 0.1952
vn 0.2157 0.4241 0.8796
vn 0.0994 0.9342 0.3425
vn 0.0359 -0.9902 0.1349
vn 0.2137 0.4246 0.8798
vn 0.1325 0.8746 0.4665
vn 0.0237 -0.9960 0.0858
vn 0.2133 0.4127 0.8855
vn 0.1570 0.8117 0.5626
vn 0.0123 -0.9990 0.0424
vn 0.2156 0.3749 0.9017
vn 0.1749 0.7500 0.6379
vn 0.2205 0.3019 0.9275
vn 0.1882 0.6911 0.6978
vn 0.2267 0.1805 0.9571
vn 0.1984 0.6347 0.7469
vn 0.2302 -0.0026 0.9732
vn 0.2066 0.5794 0.7885
vn 0.2239 -0.2447 0.9434
vn 0.2135 0.5237 0.8247
vn 0.2016 -0.5008 0.8417
vn 0.2196 0.4660 0.8571
vn 0.1659 -0.7096 0.6847
vn 0.2244 0.4104 0.8839
vn 0.1278 -0.8444 0.5202
vn 0.2243 0.3967 0.8901
vn 0.0950 -0.9197 0.3811
vn 0.2195 0.4238 0.8787
vn 0.1354 0.4215 0.8967
vn 0.0882 0.8742 0.4774
vn 0.0235 -0.9901 0.1381
vn 0.0157 -0.9960 0.0878
vn 0.1345 0.4096 0.9023
vn 0.1038 0.8112 0.5755
vn 0.0082 -0.9990 0.0434
vn 0.1354 0.3719 0.9183
vn 0.1150 0.7494 0.6521
vn 0.1380 0.2992 0.9441
vn 0.1232 0.6904 0.7128
vn 0.1415 0.1786 0.9737
vn 0.1293 0.6340 0.7625
vn 0.1435 -0.0033 0.9896
vn 0.1341 0.5787 0.8045
vn 0.1395 -0.2430 0.9599
vn 0.1381 0.5230 0.8411
vn 0.1258 -0.4981 0.8579
vn 0.1415 0.4654 0.8737
vn 0.1038 -0.7075 0.6991
vn 0.1442 0.4098 0.9007
vn 0.0800 -0.8433 0.5315
vn 0.1437 0.3960 0.9069
vn 0.0597 -0.9191 0.3894
vn 0.1404 0.4228 0.8953
vn 0.0442 -0.9588 0.2806
vn 0.1383 0.4290 0.8926
vn 0.0371 0.9809 0.1911
vn 0.0326 -0.9793 0.1997
vn 0.1372 0.4212 0.8965
vn 0.0664 0.9341 0.3508
vn 0.0574 0.3695 0.9275
vn 0.0552 0.7488 0.6605
vn 0.0040 -0.9990 0.0441
vn 0.0580 0.2971 0.9531
vn 0.0585 0.6897 0.7217
vn 0.0591 0.1770 0.9824
vn 0.0608 0.6332 0.7716
vn 0.0598 -0.0037 0.9982
vn 0.0624 0.5778 0.8138
vn 0.0582 -0.2419 0.9686
vn 0.0636 0.5222 0.8505
vn 0.0527 -0.4962 0.8666
vn 0.0646 0.4646 0.8831
vn 0.0438 -0.7058 0.7071
vn 0.0654 0.4091 0.9102
vn 0.0343 -0.8422 0.5381
vn 0.0647 0.3950 0.9164
vn 0.0262 -0.9185 0.3946
vn 0.0626 0.4217 0.9046
vn 0.0198 -0.9585 0.2844
vn 0.0611 0.4273 0.9021
vn 0.0184 0.9808 0.1939
vn 0.0150 -0.9792 0.2025
vn 0.0600 0.4189 0.9061
vn 0.0327 0.9340 0.3558
vn 0.0111 -0.9901 0.1400
vn 0.0586 0.4190 0.9061
vn 0.0431 0.8740 0.4840
vn 0.0075 -0.9960 0.0890
vn 0.0576 0.4071 0.9116
vn 0.0503 0.8107 0.5833
vn -0.0201 0.1761 0.9842
vn -0.0079 0.6325 0.7746
vn -0.0206 -0.0039 0.9998
vn -0.0092 0.5771 0.8166
vn -0.0198 -0.2411 0.9703
vn -0.0104 0.5214 0.8533
vn -0.0174 -0.4948 0.8688
vn -0.0116 0.4638 0.8859
vn -0.0137 -0.7045 0.7096
vn -0.0127 0.4083 0.9128
vn -0.0099 -0.8413 0.5405
vn -0.0133 0.3942 0.9189
vn -0.0067 -0.9180 0.3966
vn -0.0138 0.4207 0.9071
vn -0.0043 -0.9583 0.2859
vn -0.0145 0.4260 0.9046
vn -0.0003 0.9808 0.1949
vn -0.0026 -0.9791 0.2035
vn -0.0154 0.4173 0.9086
vn -0.0012 0.9339 0.3575
vn -0.0014 -0.9901 0.1407
vn -0.0162 0.4174 0.9086
vn -0.0023 0.8738 0.4863
vn -0.0006 -0.9960 0.0895
vn -0.0171 0.4055 0.9139
vn -0.0037 0.8103 0.5860
vn -0.0002 -0.9990 0.0443
vn -0.0180 0.3679 0.9297
vn -0.0051 0.7483 0.6634
vn -0.0191 0.2957 0.9551
vn -0.0065 0.6891 0.7246
vn -0.0980 -0.0038 0.9952
vn -0.0951 -0.2406 0.9660
vn -0.0837 0.5207 0.8496
vn -0.0852 -0.4941 0.8652
vn -0.0868 0.4631 0.8820
vn -0.0696 -0.7038 0.7070
vn -0.0895 0.4076 0.9088
vn -0.0530 -0.8408 0.5387
vn -0.0901 0.3936 0.9149
vn -0.0389 -0.9177 0.3953
vn -0.0889 0.4201 0.9031
vn -0.0280 -0.9581 0.2849
vn -0.0886 0.4254 0.9007
vn -0.0191 0.9808 0.1939
vn -0.0200 -0.9790 0.2028
vn -0.0891 0.4168 0.9046
vn -0.0351 0.9339 0.3559
vn -0.0138 -0.9900 0.1402
vn -0.0891 0.4169 0.9046
vn -0.0477 0.8737 0.4842
vn -0.0088 -0.9960 0.0891
vn -0.0897 0.4050 0.9099
vn -0.0575 0.8101 0.5835
vn -0.0043 -0.9990 0.0441
vn -0.0912 0.3674 0.9256
vn -0.0650 0.7479 0.6606
vn -0.0937 0.2953 0.9508
vn -0.0710 0.6887 0.7216
vn -0.0965 0.1758 0.9797
vn -0.0759 0.6319 0.7713
vn -0.0801 0.5764 0.8132
vn -0.1528 -0.4942 0.8558
vn -0.1254 -0.7039 0.6992
vn -0.1659 0.4071 0.8982
vn -0.0962 -0.8409 0.5326
vn -0.1664 0.3932 0.9043
vn -0.0711 -0.9177 0.3908
vn -0.1636 0.4199 0.8927
vn -0.0517 -0.9581 0.2816
vn -0.1624 0.4255 0.8903
vn -0.0377 0.9808 0.1912
vn -0.0372 -0.9790 0.2004
vn -0.1624 0.4175 0.8941
vn -0.0687 0.9338 0.3510
vn -0.0261 -0.9900 0.1384
vn -0.1617 0.4176 0.8941
vn -0.0927 0.8736 0.4777
vn -0.0169 -0.9960 0.0879
vn -0.1619 0.4057 0.8996
vn -0.1109 0.8100 0.5759
vn -0.0085 -0.9990 0.0435
vn -0.1640 0.3681 0.9152
vn -0.1246 0.7477 0.6522
vn -0.1679 0.2959 0.9403
vn -0.1352 0.6884 0.7126
vn -0.1726 0.1764 0.9691
vn -0.1436 0.6316 0.7619
vn -0.1752 -0.0035 0.9845
vn -0.1506 0.5760 0.8034
vn -0.1701 -0.2404 0.9556
vn -0.1565 0.5202 0.8396
vn -0.1617 0.4626 0.8717
vn -0.1034 -0.9179 0.3831
vn -0.2389 0.4200 0.8755
vn -0.0754 -0.9583 0.2758
vn -0.2368 0.4262 0.8731
vn -0.0560 0.9808 0.1867
vn -0.0545 -0.9791 0.1962
vn -0.2365 0.4191 0.8766
vn -0.1017 0.9338 0.3429
vn -0.0383 -0.9900 0.1355
vn -0.2352 0.4194 0.8768
vn -0.1371 0.8736 0.4670
vn -0.0249 -0.9960 0.0860
vn -0.2353 0.4075 0.8824
vn -0.1637 0.8099 0.5633
vn -0.0126 -0.9990 0.0425
vn -0.2383 0.3698 0.8980
vn -0.1837 0.7476 0.6382
vn -0.2439 0.2975 0.9230
vn -0.1990 0.6882 0.6977
vn -0.2508 0.1776 0.9516
vn -0.2110 0.6313 0.7463
vn -0.2546 -0.0028 0.9671
vn -0.2209 0.5757 0.7872
vn -0.2472 -0.2405 0.9386
vn -0.2293 0.5199 0.8229
vn -0.2219 -0.4950 0.8401
vn -0.2367 0.4622 0.8546
vn -0.1821 -0.7046 0.6859
vn -0.2427 0.4067 0.8807
vn -0.1396 -0.8413 0.5222
vn -0.2432 0.3929 0.8868
vn -0.0738 0.9808 0.1804
vn -0.0992 -0.9584 0.2676
vn -0.0716 -0.9791 0.1902
vn -0.3118 0.4274 0.8486
vn -0.3113 0.4214 0.8518
vn -0.1340 0.9339 0.3316
vn -0.0504 -0.9901 0.1313
vn -0.3096 0.4221 0.8521
vn -0.1805 0.8736 0.4519
vn -0.0327 -0.9960 0.0832
vn -0.3100 0.4101 0.8578
vn -0.2154 0.8099 0.5456
vn -0.0165 -0.9990 0.0411
vn -0.3141 0.3723 0.8733
vn -0.2418 0.7476 0.6186
vn -0.3218 0.2997 0.8981
vn -0.2619 0.6881 0.6767
vn -0.3311 0.1793 0.9264
vn -0.2778 0.6311 0.7243
vn -0.3362 -0.0019 0.9418
vn -0.2908 0.5754 0.7644
vn -0.3265 -0.2407 0.9140
vn -0.3020 0.5194 0.7994
vn -0.2930 -0.4960 0.8174
vn -0.3117 0.4617 0.8304
vn -0.2402 -0.7056 0.6666
vn -0.3196 0.4062 0.8561
vn -0.1841 -0.8420 0.5071
vn -0.3204 0.3926 0.8621
vn -0.1361 -0.9183 0.3718
vn -0.3147 0.4202 0.8511
vn -0.2226 0.8736 0.4328
vn -0.0622 -0.9901 0.1259
vn -0.0403 -0.9960 0.0798
vn -0.3844 0.4252 0.8194
vn -0.3852 0.4132 0.8252
vn -0.2659 0.8099 0.5229
vn -0.0204 -0.9990 0.0393
vn -0.3907 0.3752 0.8406
vn -0.2985 0.7474 0.5935
vn -0.4007 0.3024 0.8649
vn -0.3236 0.6878 0.6497
vn -0.4127 0.1814 0.8926
vn -0.3435 0.6307 0.6959
vn -0.4194 -0.0008 0.9078
vn -0.3599 0.5748 0.7349
vn -0.4077 -0.2416 0.8806
vn -0.3739 0.5188 0.7688
vn -0.3660 -0.4979 0.7862
vn -0.3862 0.4609 0.7990
vn -0.3001 -0.7070 0.6403
vn -0.3962 0.4053 0.8238
vn -0.2300 -0.8426 0.4869
vn -0.3973 0.3921 0.8297
vn -0.1700 -0.9186 0.3568
vn -0.3903 0.4203 0.8192
vn -0.1236 -0.9585 0.2568
vn -0.3867 0.4288 0.8164
vn -0.0909 0.9808 0.1724
vn -0.0887 -0.9792 0.1827
vn -0.3861 0.4242 0.8191
vn -0.1652 0.9339 0.3172
vn -0.3537 0.7471 0.5628
vn -0.0241 -0.9990 0.0371
vn -0.4678 0.3783 0.7988
vn -0.4802 0.3052 0.8223
vn -0.3840 0.6873 0.6166
vn -0.4947 0.1838 0.8494
vn -0.4081 0.6300 0.6608
vn -0.5031 -0.0000 0.8642
vn -0.4279 0.5739 0.6983
vn -0.4892 -0.2429 0.8376
vn -0.4447 0.5176 0.7309
vn -0.4389 -0.4997 0.7468
vn -0.4595 0.4596 0.7600
vn -0.3594 -0.7082 0.6077
vn -0.4717 0.4040 0.7838
vn -0.2749 -0.8433 0.4618
vn -0.4732 0.3911 0.7894
vn -0.2033 -0.9189 0.3381
vn -0.4652 0.4199 0.7793
vn -0.1479 -0.9586 0.2435
vn -0.4610 0.4302 0.7762
vn -0.1072 0.9808 0.1627
vn -0.1062 -0.9792 0.1731
vn -0.4604 0.4272 0.7782
vn -0.1950 0.9338 0.2998
vn -0.0739 -0.9901 0.1195
vn -0.4588 0.4284 0.7784
vn -0.2630 0.8736 0.4095
vn -0.0477 -0.9960 0.0755
vn -0.4606 0.4163 0.7839
vn -0.3145 0.8097 0.4954
vn -0.4719 0.6286 0.6182
vn -0.5757 0.1865 0.7961
vn -0.5857 0.0007 0.8105
vn -0.4952 0.5723 0.6537
vn -0.5701 -0.2449 0.7843
vn -0.5150 0.5159 0.6846
vn -0.5111 -0.5009 0.6985
vn -0.5323 0.4577 0.7121
vn -0.4181 -0.7084 0.5687
vn -0.5463 0.4020 0.7349
vn -0.3195 -0.8434 0.4321
vn -0.5480 0.3892 0.7404
vn -0.2353 -0.9189 0.3166
vn -0.5393 0.4188 0.7306
vn -0.1711 -0.9586 0.2277
vn -0.5346 0.4310 0.7269
vn -0.1226 0.9808 0.1515
vn -0.1233 -0.9791 0.1616
vn -0.5338 0.4299 0.7282
vn -0.2233 0.9338 0.2796
vn -0.0859 -0.9900 0.1116
vn -0.5324 0.4314 0.7283
vn -0.3021 0.8733 0.3821
vn -0.0549 -0.9960 0.0706
vn -0.5349 0.4192 0.7336
vn -0.3624 0.8093 0.4623
vn -0.0276 -0.9990 0.0346
vn -0.5437 0.3812 0.7477
vn -0.4082 0.7464 0.5256
vn -0.5584 0.3083 0.7702
vn -0.4437 0.6863 0.5763
vn -0.5819 0.5131 0.6310
vn -0.6487 -0.2469 0.7199
vn -0.5812 -0.5005 0.6416
vn -0.6019 0.4549 0.6563
vn -0.4753 -0.7080 0.5223
vn -0.6180 0.3992 0.6773
vn -0.3630 -0.8427 0.3976
vn -0.6201 0.3865 0.6827
vn -0.2672 -0.9184 0.2916
vn -0.6105 0.4166 0.6736
vn -0.1934 -0.9584 0.2099
vn -0.6048 0.4312 0.6696
vn -0.1369 0.9808 0.1389
vn -0.1389 -0.9790 0.1489
vn -0.6036 0.4322 0.6700
vn -0.2501 0.9336 0.2566
vn -0.0972 -0.9900 0.1022
vn -0.6022 0.4341 0.6700
vn -0.3397 0.8728 0.3504
vn -0.0620 -0.9960 0.0650
vn -0.6053 0.4218 0.6751
vn -0.4079 0.8084 0.4243
vn -0.0309 -0.9990 0.0318
vn -0.6158 0.3838 0.6881
vn -0.4598 0.7452 0.4829
vn -0.6332 0.3109 0.7088
vn -0.5001 0.6847 0.5302
vn -0.6535 0.1892 0.7329
vn -0.5323 0.6266 0.5692
vn -0.6661 0.0003 0.7458
vn -0.5590 0.5699 0.6023
vn -0.6842 0.3952 0.6129
vn -0.5292 -0.7057 0.4710
vn -0.4042 -0.8413 0.3588
vn -0.6871 0.3828 0.6175
vn -0.2977 -0.9177 0.2630
vn -0.6765 0.4136 0.6093
vn -0.2154 -0.9579 0.1897
vn -0.6695 0.4307 0.6051
vn -0.1501 0.9807 0.1249
vn -0.1538 -0.9789 0.1348
vn -0.6680 0.4338 0.6047
vn -0.2755 0.9333 0.2304
vn -0.1072 -0.9899 0.0925
vn -0.6668 0.4362 0.6043
vn -0.3740 0.8722 0.3152
vn -0.0687 -0.9959 0.0583
vn -0.6708 0.4237 0.6087
vn -0.4491 0.8073 0.3828
vn -0.0340 -0.9990 0.0287
vn -0.6830 0.3855 0.6203
vn -0.5066 0.7436 0.4364
vn -0.7029 0.3126 0.6389
vn -0.5515 0.6825 0.4796
vn -0.7265 0.1901 0.6603
vn -0.5877 0.6238 0.5152
vn -0.7429 -0.0024 0.6694
vn -0.6177 0.5666 0.5453
vn -0.7225 -0.2467 0.6458
vn -0.6435 0.5094 0.5713
vn -0.6472 -0.4983 0.5769
vn -0.6660 0.4509 0.5942
vn -0.7370 0.4096 0.5377
vn -0.3260 -0.9164 0.2322
vn -0.2359 -0.9573 0.1670
vn -0.7290 0.4293 0.5332
vn -0.1621 0.9807 0.1098
vn -0.1683 -0.9785 0.1190
vn -0.7268 0.4347 0.5318
vn -0.2980 0.9330 0.2018
vn -0.1167 -0.9898 0.0817
vn -0.7256 0.4375 0.5311
vn -0.4046 0.8714 0.2775
vn -0.0746 -0.9959 0.0512
vn -0.7307 0.4247 0.5346
vn -0.4864 0.8059 0.3375
vn -0.0368 -0.9990 0.0253
vn -0.7446 0.3863 0.5443
vn -0.5495 0.7414 0.3852
vn -0.7668 0.3134 0.5602
vn -0.5990 0.6795 0.4236
vn -0.7944 0.1872 0.5779
vn -0.6389 0.6201 0.4552
vn -0.8122 -0.0047 0.5834
vn -0.6720 0.5623 0.4819
vn -0.7887 -0.2427 0.5648
vn -0.7003 0.5046 0.5050
vn -0.7071 -0.4940 0.5059
vn -0.7250 0.4457 0.5250
vn -0.5793 -0.7022 0.4139
vn -0.7449 0.3900 0.5413
vn -0.4426 -0.8393 0.3157
vn -0.7483 0.3780 0.5451
vn -0.7789 0.4348 0.4518
vn -0.3175 0.9325 0.1719
vn -0.1816 -0.9781 0.1013
vn -0.1255 -0.9896 0.0701
vn -0.7779 0.4378 0.4508
vn -0.4319 0.8703 0.2368
vn -0.0798 -0.9958 0.0438
vn -0.7837 0.4245 0.4534
vn -0.5204 0.8039 0.2879
vn -0.0394 -0.9990 0.0216
vn -0.7988 0.3860 0.4613
vn -0.5890 0.7384 0.3284
vn -0.8229 0.3125 0.4745
vn -0.6428 0.6755 0.3612
vn -0.8542 0.1829 0.4866
vn -0.6861 0.6152 0.3883
vn -0.8708 -0.0027 0.4916
vn -0.7218 0.5566 0.4112
vn -0.8460 -0.2368 0.4778
vn -0.7522 0.4984 0.4310
vn -0.7599 -0.4883 0.4291
vn -0.7785 0.4393 0.4482
vn -0.6238 -0.6978 0.3520
vn -0.7995 0.3836 0.4622
vn -0.4777 -0.8362 0.2695
vn -0.8030 0.3720 0.4657
vn -0.3519 -0.9149 0.1980
vn -0.7909 0.4044 0.4592
vn -0.2545 -0.9564 0.1431
vn -0.7819 0.4266 0.4545
vn -0.1726 0.9806 0.0934
vn -0.8278 0.4239 0.3675
vn -0.5504 0.8013 0.2344
vn -0.0846 -0.9958 0.0358
vn -0.0417 -0.9990 0.0174
vn -0.8440 0.3849 0.3735
vn -0.6236 0.7346 0.2675
vn -0.8709 0.3088 0.3823
vn -0.6809 0.6706 0.2944
vn -0.9026 0.1809 0.3906
vn -0.7270 0.6092 0.3167
vn -0.9180 0.0026 0.3967
vn -0.7651 0.5497 0.3354
vn -0.8933 -0.2300 0.3862
vn -0.7972 0.4909 0.3513
vn -0.8046 -0.4811 0.3480
vn -0.8248 0.4316 0.3652
vn -0.6624 -0.6922 0.2864
vn -0.8467 0.3761 0.3764
vn -0.5083 -0.8327 0.2196
vn -0.8502 0.3650 0.3794
vn -0.3751 -0.9127 0.1621
vn -0.8380 0.3975 0.3739
vn -0.2713 -0.9554 0.1169
vn -0.8279 0.4232 0.3679
vn -0.1817 0.9804 0.0756
vn -0.1934 -0.9776 0.0831
vn -0.8230 0.4338 0.3667
vn -0.3344 0.9320 0.1402
vn -0.1336 -0.9894 0.0571
vn -0.8217 0.4374 0.3654
vn -0.4559 0.8689 0.1930
vn -0.9080 0.3050 0.2873
vn -0.7125 0.6647 0.2248
vn -0.9382 0.1832 0.2937
vn -0.7609 0.6021 0.2418
vn -0.9542 0.0081 0.2991
vn -0.8006 0.5417 0.2561
vn -0.9301 -0.2230 0.2917
vn -0.8340 0.4822 0.2682
vn -0.8403 -0.4737 0.2635
vn -0.8625 0.4226 0.2786
vn -0.6944 -0.6859 0.2176
vn -0.8849 0.3672 0.2866
vn -0.5345 -0.8284 0.1675
vn -0.8889 0.3562 0.2879
vn -0.3950 -0.9103 0.1235
vn -0.8769 0.3890 0.2822
vn -0.2859 -0.9541 0.0893
vn -0.8650 0.4193 0.2757
vn -0.1888 0.9803 0.0571
vn -0.2037 -0.9770 0.0636
vn -0.8575 0.4331 0.2776
vn -0.3483 0.9313 0.1068
vn -0.1404 -0.9891 0.0433
vn -0.8561 0.4365 0.2767
vn -0.4760 0.8671 0.1466
vn -0.0886 -0.9957 0.0274
vn -0.8625 0.4228 0.2781
vn -0.5753 0.7982 0.1785
vn -0.0435 -0.9990 0.0131
vn -0.8795 0.3826 0.2830
vn -0.6522 0.7301 0.2041
vn -0.9626 0.1873 0.1959
vn -0.9798 0.0137 0.1997
vn -0.8287 0.5324 0.1727
vn -0.9567 -0.2157 0.1952
vn -0.8627 0.4722 0.1808
vn -0.8670 -0.4659 0.1768
vn -0.8915 0.4124 0.1877
vn -0.7192 -0.6792 0.1464
vn -0.9141 0.3567 0.1928
vn -0.5555 -0.8238 0.1129
vn -0.9183 0.3460 0.1925
vn -0.4115 -0.9076 0.0836
vn -0.9057 0.3803 0.1871
vn -0.2982 -0.9526 0.0606
vn -0.8915 0.4145 0.1828
vn -0.1942 0.9802 0.0384
vn -0.2123 -0.9763 0.0428
vn -0.8825 0.4325 0.1847
vn -0.3592 0.9305 0.0720
vn -0.1461 -0.9888 0.0294
vn -0.8811 0.4352 0.1853
vn -0.4917 0.8651 0.0986
vn -0.0920 -0.9956 0.0186
vn -0.8879 0.4209 0.1857
vn -0.5950 0.7947 0.1204
vn -0.0448 -0.9990 0.0088
vn -0.9058 0.3801 0.1873
vn -0.6750 0.7248 0.1376
vn -0.9336 0.3040 0.1898
vn -0.7378 0.6578 0.1515
vn -0.7878 0.5939 0.1630
vn -0.9731 -0.2085 0.0976
vn -0.8847 -0.4576 0.0887
vn -0.9113 0.4009 0.0941
vn -0.7368 -0.6721 0.0737
vn -0.9335 0.3454 0.0964
vn -0.5712 -0.8188 0.0570
vn -0.9371 0.3360 0.0951
vn -0.4242 -0.9046 0.0421
vn -0.9234 0.3724 0.0928
vn -0.3077 -0.9510 0.0304
vn -0.9082 0.4085 0.0912
vn -0.1978 0.9800 0.0192
vn -0.2191 -0.9755 0.0216
vn -0.8981 0.4303 0.0911
vn -0.3668 0.9296 0.0360
vn -0.1506 -0.9885 0.0149
vn -0.8961 0.4341 0.0925
vn -0.5030 0.8629 0.0497
vn -0.0945 -0.9955 0.0092
vn -0.9032 0.4190 0.0933
vn -0.6093 0.7906 0.0604
vn -0.0459 -0.9989 0.0044
vn -0.9208 0.3789 0.0930
vn -0.6917 0.7189 0.0690
vn -0.9472 0.3065 0.0947
vn -0.7560 0.6501 0.0762
vn -0.9767 0.1910 0.0978
vn -0.8071 0.5846 0.0821
vn -0.9948 0.0190 0.0997
vn -0.8485 0.5220 0.0869
vn -0.8827 0.4611 0.0909
vn -0.7470 -0.6648 -0.0001
vn -0.5813 -0.8137 -0.0004
vn -0.9450 0.3270 0.0004
vn -0.4329 -0.9014 -0.0004
vn -0.9309 0.3651 0.0003
vn -0.3144 -0.9493 -0.0004
vn -0.9155 0.4023 0.0004
vn -0.1996 0.9799 -0.0002
vn -0.2239 -0.9746 -0.0003
vn -0.9048 0.4257 0.0003
vn -0.3708 0.9287 -0.0004
vn -0.1537 -0.9881 -0.0002
vn -0.9018 0.4321 0.0014
vn -0.5095 0.8605 -0.0003
vn -0.0961 -0.9954 -0.0002
vn -0.9081 0.4187 0.0012
vn -0.6179 0.7863 -0.0004
vn -0.0465 -0.9989 -0.0001
vn -0.9250 0.3800 0.0002
vn -0.7018 0.7124 -0.0004
vn -0.9510 0.3091 0.0002
vn -0.7671 0.6416 -0.0003
vn -0.9809 0.1944 0.0004
vn -0.8185 0.5745 -0.0002
vn -0.9997 0.0240 0.0005
vn -0.8598 0.5107 -0.0000
vn -0.9795 -0.2013 0.0005
vn -0.8934 0.4493 0.0006
vn -0.8933 -0.4494 0.0002
vn -0.9211 0.3892 0.0014
vn -0.9422 0.3349 0.0008
vn -0.4375 -0.8982 -0.0434
vn -0.3183 -0.9475 -0.0317
vn -0.9139 0.3961 -0.0888
vn -0.1995 0.9797 -0.0199
vn -0.2267 -0.9737 -0.0226
vn -0.9032 0.4202 -0.0877
vn -0.3714 0.9277 -0.0370
vn -0.1553 -0.9877 -0.0155
vn -0.8991 0.4290 -0.0865
vn -0.5111 0.8580 -0.0508
vn -0.0969 -0.9952 -0.0097
vn -0.9036 0.4193 -0.0880
vn -0.6205 0.7818 -0.0615
vn -0.0466 -0.9989 -0.0047
vn -0.9197 0.3822 -0.0902
vn -0.7051 0.7057 -0.0696
vn -0.9457 0.3116 -0.0927
vn -0.7706 0.6327 -0.0760
vn -0.9756 0.1977 -0.0955
vn -0.8219 0.5640 -0.0807
vn -0.9948 0.0290 -0.0973
vn -0.8623 0.4993 -0.0843
vn -0.9763 -0.1944 -0.0954
vn -0.8948 0.4380 -0.0872
vn -0.8931 -0.4413 -0.0874
vn -0.9213 0.3786 -0.0892
vn -0.7499 -0.6574 -0.0737
vn -0.9412 0.3254 -0.0910
vn -0.5858 -0.8084 -0.0578
vn -0.9434 0.3188 -0.0914
vn -0.9294 0.3580 -0.0900
vn -0.2272 -0.9728 -0.0448
vn -0.1554 -0.9874 -0.0309
vn -0.8890 0.4257 -0.1689
vn -0.5078 0.8556 -0.1007
vn -0.0967 -0.9951 -0.0194
vn -0.8918 0.4190 -0.1705
vn -0.6171 0.7774 -0.1217
vn -0.0464 -0.9989 -0.0093
vn -0.9064 0.3833 -0.1773
vn -0.7016 0.6992 -0.1377
vn -0.9316 0.3141 -0.1831
vn -0.7667 0.6244 -0.1492
vn -0.9612 0.2010 -0.1887
vn -0.8173 0.5542 -0.1576
vn -0.9808 0.0339 -0.1922
vn -0.8570 0.4887 -0.1637
vn -0.9640 -0.1874 -0.1887
vn -0.8882 0.4272 -0.1694
vn -0.8845 -0.4332 -0.1732
vn -0.9130 0.3684 -0.1754
vn -0.7456 -0.6502 -0.1461
vn -0.9314 0.3163 -0.1800
vn -0.5847 -0.8031 -0.1147
vn -0.9332 0.3109 -0.1804
vn -0.4378 -0.8950 -0.0859
vn -0.9193 0.3511 -0.1780
vn -0.3190 -0.9457 -0.0627
vn -0.9040 0.3899 -0.1753
vn -0.1974 0.9795 -0.0395
vn -0.8929 0.4159 -0.1725
vn -0.3683 0.9268 -0.0736
vn -0.0954 -0.9950 -0.0288
vn -0.0456 -0.9989 -0.0139
vn -0.8742 0.4152 -0.2519
vn -0.8865 0.3825 -0.2605
vn -0.6911 0.6933 -0.2041
vn -0.9096 0.3162 -0.2694
vn -0.7554 0.6170 -0.2207
vn -0.9385 0.2045 -0.2783
vn -0.8051 0.5457 -0.2326
vn -0.9581 0.0390 -0.2837
vn -0.8437 0.4794 -0.2415
vn -0.9432 -0.1804 -0.2789
vn -0.8741 0.4171 -0.2488
vn -0.8681 -0.4251 -0.2565
vn -0.8980 0.3581 -0.2558
vn -0.7346 -0.6428 -0.2171
vn -0.9147 0.3069 -0.2630
vn -0.5782 -0.7978 -0.1709
vn -0.9150 0.3032 -0.2662
vn -0.4340 -0.8917 -0.1285
vn -0.9012 0.3444 -0.2629
vn -0.3166 -0.9439 -0.0938
vn -0.8863 0.3845 -0.2583
vn -0.1933 0.9794 -0.0588
vn -0.2254 -0.9720 -0.0669
vn -0.8748 0.4133 -0.2528
vn -0.3615 0.9260 -0.1092
vn -0.1540 -0.9870 -0.0458
vn -0.8706 0.4245 -0.2487
vn -0.4994 0.8533 -0.1496
vn -0.6076 0.7733 -0.1811
vn -0.9274 0.0441 -0.3714
vn -0.9144 -0.1735 -0.3657
vn -0.8519 0.4085 -0.3277
vn -0.8438 -0.4173 -0.3374
vn -0.8752 0.3490 -0.3351
vn -0.7166 -0.6359 -0.2867
vn -0.8917 0.2971 -0.3414
vn -0.5658 -0.7929 -0.2264
vn -0.8915 0.2941 -0.3445
vn -0.4258 -0.8887 -0.1702
vn -0.8766 0.3376 -0.3428
vn -0.3111 -0.9422 -0.1244
vn -0.8606 0.3812 -0.3377
vn -0.1872 0.9792 -0.0777
vn -0.2214 -0.9711 -0.0890
vn -0.8499 0.4119 -0.3285
vn -0.3514 0.9252 -0.1435
vn -0.1511 -0.9867 -0.0607
vn -0.8451 0.4237 -0.3259
vn -0.4859 0.8513 -0.1977
vn -0.0933 -0.9949 -0.0377
vn -0.8503 0.4107 -0.3291
vn -0.5920 0.7698 -0.2387
vn -0.0443 -0.9988 -0.0184
vn -0.8616 0.3796 -0.3370
vn -0.6738 0.6882 -0.2691
vn -0.8812 0.3156 -0.3520
vn -0.7366 0.6105 -0.2910
vn -0.9078 0.2083 -0.3640
vn -0.7850 0.5382 -0.3068
vn -0.8226 0.4711 -0.3185
vn -0.8124 -0.4100 -0.4146
vn -0.6926 -0.6291 -0.3528
vn -0.8599 0.2895 -0.4205
vn -0.5489 -0.7879 -0.2793
vn -0.8613 0.2858 -0.4202
vn -0.4136 -0.8857 -0.2107
vn -0.8475 0.3294 -0.4162
vn -0.3021 -0.9407 -0.1542
vn -0.8294 0.3783 -0.4111
vn -0.1791 0.9791 -0.0959
vn -0.2149 -0.9704 -0.1101
vn -0.8175 0.4121 -0.4023
vn -0.3376 0.9245 -0.1772
vn -0.1463 -0.9863 -0.0756
vn -0.8131 0.4225 -0.4003
vn -0.4673 0.8497 -0.2444
vn -0.0903 -0.9948 -0.0466
vn -0.8185 0.4085 -0.4040
vn -0.5704 0.7668 -0.2945
vn -0.0425 -0.9988 -0.0228
vn -0.8307 0.3727 -0.4135
vn -0.6497 0.6839 -0.3319
vn -0.8479 0.3131 -0.4279
vn -0.7106 0.6051 -0.3591
vn -0.8708 0.2108 -0.4441
vn -0.7573 0.5318 -0.3790
vn -0.8893 0.0493 -0.4547
vn -0.7935 0.4641 -0.3937
vn -0.8780 -0.1670 -0.4486
vn -0.8217 0.4008 -0.4050
vn -0.8438 0.3413 -0.4142
vn -0.5254 -0.7840 -0.3306
vn -0.3968 -0.8833 -0.2497
vn -0.8100 0.3229 -0.4896
vn -0.2901 -0.9393 -0.1829
vn -0.7932 0.3741 -0.4806
vn -0.1695 0.9791 -0.1125
vn -0.2064 -0.9697 -0.1304
vn -0.7790 0.4119 -0.4727
vn -0.3199 0.9240 -0.2096
vn -0.1399 -0.9861 -0.0895
vn -0.7746 0.4214 -0.4716
vn -0.4446 0.8482 -0.2879
vn -0.0861 -0.9947 -0.0554
vn -0.7797 0.4072 -0.4757
vn -0.5424 0.7644 -0.3485
vn -0.0403 -0.9988 -0.0266
vn -0.7931 0.3689 -0.4847
vn -0.6185 0.6804 -0.3930
vn -0.8103 0.3080 -0.4985
vn -0.6771 0.6006 -0.4253
vn -0.8287 0.2078 -0.5198
vn -0.7219 0.5265 -0.4490
vn -0.8448 0.0539 -0.5324
vn -0.7567 0.4581 -0.4665
vn -0.8354 -0.1603 -0.5258
vn -0.7838 0.3944 -0.4797
vn -0.7752 -0.4023 -0.4870
vn -0.8049 0.3348 -0.4900
vn -0.6626 -0.6228 -0.4160
vn -0.8200 0.2834 -0.4972
vn -0.8215 0.2799 -0.4967
vn -0.2747 -0.9383 -0.2101
vn -0.1949 -0.9693 -0.1502
vn -0.7341 0.4109 -0.5406
vn -0.2987 0.9236 -0.2402
vn -0.1324 -0.9859 -0.1024
vn -0.7299 0.4206 -0.5388
vn -0.4169 0.8472 -0.3294
vn -0.0808 -0.9947 -0.0637
vn -0.7346 0.4065 -0.5433
vn -0.5098 0.7625 -0.3983
vn -0.0380 -0.9988 -0.0302
vn -0.7471 0.3681 -0.5535
vn -0.5817 0.6778 -0.4497
vn -0.7650 0.3008 -0.5695
vn -0.6371 0.5973 -0.4873
vn -0.7829 0.2039 -0.5878
vn -0.6797 0.5225 -0.5148
vn -0.7957 0.0567 -0.6031
vn -0.7127 0.4535 -0.5352
vn -0.7867 -0.1540 -0.5978
vn -0.7384 0.3895 -0.5505
vn -0.7308 -0.3966 -0.5556
vn -0.7585 0.3296 -0.5622
vn -0.6254 -0.6183 -0.4761
vn -0.7727 0.2781 -0.5706
vn -0.4978 -0.7803 -0.3787
vn -0.7740 0.2748 -0.5704
vn -0.3761 -0.8811 -0.2867
vn -0.7634 0.3182 -0.5620
vn -0.7482 0.3711 -0.5500
vn -0.1587 0.9790 -0.1280
vn -0.1231 -0.9857 -0.1148
vn -0.0744 -0.9947 -0.0714
vn -0.6786 0.4208 -0.6020
vn -0.6833 0.4060 -0.6068
vn -0.4708 0.7614 -0.4457
vn -0.0352 -0.9988 -0.0337
vn -0.6950 0.3679 -0.6177
vn -0.5385 0.6760 -0.5029
vn -0.7130 0.2995 -0.6339
vn -0.5905 0.5949 -0.5453
vn -0.7314 0.1993 -0.6521
vn -0.6306 0.5195 -0.5767
vn -0.7407 0.0531 -0.6698
vn -0.6614 0.4499 -0.6001
vn -0.7317 -0.1499 -0.6649
vn -0.6853 0.3855 -0.6179
vn -0.6800 -0.3926 -0.6192
vn -0.7039 0.3253 -0.6314
vn -0.5836 -0.6140 -0.5315
vn -0.7172 0.2737 -0.6408
vn -0.4643 -0.7776 -0.4240
vn -0.7188 0.2707 -0.6403
vn -0.3507 -0.8797 -0.3211
vn -0.7094 0.3147 -0.6307
vn -0.2564 -0.9374 -0.2355
vn -0.6952 0.3694 -0.6167
vn -0.1460 0.9789 -0.1430
vn -0.1814 -0.9689 -0.1681
vn -0.6820 0.4110 -0.6049
vn -0.2742 0.9234 -0.2685
vn -0.3835 0.8467 -0.3688
vn -0.0318 -0.9988 -0.0371
vn -0.6365 0.3687 -0.6775
vn -0.6533 0.3004 -0.6950
vn -0.5357 0.5934 -0.6008
vn -0.6711 0.1943 -0.7155
vn -0.5728 0.5174 -0.6358
vn -0.6813 0.0496 -0.7303
vn -0.6015 0.4473 -0.6619
vn -0.6715 -0.1496 -0.7258
vn -0.6239 0.3824 -0.6815
vn -0.6238 -0.3896 -0.6775
vn -0.6412 0.3218 -0.6967
vn -0.5349 -0.6117 -0.5828
vn -0.6537 0.2703 -0.7068
vn -0.4257 -0.7762 -0.4651
vn -0.6559 0.2679 -0.7057
vn -0.3220 -0.8785 -0.3529
vn -0.6478 0.3122 -0.6949
vn -0.2341 -0.9371 -0.2589
vn -0.6349 0.3687 -0.6789
vn -0.1314 0.9789 -0.1567
vn -0.1664 -0.9686 -0.1846
vn -0.6228 0.4122 -0.6651
vn -0.2477 0.9233 -0.2936
vn -0.1116 -0.9857 -0.1263
vn -0.6201 0.4220 -0.6614
vn -0.3458 0.8465 -0.4048
vn -0.0674 -0.9946 -0.0783
vn -0.6251 0.4071 -0.6659
vn -0.4255 0.7609 -0.4899
vn -0.4876 0.6751 -0.5536
vn -0.6033 0.1951 -0.7733
vn -0.6142 0.0467 -0.7877
vn -0.5346 0.4458 -0.7180
vn -0.6039 -0.1540 -0.7820
vn -0.5553 0.3803 -0.7396
vn -0.5607 -0.3896 -0.7306
vn -0.5791 0.3493 -0.7366
vn -0.6004 0.3494 -0.7194
vn -0.4803 -0.6112 -0.6291
vn -0.6138 0.2904 -0.7341
vn -0.3819 -0.7755 -0.5028
vn -0.6251 0.2472 -0.7403
vn -0.6255 0.2479 -0.7398
vn -0.2876 -0.8785 -0.3814
vn -0.5793 0.3107 -0.7535
vn -0.2100 -0.9368 -0.2798
vn -0.5676 0.3690 -0.7359
vn -0.1154 0.9789 -0.1688
vn -0.1479 -0.9686 -0.1998
vn -0.5565 0.4141 -0.7203
vn -0.2194 0.9231 -0.3157
vn -0.0986 -0.9857 -0.1365
vn -0.5543 0.4243 -0.7160
vn -0.3055 0.8464 -0.4362
vn -0.0602 -0.9946 -0.0842
vn -0.5594 0.4092 -0.7208
vn -0.3755 0.7608 -0.5294
vn -0.0281 -0.9988 -0.0400
vn -0.5701 0.3706 -0.7332
vn -0.4309 0.6747 -0.5992
vn -0.5858 0.3022 -0.7520
vn -0.4743 0.5927 -0.6510
vn -0.5080 0.5163 -0.6894
vn -0.5289 -0.1575 -0.8339
vn -0.4901 -0.3922 -0.7785
vn -0.5268 0.3480 -0.7755
vn -0.5262 0.3474 -0.7762
vn -0.4185 -0.6130 -0.6701
vn -0.3323 -0.7762 -0.5358
vn -0.5867 0.2659 -0.7649
vn -0.5525 0.2461 -0.7963
vn -0.5525 0.2466 -0.7962
vn -0.2508 -0.8785 -0.4066
vn -0.5472 0.2818 -0.7881
vn -0.1816 -0.9371 -0.2983
vn -0.4942 0.3697 -0.7868
vn -0.0981 0.9789 -0.1793
vn -0.1269 -0.9688 -0.2129
vn -0.4843 0.4166 -0.7694
vn -0.1875 0.9232 -0.3354
vn -0.0852 -0.9857 -0.1451
vn -0.4824 0.4272 -0.7647
vn -0.2628 0.8464 -0.4632
vn -0.0521 -0.9946 -0.0895
vn -0.4870 0.4121 -0.7701
vn -0.3232 0.7609 -0.5627
vn -0.0239 -0.9988 -0.0426
vn -0.4968 0.3734 -0.7835
vn -0.3711 0.6749 -0.6378
vn -0.5110 0.3048 -0.8037
vn -0.4090 0.5928 -0.6938
vn -0.5270 0.1982 -0.8264
vn -0.4388 0.5162 -0.7355
vn -0.5373 0.0452 -0.8422
vn -0.4623 0.4455 -0.7667
vn -0.4812 0.3796 -0.7902
vn -0.2776 -0.7775 -0.5643
vn -0.4240 0.2653 -0.8659
vn -0.4660 0.2785 -0.8398
vn -0.4172 0.2454 -0.8750
vn -0.2074 -0.8796 -0.4281
vn -0.4200 0.3104 -0.8528
vn -0.4659 0.2833 -0.8383
vn -0.4654 0.2839 -0.8383
vn -0.1498 -0.9376 -0.3138
vn -0.5042 0.3101 -0.8060
vn -0.4127 0.3718 -0.8316
vn -0.0799 0.9789 -0.1881
vn -0.1053 -0.9690 -0.2234
vn -0.4051 0.4196 -0.8123
vn -0.1528 0.9234 -0.3522
vn -0.0711 -0.9857 -0.1526
vn -0.4437 0.4306 -0.7860
vn -0.4438 0.4304 -0.7860
vn -0.2152 0.8467 -0.4867
vn -0.0427 -0.9946 -0.0941
vn -0.4453 0.4260 -0.7875
vn -0.4457 0.4264 -0.7871
vn -0.2661 0.7615 -0.5910
vn -0.0195 -0.9988 -0.0447
vn -0.4498 0.4082 -0.7944
vn -0.4353 0.4015 -0.8058
vn -0.3068 0.6755 -0.6705
vn -0.4170 0.3767 -0.8272
vn -0.4293 0.3084 -0.8489
vn -0.3386 0.5934 -0.7302
vn -0.4430 0.2011 -0.8737
vn -0.3638 0.5167 -0.7750
vn -0.4517 0.0449 -0.8910
vn -0.3837 0.4458 -0.8087
vn -0.4444 -0.1610 -0.8812
vn -0.3996 0.3798 -0.8343
vn -0.4105 -0.3960 -0.8214
vn -0.4490 0.3482 -0.8228
vn -0.4482 0.3476 -0.8236
vn -0.3504 -0.6153 -0.7061
vn -0.1176 -0.9381 -0.3258
vn -0.3286 0.3116 -0.8916
vn -0.3234 0.3748 -0.8689
vn -0.0608 0.9789 -0.1949
vn -0.0827 -0.9691 -0.2322
vn -0.1167 0.9235 -0.3654
vn -0.0550 -0.9858 -0.1584
vn -0.3607 0.4332 -0.8260
vn -0.4170 0.4319 -0.7997
vn -0.1648 0.8471 -0.5052
vn -0.0328 -0.9947 -0.0978
vn -0.2040 0.7623 -0.6143
vn -0.0149 -0.9988 -0.0464
vn -0.3705 0.4042 -0.8363
vn -0.3697 0.4035 -0.8370
vn -0.2355 0.6764 -0.6978
vn -0.3505 0.3637 -0.8631
vn -0.2609 0.5946 -0.7605
vn -0.3393 0.3116 -0.8876
vn -0.3502 0.2034 -0.9143
vn -0.2812 0.5176 -0.8081
vn -0.3573 0.0453 -0.9329
vn -0.2973 0.4466 -0.8439
vn -0.3520 -0.1641 -0.9215
vn -0.3103 0.3804 -0.8712
vn -0.3249 -0.4003 -0.8569
vn -0.3629 0.3494 -0.8638
vn -0.3615 0.3484 -0.8648
vn -0.2761 -0.6186 -0.7356
vn -0.2178 -0.7802 -0.5864
vn -0.3311 0.2659 -0.9053
vn -0.3806 0.2459 -0.8915
vn -0.1628 -0.8810 -0.4442
vn -0.0410 0.9790 -0.1998
vn -0.0790 0.9237 -0.3748
vn -0.0379 -0.9860 -0.1626
vn -0.1121 0.8476 -0.5186
vn -0.0224 -0.9947 -0.1003
vn -0.1394 0.7629 -0.6313
vn -0.0101 -0.9988 -0.0475
vn -0.1617 0.6774 -0.7176
vn -0.2859 0.3554 -0.8899
vn -0.2863 0.3555 -0.8897
vn -0.1793 0.5957 -0.7829
vn -0.2406 0.3150 -0.9181
vn -0.2488 0.2056 -0.9465
vn -0.1936 0.5188 -0.8327
vn -0.2540 0.0459 -0.9661
vn -0.2053 0.4478 -0.8703
vn -0.2503 -0.1660 -0.9538
vn -0.2152 0.3818 -0.8989
vn -0.2308 -0.4046 -0.8849
vn -0.2233 0.3210 -0.9204
vn -0.2717 0.3319 -0.9033
vn -0.2882 0.3497 -0.8914
vn -0.1956 -0.6224 -0.7578
vn -0.2776 0.2910 -0.9156
vn -0.2760 0.2901 -0.9163
vn -0.1538 -0.7825 -0.6033
vn -0.2825 0.2461 -0.9272
vn -0.2817 0.2450 -0.9277
vn -0.2294 0.2690 -0.9354
vn -0.1148 -0.8822 -0.4567
vn -0.2300 0.3138 -0.9212
vn -0.0826 -0.9387 -0.3346
vn -0.2272 0.3778 -0.8976
vn -0.0574 -0.9694 -0.2386
vn -0.2738 0.4115 -0.8693
vn -0.2732 0.4105 -0.8700
vn -0.0580 0.8481 -0.5267
vn -0.0727 0.7636 -0.6415
vn -0.0052 -0.9988 -0.0482
vn -0.0849 0.6784 -0.7297
vn -0.1861 0.3596 -0.9143
vn -0.1862 0.3593 -0.9145
vn -0.0950 0.5967 -0.7968
vn -0.1916 0.2810 -0.9404
vn -0.1396 0.2074 -0.9682
vn -0.1033 0.5201 -0.8479
vn -0.1425 0.0462 -0.9887
vn -0.1102 0.4490 -0.8867
vn -0.1403 -0.1674 -0.9759
vn -0.1160 0.3833 -0.9163
vn -0.1292 -0.4076 -0.9040
vn -0.1206 0.3222 -0.9390
vn -0.1092 -0.6256 -0.7724
vn -0.1242 0.2700 -0.9548
vn -0.0854 -0.7848 -0.6138
vn -0.1261 0.2679 -0.9551
vn -0.2312 0.2667 -0.9356
vn -0.0631 -0.8835 -0.4641
vn -0.1261 0.3159 -0.9404
vn -0.0449 -0.9394 -0.3399
vn -0.1248 0.3804 -0.9164
vn -0.0208 0.9790 -0.2027
vn -0.0308 -0.9697 -0.2422
vn -0.1758 0.4147 -0.8928
vn -0.1753 0.4142 -0.8931
vn -0.0405 0.9239 -0.3804
vn -0.0201 -0.9861 -0.1651
vn -0.0117 -0.9947 -0.1018
vn -0.0811 0.2744 -0.9582
vn -0.0238 0.2087 -0.9777
vn -0.0725 0.4171 -0.9060
vn -0.0723 0.4171 -0.9060
vn 0.2484 0.9683 0.0259
vn 0.2493 0.9684 -0.0000
vn 0.2292 0.9731 0.0235
vn 0.2131 0.9769 0.0168
vn 0.1555 0.9876 0.0195
vn 0.1076 0.9940 0.0218
vn 0.1761 0.9840 0.0266
vn 0.1493 0.9888 -0.0000
vn 0.0448 0.9990 -0.0000
vn -0.3874 0.9219 -0.0000
vn -0.4737 0.8779 0.0707
vn -0.3485 0.9354 0.0604
vn -0.2148 0.9767 -0.0000
vn -0.2857 0.9568 0.0545
vn -0.0739 0.9973 -0.0000
vn -0.1893 0.9809 0.0453
vn -0.0063 0.9996 0.0270
vn 0.0528 0.9984 0.0209
vn -0.5562 0.8292 -0.0554
vn -0.3502 0.9282 -0.1259
vn -0.5549 0.8150 -0.1668
vn -0.5947 -0.8030 -0.0398
vn -0.5268 -0.8475 -0.0644
vn -0.1848 0.9785 -0.0921
vn -0.6344 -0.7675 -0.0921
vn -0.7882 -0.6120 -0.0646
vn -0.7549 -0.6436 -0.1259
vn -0.0520 0.9966 -0.0644
vn -0.8385 -0.5402 -0.0717
vn 0.0586 0.9974 -0.0407
vn -0.9676 -0.1423 -0.2085
vn -0.9131 -0.3992 -0.0830
vn -0.9922 -0.0749 -0.0997
vn 0.1555 0.9876 -0.0195
vn -0.9428 0.2428 -0.2285
vn -0.7786 0.5919 -0.2085
vn -0.9466 0.3049 -0.1050
vn -0.3739 -0.9267 -0.0383
vn -0.4422 -0.8966 -0.0216
vn -0.4304 -0.9017 -0.0407
vn -0.7739 0.6260 -0.0958
vn -0.5472 -0.8363 -0.0340
vn 0.1747 0.9839 -0.0378
vn -0.8687 -0.2234 -0.4421
vn -0.3222 -0.9459 -0.0378
vn -0.2804 -0.9597 -0.0195
vn -0.3384 -0.9404 -0.0332
vn -0.6528 0.6152 -0.4421
vn -0.3917 -0.9168 -0.0774
vn -0.4236 0.8410 -0.3367
vn -0.2355 0.9403 -0.2458
vn -0.4681 -0.8752 -0.1223
vn -0.0948 0.9797 -0.1765
vn -0.5562 -0.8121 -0.1765
vn 0.0128 0.9924 -0.1223
vn -0.8795 -0.4456 -0.1668
vn -0.6603 -0.7096 -0.2458
vn 0.0998 0.9920 -0.0774
vn -0.7771 -0.5318 -0.3367
vn 0.0522 0.9689 -0.2418
vn -0.4222 -0.8737 -0.2418
vn 0.1158 0.9794 -0.1657
vn -0.4852 -0.8034 -0.3452
vn 0.1651 0.9807 -0.1049
vn -0.5607 -0.6635 -0.4953
vn 0.2066 0.9770 -0.0524
vn -0.8390 0.2160 -0.4993
vn -0.6159 -0.3656 -0.6979
vn -0.2910 -0.9553 -0.0524
vn -0.2666 -0.9635 -0.0241
vn -0.2759 -0.9609 -0.0220
vn -0.3627 0.6176 -0.6979
vn -0.1705 0.8518 -0.4953
vn -0.3290 -0.9385 -0.1049
vn -0.0368 0.9378 -0.3452
vn -0.3716 -0.9135 -0.1657
vn -0.2498 -0.9680 -0.0259
vn 0.2489 0.9667 -0.0588
vn 0.1362 0.5289 -0.8377
vn -0.5524 0.1422 -0.8214
vn -0.2489 -0.9667 -0.0588
vn 0.2045 0.7941 -0.5724
vn -0.2477 -0.9619 -0.1162
vn 0.2298 0.8923 -0.3885
vn -0.2451 -0.9520 -0.1832
vn 0.2402 0.9328 -0.2687
vn -0.2402 -0.9328 -0.2687
vn 0.2451 0.9520 -0.1832
vn -0.2298 -0.8923 -0.3885
vn 0.2477 0.9619 -0.1162
vn -0.2045 -0.7941 -0.5724
vn -0.1362 -0.5289 -0.8377
vn 0.0368 -0.9378 -0.3452
vn 0.4222 0.8737 -0.2418
vn 0.1705 -0.8518 -0.4953
vn 0.3716 0.9135 -0.1657
vn 0.3627 -0.6176 -0.6979
vn 0.3290 0.9385 -0.1049
vn 0.5524 -0.1422 -0.8214
vn -0.0000 -0.0000 -1.0000
vn -0.2066 -0.9770 -0.0524
vn 0.2910 0.9553 -0.0524
vn -0.1651 -0.9807 -0.1049
vn 0.6159 0.3656 -0.6979
vn -0.1158 -0.9794 -0.1657
vn 0.5607 0.6635 -0.4953
vn -0.0522 -0.9689 -0.2418
vn 0.4852 0.8034 -0.3452
vn 0.8390 -0.2160 -0.4993
vn -0.0998 -0.9920 -0.0774
vn -0.1748 -0.9839 -0.0378
vn 0.8687 0.2234 -0.4421
vn -0.0128 -0.9924 -0.1223
vn 0.7771 0.5318 -0.3367
vn 0.0948 -0.9797 -0.1765
vn 0.6603 0.7096 -0.2458
vn 0.2355 -0.9403 -0.2458
vn 0.5562 0.8121 -0.1765
vn 0.4236 -0.8410 -0.3367
vn 0.4681 0.8752 -0.1223
vn 0.6528 -0.6152 -0.4421
vn 0.3917 0.9168 -0.0774
vn -0.2225 -0.9747 -0.0219
vn 0.3222 0.9459 -0.0378
vn 0.6344 0.7675 -0.0921
vn 0.5549 -0.8150 -0.1668
vn 0.5268 0.8475 -0.0644
vn 0.7786 -0.5919 -0.2085
vn 0.4304 0.9017 -0.0407
vn 0.9428 -0.2427 -0.2285
vn -0.1625 -0.9862 -0.0316
vn -0.2187 -0.9756 -0.0196
vn 0.3408 0.9399 -0.0195
vn -0.0751 -0.9952 -0.0624
vn -0.1251 -0.9911 -0.0448
vn 0.9676 0.1423 -0.2085
vn 0.0520 -0.9966 -0.0644
vn -0.0261 -0.9972 -0.0702
vn 0.8795 0.4456 -0.1668
vn 0.1848 -0.9785 -0.0921
vn 0.7549 0.6436 -0.1259
vn 0.3502 -0.9282 -0.1259
vn 0.9803 0.1727 -0.0959
vn 0.0063 -0.9996 -0.0270
vn 0.8828 0.4631 -0.0783
vn 0.2049 -0.9777 -0.0468
vn 0.0631 -0.9975 -0.0328
vn 0.7592 0.6480 -0.0607
vn 0.3753 -0.9248 -0.0629
vn 0.2857 -0.9568 -0.0545
vn 0.5304 0.8471 -0.0320
vn 0.5947 0.8030 -0.0398
vn 0.5845 -0.8073 -0.0812
vn 0.4733 -0.8780 -0.0717
vn 0.4432 0.8964 -0.0000
vn 0.4884 0.8724 -0.0194
vn 0.8153 -0.5707 -0.0986
vn 0.3468 0.9380 -0.0000
vn 0.9722 -0.2091 -0.1051
vn 0.4240 0.9054 0.0196
vn 0.3407 0.9400 0.0193
vn 0.3837 0.9231 0.0246
vn 0.3128 0.9495 0.0233
vn 0.2839 0.9587 0.0175
vn 0.2890 0.9572 0.0147
vn 0.2676 0.9632 0.0238
vn -0.0000 0.9256 -0.3784
vn 0.1870 0.9401 -0.2852
vn 0.1756 0.8828 -0.4356
vn -0.0000 0.8352 -0.5500
vn -0.0000 0.7131 -0.7011
vn 0.3196 0.7716 -0.5500
vn 0.2729 0.6588 -0.7011
vn 0.2158 0.5210 -0.8258
vn -0.0000 0.5639 -0.8258
vn 0.1504 0.3631 -0.9195
vn -0.0000 0.3930 -0.9195
vn 0.0791 0.1911 -0.9784
vn -0.0000 0.2068 -0.9784
vn 0.1462 0.1462 -0.9784
vn 0.2715 0.8398 -0.4702
vn 0.4457 0.6671 -0.5969
vn 0.4328 0.6477 -0.6270
vn 0.5042 0.5042 -0.7011
vn 0.3987 0.3987 -0.8258
vn 0.2779 0.2779 -0.9195
vn 0.5528 0.3694 -0.7469
vn 0.5084 0.5832 -0.6335
vn 0.3631 0.1504 -0.9195
vn 0.1911 0.0791 -0.9784
vn 0.2068 -0.0000 -0.9784
vn 0.6341 0.0292 -0.7727
vn 0.5210 0.2158 -0.8258
vn 0.5697 0.2809 -0.7723
vn 0.3930 -0.0000 -0.9195
vn 0.5639 -0.0000 -0.8258
vn 0.6294 -0.1252 -0.7669
vn 0.4811 -0.0957 -0.8714
vn 0.3631 -0.1504 -0.9195
vn 0.1911 -0.0791 -0.9784
vn 0.3318 -0.3348 -0.8819
vn 0.4392 -0.1714 -0.8819
vn 0.2779 -0.2779 -0.9195
vn 0.1462 -0.1462 -0.9784
vn 0.2158 -0.5209 -0.8259
vn 0.2720 -0.4070 -0.8720
vn 0.2203 -0.5951 -0.7729
vn 0.2658 -0.3979 -0.8781
vn 0.1504 -0.3631 -0.9195
vn 0.0791 -0.1911 -0.9784
vn -0.0000 -0.5639 -0.8258
vn -0.0387 -0.6339 -0.7724
vn -0.0000 -0.3930 -0.9195
vn -0.0000 -0.2068 -0.9784
vn -0.1504 -0.3631 -0.9195
vn -0.0791 -0.1911 -0.9784
vn -0.1306 -0.6569 -0.7425
vn -0.3559 -0.6875 -0.6330
vn -0.2729 -0.6588 -0.7010
vn -0.1251 -0.6294 -0.7670
vn -0.2158 -0.5210 -0.8258
vn -0.5906 -0.5905 -0.5500
vn -0.4465 -0.6682 -0.5950
vn -0.4921 -0.7364 -0.4643
vn -0.5042 -0.5042 -0.7011
vn -0.3987 -0.3987 -0.8258
vn -0.2779 -0.2779 -0.9195
vn -0.1462 -0.1462 -0.9784
vn -0.3631 -0.1504 -0.9195
vn -0.1911 -0.0791 -0.9784
vn -0.8062 -0.5387 -0.2447
vn -0.9465 -0.3074 -0.0977
vn -0.9065 -0.3755 -0.1928
vn -0.8552 -0.3542 -0.3784
vn -0.7517 -0.5023 -0.4274
vn -0.7969 -0.5325 -0.2852
vn -0.6830 -0.5595 -0.4696
vn -0.7716 -0.3196 -0.5500
vn -0.6588 -0.2729 -0.7011
vn -0.5210 -0.2158 -0.8258
vn -0.8352 -0.0000 -0.5500
vn -0.7131 -0.0000 -0.7011
vn -0.5639 -0.0000 -0.8258
vn -0.3930 -0.0000 -0.9195
vn -0.2068 -0.0000 -0.9784
vn -1.0000 -0.0000 -0.0000
vn -0.9762 -0.1943 0.0962
vn -0.9941 0.0466 0.0979
vn -0.9784 -0.1946 -0.0695
vn -0.9256 -0.0000 -0.3784
vn -0.1911 0.0791 -0.9784
vn -0.9239 0.3827 -0.0000
vn -0.9173 0.3861 0.0980
vn -0.9065 0.3755 -0.1928
vn -0.9812 -0.0000 -0.1928
vn -0.8552 0.3542 -0.3784
vn -0.7716 0.3196 -0.5500
vn -0.6588 0.2729 -0.7011
vn -0.5210 0.2158 -0.8258
vn -0.3631 0.1504 -0.9195
vn -0.5905 0.5905 -0.5500
vn -0.5042 0.5042 -0.7011
vn -0.3987 0.3987 -0.8258
vn -0.2779 0.2779 -0.9195
vn -0.1462 0.1462 -0.9784
vn -0.8276 0.5530 0.0962
vn -0.6938 0.6938 -0.1928
vn -0.6545 0.6545 -0.3784
vn -0.7071 0.7071 -0.0000
vn -0.5530 0.8276 0.0962
vn -0.5538 0.8289 -0.0785
vn -0.0791 0.1911 -0.9784
vn -0.3755 0.9065 -0.1928
vn -0.3542 0.8552 -0.3784
vn -0.3196 0.7716 -0.5500
vn -0.2729 0.6588 -0.7011
vn -0.2158 0.5210 -0.8258
vn -0.1504 0.3631 -0.9195
vn -0.1942 0.9762 -0.0961
vn -0.1885 0.9475 -0.2584
vn -0.1870 0.9401 -0.2851
vn 0.0712 0.9545 -0.2895
vn -0.1755 0.8824 -0.4365
vn -0.2729 0.8393 -0.4703
vn -0.4455 0.6668 -0.5974
vn -0.4328 0.6478 -0.6270
vn -0.4328 0.6478 -0.6269
vn -0.5043 0.5043 -0.7010
vn -0.5090 0.5828 -0.6335
vn -0.5527 0.3693 -0.7470
vn -0.5696 0.2812 -0.7723
vn -0.4930 0.0981 -0.8645
vn -0.4712 0.0262 -0.8816
vn -0.4397 -0.1701 -0.8819
vn -0.4693 -0.0934 -0.8781
vn -0.3292 -0.3375 -0.8819
vn -0.3979 -0.2659 -0.8781
vn -0.1629 -0.4427 -0.8818
vn 0.0367 -0.6340 -0.7725
vn -0.0972 -0.4888 -0.8670
vn 0.3546 -0.6881 -0.6330
vn 0.1306 -0.6565 -0.7429
vn 0.2729 -0.6589 -0.7010
vn 0.2158 -0.5210 -0.8258
vn 0.1252 -0.6294 -0.7669
vn 0.6820 -0.5606 -0.4697
vn 0.4483 -0.6710 -0.5905
vn 0.5906 -0.5905 -0.5500
vn 0.4328 -0.6477 -0.6270
vn 0.5042 -0.5042 -0.7011
vn 0.3987 -0.3987 -0.8258
vn 0.8060 -0.5390 -0.2447
vn 0.9065 -0.3758 -0.1925
vn 0.9465 -0.3074 -0.0977
vn 0.8552 -0.3542 -0.3784
vn 0.7969 -0.5325 -0.2852
vn 0.7716 -0.3196 -0.5500
vn 0.7515 -0.5021 -0.4279
vn 0.5210 -0.2158 -0.8258
vn 0.8352 -0.0000 -0.5500
vn 0.6588 -0.2729 -0.7011
vn 1.0000 -0.0000 0.0001
vn 0.9762 -0.1942 0.0961
vn 0.9784 -0.1946 -0.0692
vn 0.9812 -0.0000 -0.1928
vn 0.9256 -0.0000 -0.3784
vn 0.9940 0.0475 0.0981
vn 0.9239 0.3827 -0.0000
vn 0.9167 0.3874 0.0980
vn 0.9065 0.3755 -0.1928
vn 0.8552 0.3542 -0.3784
vn 0.7716 0.3196 -0.5500
vn 0.7131 -0.0000 -0.7011
vn 0.6588 0.2729 -0.7011
vn 0.5905 0.5905 -0.5500
vn 0.7069 0.7073 0.0002
vn 0.7231 0.6838 0.0980
vn 0.8276 0.5530 0.0962
vn 0.6938 0.6938 -0.1928
vn 0.5539 0.8292 -0.0747
vn 0.3755 0.9065 -0.1928
vn 0.4345 0.8954 -0.0978
vn 0.6545 0.6545 -0.3784
vn 0.3542 0.8552 -0.3784
vn 0.1942 0.9762 -0.0962
vn 0.1884 0.9472 -0.2594
vn -0.0316 0.2757 -0.9607
vn 0.0350 0.2757 -0.9606
vn -0.0102 0.4181 -0.9083
vn 0.0342 0.4453 -0.8947
vn 0.0982 0.4462 -0.8895
vn 0.2071 0.4450 -0.8712
vn 0.1412 0.4452 -0.8842
vn 0.3151 0.4423 -0.8397
vn 0.2492 0.3374 -0.9078
vn 0.2542 0.2947 -0.9212
vn 0.2564 0.2669 -0.9290
vn 0.2529 0.2954 -0.9213
vn 0.3414 0.4403 -0.8304
vn 0.3686 0.2838 -0.8852
vn 0.3435 0.3551 -0.8694
vn 0.3807 0.3551 -0.8538
vn 0.4001 0.2509 -0.8815
vn 0.3592 0.2509 -0.8989
vn 0.3601 0.2504 -0.8987
vn 0.4347 0.4245 -0.7943
vn 0.4457 0.3784 -0.8113
vn 0.4817 0.3560 -0.8008
vn 0.4554 0.2505 -0.8543
vn 0.4996 0.2517 -0.8289
vn 0.5416 0.2515 -0.8021
vn 0.5945 0.2533 -0.7631
vn 0.6001 0.3370 -0.7255
vn 0.6154 0.2703 -0.7404
vn 0.6101 0.2980 -0.7341
vn 0.6194 0.2531 -0.7432
vn -0.6053 0.3303 -0.7242
vn -0.6153 0.2916 -0.7324
vn -0.6207 0.2633 -0.7386
vn -0.6026 0.2472 -0.7587
vn -0.6239 0.2461 -0.7417
vn -0.4933 0.3492 -0.7967
vn -0.5111 0.2836 -0.8114
vn -0.4655 0.2824 -0.8388
vn -0.4444 0.4287 -0.7866
vn -0.4451 0.4258 -0.7878
vn -0.3967 0.3488 -0.8491
vn -0.3287 0.4093 -0.8511
vn -0.3649 0.4106 -0.8356
vn -0.3634 0.3495 -0.8636
vn -0.3805 0.2458 -0.8915
vn -0.3066 0.2455 -0.9196
vn -0.2516 0.3581 -0.8992
vn -0.2757 0.2898 -0.9165
vn -0.2803 0.2636 -0.9230
vn -0.2780 0.2913 -0.9154
vn -0.2830 0.2456 -0.9271
vn -0.2248 0.4130 -0.8826
vn -0.1475 0.2739 -0.9504
vn -0.1192 0.4163 -0.9014
vn -0.0815 0.2750 -0.9580
vn -0.0814 0.2747 -0.9581
vn 0.2091 0.9778 0.0147
vn -0.1330 0.9903 0.0398
vn -0.0585 0.9978 0.0323
vn -0.6601 -0.7497 -0.0479
vn -0.9931 0.0551 -0.1032
vn -0.8962 0.4314 -0.1032
vn -0.3902 -0.9206 -0.0156
vn -0.2328 -0.9722 -0.0243
vn 0.8385 0.5402 -0.0717
vn 0.6371 0.7695 -0.0450
vn 0.8963 -0.4314 -0.1032
vn 0.2891 0.9572 0.0146
vn -0.0734 0.9544 -0.2895
vn -0.1252 -0.6294 -0.7669
vn -0.7243 0.6824 0.0980
vn -0.4361 0.8945 -0.0978
vt 0.859216 0.825809
vt 0.844786 0.819882
vt 0.858912 0.819979
vt 0.127310 0.220176
vt 0.158533 0.215191
vt 0.158561 0.218518
vt 0.578940 0.019138
vt 0.585993 0.005571
vt 0.586236 0.019308
vt 0.191847 0.216702
vt 0.577830 0.034804
vt 0.586428 0.035004
vt 0.575647 0.308837
vt 0.584679 0.310019
vt 0.585239 0.319391
vt 0.576752 0.052146
vt 0.586568 0.052375
vt 0.563971 0.335139
vt 0.584946 0.335644
vt 0.575716 0.070879
vt 0.586657 0.071136
vt 0.584575 0.350361
vt 0.563710 0.349859
vt 0.574731 0.090721
vt 0.586692 0.091002
vt 0.584111 0.363440
vt 0.563703 0.362950
vt 0.573806 0.111392
vt 0.586671 0.111695
vt 0.583541 0.374802
vt 0.563966 0.374333
vt 0.572946 0.132625
vt 0.586591 0.132948
vt 0.005588 0.225533
vt 0.016571 0.206898
vt 0.016892 0.225247
vt 0.572141 0.154191
vt 0.586461 0.154529
vt 0.031675 0.207989
vt 0.031951 0.224711
vt 0.571262 0.176053
vt 0.586345 0.176411
vt 0.050484 0.209227
vt 0.050709 0.223925
vt 0.570292 0.198022
vt 0.586247 0.198401
vt 0.815119 0.822678
vt 0.799720 0.822629
vt 0.815037 0.821185
vt 0.072850 0.210600
vt 0.073020 0.222897
vt 0.572492 0.220017
vt 0.830270 0.823248
vt 0.830110 0.820276
vt 0.098540 0.212081
vt 0.098657 0.221643
vt 0.586103 0.220342
vt 0.583557 0.223205
vt 0.579330 0.221912
vt 0.845020 0.824304
vt 0.127241 0.213629
vt 0.600211 0.133098
vt 0.600756 0.154687
vt 0.033380 0.191319
vt 0.601402 0.176576
vt 0.051965 0.194577
vt 0.602177 0.198575
vt 0.814804 0.819708
vt 0.074071 0.198343
vt 0.602979 0.220524
vt 0.829643 0.817337
vt 0.099474 0.202553
vt 0.590974 0.225594
vt 0.589415 0.225079
vt 0.844087 0.815509
vt 0.127869 0.207108
vt 0.857985 0.814214
vt 0.158845 0.211877
vt 0.591901 0.005640
vt 0.593513 0.019391
vt 0.595005 0.035102
vt 0.585361 0.310031
vt 0.600059 0.310158
vt 0.596364 0.052486
vt 0.605896 0.335867
vt 0.597576 0.071259
vt 0.605413 0.350583
vt 0.598629 0.091136
vt 0.604491 0.363657
vt 0.599511 0.111838
vt 0.603089 0.375012
vt 0.005231 0.205957
vt 0.018461 0.188603
vt 0.616287 0.176549
vt 0.617926 0.198543
vt 0.814422 0.818262
vt 0.076665 0.186247
vt 0.619664 0.220488
vt 0.828874 0.814460
vt 0.101448 0.193151
vt 0.620349 0.240435
vt 0.607432 0.232773
vt 0.842930 0.811228
vt 0.129187 0.200674
vt 0.856446 0.808571
vt 0.159496 0.208607
vt 0.597737 0.005640
vt 0.600704 0.019389
vt 0.603481 0.035097
vt 0.605991 0.319612
vt 0.605858 0.309479
vt 0.614315 0.308427
vt 0.606043 0.052479
vt 0.626614 0.335809
vt 0.608366 0.071248
vt 0.626021 0.350526
vt 0.610426 0.091122
vt 0.624645 0.363604
vt 0.612191 0.111691
vt 0.622419 0.374964
vt 0.608738 0.118248
vt 0.607609 0.124229
vt 0.011623 0.167166
vt 0.022510 0.170541
vt 0.611212 0.138563
vt 0.614209 0.142620
vt 0.037026 0.174862
vt 0.614886 0.154664
vt 0.055121 0.180116
vt 0.635996 0.220237
vt 0.638714 0.241782
vt 0.827811 0.811671
vt 0.841329 0.807079
vt 0.131179 0.194389
vt 0.631180 0.248850
vt 0.639555 0.257867
vt 0.854310 0.803102
vt 0.160477 0.205415
vt 0.603445 0.005571
vt 0.607737 0.019301
vt 0.643682 0.292916
vt 0.645466 0.301574
vt 0.637176 0.299751
vt 0.611772 0.034990
vt 0.626514 0.319555
vt 0.625952 0.305174
vt 0.626816 0.304929
vt 0.615513 0.052354
vt 0.646897 0.335481
vt 0.618924 0.071105
vt 0.646195 0.350201
vt 0.621970 0.090962
vt 0.644375 0.363288
vt 0.622840 0.102111
vt 0.616717 0.105376
vt 0.641341 0.374665
vt 0.018213 0.148329
vt 0.028634 0.152887
vt 0.622501 0.150003
vt 0.625855 0.151710
vt 0.042542 0.158780
vt 0.628715 0.154462
vt 0.630855 0.176333
vt 0.059899 0.165985
vt 0.633340 0.198310
vt 0.813895 0.816861
vt 0.080591 0.174428
vt 0.104435 0.183967
vt 0.647730 0.276224
vt 0.645136 0.267082
vt 0.658935 0.262144
vt 0.608971 0.005434
vt 0.614546 0.019129
vt 0.161781 0.202330
vt 0.647243 0.284961
vt 0.664492 0.301006
vt 0.644466 0.291184
vt 0.619800 0.034783
vt 0.666067 0.318648
vt 0.646605 0.319231
vt 0.624682 0.052112
vt 0.666544 0.334892
vt 0.629146 0.070832
vt 0.665736 0.349616
vt 0.633148 0.090659
vt 0.663484 0.362722
vt 0.633584 0.099982
vt 0.628060 0.099882
vt 0.659666 0.374130
vt 0.026864 0.130116
vt 0.036676 0.135819
vt 0.642108 0.154086
vt 0.635013 0.154074
vt 0.049821 0.143229
vt 0.644964 0.175933
vt 0.066231 0.152322
vt 0.648269 0.197882
vt 0.813228 0.815518
vt 0.085800 0.163001
vt 0.651815 0.219779
vt 0.826463 0.808999
vt 0.108401 0.175087
vt 0.655443 0.241293
vt 0.839297 0.803103
vt 0.133825 0.188315
vt 0.641037 0.260326
vt 0.851600 0.797860
vt 0.684706 0.317819
vt 0.627485 0.034477
vt 0.633461 0.051758
vt 0.685361 0.334055
vt 0.638935 0.070432
vt 0.684452 0.348786
vt 0.643852 0.090216
vt 0.681784 0.361919
vt 0.646798 0.104307
vt 0.640848 0.100735
vt 0.677214 0.373367
vt 0.046508 0.119502
vt 0.654934 0.153543
vt 0.646668 0.152115
vt 0.650310 0.149648
vt 0.058668 0.128367
vt 0.658476 0.175355
vt 0.073927 0.139264
vt 0.662568 0.197265
vt 0.812427 0.814247
vt 0.092221 0.152077
vt 0.666965 0.219120
vt 0.824845 0.806468
vt 0.113303 0.166599
vt 0.671465 0.240592
vt 0.836857 0.799337
vt 0.137098 0.182509
vt 0.675798 0.261403
vt 0.848342 0.792897
vt 0.163393 0.199382
vt 0.679650 0.281336
vt 0.662036 0.282114
vt 0.614260 0.005231
vt 0.621064 0.018874
vt 0.682716 0.300198
vt 0.702156 0.347727
vt 0.648194 0.069910
vt 0.653978 0.089640
vt 0.699093 0.360894
vt 0.651487 0.107519
vt 0.693812 0.372392
vt 0.658243 0.118073
vt 0.659058 0.110210
vt 0.663383 0.131353
vt 0.037452 0.112702
vt 0.058052 0.104093
vt 0.656833 0.143514
vt 0.660301 0.131842
vt 0.069077 0.114332
vt 0.667068 0.152838
vt 0.671260 0.174608
vt 0.082946 0.126936
vt 0.676095 0.196469
vt 0.811501 0.813058
vt 0.099628 0.141770
vt 0.681298 0.218274
vt 0.822972 0.804103
vt 0.119063 0.158586
vt 0.686621 0.239695
vt 0.834030 0.795819
vt 0.140965 0.177028
vt 0.691747 0.260457
vt 0.844569 0.788259
vt 0.165298 0.196599
vt 0.696310 0.280344
vt 0.859191 0.787181
vt 0.854492 0.781469
vt 0.699953 0.299168
vt 0.627228 0.018539
vt 0.634753 0.034077
vt 0.702340 0.316761
vt 0.641765 0.051295
vt 0.703163 0.332986
vt 0.709295 0.371221
vt 0.669224 0.109451
vt 0.674170 0.130541
vt 0.049811 0.096261
vt 0.071000 0.089752
vt 0.678392 0.151981
vt 0.080868 0.101263
vt 0.683189 0.173703
vt 0.093231 0.115455
vt 0.688716 0.195511
vt 0.810457 0.811965
vt 0.108090 0.132172
vt 0.694669 0.217257
vt 0.820862 0.801927
vt 0.125495 0.151133
vt 0.700762 0.238615
vt 0.830864 0.792581
vt 0.145388 0.171925
vt 0.706629 0.259317
vt 0.840367 0.783992
vt 0.167478 0.194009
vt 0.711857 0.279150
vt 0.849265 0.776213
vt 0.716038 0.297929
vt 0.632976 0.018135
vt 0.641531 0.033594
vt 0.718792 0.315491
vt 0.649509 0.050736
vt 0.719775 0.331699
vt 0.656831 0.069278
vt 0.718671 0.346461
vt 0.663424 0.088942
vt 0.715240 0.359665
vt 0.093811 0.089294
vt 0.688794 0.150987
vt 0.694146 0.172654
vt 0.104585 0.104937
vt 0.700310 0.194398
vt 0.809307 0.810977
vt 0.117519 0.123376
vt 0.706953 0.216074
vt 0.818548 0.799960
vt 0.132671 0.144303
vt 0.713753 0.237362
vt 0.827407 0.789656
vt 0.150212 0.167254
vt 0.720301 0.257995
vt 0.835745 0.780135
vt 0.169912 0.191636
vt 0.726137 0.277767
vt 0.843502 0.771464
vt 0.730812 0.296496
vt 0.638254 0.017659
vt 0.647757 0.033025
vt 0.733904 0.314024
vt 0.656623 0.050079
vt 0.735033 0.330215
vt 0.664764 0.068539
vt 0.733831 0.345012
vt 0.672101 0.088127
vt 0.730063 0.358252
vt 0.678561 0.108569
vt 0.059010 0.074820
vt 0.079044 0.066933
vt 0.063745 0.080954
vt 0.684077 0.129599
vt 0.085359 0.076608
vt 0.127774 0.115468
vt 0.710765 0.193140
vt 0.718030 0.214740
vt 0.808061 0.810103
vt 0.816070 0.798222
vt 0.140522 0.138162
vt 0.725467 0.235949
vt 0.823660 0.787070
vt 0.155438 0.163058
vt 0.732627 0.256507
vt 0.830737 0.776727
vt 0.172576 0.189504
vt 0.739012 0.276212
vt 0.837259 0.767267
vt 0.744130 0.294888
vt 0.850630 0.763699
vt 0.843197 0.758754
vt 0.747527 0.312378
vt 0.653370 0.032376
vt 0.663037 0.049330
vt 0.748766 0.328584
vt 0.671919 0.067698
vt 0.747486 0.343397
vt 0.679927 0.087201
vt 0.743416 0.356678
vt 0.686982 0.107567
vt 0.075036 0.060198
vt 0.095587 0.054331
vt 0.693012 0.128532
vt 0.100760 0.064802
vt 0.698174 0.149863
vt 0.107922 0.078532
vt 0.704028 0.171467
vt 0.116823 0.095487
vt 0.161066 0.159376
vt 0.419275 0.682808
vt 0.432113 0.663270
vt 0.431007 0.685177
vt 0.819661 0.784849
vt 0.825392 0.773801
vt 0.175444 0.187631
vt 0.418210 0.703487
vt 0.430428 0.705964
vt 0.830597 0.763663
vt 0.418112 0.722692
vt 0.430747 0.725256
vt 0.424611 0.445235
vt 0.433810 0.427925
vt 0.429771 0.446340
vt 0.419367 0.740090
vt 0.432294 0.742712
vt 0.421128 0.464735
vt 0.427090 0.465990
vt 0.760849 0.326812
vt 0.418985 0.485189
vt 0.425689 0.486581
vt 0.759505 0.341633
vt 0.418112 0.506309
vt 0.425490 0.507824
vt 0.755170 0.354954
vt 0.418428 0.527814
vt 0.426405 0.529439
vt 0.092261 0.047061
vt 0.113102 0.043276
vt 0.419845 0.549437
vt 0.428339 0.551157
vt 0.117222 0.054437
vt 0.422074 0.571032
vt 0.431013 0.572834
vt 0.122792 0.069095
vt 0.423534 0.593173
vt 0.432962 0.595071
vt 0.129973 0.087188
vt 0.423946 0.615755
vt 0.433927 0.617761
vt 0.806732 0.809353
vt 0.138585 0.108536
vt 0.422732 0.638526
vt 0.433312 0.640651
vt 0.813425 0.796729
vt 0.148970 0.132770
vt 0.420923 0.661024
vt 0.178450 0.186040
vt 0.444032 0.707633
vt 0.444802 0.726984
vt 0.438619 0.428572
vt 0.435513 0.447095
vt 0.446248 0.744528
vt 0.433723 0.466842
vt 0.448746 0.759944
vt 0.434695 0.758107
vt 0.433166 0.487521
vt 0.452923 0.772927
vt 0.438903 0.771105
vt 0.433744 0.508843
vt 0.458868 0.783270
vt 0.445142 0.781489
vt 0.435356 0.530527
vt 0.110531 0.035536
vt 0.131454 0.033873
vt 0.437865 0.552307
vt 0.134408 0.045625
vt 0.441026 0.574040
vt 0.138542 0.061059
vt 0.443510 0.596340
vt 0.143677 0.080133
vt 0.445082 0.619105
vt 0.805338 0.808733
vt 0.150053 0.102633
vt 0.445115 0.642076
vt 0.810638 0.795495
vt 0.157807 0.128185
vt 0.444524 0.664785
vt 0.815448 0.783015
vt 0.167040 0.156242
vt 0.444047 0.686773
vt 0.819810 0.771384
vt 0.823670 0.760686
vt 0.464042 0.760912
vt 0.441047 0.467276
vt 0.441393 0.487997
vt 0.468148 0.773888
vt 0.442790 0.509358
vt 0.473809 0.784204
vt 0.445125 0.531076
vt 0.129681 0.025732
vt 0.150521 0.026210
vt 0.448287 0.552882
vt 0.152262 0.038442
vt 0.452011 0.574638
vt 0.154735 0.054518
vt 0.455071 0.596972
vt 0.157963 0.074382
vt 0.457155 0.619791
vt 0.803907 0.808250
vt 0.162024 0.097820
vt 0.457967 0.642795
vt 0.807738 0.794534
vt 0.166933 0.124453
vt 0.458092 0.665548
vt 0.811109 0.781585
vt 0.173305 0.153686
vt 0.458295 0.687579
vt 0.814035 0.769499
vt 0.181520 0.184748
vt 0.458876 0.708479
vt 0.447364 0.411849
vt 0.443938 0.428908
vt 0.460017 0.727876
vt 0.441862 0.447482
vt 0.461382 0.745488
vt 0.489816 0.784283
vt 0.452583 0.509357
vt 0.455691 0.531071
vt 0.149484 0.017746
vt 0.169962 0.020368
vt 0.459512 0.552875
vt 0.170556 0.032962
vt 0.463794 0.574631
vt 0.171483 0.049521
vt 0.467247 0.596990
vt 0.172625 0.069993
vt 0.469893 0.619827
vt 0.802434 0.807907
vt 0.174160 0.094155
vt 0.471800 0.642795
vt 0.804751 0.793853
vt 0.176393 0.121603
vt 0.472683 0.665552
vt 0.806666 0.780572
vt 0.179798 0.151734
vt 0.473597 0.687589
vt 0.808087 0.768164
vt 0.184702 0.183762
vt 0.474755 0.708501
vt 0.451990 0.411874
vt 0.449670 0.428935
vt 0.475881 0.727962
vt 0.448688 0.447505
vt 0.477633 0.745574
vt 0.448932 0.467292
vt 0.480468 0.760996
vt 0.450275 0.488005
vt 0.484504 0.773970
vt 0.189098 0.029239
vt 0.471321 0.552299
vt 0.475905 0.574058
vt 0.188336 0.046130
vt 0.479982 0.596390
vt 0.187461 0.067011
vt 0.483350 0.619193
vt 0.800933 0.807709
vt 0.186608 0.091659
vt 0.486184 0.642109
vt 0.801728 0.793459
vt 0.186097 0.119661
vt 0.488149 0.664797
vt 0.802137 0.779986
vt 0.186319 0.150411
vt 0.489754 0.686808
vt 0.802112 0.767393
vt 0.187966 0.183092
vt 0.491304 0.707723
vt 0.456868 0.411652
vt 0.455765 0.428652
vt 0.492719 0.727189
vt 0.455952 0.447162
vt 0.494876 0.744780
vt 0.457320 0.466890
vt 0.497896 0.760193
vt 0.459697 0.487548
vt 0.501860 0.773169
vt 0.462940 0.508851
vt 0.506811 0.783497
vt 0.466909 0.530518
vt 0.169748 0.011656
vt 0.189748 0.016395
vt 0.202480 0.065458
vt 0.493270 0.595162
vt 0.497394 0.617896
vt 0.799418 0.807658
vt 0.199125 0.090362
vt 0.501056 0.640735
vt 0.798711 0.793356
vt 0.195720 0.118658
vt 0.504298 0.663297
vt 0.797600 0.779834
vt 0.192848 0.149728
vt 0.506668 0.685238
vt 0.463241 0.396096
vt 0.462020 0.411178
vt 0.191280 0.182745
vt 0.508320 0.706157
vt 0.462125 0.428065
vt 0.510336 0.725568
vt 0.463528 0.446462
vt 0.512909 0.743120
vt 0.466069 0.466079
vt 0.516118 0.758515
vt 0.469559 0.486632
vt 0.520007 0.771497
vt 0.473748 0.507846
vt 0.524588 0.781859
vt 0.478372 0.529457
vt 0.190360 0.007515
vt 0.209658 0.014331
vt 0.483360 0.551187
vt 0.207804 0.027302
vt 0.488554 0.572889
vt 0.205426 0.044363
vt 0.797904 0.807753
vt 0.795696 0.793546
vt 0.205326 0.118597
vt 0.516386 0.638675
vt 0.520557 0.661112
vt 0.793111 0.780116
vt 0.199414 0.149687
vt 0.523604 0.682959
vt 0.467255 0.395555
vt 0.467324 0.410463
vt 0.194612 0.182725
vt 0.525943 0.703784
vt 0.468699 0.427181
vt 0.528578 0.723112
vt 0.471278 0.445419
vt 0.531577 0.740607
vt 0.474958 0.464884
vt 0.534972 0.755977
vt 0.479521 0.485294
vt 0.538771 0.768972
vt 0.484632 0.506384
vt 0.542951 0.779388
vt 0.490076 0.527884
vt 0.211076 0.005366
vt 0.229424 0.014201
vt 0.495783 0.549517
vt 0.226321 0.027181
vt 0.501576 0.571139
vt 0.222273 0.044254
vt 0.506992 0.593318
vt 0.217276 0.065363
vt 0.511883 0.615948
vt 0.211496 0.090282
vt 0.471405 0.394831
vt 0.472765 0.409512
vt 0.197929 0.183030
vt 0.544013 0.700625
vt 0.475374 0.426012
vt 0.547267 0.719845
vt 0.479110 0.444046
vt 0.550686 0.737266
vt 0.483830 0.463324
vt 0.554257 0.752605
vt 0.489351 0.483561
vt 0.557944 0.765619
vt 0.495488 0.504478
vt 0.561690 0.776110
vt 0.502008 0.525804
vt 0.231669 0.005231
vt 0.248808 0.016008
vt 0.508443 0.547311
vt 0.244486 0.028875
vt 0.514874 0.568822
vt 0.238829 0.045797
vt 0.520984 0.590879
vt 0.231848 0.066718
vt 0.526678 0.613369
vt 0.796405 0.807994
vt 0.223741 0.091413
vt 0.532019 0.635947
vt 0.792712 0.794025
vt 0.214891 0.119474
vt 0.536945 0.658244
vt 0.788668 0.780829
vt 0.205951 0.150288
vt 0.540828 0.679944
vt 0.482151 0.424563
vt 0.487054 0.442342
vt 0.570113 0.733123
vt 0.492836 0.461386
vt 0.573864 0.748423
vt 0.499318 0.481410
vt 0.577442 0.761460
vt 0.506318 0.502133
vt 0.580758 0.772042
vt 0.513657 0.523283
vt 0.251900 0.007114
vt 0.267832 0.019723
vt 0.521164 0.544595
vt 0.262339 0.032356
vt 0.528328 0.565960
vt 0.255091 0.048969
vt 0.535135 0.587867
vt 0.246099 0.069509
vt 0.541609 0.610187
vt 0.794937 0.808378
vt 0.235618 0.093751
vt 0.547819 0.632578
vt 0.789788 0.794791
vt 0.224140 0.121290
vt 0.553166 0.654737
vt 0.784369 0.781968
vt 0.212398 0.151525
vt 0.557962 0.676245
vt 0.475602 0.393935
vt 0.478297 0.408332
vt 0.201201 0.183659
vt 0.562387 0.696708
vt 0.566267 0.715793
vt 0.501902 0.459089
vt 0.509371 0.478856
vt 0.597092 0.756533
vt 0.517267 0.499346
vt 0.599970 0.767224
vt 0.525385 0.520290
vt 0.271728 0.010987
vt 0.286235 0.025315
vt 0.533555 0.541426
vt 0.279530 0.037600
vt 0.541637 0.562599
vt 0.270747 0.053749
vt 0.549301 0.584310
vt 0.259932 0.073705
vt 0.556582 0.606426
vt 0.793512 0.808903
vt 0.247210 0.097261
vt 0.563599 0.628603
vt 0.786986 0.795834
vt 0.233110 0.124022
vt 0.569503 0.650573
vt 0.780208 0.783520
vt 0.218550 0.153394
vt 0.575219 0.671857
vt 0.479847 0.392873
vt 0.483873 0.406934
vt 0.204396 0.184605
vt 0.580692 0.692093
vt 0.488988 0.422845
vt 0.585418 0.710994
vt 0.495046 0.440325
vt 0.589691 0.728216
vt 0.593621 0.743470
vt 0.528163 0.496148
vt 0.537072 0.516855
vt 0.290962 0.016814
vt 0.303822 0.032731
vt 0.545932 0.537785
vt 0.296042 0.044550
vt 0.554615 0.558779
vt 0.285795 0.060082
vt 0.563253 0.580254
vt 0.273084 0.079275
vt 0.571461 0.602121
vt 0.792145 0.809562
vt 0.258286 0.101917
vt 0.578956 0.624089
vt 0.784308 0.797146
vt 0.241771 0.127639
vt 0.585773 0.645797
vt 0.776217 0.785471
vt 0.224447 0.155871
vt 0.592388 0.666825
vt 0.484108 0.391654
vt 0.489430 0.405333
vt 0.207482 0.185860
vt 0.598702 0.686829
vt 0.495786 0.420878
vt 0.604511 0.705496
vt 0.503014 0.438012
vt 0.609203 0.722594
vt 0.510944 0.456454
vt 0.613293 0.737798
vt 0.519390 0.475925
vt 0.616624 0.750895
vt 0.619039 0.761714
vt 0.558206 0.533703
vt 0.567457 0.554499
vt 0.299958 0.067913
vt 0.576746 0.575751
vt 0.285629 0.086153
vt 0.586007 0.597326
vt 0.790849 0.810350
vt 0.268710 0.107675
vt 0.594150 0.619033
vt 0.781770 0.798713
vt 0.250041 0.132106
vt 0.601855 0.640449
vt 0.772470 0.787803
vt 0.230078 0.158931
vt 0.609339 0.661195
vt 0.488310 0.390292
vt 0.494954 0.403539
vt 0.210430 0.187410
vt 0.616441 0.680944
vt 0.502529 0.418675
vt 0.622976 0.699396
vt 0.510902 0.435422
vt 0.628400 0.716320
vt 0.519896 0.453504
vt 0.632658 0.731465
vt 0.529319 0.472643
vt 0.635879 0.744597
vt 0.538976 0.492565
vt 0.637873 0.755554
vt 0.548669 0.513004
vt 0.309298 0.024545
vt 0.320501 0.041895
vt 0.311599 0.053144
vt 0.589976 0.570806
vt 0.600002 0.592095
vt 0.789654 0.811258
vt 0.278530 0.114473
vt 0.609015 0.613487
vt 0.779396 0.800521
vt 0.257620 0.137394
vt 0.617598 0.634582
vt 0.768989 0.790492
vt 0.235389 0.162544
vt 0.625921 0.655019
vt 0.492426 0.388799
vt 0.500349 0.401575
vt 0.213135 0.189246
vt 0.633778 0.674492
vt 0.509147 0.416259
vt 0.640929 0.692719
vt 0.518656 0.432580
vt 0.647123 0.709450
vt 0.528695 0.450265
vt 0.651550 0.724531
vt 0.539070 0.469038
vt 0.654670 0.737700
vt 0.549581 0.488631
vt 0.656247 0.748809
vt 0.560024 0.508778
vt 0.326664 0.034100
vt 0.335948 0.052728
vt 0.570202 0.529226
vt 0.326128 0.063295
vt 0.580023 0.549804
vt 0.313207 0.077163
vt 0.297232 0.094284
vt 0.632803 0.628257
vt 0.777209 0.802552
vt 0.765784 0.793513
vt 0.240328 0.166675
vt 0.641949 0.648360
vt 0.496438 0.387188
vt 0.505587 0.399457
vt 0.215633 0.191347
vt 0.650550 0.667534
vt 0.515547 0.413656
vt 0.658293 0.685519
vt 0.526146 0.429518
vt 0.664879 0.702086
vt 0.537197 0.446774
vt 0.669756 0.717065
vt 0.548501 0.465153
vt 0.672792 0.730272
vt 0.559851 0.484387
vt 0.673937 0.741548
vt 0.571038 0.504218
vt 0.342845 0.045390
vt 0.350172 0.065116
vt 0.581857 0.524392
vt 0.339444 0.074908
vt 0.592234 0.544733
vt 0.325362 0.087744
vt 0.602827 0.565466
vt 0.307946 0.103583
vt 0.613588 0.586447
vt 0.788556 0.812278
vt 0.287579 0.122247
vt 0.623396 0.607505
vt 0.264657 0.143438
vt 0.666569 0.660139
vt 0.510640 0.397203
vt 0.521719 0.410885
vt 0.217919 0.193690
vt 0.674865 0.677869
vt 0.533368 0.426258
vt 0.681825 0.694262
vt 0.545393 0.443057
vt 0.687083 0.709142
vt 0.557590 0.461015
vt 0.690042 0.722389
vt 0.569744 0.479869
vt 0.690839 0.733835
vt 0.581642 0.499362
vt 0.357629 0.058308
vt 0.362960 0.078946
vt 0.593073 0.519246
vt 0.351459 0.087870
vt 0.603980 0.539334
vt 0.336322 0.099555
vt 0.615183 0.559781
vt 0.317698 0.113956
vt 0.626643 0.580435
vt 0.787563 0.813401
vt 0.295685 0.130929
vt 0.637205 0.601139
vt 0.775229 0.804786
vt 0.271088 0.150181
vt 0.647390 0.621527
vt 0.762886 0.796838
vt 0.244848 0.171284
vt 0.657291 0.641280
vt 0.500306 0.385474
vt 0.697861 0.686046
vt 0.540254 0.422831
vt 0.553207 0.439150
vt 0.703272 0.700848
vt 0.566252 0.456666
vt 0.706299 0.714122
vt 0.579170 0.475119
vt 0.706793 0.725743
vt 0.591741 0.494257
vt 0.370952 0.072726
vt 0.374227 0.094081
vt 0.603751 0.513835
vt 0.362058 0.102054
vt 0.615159 0.533659
vt 0.346075 0.112475
vt 0.626936 0.553806
vt 0.326221 0.125314
vt 0.639055 0.574116
vt 0.786683 0.814615
vt 0.302937 0.140426
vt 0.650325 0.594448
vt 0.773503 0.807203
vt 0.276853 0.157556
vt 0.661238 0.614455
vt 0.760321 0.800433
vt 0.248826 0.176331
vt 0.671842 0.633840
vt 0.750603 0.789605
vt 0.747273 0.794344
vt 0.219972 0.196253
vt 0.681750 0.652371
vt 0.515457 0.394834
vt 0.527605 0.407972
vt 0.690555 0.669835
vt 0.588031 0.470183
vt 0.601225 0.488954
vt 0.382687 0.088506
vt 0.383931 0.110372
vt 0.613765 0.508215
vt 0.371197 0.117322
vt 0.625629 0.527765
vt 0.354398 0.126388
vt 0.637957 0.547598
vt 0.333643 0.137536
vt 0.650711 0.567550
vt 0.785927 0.815909
vt 0.309269 0.150645
vt 0.662644 0.587495
vt 0.772024 0.809778
vt 0.281874 0.165495
vt 0.674233 0.607107
vt 0.758148 0.804265
vt 0.252255 0.181766
vt 0.685487 0.626112
vt 0.744428 0.799395
vt 0.221772 0.199013
vt 0.695975 0.644302
vt 0.519980 0.392375
vt 0.533143 0.404947
vt 0.705247 0.661490
vt 0.546738 0.419271
vt 0.712866 0.677514
vt 0.560563 0.435090
vt 0.724558 0.688229
vt 0.740063 0.705972
vt 0.723329 0.704349
vt 0.574403 0.452146
vt 0.740857 0.720463
vt 0.724224 0.718833
vt 0.743740 0.733184
vt 0.727480 0.731581
vt 0.779072 0.524088
vt 0.794854 0.502972
vt 0.791276 0.525058
vt 0.378775 0.133527
vt 0.361397 0.141149
vt 0.774419 0.546412
vt 0.787276 0.547428
vt 0.339905 0.150503
vt 0.769146 0.568797
vt 0.782752 0.569867
vt 0.785300 0.817271
vt 0.314588 0.161490
vt 0.778025 0.591955
vt 0.763607 0.590825
vt 0.770800 0.812487
vt 0.286006 0.173927
vt 0.773230 0.613572
vt 0.757982 0.612381
vt 0.756359 0.808296
vt 0.255164 0.187534
vt 0.768607 0.634537
vt 0.752560 0.633287
vt 0.742109 0.804708
vt 0.223300 0.201941
vt 0.764470 0.654610
vt 0.747706 0.653309
vt 0.524154 0.389851
vt 0.538245 0.401842
vt 0.761129 0.673567
vt 0.743783 0.672227
vt 0.552712 0.415617
vt 0.758878 0.691206
vt 0.741130 0.689842
vt 0.567344 0.430921
vt 0.757981 0.707348
vt 0.581922 0.447504
vt 0.758674 0.721837
vt 0.596216 0.465113
vt 0.761158 0.734539
vt 0.788029 0.480267
vt 0.803759 0.459821
vt 0.798985 0.481146
vt 0.401040 0.123525
vt 0.391955 0.127664
vt 0.783229 0.502044
vt 0.797120 0.570748
vt 0.784808 0.818686
vt 0.344878 0.164095
vt 0.318782 0.172859
vt 0.793250 0.592882
vt 0.769842 0.815305
vt 0.289352 0.182762
vt 0.789334 0.614547
vt 0.754961 0.812487
vt 0.257526 0.193578
vt 0.785557 0.635557
vt 0.740300 0.810234
vt 0.224544 0.205011
vt 0.782178 0.655670
vt 0.728186 0.801733
vt 0.725997 0.808538
vt 0.779451 0.674660
vt 0.821359 0.401812
vt 0.834647 0.385906
vt 0.829075 0.402315
vt 0.777619 0.692321
vt 0.815009 0.419851
vt 0.823824 0.420420
vt 0.776902 0.708472
vt 0.809121 0.439289
vt 0.818951 0.439917
vt 0.777492 0.722958
vt 0.814511 0.460501
vt 0.779555 0.735644
vt 0.810554 0.481872
vt 0.407650 0.142417
vt 0.398355 0.145782
vt 0.807129 0.503738
vt 0.384851 0.150505
vt 0.804162 0.525858
vt 0.367018 0.156616
vt 0.800853 0.548266
vt 0.806131 0.615305
vt 0.753968 0.816799
vt 0.291883 0.191914
vt 0.259319 0.199840
vt 0.803237 0.636349
vt 0.739019 0.815918
vt 0.225491 0.208192
vt 0.800648 0.656492
vt 0.724450 0.815540
vt 0.798562 0.675506
vt 0.841475 0.386246
vt 0.837127 0.402710
vt 0.797168 0.693183
vt 0.833023 0.420866
vt 0.796637 0.709342
vt 0.829209 0.440409
vt 0.797122 0.723824
vt 0.825729 0.461034
vt 0.798750 0.736496
vt 0.822624 0.482441
vt 0.783219 0.746426
vt 0.801624 0.747251
vt 0.819934 0.504337
vt 0.403088 0.164552
vt 0.389330 0.168096
vt 0.817605 0.526483
vt 0.371134 0.172643
vt 0.815016 0.548920
vt 0.348567 0.178177
vt 0.812107 0.571435
vt 0.784457 0.820143
vt 0.321945 0.184638
vt 0.809132 0.593604
vt 0.769159 0.818203
vt 0.819696 0.657075
vt 0.723559 0.822670
vt 0.226132 0.211453
vt 0.818270 0.676105
vt 0.845437 0.402995
vt 0.817327 0.693794
vt 0.842516 0.421186
vt 0.816989 0.709957
vt 0.839793 0.440762
vt 0.817365 0.724436
vt 0.837303 0.461416
vt 0.818547 0.737098
vt 0.835077 0.482848
vt 0.820610 0.747832
vt 0.833145 0.504765
vt 0.406167 0.183788
vt 0.392258 0.186125
vt 0.831474 0.526930
vt 0.373854 0.189069
vt 0.829626 0.549387
vt 0.351017 0.192610
vt 0.827567 0.571926
vt 0.784250 0.821626
vt 0.324057 0.196709
vt 0.825512 0.594119
vt 0.768758 0.821154
vt 0.293583 0.201296
vt 0.823456 0.615844
vt 0.753388 0.821190
vt 0.260529 0.206260
vt 0.821471 0.636911
vt 0.738276 0.821706
vt 0.837896 0.694156
vt 0.852211 0.421379
vt 0.837755 0.710322
vt 0.850602 0.440974
vt 0.838020 0.724799
vt 0.849121 0.461646
vt 0.838747 0.737454
vt 0.847791 0.483093
vt 0.839983 0.748178
vt 0.846633 0.505022
vt 0.407650 0.203301
vt 0.393678 0.204414
vt 0.845630 0.527197
vt 0.375184 0.205732
vt 0.844539 0.549667
vt 0.352227 0.207253
vt 0.843346 0.572218
vt 0.784189 0.823121
vt 0.325110 0.208959
vt 0.842231 0.594426
vt 0.768643 0.824130
vt 0.294440 0.210817
vt 0.841137 0.616165
vt 0.753227 0.825618
vt 0.261145 0.212775
vt 0.840078 0.637246
vt 0.738077 0.827543
vt 0.226462 0.214764
vt 0.839133 0.657421
vt 0.723329 0.829860
vt 0.838379 0.676461
vt 0.848524 0.386490
vt 0.853926 0.403166
vt 0.858725 0.710441
vt 0.858878 0.724919
vt 0.861067 0.461722
vt 0.859147 0.737572
vt 0.860641 0.483174
vt 0.859550 0.748292
vt 0.860264 0.505108
vt 0.407575 0.222901
vt 0.393618 0.222784
vt 0.859937 0.527286
vt 0.375144 0.222471
vt 0.859609 0.549760
vt 0.352206 0.221964
vt 0.859289 0.572316
vt 0.784273 0.824614
vt 0.325108 0.221266
vt 0.859121 0.594528
vt 0.768815 0.827102
vt 0.294452 0.220385
vt 0.858998 0.616271
vt 0.753486 0.830040
vt 0.261164 0.219324
vt 0.858873 0.637356
vt 0.738422 0.833372
vt 0.226477 0.218092
vt 0.858764 0.657535
vt 0.723759 0.837040
vt 0.858689 0.676578
vt 0.855725 0.386638
vt 0.862510 0.403223
vt 0.858669 0.694275
vt 0.862014 0.421444
vt 0.861529 0.441045
vt 0.879547 0.737454
vt 0.879118 0.748178
vt 0.873906 0.505022
vt 0.405977 0.242396
vt 0.392109 0.241058
vt 0.874254 0.527197
vt 0.373755 0.239124
vt 0.874688 0.549667
vt 0.350970 0.236600
vt 0.875241 0.572218
vt 0.784504 0.826090
vt 0.324059 0.233513
vt 0.876019 0.594426
vt 0.769271 0.830041
vt 0.293623 0.229906
vt 0.876864 0.616165
vt 0.754161 0.834413
vt 0.260586 0.225843
vt 0.877672 0.637246
vt 0.739307 0.839137
vt 0.226178 0.221406
vt 0.878397 0.657421
vt 0.724845 0.844142
vt 0.878998 0.676461
vt 0.863007 0.386687
vt 0.871106 0.403166
vt 0.879440 0.694156
vt 0.871829 0.421379
vt 0.879694 0.710322
vt 0.872469 0.440974
vt 0.879735 0.724799
vt 0.873026 0.461646
vt 0.873504 0.483093
vt 0.371009 0.255531
vt 0.889634 0.549387
vt 0.348517 0.251022
vt 0.891049 0.571926
vt 0.784877 0.827536
vt 0.321965 0.245581
vt 0.892763 0.594119
vt 0.770007 0.832919
vt 0.291957 0.239291
vt 0.894566 0.615844
vt 0.755246 0.838695
vt 0.259416 0.232269
vt 0.896296 0.636911
vt 0.740725 0.844783
vt 0.225566 0.224673
vt 0.897846 0.657075
vt 0.726576 0.851096
vt 0.899115 0.676105
vt 0.870302 0.386638
vt 0.879633 0.402995
vt 0.900014 0.693794
vt 0.881564 0.421186
vt 0.900463 0.709957
vt 0.883317 0.440762
vt 0.900395 0.724436
vt 0.884883 0.461416
vt 0.899755 0.737098
vt 0.886255 0.482848
vt 0.898504 0.747832
vt 0.887429 0.504765
vt 0.389136 0.259061
vt 0.888446 0.526930
vt 0.785391 0.828937
vt 0.344846 0.265092
vt 0.318832 0.257357
vt 0.906566 0.571435
vt 0.909197 0.593604
vt 0.771017 0.835708
vt 0.289463 0.248449
vt 0.911939 0.615305
vt 0.756732 0.842846
vt 0.257663 0.238540
vt 0.914572 0.636349
vt 0.742663 0.850255
vt 0.224649 0.227862
vt 0.916930 0.656492
vt 0.728939 0.857837
vt 0.918855 0.675506
vt 0.877539 0.386490
vt 0.888009 0.402710
vt 0.920202 0.693183
vt 0.891124 0.420866
vt 0.920842 0.709342
vt 0.893969 0.440409
vt 0.920666 0.723824
vt 0.896525 0.461034
vt 0.919583 0.736496
vt 0.898775 0.482441
vt 0.917527 0.747251
vt 0.900705 0.504336
vt 0.402836 0.261600
vt 0.384685 0.276621
vt 0.902377 0.526483
vt 0.366901 0.271535
vt 0.904305 0.548920
vt 0.758605 0.846824
vt 0.286161 0.257291
vt 0.255342 0.244597
vt 0.928820 0.614547
vt 0.932331 0.635557
vt 0.745105 0.855500
vt 0.223434 0.230942
vt 0.935474 0.655670
vt 0.731915 0.864299
vt 0.938035 0.674660
vt 0.884648 0.386246
vt 0.896153 0.402315
vt 0.939816 0.692321
vt 0.900419 0.420420
vt 0.940642 0.708472
vt 0.904325 0.439917
vt 0.940361 0.722958
vt 0.907842 0.460501
vt 0.938852 0.735642
vt 0.910944 0.481872
vt 0.936017 0.746424
vt 0.913609 0.503738
vt 0.391804 0.298418
vt 0.378706 0.293576
vt 0.915918 0.525858
vt 0.361423 0.286987
vt 0.918563 0.548266
vt 0.339973 0.278675
vt 0.921645 0.570748
vt 0.786039 0.830281
vt 0.314679 0.268725
vt 0.925167 0.592882
vt 0.772291 0.838381
vt 0.735476 0.870419
vt 0.221933 0.233884
vt 0.953303 0.654610
vt 0.956476 0.673567
vt 0.891562 0.385906
vt 0.903987 0.401812
vt 0.958675 0.691206
vt 0.909360 0.419851
vt 0.959679 0.707348
vt 0.914286 0.439289
vt 0.959300 0.721836
vt 0.918726 0.459821
vt 0.957383 0.734536
vt 0.922646 0.481146
vt 0.953799 0.745354
vt 0.926018 0.502972
vt 0.383887 0.315683
vt 0.371207 0.309764
vt 0.928938 0.525058
vt 0.354495 0.301743
vt 0.932273 0.547428
vt 0.333834 0.291646
vt 0.936145 0.569867
vt 0.786815 0.831553
vt 0.309533 0.279579
vt 0.940522 0.591955
vt 0.773817 0.840914
vt 0.282076 0.265734
vt 0.945052 0.613572
vt 0.760848 0.850592
vt 0.252474 0.250380
vt 0.949405 0.634537
vt 0.748027 0.860468
vt 0.917863 0.419163
vt 0.976603 0.689842
vt 0.977777 0.705972
vt 0.923758 0.438529
vt 0.977308 0.720459
vt 0.929075 0.458997
vt 0.975006 0.733178
vt 0.933772 0.480267
vt 0.382792 0.336514
vt 0.374398 0.331966
vt 0.937815 0.502044
vt 0.362279 0.325028
vt 0.941316 0.524088
vt 0.346264 0.315657
vt 0.945306 0.546412
vt 0.326489 0.303882
vt 0.949930 0.568796
vt 0.787713 0.832741
vt 0.303280 0.289822
vt 0.955120 0.590825
vt 0.775580 0.843280
vt 0.277242 0.273696
vt 0.960484 0.612382
vt 0.763439 0.854114
vt 0.249085 0.255835
vt 0.965641 0.633288
vt 0.751403 0.865111
vt 0.220160 0.236659
vt 0.970257 0.653310
vt 0.739595 0.876139
vt 0.974010 0.672227
vt 0.728144 0.887066
vt 0.723329 0.880324
vt 0.938797 0.458028
vt 0.994226 0.718826
vt 0.991559 0.731573
vt 0.944224 0.479231
vt 0.371340 0.352303
vt 0.363345 0.347114
vt 0.948894 0.500954
vt 0.351842 0.339231
vt 0.952938 0.522951
vt 0.336781 0.328598
vt 0.957546 0.545215
vt 0.318054 0.315261
vt 0.962876 0.567533
vt 0.788723 0.833836
vt 0.296099 0.299349
vt 0.968830 0.589494
vt 0.777564 0.845458
vt 0.271537 0.281109
vt 0.974976 0.610980
vt 0.766367 0.857355
vt 0.245205 0.260908
vt 0.980885 0.631818
vt 0.755245 0.869384
vt 0.218132 0.239241
vt 0.986175 0.651778
vt 0.744288 0.881403
vt 0.990473 0.670647
vt 0.733621 0.893271
vt 0.993439 0.688230
vt 0.911439 0.401204
vt 0.925853 0.418355
vt 0.994769 0.704349
vt 0.932657 0.437636
vt 0.063421 0.515485
vt 0.067252 0.538301
vt 0.056342 0.536940
vt 0.350800 0.360983
vt 0.340078 0.352231
vt 0.061466 0.560111
vt 0.050047 0.558683
vt 0.325935 0.340451
vt 0.055415 0.582229
vt 0.043411 0.580724
vt 0.308579 0.325675
vt 0.049074 0.604459
vt 0.036400 0.602866
vt 0.789837 0.834824
vt 0.288066 0.308068
vt 0.030262 0.624835
vt 0.043655 0.626522
vt 0.779757 0.847426
vt 0.265164 0.287895
vt 0.024407 0.646387
vt 0.038541 0.648171
vt 0.769624 0.860284
vt 0.240796 0.265556
vt 0.018712 0.667280
vt 0.033563 0.669158
vt 0.759488 0.873246
vt 0.215868 0.241604
vt 0.013545 0.687281
vt 0.029036 0.689243
vt 0.749459 0.886161
vt 0.009309 0.706175
vt 0.025319 0.708205
vt 0.739659 0.898879
vt 0.006402 0.723771
vt 0.022763 0.725848
vt 0.098281 0.437672
vt 0.096902 0.456329
vt 0.088904 0.455353
vt 0.005231 0.739904
vt 0.021802 0.741999
vt 0.088724 0.475498
vt 0.079862 0.474409
vt 0.006353 0.754428
vt 0.022982 0.756510
vt 0.080953 0.495740
vt 0.071314 0.494549
vt 0.009819 0.767231
vt 0.026129 0.769267
vt 0.073745 0.516767
vt 0.358299 0.366759
vt 0.068078 0.583530
vt 0.314012 0.351093
vt 0.297956 0.335036
vt 0.062451 0.605835
vt 0.791042 0.835698
vt 0.279252 0.315896
vt 0.057803 0.627981
vt 0.782158 0.849166
vt 0.258182 0.293988
vt 0.053485 0.649714
vt 0.773151 0.862873
vt 0.235899 0.269733
vt 0.049278 0.670782
vt 0.764083 0.876660
vt 0.213391 0.243727
vt 0.045446 0.690938
vt 0.755061 0.890367
vt 0.042292 0.709959
vt 0.746201 0.903837
vt 0.040121 0.727642
vt 0.105334 0.438526
vt 0.105317 0.457172
vt 0.039597 0.743806
vt 0.098051 0.476439
vt 0.040705 0.758306
vt 0.091101 0.496769
vt 0.043502 0.771023
vt 0.084619 0.517875
vt 0.343768 0.379747
vt 0.336886 0.373439
vt 0.078751 0.539477
vt 0.326966 0.363910
vt 0.073506 0.561346
vt 0.072586 0.629196
vt 0.784720 0.850660
vt 0.269537 0.322768
vt 0.250657 0.299329
vt 0.069115 0.650999
vt 0.776913 0.865097
vt 0.230626 0.273396
vt 0.065751 0.672134
vt 0.768986 0.879592
vt 0.210723 0.245588
vt 0.062688 0.692350
vt 0.761039 0.893980
vt 0.060146 0.711419
vt 0.753190 0.908096
vt 0.058491 0.729133
vt 0.112753 0.439264
vt 0.114081 0.457875
vt 0.058374 0.745307
vt 0.107764 0.477223
vt 0.059366 0.759800
vt 0.101668 0.497628
vt 0.061754 0.772484
vt 0.095948 0.518799
vt 0.048166 0.781859
vt 0.065718 0.783259
vt 0.090737 0.540457
vt 0.321624 0.384369
vt 0.312714 0.374153
vt 0.086061 0.562375
vt 0.300959 0.360429
vt 0.081290 0.584614
vt 0.286491 0.343241
vt 0.076417 0.606982
vt 0.792327 0.836449
vt 0.082860 0.673201
vt 0.774179 0.882015
vt 0.225026 0.276509
vt 0.207868 0.247170
vt 0.080577 0.693464
vt 0.767408 0.896965
vt 0.078673 0.712571
vt 0.126818 0.423530
vt 0.128502 0.440363
vt 0.120473 0.439879
vt 0.077870 0.730304
vt 0.123185 0.458429
vt 0.077929 0.746490
vt 0.117853 0.477841
vt 0.078821 0.760976
vt 0.112643 0.498304
vt 0.080740 0.773635
vt 0.107693 0.519528
vt 0.083899 0.784364
vt 0.103139 0.541231
vt 0.305278 0.393661
vt 0.297335 0.382865
vt 0.099023 0.563189
vt 0.286975 0.368367
vt 0.094932 0.585471
vt 0.274201 0.350218
vt 0.090856 0.607889
vt 0.793686 0.837069
vt 0.259174 0.328609
vt 0.087937 0.630156
vt 0.787417 0.851894
vt 0.242631 0.303868
vt 0.085356 0.652014
vt 0.780875 0.866934
vt 0.097946 0.713400
vt 0.133675 0.423940
vt 0.136678 0.440713
vt 0.097803 0.731149
vt 0.132459 0.458830
vt 0.098038 0.747342
vt 0.128135 0.478289
vt 0.098817 0.761824
vt 0.123837 0.498795
vt 0.100303 0.774465
vt 0.119696 0.520056
vt 0.102650 0.785160
vt 0.115840 0.541792
vt 0.287885 0.401233
vt 0.281109 0.389958
vt 0.112332 0.563778
vt 0.272159 0.374832
vt 0.108912 0.586092
vt 0.261116 0.355903
vt 0.105935 0.608541
vt 0.795116 0.837553
vt 0.248298 0.333362
vt 0.103658 0.630851
vt 0.790224 0.852857
vt 0.234009 0.307572
vt 0.101998 0.652748
vt 0.785025 0.868368
vt 0.219155 0.279043
vt 0.100404 0.673973
vt 0.779627 0.883905
vt 0.204798 0.248463
vt 0.098940 0.694270
vt 0.774050 0.899294
vt 0.118097 0.731658
vt 0.118495 0.747857
vt 0.138561 0.478562
vt 0.119131 0.762337
vt 0.135172 0.499094
vt 0.120164 0.774966
vt 0.131832 0.520379
vt 0.121706 0.785640
vt 0.128680 0.542134
vt 0.269700 0.407005
vt 0.264030 0.395371
vt 0.125794 0.564137
vt 0.256629 0.379762
vt 0.123405 0.586466
vt 0.247540 0.360232
vt 0.121400 0.608934
vt 0.796590 0.837895
vt 0.236837 0.336990
vt 0.119594 0.631275
vt 0.793114 0.853540
vt 0.225071 0.310394
vt 0.118886 0.653196
vt 0.789331 0.869383
vt 0.213069 0.280973
vt 0.118229 0.674443
vt 0.785237 0.885244
vt 0.201616 0.249449
vt 0.117640 0.694759
vt 0.780914 0.900944
vt 0.117813 0.713897
vt 0.140670 0.424236
vt 0.144974 0.440925
vt 0.141871 0.459073
vt 0.139658 0.762507
vt 0.140207 0.775133
vt 0.144056 0.520491
vt 0.140886 0.785802
vt 0.141601 0.542254
vt 0.250894 0.410924
vt 0.246461 0.399040
vt 0.139685 0.564258
vt 0.240597 0.383107
vt 0.138175 0.586590
vt 0.233370 0.363176
vt 0.137011 0.609066
vt 0.798091 0.838093
vt 0.224989 0.339453
vt 0.136043 0.631416
vt 0.796068 0.853934
vt 0.215902 0.312307
vt 0.135910 0.653351
vt 0.793720 0.869970
vt 0.206773 0.282284
vt 0.136203 0.674605
vt 0.791003 0.886019
vt 0.198352 0.250118
vt 0.136888 0.694921
vt 0.787975 0.901899
vt 0.137818 0.714063
vt 0.147747 0.424415
vt 0.153307 0.440998
vt 0.138548 0.731827
vt 0.151318 0.459157
vt 0.139136 0.748028
vt 0.149032 0.478656
vt 0.146571 0.499198
vt 0.231600 0.412953
vt 0.228349 0.400944
vt 0.153761 0.564139
vt 0.224124 0.384840
vt 0.153000 0.586465
vt 0.218935 0.364697
vt 0.152629 0.608935
vt 0.799606 0.838145
vt 0.212957 0.340723
vt 0.152587 0.631277
vt 0.799085 0.854037
vt 0.206523 0.313296
vt 0.152849 0.653214
vt 0.798157 0.870124
vt 0.200243 0.282966
vt 0.154162 0.674459
vt 0.796851 0.886221
vt 0.195038 0.250465
vt 0.156129 0.694759
vt 0.795141 0.902149
vt 0.157715 0.713896
vt 0.154880 0.424476
vt 0.161623 0.440929
vt 0.158893 0.731657
vt 0.160743 0.459080
vt 0.159670 0.747856
vt 0.159460 0.478571
vt 0.160081 0.762336
vt 0.157898 0.499106
vt 0.160182 0.774966
vt 0.156227 0.520392
vt 0.160055 0.785641
vt 0.154901 0.542143
vt 0.207488 0.384938
vt 0.204290 0.364784
vt 0.168176 0.608541
vt 0.801120 0.838050
vt 0.200649 0.340799
vt 0.168995 0.630861
vt 0.802100 0.853848
vt 0.196917 0.313357
vt 0.170041 0.652776
vt 0.802646 0.869842
vt 0.193678 0.283008
vt 0.172327 0.673997
vt 0.802735 0.885850
vt 0.191706 0.250486
vt 0.175095 0.694278
vt 0.802358 0.901693
vt 0.177329 0.713398
vt 0.161975 0.424416
vt 0.169844 0.440719
vt 0.178948 0.731147
vt 0.170055 0.458842
vt 0.179909 0.747342
vt 0.169774 0.478307
vt 0.180201 0.761825
vt 0.169285 0.498815
vt 0.179846 0.774466
vt 0.168760 0.520075
vt 0.178906 0.785162
vt 0.168209 0.541806
vt 0.212126 0.413067
vt 0.210098 0.401051
vt 0.167739 0.563785
vt 0.167684 0.586093
vt 0.188329 0.339672
vt 0.187351 0.312480
vt 0.187297 0.652044
vt 0.807089 0.869128
vt 0.187140 0.282407
vt 0.190172 0.673232
vt 0.808607 0.884909
vt 0.188389 0.250180
vt 0.193661 0.693480
vt 0.809635 0.900533
vt 0.196549 0.712572
vt 0.168981 0.424238
vt 0.178009 0.440369
vt 0.198617 0.730302
vt 0.179426 0.458441
vt 0.199777 0.746489
vt 0.180286 0.477859
vt 0.199975 0.760976
vt 0.180770 0.498326
vt 0.199199 0.773636
vt 0.181103 0.519549
vt 0.197474 0.784365
vt 0.181311 0.541248
vt 0.192440 0.411277
vt 0.191657 0.399372
vt 0.181450 0.563201
vt 0.190710 0.383407
vt 0.182155 0.585477
vt 0.189555 0.363438
vt 0.183436 0.607890
vt 0.802618 0.837809
vt 0.185142 0.630171
vt 0.805084 0.853368
vt 0.180693 0.281170
vt 0.185117 0.249551
vt 0.208080 0.672160
vt 0.211642 0.692373
vt 0.816847 0.898681
vt 0.215166 0.711427
vt 0.175905 0.423941
vt 0.186020 0.439882
vt 0.217675 0.729131
vt 0.188682 0.457884
vt 0.219034 0.745306
vt 0.190724 0.477236
vt 0.219154 0.759799
vt 0.192227 0.497644
vt 0.217987 0.772484
vt 0.193267 0.518818
vt 0.215532 0.783259
vt 0.194048 0.540475
vt 0.172781 0.407597
vt 0.173187 0.395925
vt 0.194837 0.562389
vt 0.173837 0.380268
vt 0.196213 0.584623
vt 0.174727 0.360679
vt 0.198296 0.606986
vt 0.804087 0.837424
vt 0.175971 0.337361
vt 0.200866 0.629214
vt 0.808009 0.852603
vt 0.177850 0.310678
vt 0.204400 0.651024
vt 0.811488 0.867989
vt 0.814449 0.883406
vt 0.237517 0.743803
vt 0.237561 0.758304
vt 0.203229 0.496780
vt 0.236012 0.771021
vt 0.205189 0.517887
vt 0.232835 0.781857
vt 0.206631 0.539489
vt 0.153411 0.402059
vt 0.155037 0.390734
vt 0.207731 0.561359
vt 0.157340 0.375535
vt 0.209730 0.583539
vt 0.160205 0.356521
vt 0.212590 0.605840
vt 0.805512 0.836900
vt 0.163787 0.333884
vt 0.216232 0.627996
vt 0.810878 0.851558
vt 0.168351 0.307976
vt 0.220838 0.649733
vt 0.815789 0.866434
vt 0.174310 0.279314
vt 0.225245 0.670804
vt 0.820123 0.881357
vt 0.181922 0.248605
vt 0.229206 0.690962
vt 0.823934 0.896156
vt 0.233023 0.709973
vt 0.827174 0.910662
vt 0.818731 0.913640
vt 0.235962 0.727643
vt 0.197587 0.457176
vt 0.200731 0.476446
vt 0.253053 0.769264
vt 0.249184 0.780171
vt 0.218605 0.538304
vt 0.134548 0.394713
vt 0.137286 0.383853
vt 0.220319 0.560115
vt 0.141090 0.369269
vt 0.222769 0.582233
vt 0.145979 0.351010
vt 0.226174 0.604461
vt 0.806879 0.836241
vt 0.152013 0.329266
vt 0.230994 0.626530
vt 0.813654 0.850246
vt 0.159172 0.304387
vt 0.236404 0.648183
vt 0.819916 0.864481
vt 0.168009 0.276858
vt 0.241566 0.669174
vt 0.825653 0.878781
vt 0.178836 0.247351
vt 0.246137 0.689262
vt 0.830785 0.892982
vt 0.249911 0.708224
vt 0.835327 0.906920
vt 0.253263 0.725854
vt 0.193728 0.439265
vt 0.205989 0.456328
vt 0.255005 0.741997
vt 0.210199 0.475499
vt 0.254974 0.756507
vt 0.213672 0.495742
vt 0.216457 0.516770
vt 0.120123 0.375348
vt 0.125527 0.361515
vt 0.235159 0.580717
vt 0.132248 0.344198
vt 0.239153 0.602861
vt 0.808174 0.835453
vt 0.140505 0.323568
vt 0.244767 0.624834
vt 0.816285 0.848677
vt 0.150401 0.299947
vt 0.250942 0.646390
vt 0.823855 0.862147
vt 0.161987 0.273820
vt 0.256828 0.667288
vt 0.830899 0.875703
vt 0.175888 0.245800
vt 0.262035 0.687292
vt 0.837338 0.889189
vt 0.266199 0.706190
vt 0.843141 0.902449
vt 0.269446 0.723781
vt 0.201000 0.438523
vt 0.213826 0.455346
vt 0.271362 0.739904
vt 0.219005 0.474403
vt 0.271254 0.754425
vt 0.223357 0.494543
vt 0.269029 0.767227
vt 0.226920 0.515480
vt 0.264576 0.778216
vt 0.229769 0.536934
vt 0.116218 0.385641
vt 0.232090 0.558677
vt 0.119207 0.336146
vt 0.129591 0.316831
vt 0.257482 0.622923
vt 0.818748 0.846868
vt 0.141993 0.294706
vt 0.264307 0.644371
vt 0.827586 0.859454
vt 0.156303 0.270228
vt 0.270868 0.665164
vt 0.835845 0.872153
vt 0.173029 0.243973
vt 0.276678 0.685074
vt 0.843480 0.884815
vt 0.281326 0.703895
vt 0.850463 0.897292
vt 0.284450 0.721443
vt 0.856761 0.909442
vt 0.848314 0.915331
vt 0.286467 0.737544
vt 0.227047 0.473169
vt 0.286326 0.752077
vt 0.232238 0.493193
vt 0.283785 0.764929
vt 0.236553 0.514027
vt 0.278711 0.776012
vt 0.240025 0.535392
vt 0.098750 0.374920
vt 0.103767 0.365297
vt 0.242873 0.557058
vt 0.110534 0.352361
vt 0.246521 0.579012
vt 0.251171 0.601057
vt 0.809406 0.834544
vt 0.134041 0.288712
vt 0.151012 0.266116
vt 0.276434 0.642144
vt 0.283578 0.662821
vt 0.840453 0.868164
vt 0.170331 0.241884
vt 0.289912 0.682628
vt 0.849233 0.879900
vt 0.295008 0.701365
vt 0.857315 0.891500
vt 0.298446 0.718855
vt 0.864662 0.902826
vt 0.300207 0.734938
vt 0.220959 0.454240
vt 0.234302 0.471809
vt 0.299995 0.749485
vt 0.240224 0.491705
vt 0.297137 0.762395
vt 0.245190 0.512425
vt 0.078368 0.368502
vt 0.082258 0.362656
vt 0.249224 0.533693
vt 0.088265 0.353805
vt 0.252557 0.555274
vt 0.096538 0.341882
vt 0.256737 0.577133
vt 0.106826 0.326940
vt 0.261991 0.599069
vt 0.810547 0.833523
vt 0.119421 0.309118
vt 0.268951 0.620817
vt 0.821019 0.844836
vt 0.831027 0.856429
vt 0.167859 0.239551
vt 0.423891 0.289343
vt 0.442969 0.272861
vt 0.437876 0.291422
vt 0.863540 0.885127
vt 0.419991 0.306707
vt 0.434294 0.308835
vt 0.871842 0.895548
vt 0.418112 0.322861
vt 0.432571 0.324977
vt 0.508365 0.046650
vt 0.507062 0.065806
vt 0.499518 0.064711
vt 0.418591 0.337704
vt 0.432977 0.339802
vt 0.499701 0.085139
vt 0.491458 0.083936
vt 0.421738 0.351110
vt 0.435811 0.353158
vt 0.493122 0.105355
vt 0.484259 0.104055
vt 0.427765 0.363021
vt 0.441262 0.364987
vt 0.487387 0.126191
vt 0.477989 0.124807
vt 0.066867 0.348971
vt 0.073944 0.340971
vt 0.482361 0.147409
vt 0.472500 0.145952
vt 0.083412 0.330191
vt 0.476715 0.168885
vt 0.466331 0.167348
vt 0.095452 0.316657
vt 0.470289 0.190409
vt 0.459305 0.188780
vt 0.811581 0.832400
vt 0.109887 0.300515
vt 0.451644 0.210122
vt 0.463278 0.211849
vt 0.823075 0.842600
vt 0.126748 0.282017
vt 0.443794 0.231067
vt 0.456095 0.232895
vt 0.834144 0.853102
vt 0.146165 0.261525
vt 0.436239 0.251372
vt 0.449182 0.253296
vt 0.844631 0.863776
vt 0.429451 0.270850
vt 0.854452 0.874494
vt 0.449992 0.310834
vt 0.448417 0.326999
vt 0.515137 0.047626
vt 0.515346 0.066826
vt 0.448757 0.341786
vt 0.508752 0.086261
vt 0.451247 0.355092
vt 0.504656 0.100367
vt 0.500293 0.103218
vt 0.456074 0.366835
vt 0.493317 0.113323
vt 0.052836 0.333988
vt 0.060774 0.326929
vt 0.492087 0.138733
vt 0.493839 0.141568
vt 0.071552 0.317388
vt 0.488118 0.170320
vt 0.085048 0.305403
vt 0.482349 0.191932
vt 0.812497 0.831185
vt 0.101250 0.291095
vt 0.476052 0.213466
vt 0.824924 0.840182
vt 0.120185 0.274685
vt 0.469601 0.234608
vt 0.836909 0.849503
vt 0.141759 0.256502
vt 0.463391 0.255100
vt 0.848338 0.859032
vt 0.165637 0.236996
vt 0.457808 0.274747
vt 0.859087 0.868649
vt 0.453226 0.293375
vt 0.869072 0.878237
vt 0.523851 0.030877
vt 0.522573 0.048535
vt 0.465779 0.343631
vt 0.467903 0.356888
vt 0.510458 0.096732
vt 0.509140 0.097465
vt 0.472054 0.368549
vt 0.040271 0.317855
vt 0.049110 0.311800
vt 0.493188 0.148771
vt 0.499343 0.148138
vt 0.499954 0.148649
vt 0.060930 0.303602
vt 0.503973 0.149929
vt 0.075789 0.293282
vt 0.495369 0.193335
vt 0.813287 0.829890
vt 0.093645 0.280947
vt 0.489844 0.214953
vt 0.826529 0.837605
vt 0.114417 0.266788
vt 0.484182 0.236185
vt 0.839323 0.845668
vt 0.137789 0.251096
vt 0.478731 0.256763
vt 0.851548 0.853976
vt 0.163686 0.234245
vt 0.473828 0.276488
vt 0.863091 0.862420
vt 0.469797 0.295179
vt 0.873857 0.870895
vt 0.466939 0.312681
vt 0.530367 0.031666
vt 0.530601 0.049367
vt 0.465522 0.328867
vt 0.524289 0.067762
vt 0.518524 0.087292
vt 0.038932 0.295739
vt 0.517315 0.151156
vt 0.515828 0.151021
vt 0.517406 0.150577
vt 0.051766 0.288960
vt 0.513525 0.172841
vt 0.510911 0.151700
vt 0.515336 0.151153
vt 0.067862 0.280407
vt 0.500426 0.171646
vt 0.509224 0.194605
vt 0.813943 0.828529
vt 0.087150 0.270167
vt 0.504519 0.216303
vt 0.827863 0.834894
vt 0.109364 0.258407
vt 0.502521 0.224075
vt 0.495874 0.230185
vt 0.841347 0.841634
vt 0.134405 0.245355
vt 0.490533 0.246112
vt 0.492043 0.255319
vt 0.854262 0.848657
vt 0.162025 0.231324
vt 0.493281 0.258105
vt 0.494513 0.260838
vt 0.866485 0.855867
vt 0.490876 0.278063
vt 0.487430 0.296812
vt 0.544627 0.017107
vt 0.544883 0.033045
vt 0.537402 0.032389
vt 0.484971 0.314356
vt 0.539140 0.050122
vt 0.483725 0.330560
vt 0.533802 0.068609
vt 0.483889 0.345310
vt 0.528921 0.088223
vt 0.485621 0.358519
vt 0.522444 0.096261
vt 0.520430 0.096165
vt 0.489055 0.370106
vt 0.061313 0.266902
vt 0.527292 0.173891
vt 0.523784 0.195722
vt 0.814458 0.827113
vt 0.081688 0.258867
vt 0.828913 0.832075
vt 0.105206 0.249617
vt 0.511670 0.219458
vt 0.502791 0.223938
vt 0.842942 0.837440
vt 0.131639 0.239334
vt 0.856405 0.843127
vt 0.160670 0.228261
vt 0.503453 0.274316
vt 0.496389 0.264850
vt 0.869169 0.849055
vt 0.508788 0.279457
vt 0.550977 0.017658
vt 0.552743 0.033620
vt 0.505959 0.298257
vt 0.503921 0.315836
vt 0.548111 0.050784
vt 0.502855 0.332053
vt 0.543799 0.069351
vt 0.502918 0.346793
vt 0.539846 0.089040
vt 0.504239 0.359961
vt 0.532892 0.102226
vt 0.529592 0.100015
vt 0.506918 0.371481
vt 0.029370 0.300723
vt 0.030534 0.278889
vt 0.530388 0.152148
vt 0.527091 0.146754
vt 0.527858 0.146093
vt 0.044224 0.273600
vt 0.814828 0.825656
vt 0.829668 0.829176
vt 0.102013 0.240501
vt 0.844093 0.833125
vt 0.129522 0.233090
vt 0.857955 0.837438
vt 0.159635 0.225085
vt 0.871115 0.842047
vt 0.513009 0.283333
vt 0.514787 0.284571
vt 0.564578 0.018553
vt 0.560907 0.034108
vt 0.525210 0.299488
vt 0.523610 0.317097
vt 0.557431 0.051346
vt 0.522731 0.333327
vt 0.554184 0.069982
vt 0.522689 0.348058
vt 0.551196 0.089734
vt 0.523580 0.361193
vt 0.548494 0.110325
vt 0.537471 0.109647
vt 0.536563 0.107991
vt 0.525475 0.372655
vt 0.540687 0.121853
vt 0.540338 0.118345
vt 0.020311 0.282751
vt 0.023980 0.261413
vt 0.536277 0.136885
vt 0.537755 0.133758
vt 0.546103 0.131488
vt 0.038302 0.257672
vt 0.541595 0.174784
vt 0.056173 0.252900
vt 0.538912 0.196672
vt 0.077474 0.247147
vt 0.535975 0.215354
vt 0.522919 0.216535
vt 0.844788 0.828732
vt 0.858895 0.831647
vt 0.158930 0.221827
vt 0.872301 0.834913
vt 0.540699 0.299295
vt 0.540497 0.299202
vt 0.571698 0.018886
vt 0.569296 0.034504
vt 0.543766 0.300425
vt 0.543853 0.318121
vt 0.567008 0.051801
vt 0.543167 0.334362
vt 0.564857 0.070493
vt 0.543017 0.349086
vt 0.562862 0.090296
vt 0.543463 0.362196
vt 0.561040 0.110934
vt 0.544550 0.373613
vt 0.559407 0.132137
vt 0.013248 0.264111
vt 0.019386 0.243477
vt 0.557932 0.153675
vt 0.543970 0.152992
vt 0.034179 0.241324
vt 0.556298 0.175508
vt 0.052619 0.238529
vt 0.554464 0.197442
vt 0.815049 0.824173
vt 0.074572 0.235119
vt 0.550702 0.215979
vt 0.548353 0.215823
vt 0.830122 0.826224
vt 0.099821 0.231146
vt 0.128073 0.226683
vt 0.551820 0.303201
vt 0.554856 0.304151
vt 0.564461 0.318891
vt 0.008289 0.244979
vt 0.568346 0.218914
vt 0.568112 0.218852
vt 0.580070 0.005435
vt 0.808487 0.173082
vt 0.810261 0.158204
vt 0.811526 0.174059
vt 0.816226 0.175538
vt 0.822719 0.171953
vt 0.828125 0.177616
vt 0.820540 0.176520
vt 0.825361 0.160454
vt 0.840539 0.162634
vt 0.880822 0.167946
vt 0.886386 0.170933
vt 0.879527 0.173583
vt 0.868813 0.166453
vt 0.878620 0.173888
vt 0.855211 0.164660
vt 0.866485 0.176582
vt 0.837492 0.178872
vt 0.836823 0.178806
vt 0.890779 0.169044
vt 0.882500 0.117481
vt 0.892642 0.113007
vt 0.771899 0.206446
vt 0.785818 0.210300
vt 0.771858 0.207457
vt 0.870240 0.123536
vt 0.795192 0.200721
vt 0.771466 0.189335
vt 0.802856 0.193432
vt 0.856332 0.130940
vt 0.311064 0.565628
vt 0.310669 0.535463
vt 0.312732 0.535234
vt 0.841311 0.139407
vt 0.327172 0.576188
vt 0.318472 0.535145
vt 0.326608 0.533056
vt 0.825755 0.148613
vt 0.335392 0.577307
vt 0.343302 0.575558
vt 0.334763 0.529138
vt 0.771328 0.225995
vt 0.771673 0.221356
vt 0.775094 0.221803
vt 0.898472 0.164543
vt 0.771933 0.208488
vt 0.823840 0.138234
vt 0.326707 0.621786
vt 0.773324 0.238479
vt 0.771448 0.239353
vt 0.771500 0.237798
vt 0.342837 0.621156
vt 0.794499 0.229047
vt 0.883573 0.063854
vt 0.900276 0.110286
vt 0.874338 0.073244
vt 0.813991 0.220817
vt 0.863298 0.085916
vt 0.831049 0.214106
vt 0.850878 0.101382
vt 0.318957 0.572245
vt 0.310669 0.604284
vt 0.837555 0.119047
vt 0.318519 0.615197
vt 0.849046 0.059320
vt 0.845019 0.209172
vt 0.854735 0.233282
vt 0.839680 0.080485
vt 0.855364 0.206203
vt 0.872871 0.231721
vt 0.829841 0.104654
vt 0.317011 0.641114
vt 0.819908 0.130896
vt 0.334918 0.623798
vt 0.325106 0.649300
vt 0.779859 0.243770
vt 0.771510 0.245225
vt 0.771311 0.242681
vt 0.382553 0.514923
vt 0.384772 0.541846
vt 0.376586 0.540047
vt 0.864950 0.029104
vt 0.890648 0.058105
vt 0.807318 0.239425
vt 0.857578 0.041970
vt 0.832600 0.235884
vt 0.771799 0.249486
vt 0.814557 0.127717
vt 0.386305 0.484047
vt 0.390856 0.516229
vt 0.782041 0.249853
vt 0.839611 0.014048
vt 0.870878 0.021215
vt 0.811598 0.251357
vt 0.834773 0.028420
vt 0.838815 0.253207
vt 0.829651 0.047796
vt 0.862644 0.255330
vt 0.824442 0.071431
vt 0.886311 0.231258
vt 0.882171 0.257646
vt 0.819345 0.098417
vt 0.894540 0.231913
vt 0.896645 0.260065
vt 0.402340 0.485180
vt 0.398589 0.516056
vt 0.871504 0.283001
vt 0.808068 0.053100
vt 0.884793 0.288238
vt 0.807484 0.075598
vt 0.892928 0.292402
vt 0.905510 0.262494
vt 0.807664 0.101287
vt 0.395664 0.452197
vt 0.394681 0.484749
vt 0.779539 0.255802
vt 0.808602 0.129180
vt 0.806689 0.263027
vt 0.377533 0.483101
vt 0.387269 0.452120
vt 0.831687 0.270148
vt 0.811411 0.020977
vt 0.853573 0.276893
vt 0.809394 0.034657
vt 0.393656 0.423530
vt 0.793337 0.272657
vt 0.772732 0.260711
vt 0.378441 0.453027
vt 0.385299 0.424004
vt 0.812303 0.284129
vt 0.784644 0.048838
vt 0.828902 0.294687
vt 0.785304 0.059730
vt 0.842494 0.303925
vt 0.787582 0.074423
vt 0.852558 0.311488
vt 0.791388 0.092352
vt 0.858708 0.317084
vt 0.796577 0.112828
vt 0.403305 0.453254
vt 0.772302 0.259642
vt 0.772172 0.256371
vt 0.802950 0.135063
vt 0.771311 0.108521
vt 0.804849 0.326275
vt 0.778604 0.119142
vt 0.808060 0.332783
vt 0.787772 0.131281
vt 0.809066 0.336506
vt 0.860706 0.320500
vt 0.772481 0.260789
vt 0.772445 0.260551
vt 0.798461 0.144470
vt 0.345692 0.513381
vt 0.360840 0.474074
vt 0.352842 0.512851
vt 0.774619 0.278459
vt 0.774161 0.276398
vt 0.337107 0.509365
vt 0.353537 0.475349
vt 0.783614 0.293022
vt 0.775039 0.280859
vt 0.327414 0.500960
vt 0.344496 0.473541
vt 0.792387 0.306005
vt 0.316987 0.488486
vt 0.334064 0.468718
vt 0.799557 0.317233
vt 0.353537 0.449862
vt 0.777016 0.293071
vt 0.344496 0.446041
vt 0.780016 0.306906
vt 0.777133 0.293494
vt 0.322642 0.461067
vt 0.334064 0.440053
vt 0.782463 0.318479
vt 0.780568 0.310485
vt 0.310669 0.450881
vt 0.310669 0.423529
vt 0.315862 0.426988
vt 0.783548 0.327827
vt 0.783486 0.327548
vt 0.782588 0.153838
vt 0.772820 0.152184
vt 0.783530 0.334570
vt 0.795818 0.155970
vt 0.366123 0.449178
vt 0.366123 0.469765
vt 0.360840 0.450905
vt 0.782376 0.160219
vt 0.795425 0.167811
vt 0.795281 0.167908
vt 0.795462 0.168011
vt 0.802037 0.170924
vt 0.799362 0.170001
vt 0.805672 0.172153
vt 0.362686 0.682965
vt 0.359098 0.679929
vt 0.359310 0.676600
vt 0.367981 0.680616
vt 0.372795 0.678736
vt 0.363354 0.671896
vt 0.368861 0.671319
vt 0.358515 0.627696
vt 0.366411 0.622434
vt 0.363719 0.628960
vt 0.371359 0.625771
vt 0.369504 0.630266
vt 0.376594 0.629272
vt 0.375649 0.631563
vt 0.381917 0.632802
vt 0.378341 0.627509
vt 0.359844 0.672729
vt 0.361659 0.668482
vt 0.362591 0.612816
vt 0.364376 0.612199
vt 0.361941 0.619391
vt 0.368272 0.613004
vt 0.371385 0.617417
vt 0.374785 0.622314
vt 0.373431 0.610824
vt 0.366938 0.611153
vt 0.379261 0.620423
vt 0.380623 0.626545
vt 0.383093 0.626525
vt 0.384996 0.613911
vt 0.377883 0.614671
vt 0.376947 0.611067
vt 0.384106 0.620384
vt 0.384917 0.614614
vt 0.385703 0.614394
vt 0.388195 0.615947
vt 0.388582 0.622204
vt 0.385375 0.627453
vt 0.395509 0.622879
vt 0.391032 0.617927
vt 0.392008 0.625605
vt 0.387121 0.629187
vt 0.399081 0.628676
vt 0.398703 0.627766
vt 0.399227 0.628633
vt 0.395826 0.623453
vt 0.393862 0.630070
vt 0.388067 0.631463
vt 0.399081 0.635716
vt 0.401360 0.636013
vt 0.393862 0.634919
vt 0.388067 0.633935
vt 0.392008 0.639414
vt 0.387121 0.636227
vt 0.397612 0.706659
vt 0.397074 0.711733
vt 0.395589 0.709926
vt 0.401552 0.640450
vt 0.401600 0.640957
vt 0.396389 0.642242
vt 0.394377 0.721266
vt 0.396955 0.717072
vt 0.396999 0.719145
vt 0.393766 0.650987
vt 0.391416 0.647259
vt 0.388582 0.642871
vt 0.385375 0.637989
vt 0.384106 0.644762
vt 0.383093 0.638953
vt 0.320449 0.700502
vt 0.318473 0.698335
vt 0.320900 0.698216
vt 0.326576 0.697259
vt 0.325007 0.705209
vt 0.321142 0.701057
vt 0.330074 0.703352
vt 0.325439 0.705525
vt 0.385818 0.658019
vt 0.385495 0.654482
vt 0.384917 0.650006
vt 0.332406 0.685811
vt 0.331587 0.695682
vt 0.335742 0.693546
vt 0.336438 0.685151
vt 0.377883 0.650062
vt 0.379261 0.644801
vt 0.380623 0.638973
vt 0.315763 0.686644
vt 0.313622 0.687337
vt 0.313278 0.686589
vt 0.315345 0.691687
vt 0.327486 0.686291
vt 0.378341 0.638045
vt 0.315763 0.673931
vt 0.310669 0.674014
vt 0.321866 0.674104
vt 0.321866 0.686572
vt 0.327486 0.674546
vt 0.332406 0.675241
vt 0.336438 0.676162
vt 0.376543 0.654554
vt 0.371385 0.647420
vt 0.374785 0.642981
vt 0.368272 0.651191
vt 0.358122 0.646760
vt 0.361941 0.644906
vt 0.366411 0.642482
vt 0.371359 0.639580
vt 0.376594 0.636311
vt 0.311094 0.665667
vt 0.320900 0.662709
vt 0.326576 0.663812
vt 0.331587 0.665581
vt 0.363502 0.709849
vt 0.359491 0.706185
vt 0.358387 0.701056
vt 0.375649 0.634035
vt 0.368904 0.706443
vt 0.373791 0.702513
vt 0.363172 0.696590
vt 0.368391 0.693232
vt 0.377974 0.698209
vt 0.373114 0.689856
vt 0.377161 0.686594
vt 0.381294 0.693697
vt 0.358515 0.636656
vt 0.363719 0.636000
vt 0.369504 0.635115
vt 0.358456 0.692439
vt 0.358151 0.687555
vt 0.313598 0.740593
vt 0.311171 0.744418
vt 0.310669 0.738778
vt 0.313306 0.753089
vt 0.311160 0.745023
vt 0.318402 0.743828
vt 0.322554 0.746906
vt 0.363337 0.586372
vt 0.358299 0.577967
vt 0.363477 0.579334
vt 0.369139 0.585602
vt 0.369235 0.580754
vt 0.375304 0.584644
vt 0.375353 0.582173
vt 0.381595 0.583536
vt 0.376204 0.586939
vt 0.311333 0.752279
vt 0.311916 0.755739
vt 0.312688 0.758968
vt 0.312671 0.758840
vt 0.318221 0.754782
vt 0.361384 0.595242
vt 0.358122 0.586926
vt 0.365900 0.592907
vt 0.360317 0.595734
vt 0.363574 0.597505
vt 0.369240 0.599729
vt 0.374263 0.593571
vt 0.370905 0.590103
vt 0.377916 0.588707
vt 0.380179 0.589680
vt 0.370776 0.597942
vt 0.376406 0.600362
vt 0.378702 0.595479
vt 0.377327 0.600336
vt 0.383994 0.598864
vt 0.378182 0.600110
vt 0.383547 0.595536
vt 0.382649 0.589709
vt 0.388060 0.593734
vt 0.389607 0.596238
vt 0.388539 0.596676
vt 0.384949 0.588790
vt 0.391553 0.590346
vt 0.394869 0.592580
vt 0.386730 0.587063
vt 0.399642 0.586931
vt 0.397339 0.589907
vt 0.398698 0.586789
vt 0.393496 0.585889
vt 0.387721 0.584790
vt 0.393592 0.581041
vt 0.387770 0.582319
vt 0.398226 0.695027
vt 0.398478 0.696197
vt 0.397911 0.695461
vt 0.398838 0.579750
vt 0.403286 0.579435
vt 0.400674 0.584410
vt 0.396956 0.681834
vt 0.397060 0.686279
vt 0.395468 0.684201
vt 0.397128 0.687358
vt 0.393272 0.689404
vt 0.400043 0.570180
vt 0.403305 0.578497
vt 0.396274 0.573216
vt 0.391827 0.576540
vt 0.386870 0.580024
vt 0.388469 0.573071
vt 0.385158 0.578256
vt 0.398419 0.668733
vt 0.398331 0.668618
vt 0.398478 0.668482
vt 0.394530 0.673690
vt 0.397720 0.672580
vt 0.391756 0.679303
vt 0.397224 0.677244
vt 0.395690 0.560014
vt 0.402986 0.567550
vt 0.391399 0.568180
vt 0.386044 0.555869
vt 0.396885 0.557052
vt 0.393838 0.563772
vt 0.384954 0.565410
vt 0.382895 0.577283
vt 0.373872 0.746880
vt 0.374281 0.747493
vt 0.374261 0.747759
vt 0.368564 0.747228
vt 0.363956 0.747029
vt 0.372975 0.757194
vt 0.368111 0.756416
vt 0.380425 0.577254
vt 0.384029 0.571163
vt 0.374375 0.746804
vt 0.371341 0.734604
vt 0.374375 0.734270
vt 0.366082 0.735188
vt 0.361618 0.735687
vt 0.358122 0.736082
vt 0.360226 0.746289
vt 0.385635 0.560246
vt 0.375518 0.555745
vt 0.377921 0.565328
vt 0.376683 0.560141
vt 0.365713 0.559661
vt 0.371369 0.567945
vt 0.379184 0.571106
vt 0.374671 0.572909
vt 0.371162 0.722082
vt 0.373123 0.721947
vt 0.373317 0.725470
vt 0.378124 0.578173
vt 0.365906 0.722907
vt 0.374471 0.552309
vt 0.355661 0.528321
vt 0.353764 0.528834
vt 0.353764 0.523843
vt 0.376343 0.579900
vt 0.314137 0.727234
vt 0.310669 0.725076
vt 0.311386 0.719557
vt 0.323522 0.723814
vt 0.318862 0.719512
vt 0.327333 0.728727
vt 0.319071 0.731088
vt 0.361889 0.569731
vt 0.368344 0.563472
vt 0.371178 0.576297
vt 0.326743 0.739630
vt 0.323327 0.735273
vt 0.366297 0.572863
vt 0.310955 0.731703
vt 0.310872 0.732905
vt 0.564930 0.306930
vt 0.567739 0.307618
vt 0.569241 0.219160
vt 0.574913 0.220657
vt 0.586078 0.224030
vt 0.603375 0.230961
vt 0.602760 0.230677
vt 0.007262 0.186438
vt 0.621376 0.241245
vt 0.612100 0.111821
vt 0.608522 0.132288
vt 0.608904 0.133085
vt 0.609869 0.114717
vt 0.608324 0.131388
vt 0.622395 0.242036
vt 0.633137 0.301772
vt 0.614225 0.108357
vt 0.623373 0.101910
vt 0.628524 0.152254
vt 0.614839 0.143587
vt 0.619415 0.148074
vt 0.642433 0.262631
vt 0.647382 0.282550
vt 0.634752 0.100131
vt 0.633898 0.153892
vt 0.641989 0.153063
vt 0.642923 0.153012
vt 0.653875 0.146219
vt 0.653414 0.110534
vt 0.660363 0.131527
vt 0.660521 0.130715
vt 0.656659 0.143730
vt 0.429486 0.426981
vt 0.759523 0.310580
vt 0.443113 0.411569
vt 0.459361 0.396453
vt 0.392717 0.105495
vt 0.793578 0.458999
vt 0.828105 0.385474
vt 0.398132 0.280333
vt 0.898214 0.385474
vt 0.392635 0.319542
vt 0.918441 0.400489
vt 0.182627 0.423530
vt 0.207792 0.437664
vt 0.227410 0.453021
vt 0.095573 0.381287
vt 0.498348 0.106007
vt 0.490192 0.125732
vt 0.490262 0.126551
vt 0.494545 0.142374
vt 0.490720 0.131287
vt 0.516198 0.096478
vt 0.504839 0.150201
vt 0.506502 0.150828
vt 0.492206 0.236923
vt 0.491823 0.237627
vt 0.526695 0.098624
vt 0.519972 0.217308
vt 0.519420 0.217451
vt 0.557649 0.018142
vt 0.536227 0.107264
vt 0.520170 0.150090
vt 0.531629 0.142536
vt 0.525964 0.291931
vt 0.538930 0.111999
vt 0.538870 0.131041
vt 0.539227 0.130263
vt 0.532142 0.142127
vt 0.536385 0.215374
vt 0.544979 0.300868
vt 0.552713 0.216326
vt 0.563155 0.306472
vt 0.558122 0.305102
vt 0.547884 0.301887
vt 0.574190 0.005231
vt 0.817888 0.176052
vt 0.857886 0.178138
vt 0.852029 0.178505
vt 0.772292 0.197731
vt 0.314684 0.535151
vt 0.332495 0.530114
vt 0.340900 0.524916
vt 0.342626 0.523843
vt 0.771311 0.225378
vt 0.333286 0.651851
vt 0.843978 0.005231
vt 0.772055 0.253935
vt 0.376586 0.426542
vt 0.401335 0.425137
vt 0.338474 0.442395
vt 0.341460 0.444165
vt 0.322642 0.432379
vt 0.780426 0.309915
vt 0.771311 0.150880
vt 0.361340 0.450737
vt 0.798255 0.169465
vt 0.358122 0.685199
vt 0.358122 0.616756
vt 0.361818 0.613027
vt 0.400097 0.644601
vt 0.401378 0.638820
vt 0.397113 0.720291
vt 0.397612 0.725589
vt 0.391756 0.716160
vt 0.395544 0.653910
vt 0.365565 0.654150
vt 0.311012 0.662508
vt 0.314778 0.662313
vt 0.360106 0.711484
vt 0.358122 0.699532
vt 0.314403 0.762059
vt 0.312856 0.761945
vt 0.386167 0.552446
vt 0.373143 0.757189
vt 0.361453 0.724118
vt 0.363576 0.556660
vt 0.313533 0.715987
vt 0.358122 0.567022
s 1
usemtl マテリアル.001
f 2289/144/58 118/145/59 119/146/60
f 2303/147/61 148/148/62 115/149/63
f 104/150/64 119/151/60 120/152/65
f 1568/153/66 115/149/63 148/148/62
f 2290/154/67 120/152/65 121/155/68
f 2304/156/69 2307/157/70 136/158/71
f 2291/159/72 121/155/68 122/160/73
f 112/161/74 136/158/71 137/162/75
f 2292/163/76 122/160/73 123/164/77
f 112/161/74 138/165/78 2296/166/79
f 2293/167/80 123/164/77 124/168/81
f 2296/166/79 139/169/82 2297/170/83
f 2294/171/84 124/168/81 126/172/85
f 2297/170/83 140/173/86 2298/174/87
f 105/175/88 126/172/85 127/176/89
f 2298/177/87 141/178/90 2299/179/91
f 106/180/92 127/176/89 130/181/93
f 2299/179/91 142/182/94 2300/183/95
f 107/184/96 130/181/93 132/185/97
f 2300/183/95 143/186/98 2301/187/99
f 2295/188/100 132/185/97 133/189/101
f 101/190/102 1381/191/103 116/192/104
f 2301/187/99 144/193/105 2302/194/106
f 133/189/101 2310/195/107 2295/188/100
f 102/196/108 116/192/104 117/197/109
f 2302/194/106 145/198/110 113/199/111
f 135/200/112 2312/201/113 2313/202/114
f 103/203/115 117/197/109 118/145/59
f 113/199/111 146/204/116 2303/147/61
f 130/181/93 163/205/117 164/206/118
f 141/178/90 182/207/119 142/182/94
f 132/185/97 164/206/118 165/208/120
f 142/182/94 184/209/121 143/186/98
f 133/189/101 165/208/120 166/210/122
f 116/192/104 1381/191/103 150/211/123
f 143/186/98 189/212/124 144/193/105
f 133/189/101 169/213/125 135/200/112
f 117/197/109 150/211/123 153/214/126
f 144/193/105 191/215/127 145/198/110
f 2315/216/128 2316/217/129 135/200/112
f 118/145/59 153/214/126 154/218/130
f 145/198/110 193/219/131 146/204/116
f 119/146/60 154/218/130 155/220/132
f 146/204/116 195/221/133 148/148/62
f 120/152/65 155/222/132 156/223/134
f 1568/153/66 148/148/62 195/221/133
f 121/155/68 156/223/134 157/224/135
f 136/158/71 2308/225/136 2319/226/137
f 122/160/73 157/224/135 158/227/138
f 136/158/71 173/228/139 137/162/75
f 123/164/77 158/227/138 159/229/140
f 137/162/75 175/230/141 138/165/78
f 124/168/81 159/229/140 161/231/142
f 138/165/78 178/232/143 139/169/82
f 126/172/85 161/231/142 162/233/144
f 139/169/82 180/234/145 140/173/86
f 127/176/89 162/233/144 163/205/117
f 140/235/86 181/236/146 141/178/90
f 166/210/122 224/237/147 225/238/148
f 150/211/123 1381/191/103 198/239/149
f 184/209/121 254/240/150 189/212/124
f 166/210/122 228/241/151 169/213/125
f 153/214/126 198/239/149 200/242/152
f 189/212/124 258/243/153 191/215/127
f 2323/244/154 2321/245/155 228/241/151
f 154/218/130 200/242/152 202/246/156
f 191/215/127 260/247/157 193/219/131
f 155/220/132 202/246/156 203/248/158
f 193/219/131 262/249/159 195/221/133
f 156/223/134 203/250/158 208/251/160
f 1568/153/66 195/221/133 262/249/159
f 157/224/135 208/251/160 210/252/161
f 171/253/162 2320/254/163 2324/255/164
f 158/227/138 210/252/161 212/256/165
f 171/253/162 238/257/166 173/228/139
f 159/229/140 212/256/165 214/258/167
f 173/228/139 241/259/168 175/230/141
f 161/231/142 214/258/167 215/260/169
f 175/230/141 243/261/170 178/232/143
f 162/233/144 215/260/169 2375/262/171
f 180/234/145 243/261/170 244/263/172
f 162/233/144 2380/264/173 2378/265/174
f 181/236/146 244/266/172 246/267/175
f 2383/268/176 2384/269/177 164/206/118
f 182/207/119 246/267/175 249/270/178
f 165/208/120 222/271/179 224/237/147
f 184/209/121 249/270/178 251/272/180
f 228/241/151 299/273/181 302/274/182
f 202/246/156 265/275/183 268/276/184
f 258/243/153 343/277/185 260/247/157
f 2327/278/186 302/274/182 2329/279/187
f 203/248/158 268/276/184 272/280/188
f 260/247/157 344/281/189 262/249/159
f 208/251/160 272/282/188 274/283/190
f 1568/153/66 262/249/159 344/281/189
f 2333/284/191 307/285/192 2330/286/193
f 210/252/161 274/283/190 277/287/194
f 235/288/195 2325/289/196 2334/290/197
f 212/256/165 277/287/194 280/291/198
f 235/288/195 316/292/199 238/257/166
f 214/258/167 280/291/198 283/293/200
f 238/257/166 318/294/201 241/259/168
f 215/260/169 283/293/200 284/295/202
f 241/259/168 320/296/203 243/261/170
f 2386/297/204 2388/298/205 215/260/169
f 244/263/172 320/296/203 322/299/206
f 246/267/175 322/300/206 324/301/207
f 222/271/179 2390/302/208 2393/303/209
f 249/270/178 324/301/207 326/304/210
f 224/237/147 289/305/211 293/306/212
f 251/272/180 326/304/210 330/307/213
f 225/238/148 293/306/212 297/308/214
f 198/239/149 1381/191/103 263/309/215
f 254/240/150 330/307/213 334/310/216
f 225/238/148 299/273/181 228/241/151
f 200/242/152 263/309/215 265/275/183
f 254/240/150 338/311/217 258/243/153
f 2336/312/218 2337/313/219 392/314/220
f 274/283/190 354/315/221 359/316/222
f 1568/153/66 344/281/189 431/317/223
f 2339/318/224 399/319/225 2332/320/226
f 277/287/194 359/316/222 364/321/227
f 307/285/192 403/322/228 309/323/229
f 280/291/198 364/321/227 366/324/230
f 309/323/229 407/325/231 316/292/199
f 283/293/200 366/324/230 368/326/232
f 316/292/199 410/327/233 318/294/201
f 284/295/202 368/326/232 370/328/234
f 318/294/201 411/329/235 320/296/203
f 370/328/234 2396/330/236 2394/331/237
f 320/296/203 413/332/238 322/299/206
f 324/301/207 413/333/238 414/334/239
f 378/335/240 289/305/211 2399/336/241
f 326/304/210 414/334/239 417/337/242
f 293/306/212 378/335/240 384/338/243
f 326/304/210 420/339/244 330/307/213
f 297/308/214 384/338/243 386/340/245
f 263/309/215 1381/191/103 347/341/246
f 330/307/213 421/342/247 334/310/216
f 297/308/214 388/343/248 299/273/181
f 265/275/183 347/341/246 349/344/249
f 334/310/216 424/345/250 338/311/217
f 299/273/181 390/346/251 302/274/182
f 268/276/184 349/344/249 352/347/252
f 338/311/217 428/348/253 343/277/185
f 392/314/220 2328/349/254 390/346/251
f 272/280/188 352/347/252 354/350/221
f 343/277/185 431/317/223 344/281/189
f 399/319/225 464/351/255 403/322/228
f 366/324/230 447/352/256 450/353/257
f 403/322/228 466/354/258 407/325/231
f 368/326/232 450/353/257 451/355/259
f 407/325/231 468/356/260 410/327/233
f 370/328/234 451/355/259 452/357/261
f 410/327/233 470/358/262 411/329/235
f 452/357/261 2400/359/263 2401/360/264
f 411/329/235 471/361/265 413/332/238
f 413/333/238 472/362/266 414/334/239
f 453/363/267 2402/364/268 2405/365/268
f 414/334/239 473/366/269 417/337/242
f 384/338/243 453/363/267 454/367/270
f 417/337/242 474/368/271 420/339/244
f 386/340/245 454/367/270 455/369/272
f 347/341/246 1381/191/103 433/370/273
f 420/339/244 475/371/274 421/342/247
f 386/340/245 456/372/275 388/343/248
f 349/344/249 433/370/273 435/373/276
f 421/342/247 476/374/277 424/345/250
f 388/343/248 457/375/278 390/346/251
f 352/347/252 435/373/276 437/376/279
f 424/345/250 477/377/280 428/348/253
f 390/346/251 458/378/281 392/314/220
f 354/350/221 437/376/279 439/379/282
f 428/348/253 478/380/283 431/317/223
f 392/314/220 460/381/284 394/382/285
f 359/316/222 439/383/282 444/384/286
f 1568/153/66 431/317/223 478/380/283
f 394/382/285 462/385/287 399/319/225
f 364/321/227 444/384/286 447/352/256
f 466/354/258 506/386/288 468/356/260
f 452/357/261 490/387/289 491/388/290
f 468/356/260 507/389/291 470/358/262
f 2407/390/292 2400/359/263 491/388/290
f 470/358/262 508/391/293 471/361/265
f 2408/392/294 492/393/295 493/394/296
f 471/395/265 509/396/297 472/362/266
f 2412/397/298 2411/398/299 493/394/296
f 472/362/266 510/399/300 473/366/269
f 454/367/270 494/400/301 495/401/302
f 473/366/269 511/402/303 474/368/271
f 455/369/272 495/401/302 496/403/304
f 433/370/273 1381/191/103 479/404/305
f 474/368/271 512/405/306 475/371/274
f 455/369/272 497/406/307 456/372/275
f 435/373/276 479/404/305 481/407/308
f 475/371/274 513/408/309 476/374/277
f 456/372/275 498/409/310 457/375/278
f 437/376/279 481/407/308 484/410/311
f 476/374/277 514/411/312 477/377/280
f 457/375/278 500/412/313 458/378/281
f 439/379/282 484/410/311 485/413/314
f 477/377/280 516/414/315 478/380/283
f 458/378/281 502/415/316 460/381/284
f 444/416/286 485/413/314 486/417/317
f 1568/153/66 478/380/283 516/414/315
f 460/381/284 503/418/318 462/385/287
f 447/352/256 486/419/317 488/420/319
f 462/385/287 504/421/320 464/351/255
f 450/353/257 488/420/319 489/422/321
f 464/351/255 505/423/322 466/354/258
f 451/355/259 489/422/321 490/387/289
f 507/389/291 543/424/323 508/391/293
f 493/394/296 527/425/324 528/426/325
f 508/427/293 544/428/326 509/396/297
f 494/400/301 528/426/325 529/429/327
f 509/396/297 545/430/328 510/399/300
f 495/401/302 529/429/327 530/431/329
f 510/399/300 546/432/330 511/402/303
f 496/403/304 530/431/329 531/433/331
f 479/404/305 1381/191/103 518/434/332
f 511/402/303 547/435/333 512/405/306
f 496/403/304 533/436/334 497/406/307
f 481/407/308 518/434/332 519/437/335
f 512/405/306 548/438/336 513/408/309
f 497/406/307 535/439/337 498/409/310
f 484/410/311 519/437/335 520/440/338
f 513/408/309 549/441/339 514/411/312
f 498/409/310 536/442/340 500/412/313
f 485/413/314 520/440/338 521/443/341
f 514/411/312 551/444/342 516/414/315
f 500/412/313 537/445/343 502/415/316
f 486/417/317 521/443/341 522/446/344
f 1568/153/66 516/414/315 551/444/342
f 502/415/316 538/447/345 503/418/318
f 488/420/319 522/448/344 523/449/346
f 503/418/318 539/450/347 504/421/320
f 489/422/321 523/449/346 524/451/348
f 504/421/320 540/452/349 505/423/322
f 490/387/289 524/451/348 525/453/350
f 505/423/322 541/454/351 506/386/288
f 491/388/290 525/453/350 526/455/352
f 506/386/288 542/456/353 507/389/291
f 492/393/295 526/455/352 527/425/324
f 544/428/326 581/457/354 545/430/328
f 530/431/329 564/458/355 565/459/356
f 545/430/328 582/460/357 546/432/330
f 531/433/331 565/459/356 567/461/358
f 518/434/332 1381/191/103 553/462/359
f 546/432/330 584/463/360 547/435/333
f 531/433/331 570/464/361 533/436/334
f 519/437/335 553/462/359 554/465/362
f 547/435/333 586/466/363 548/438/336
f 533/436/334 571/467/364 535/439/337
f 520/440/338 554/465/362 555/468/365
f 548/438/336 588/469/366 549/441/339
f 535/439/337 572/470/367 536/442/340
f 521/443/341 555/468/365 556/471/368
f 549/441/339 590/472/369 551/444/342
f 536/442/340 573/473/370 537/445/343
f 522/446/344 556/471/368 557/474/371
f 1568/153/66 551/444/342 590/472/369
f 537/445/343 574/475/372 538/447/345
f 523/449/346 557/476/371 558/477/373
f 538/447/345 575/478/374 539/450/347
f 524/451/348 558/477/373 559/479/375
f 539/450/347 576/480/376 540/452/349
f 525/453/350 559/479/375 560/481/377
f 540/452/349 577/482/378 541/454/351
f 526/455/352 560/481/377 561/483/379
f 541/454/351 578/484/380 542/456/353
f 527/425/324 561/483/379 562/485/381
f 542/486/353 579/487/382 543/488/323
f 528/426/325 562/485/381 563/489/383
f 543/488/323 580/490/384 544/428/326
f 529/429/327 563/489/383 564/458/355
f 582/460/357 629/491/385 584/463/360
f 570/464/361 609/492/386 610/493/387
f 554/465/362 592/494/388 593/495/389
f 584/463/360 630/496/390 586/466/363
f 570/464/361 612/497/391 571/467/364
f 555/468/365 593/495/389 594/498/392
f 586/466/363 633/499/393 588/469/366
f 571/467/364 613/500/394 572/470/367
f 556/471/368 594/498/392 595/501/395
f 588/469/366 634/502/396 590/472/369
f 572/470/367 614/503/397 573/473/370
f 557/474/371 595/501/395 596/504/398
f 1568/153/66 590/472/369 634/502/396
f 573/473/370 615/505/399 574/475/372
f 558/506/373 596/504/398 597/507/400
f 574/475/372 616/508/401 575/478/374
f 559/479/375 597/509/400 598/510/402
f 575/478/374 617/511/403 576/480/376
f 560/481/377 598/510/402 599/512/404
f 576/480/376 618/513/405 577/482/378
f 561/483/379 599/512/404 600/514/406
f 577/482/378 619/515/407 578/484/380
f 562/485/381 600/514/406 601/516/408
f 578/517/380 620/518/409 579/487/382
f 563/489/383 601/516/408 603/519/410
f 579/487/382 622/520/411 580/490/384
f 564/458/355 603/519/410 605/521/412
f 580/490/384 625/522/413 581/457/354
f 565/459/356 605/521/412 606/523/414
f 581/457/354 627/524/415 582/460/357
f 567/461/358 606/523/414 609/492/386
f 553/462/359 1381/191/103 592/494/388
f 630/496/390 680/525/416 633/499/393
f 613/526/394 658/527/417 659/528/418
f 595/501/395 637/529/419 638/530/420
f 633/499/393 681/531/421 634/502/396
f 614/532/397 659/528/418 660/533/422
f 596/504/398 638/530/420 639/534/423
f 1568/153/66 634/502/396 681/531/421
f 615/535/399 660/533/422 661/536/424
f 597/537/400 639/538/423 640/539/425
f 616/540/401 661/536/424 662/541/426
f 598/542/402 640/539/425 641/543/427
f 616/508/401 663/544/428 617/511/403
f 599/545/404 641/543/427 642/546/429
f 617/511/403 664/547/430 618/513/405
f 600/548/406 642/546/429 644/549/431
f 618/513/405 666/550/432 619/515/407
f 601/551/408 644/549/431 646/552/433
f 619/553/407 668/554/434 620/518/409
f 603/555/410 646/552/433 648/556/435
f 620/518/409 670/557/436 622/520/411
f 605/558/412 648/556/435 651/559/437
f 622/520/411 672/560/438 625/522/413
f 606/561/414 651/559/437 653/562/439
f 625/522/413 674/563/440 627/524/415
f 609/564/386 653/562/439 655/565/441
f 592/494/388 1381/191/103 635/566/442
f 627/524/415 676/567/443 629/491/385
f 610/568/387 655/565/441 657/569/444
f 593/495/389 635/566/442 636/570/445
f 629/491/385 678/571/446 630/496/390
f 612/572/391 657/569/444 658/527/417
f 594/498/392 636/570/445 637/529/419
f 1568/153/66 681/531/421 727/573/447
f 661/536/424 707/574/448 708/575/449
f 640/539/425 686/576/450 687/577/451
f 661/536/424 709/578/452 662/541/426
f 641/543/427 687/577/451 689/579/453
f 662/541/426 710/580/454 663/581/428
f 642/546/429 689/579/453 691/582/455
f 663/581/428 711/583/456 664/584/430
f 644/549/431 691/582/455 692/585/457
f 664/584/430 713/586/458 666/587/432
f 646/552/433 692/585/457 694/588/459
f 666/589/432 715/590/460 668/554/434
f 648/556/435 694/588/459 696/591/461
f 668/554/434 717/592/462 670/557/436
f 651/559/437 696/591/461 698/593/463
f 670/557/436 718/594/464 672/560/438
f 653/562/439 698/593/463 700/595/465
f 672/560/438 721/596/466 674/563/440
f 655/565/441 700/595/465 702/597/467
f 635/566/442 1381/191/103 682/598/468
f 674/563/440 722/599/469 676/567/443
f 657/569/444 702/597/467 704/600/470
f 636/570/445 682/598/468 683/601/471
f 676/567/443 724/602/472 678/571/446
f 658/527/417 704/600/470 705/603/473
f 637/529/419 683/601/471 684/604/474
f 678/571/446 726/605/475 680/525/416
f 659/528/418 705/603/473 706/606/476
f 638/530/420 684/604/474 685/607/477
f 680/525/416 727/573/447 681/531/421
f 660/533/422 706/606/476 707/574/448
f 639/534/423 685/607/477 686/608/450
f 709/578/452 750/609/478 710/580/454
f 691/582/455 736/610/479 737/611/480
f 710/580/454 751/612/481 711/583/456
f 692/585/457 737/611/480 738/613/482
f 711/583/456 752/614/483 713/586/458
f 694/588/459 738/613/482 739/615/484
f 713/616/458 753/617/485 715/590/460
f 696/591/461 739/615/484 740/618/486
f 715/590/460 754/619/487 717/592/462
f 698/593/463 740/618/486 741/620/488
f 717/592/462 755/621/489 718/594/464
f 700/595/465 741/620/488 742/622/490
f 718/594/464 756/623/491 721/596/466
f 702/597/467 742/622/490 743/624/492
f 682/598/468 1381/191/103 728/625/493
f 721/596/466 757/626/494 722/599/469
f 704/600/470 743/624/492 744/627/495
f 683/601/471 728/625/493 729/628/496
f 722/599/469 758/629/497 724/602/472
f 705/603/473 744/627/495 745/630/498
f 684/604/474 729/628/496 732/631/499
f 724/602/472 759/632/500 726/605/475
f 706/606/476 745/630/498 746/633/501
f 685/607/477 732/631/499 733/634/502
f 726/605/475 760/635/503 727/573/447
f 707/574/448 746/633/501 747/636/504
f 686/576/450 733/637/502 734/638/505
f 1568/153/66 727/573/447 760/635/503
f 708/575/449 747/636/504 748/639/506
f 687/577/451 734/638/505 735/640/507
f 708/575/449 749/641/508 709/578/452
f 689/579/453 735/640/507 736/610/479
f 751/612/481 783/642/509 752/614/483
f 739/615/484 769/643/510 770/644/511
f 752/645/483 784/646/512 753/617/485
f 740/618/486 770/644/511 771/647/513
f 753/617/485 785/648/514 754/619/487
f 741/620/488 771/647/513 772/649/515
f 754/619/487 786/650/516 755/621/489
f 742/622/490 772/649/515 773/651/517
f 755/621/489 787/652/518 756/623/491
f 743/624/492 773/651/517 774/653/519
f 728/625/493 1381/191/103 761/654/520
f 756/623/491 788/655/521 757/626/494
f 744/627/495 774/653/519 775/656/522
f 729/628/496 761/654/520 762/657/523
f 757/626/494 789/658/524 758/629/497
f 745/630/498 775/656/522 776/659/525
f 732/631/499 762/657/523 763/660/526
f 758/629/497 790/661/527 759/632/500
f 746/633/501 776/659/525 777/662/528
f 733/634/502 763/660/526 764/663/529
f 759/632/500 791/664/530 760/635/503
f 747/636/504 777/662/528 778/665/531
f 734/638/505 764/666/529 765/667/532
f 1568/153/66 760/635/503 791/664/530
f 747/636/504 779/668/533 748/639/506
f 735/640/507 765/667/532 766/669/534
f 748/639/506 780/670/535 749/641/508
f 736/610/479 766/669/534 767/671/536
f 749/641/508 781/672/537 750/609/478
f 737/611/480 767/671/536 768/673/538
f 750/609/478 782/674/539 751/612/481
f 738/613/482 768/673/538 769/643/510
f 784/646/512 816/675/540 785/648/514
f 772/649/515 802/676/541 803/677/542
f 785/648/514 817/678/543 786/650/516
f 773/651/517 803/677/542 804/679/544
f 786/650/516 818/680/545 787/652/518
f 774/653/519 804/679/544 805/681/546
f 761/654/520 1381/191/103 792/682/547
f 787/652/518 819/683/548 788/655/521
f 775/656/522 805/681/546 806/684/549
f 762/657/523 792/682/547 793/685/550
f 788/655/521 820/686/551 789/658/524
f 776/659/525 806/684/549 807/687/552
f 763/660/526 793/685/550 794/688/553
f 789/658/524 821/689/554 790/661/527
f 777/662/528 807/687/552 808/690/555
f 764/663/529 794/688/553 795/691/556
f 790/661/527 822/692/557 791/664/530
f 778/665/531 808/690/555 809/693/558
f 765/667/532 795/694/556 796/695/559
f 1568/153/66 791/664/530 822/692/557
f 778/665/531 810/696/560 779/668/533
f 766/669/534 796/695/559 797/697/561
f 779/668/533 811/698/562 780/670/535
f 767/671/536 797/697/561 798/699/563
f 780/670/535 812/700/564 781/672/537
f 768/673/538 798/699/563 799/701/565
f 781/672/537 813/702/566 782/674/539
f 769/643/510 799/701/565 800/703/567
f 782/674/539 814/704/568 783/642/509
f 770/644/511 800/703/567 801/705/569
f 783/706/509 815/707/570 784/646/512
f 771/647/513 801/705/569 802/676/541
f 817/678/543 849/708/571 818/680/545
f 805/681/546 835/709/572 836/710/573
f 792/682/547 1381/191/103 823/711/574
f 818/680/545 850/712/575 819/683/548
f 806/684/549 836/710/573 837/713/576
f 793/685/550 823/711/574 824/714/577
f 819/683/548 851/715/578 820/686/551
f 807/687/552 837/713/576 838/716/579
f 794/688/553 824/714/577 825/717/580
f 820/686/551 852/718/581 821/689/554
f 808/690/555 838/716/579 839/719/582
f 795/694/556 825/720/580 826/721/583
f 821/689/554 853/722/584 822/692/557
f 808/690/555 840/723/585 809/693/558
f 796/695/559 826/721/583 827/724/586
f 1568/153/66 822/692/557 853/722/584
f 809/693/558 841/725/587 810/696/560
f 797/697/561 827/724/586 828/726/588
f 810/696/560 842/727/589 811/698/562
f 798/699/563 828/726/588 829/728/590
f 811/698/562 843/729/591 812/700/564
f 799/701/565 829/728/590 830/730/592
f 812/700/564 844/731/593 813/702/566
f 800/703/567 830/730/592 831/732/594
f 813/702/566 845/733/595 814/704/568
f 801/705/569 831/732/594 832/734/596
f 814/735/568 846/736/597 815/707/570
f 802/676/541 832/734/596 833/737/598
f 815/707/570 847/738/599 816/675/540
f 803/677/542 833/737/598 834/739/600
f 816/675/540 848/740/601 817/678/543
f 804/679/544 834/739/600 835/709/572
f 824/714/577 854/741/602 855/742/603
f 850/712/575 882/743/604 851/715/578
f 838/716/579 868/744/605 869/745/606
f 825/717/580 855/742/603 856/746/607
f 851/715/578 883/747/608 852/718/581
f 839/719/582 869/745/606 870/748/609
f 826/721/583 856/749/607 857/750/610
f 852/718/581 884/751/611 853/722/584
f 839/719/582 871/752/612 840/723/585
f 827/724/586 857/750/610 858/753/613
f 1568/153/66 853/722/584 884/751/611
f 840/723/585 872/754/614 841/725/587
f 828/726/588 858/753/613 859/755/615
f 841/725/587 873/756/616 842/727/589
f 829/728/590 859/755/615 860/757/617
f 842/727/589 874/758/618 843/729/591
f 830/730/592 860/757/617 861/759/619
f 843/729/591 875/760/620 844/731/593
f 831/732/594 861/759/619 862/761/621
f 844/731/593 876/762/622 845/733/595
f 832/734/596 862/761/621 863/763/623
f 845/764/595 877/765/624 846/736/597
f 833/737/598 863/763/623 864/766/625
f 846/736/597 878/767/626 847/738/599
f 834/739/600 864/766/625 865/768/627
f 847/738/599 879/769/628 848/740/601
f 835/709/572 865/768/627 866/770/629
f 848/740/601 880/771/630 849/708/571
f 836/710/573 866/770/629 867/772/631
f 823/711/574 1381/191/103 854/741/602
f 849/708/571 881/773/632 850/712/575
f 837/713/576 867/772/631 868/744/605
f 857/750/610 887/774/633 888/775/634
f 883/747/608 915/776/635 884/751/611
f 870/748/609 902/777/636 871/752/612
f 858/753/613 888/775/634 889/778/637
f 1568/153/66 884/751/611 915/776/635
f 871/752/612 903/779/638 872/754/614
f 859/755/615 889/778/637 890/780/639
f 872/754/614 904/781/640 873/756/616
f 860/757/617 890/780/639 891/782/641
f 873/756/616 905/783/642 874/758/618
f 861/759/619 891/782/641 892/784/643
f 874/758/618 906/785/644 875/760/620
f 862/761/621 892/784/643 893/786/645
f 875/760/620 907/787/646 876/762/622
f 863/763/623 893/786/645 894/788/647
f 876/789/622 908/790/648 877/765/624
f 864/766/625 894/788/647 895/791/649
f 877/765/624 909/792/650 878/767/626
f 865/768/627 895/791/649 896/793/651
f 878/767/626 910/794/652 879/769/628
f 866/770/629 896/793/651 897/795/653
f 879/769/628 911/796/654 880/771/630
f 867/772/631 897/795/653 898/797/655
f 854/741/602 1381/191/103 885/798/656
f 880/771/630 912/799/657 881/773/632
f 868/744/605 898/797/655 899/800/658
f 855/742/603 885/798/656 886/801/659
f 881/773/632 913/802/660 882/743/604
f 869/745/606 899/800/658 900/803/661
f 856/746/607 886/801/659 887/804/633
f 882/743/604 914/805/662 883/747/608
f 870/748/609 900/803/661 901/806/663
f 890/780/639 920/807/664 921/808/665
f 903/779/638 935/809/666 904/781/640
f 891/782/641 921/808/665 922/810/667
f 904/781/640 936/811/668 905/783/642
f 892/784/643 922/810/667 923/812/669
f 905/783/642 937/813/670 906/785/644
f 893/786/645 923/812/669 924/814/671
f 906/785/644 938/815/672 907/787/646
f 894/788/647 924/814/671 925/816/673
f 907/817/646 939/818/674 908/790/648
f 895/791/649 925/816/673 926/819/675
f 908/790/648 940/820/676 909/792/650
f 896/793/651 926/819/675 927/821/677
f 909/792/650 941/822/678 910/794/652
f 897/795/653 927/821/677 928/823/679
f 910/794/652 942/824/680 911/796/654
f 898/797/655 928/823/679 929/825/681
f 885/798/656 1381/191/103 916/826/682
f 911/796/654 943/827/683 912/799/657
f 899/800/658 929/825/681 930/828/684
f 886/801/659 916/826/682 917/829/685
f 912/799/657 944/830/686 913/802/660
f 900/803/661 930/828/684 931/831/687
f 887/804/633 917/829/685 918/832/688
f 913/802/660 945/833/689 914/805/662
f 901/806/663 931/831/687 932/834/690
f 888/775/634 918/835/688 919/836/691
f 914/805/662 946/837/692 915/776/635
f 901/806/663 933/838/693 902/777/636
f 889/778/637 919/836/691 920/807/664
f 1568/153/66 915/776/635 946/837/692
f 902/777/636 934/839/694 903/779/638
f 923/812/669 953/840/695 954/841/696
f 936/811/668 968/842/697 937/813/670
f 924/814/671 954/841/696 955/843/698
f 937/813/670 969/844/699 938/815/672
f 925/816/673 955/843/698 956/845/700
f 938/846/672 970/847/701 939/818/674
f 926/819/675 956/845/700 957/848/702
f 939/818/674 971/849/703 940/820/676
f 927/821/677 957/848/702 958/850/704
f 940/820/676 972/851/705 941/822/678
f 928/823/679 958/850/704 959/852/706
f 941/822/678 973/853/707 942/824/680
f 929/825/681 959/852/706 960/854/708
f 916/826/682 1381/191/103 947/855/709
f 942/824/680 974/856/710 943/827/683
f 930/828/684 960/854/708 961/857/711
f 917/829/685 947/855/709 948/858/712
f 943/827/683 975/859/713 944/830/686
f 931/831/687 961/857/711 962/860/714
f 918/832/688 948/858/712 949/861/715
f 944/830/686 976/862/716 945/833/689
f 932/834/690 962/860/714 963/863/717
f 919/836/691 949/864/715 950/865/718
f 945/833/689 977/866/719 946/837/692
f 933/838/693 963/863/717 964/867/720
f 920/807/664 950/865/718 951/868/721
f 1568/153/66 946/837/692 977/866/719
f 933/838/693 965/869/722 934/839/694
f 921/808/665 951/868/721 952/870/723
f 934/839/694 966/871/724 935/809/666
f 922/810/667 952/870/723 953/840/695
f 935/809/666 967/872/725 936/811/668
f 956/845/700 986/873/726 987/874/727
f 969/875/699 1001/876/728 970/847/701
f 957/848/702 987/874/727 988/877/729
f 970/847/701 1002/878/730 971/849/703
f 958/850/704 988/877/729 989/879/731
f 971/849/703 1003/880/732 972/851/705
f 959/852/706 989/879/731 990/881/733
f 972/851/705 1004/882/734 973/853/707
f 960/854/708 990/881/733 991/883/735
f 947/855/709 1381/191/103 978/884/736
f 973/853/707 1005/885/737 974/856/710
f 961/857/711 991/883/735 992/886/738
f 948/858/712 978/884/736 979/887/739
f 974/856/710 1006/888/740 975/859/713
f 962/860/714 992/886/738 993/889/741
f 949/861/715 979/887/739 980/890/742
f 975/859/713 1007/891/743 976/862/716
f 963/863/717 993/889/741 994/892/744
f 950/865/718 980/893/742 981/894/745
f 976/862/716 1008/895/746 977/866/719
f 964/867/720 994/892/744 995/896/747
f 951/868/721 981/894/745 982/897/748
f 1568/153/66 977/866/719 1008/895/746
f 964/867/720 996/898/749 965/869/722
f 952/870/723 982/897/748 983/899/750
f 965/869/722 997/900/751 966/871/724
f 953/840/695 983/899/750 984/901/752
f 966/871/724 998/902/753 967/872/725
f 954/841/696 984/901/752 985/903/754
f 967/872/725 999/904/755 968/842/697
f 955/843/698 985/903/754 986/873/726
f 968/842/697 1000/905/756 969/844/699
f 989/879/731 1019/906/757 1020/907/758
f 1002/878/730 1034/908/759 1003/880/732
f 990/881/733 1020/907/758 1021/909/760
f 1003/880/732 1035/910/761 1004/882/734
f 991/883/735 1021/909/760 1022/911/762
f 978/884/736 1381/191/103 1009/912/763
f 1004/882/734 1036/913/764 1005/885/737
f 992/886/738 1022/911/762 1023/914/765
f 979/887/739 1009/912/763 1010/915/766
f 1005/885/737 1037/916/767 1006/888/740
f 992/886/738 1024/917/768 993/889/741
f 980/890/742 1010/915/766 1011/918/769
f 1006/888/740 1038/919/770 1007/891/743
f 994/892/744 1024/917/768 1025/920/771
f 981/894/745 1011/921/769 1012/922/772
f 1007/891/743 1039/923/773 1008/895/746
f 995/896/747 1025/920/771 1026/924/774
f 982/897/748 1012/922/772 1013/925/775
f 1568/153/66 1008/895/746 1039/923/773
f 996/898/749 1026/924/774 1027/926/776
f 983/899/750 1013/925/775 1014/927/777
f 996/898/749 1028/928/778 997/900/751
f 984/901/752 1014/927/777 1015/929/779
f 997/900/751 1029/930/780 998/902/753
f 985/903/754 1015/929/779 1016/931/781
f 998/902/753 1030/932/782 999/904/755
f 986/873/726 1016/931/781 1017/933/783
f 999/904/755 1031/934/784 1000/905/756
f 987/874/727 1017/933/783 1018/935/785
f 1000/936/756 1032/937/786 1001/876/728
f 988/877/729 1018/935/785 1019/906/757
f 1001/876/728 1033/938/787 1002/878/730
f 1022/911/762 1052/939/788 1053/940/789
f 1009/912/763 1381/191/103 1040/941/790
f 1035/910/761 1067/942/791 1036/913/764
f 1023/914/765 1053/940/789 1054/943/792
f 1010/915/766 1040/941/790 1041/944/793
f 1036/913/764 1068/945/794 1037/916/767
f 1023/914/765 1055/946/795 1024/917/768
f 1011/918/769 1041/944/793 1042/947/796
f 1037/916/767 1069/948/797 1038/919/770
f 1024/917/768 1056/949/798 1025/920/771
f 1012/922/772 1042/950/796 1043/951/799
f 1038/919/770 1070/952/800 1039/923/773
f 1025/920/771 1057/953/801 1026/924/774
f 1013/925/775 1043/951/799 1044/954/802
f 1568/153/66 1039/923/773 1070/952/800
f 1026/924/774 1058/955/803 1027/926/776
f 1014/927/777 1044/954/802 1045/956/804
f 1027/926/776 1059/957/805 1028/928/778
f 1015/929/779 1045/956/804 1046/958/806
f 1028/928/778 1060/959/807 1029/930/780
f 1016/931/781 1046/958/806 1047/960/808
f 1029/930/780 1061/961/809 1030/932/782
f 1017/933/783 1047/960/808 1048/962/810
f 1030/932/782 1062/963/811 1031/934/784
f 1018/935/785 1048/962/810 1049/964/812
f 1031/965/784 1063/966/813 1032/937/786
f 1019/906/757 1049/964/812 1050/967/814
f 1032/937/786 1064/968/815 1033/938/787
f 1020/907/758 1050/967/814 1051/969/816
f 1033/938/787 1065/970/817 1034/908/759
f 1021/909/760 1051/969/816 1052/939/788
f 1034/908/759 1066/971/818 1035/910/761
f 1054/943/792 1086/972/819 1055/946/795
f 1042/947/796 1072/973/820 1073/974/821
f 1068/945/794 1100/975/822 1069/948/797
f 1055/946/795 1087/976/823 1056/949/798
f 1043/951/799 1073/977/821 1074/978/824
f 1069/948/797 1101/979/825 1070/952/800
f 1056/949/798 1088/980/826 1057/953/801
f 1044/954/802 1074/978/824 1075/981/827
f 1568/153/66 1070/952/800 1101/979/825
f 1057/953/801 1089/982/828 1058/955/803
f 1045/956/804 1075/981/827 1076/983/829
f 1058/955/803 1090/984/830 1059/957/805
f 1046/958/806 1076/983/829 1077/985/831
f 1059/957/805 1091/986/832 1060/959/807
f 1047/960/808 1077/985/831 1078/987/833
f 1060/959/807 1092/988/834 1061/961/809
f 1048/962/810 1078/987/833 1079/989/835
f 1061/961/809 1093/990/836 1062/963/811
f 1049/964/812 1079/989/835 1080/991/837
f 1062/992/811 1094/993/838 1063/966/813
f 1050/967/814 1080/991/837 1081/994/839
f 1063/966/813 1095/995/840 1064/968/815
f 1051/969/816 1081/994/839 1082/996/841
f 1064/968/815 1096/997/842 1065/970/817
f 1052/939/788 1082/996/841 1083/998/843
f 1065/970/817 1097/999/844 1066/971/818
f 1053/940/789 1083/998/843 1084/1000/845
f 1040/941/790 1381/191/103 1071/1001/846
f 1066/971/818 1098/1002/847 1067/942/791
f 1053/940/789 1085/1003/848 1054/943/792
f 1041/944/793 1071/1001/846 1072/973/820
f 1067/942/791 1099/1004/849 1068/945/794
f 1087/976/823 1119/1005/850 1088/980/826
f 1075/981/827 1105/1006/851 1106/1007/852
f 1568/153/66 1101/979/825 1132/1008/853
f 1088/980/826 1120/1009/854 1089/982/828
f 1076/983/829 1106/1007/852 1107/1010/855
f 1089/982/828 1121/1011/856 1090/984/830
f 1077/985/831 1107/1010/855 1108/1012/857
f 1090/984/830 1122/1013/858 1091/986/832
f 1078/987/833 1108/1012/857 1109/1014/859
f 1091/986/832 1123/1015/860 1092/988/834
f 1079/989/835 1109/1014/859 1110/1016/861
f 1092/988/834 1124/1017/862 1093/990/836
f 1080/991/837 1110/1016/861 1111/1018/863
f 1093/1019/836 1125/1020/864 1094/993/838
f 1081/994/839 1111/1018/863 1112/1021/865
f 1094/993/838 1126/1022/866 1095/995/840
f 1082/996/841 1112/1021/865 1113/1023/867
f 1095/995/840 1127/1024/868 1096/997/842
f 1083/998/843 1113/1023/867 1114/1025/869
f 1096/997/842 1128/1026/870 1097/999/844
f 1084/1000/845 1114/1025/869 1115/1027/871
f 1071/1001/846 1381/191/103 1102/1028/872
f 1097/999/844 1129/1029/873 1098/1002/847
f 1084/1000/845 1116/1030/874 1085/1003/848
f 1072/973/820 1102/1028/872 1103/1031/875
f 1098/1002/847 1130/1032/876 1099/1004/849
f 1085/1003/848 1117/1033/877 1086/972/819
f 1073/974/821 1103/1031/875 1104/1034/878
f 1099/1004/849 1131/1035/879 1100/975/822
f 1086/972/819 1118/1036/880 1087/976/823
f 1074/978/824 1104/1037/878 1105/1006/851
f 1100/975/822 1132/1008/853 1101/979/825
f 1120/1009/854 1152/1038/881 1121/1011/856
f 1108/1012/857 1138/1039/882 1139/1040/883
f 1121/1011/856 1153/1041/884 1122/1013/858
f 1109/1014/859 1139/1040/883 1140/1042/885
f 1122/1013/858 1154/1043/886 1123/1015/860
f 1110/1016/861 1140/1042/885 1141/1044/887
f 1123/1015/860 1155/1045/888 1124/1017/862
f 1111/1018/863 1141/1044/887 1142/1046/889
f 1124/1047/862 1156/1048/890 1125/1020/864
f 1112/1021/865 1142/1046/889 1143/1049/891
f 1125/1020/864 1157/1050/892 1126/1022/866
f 1113/1023/867 1143/1049/891 1144/1051/893
f 1126/1022/866 1158/1052/894 1127/1024/868
f 1114/1025/869 1144/1051/893 1145/1053/895
f 1127/1024/868 1159/1054/896 1128/1026/870
f 1115/1027/871 1145/1053/895 1146/1055/897
f 1102/1028/872 1381/191/103 1133/1056/898
f 1128/1026/870 1160/1057/899 1129/1029/873
f 1115/1027/871 1147/1058/900 1116/1030/874
f 1103/1031/875 1133/1056/898 1134/1059/901
f 1129/1029/873 1161/1060/902 1130/1032/876
f 1116/1030/874 1148/1061/903 1117/1033/877
f 1104/1034/878 1134/1059/901 1135/1062/904
f 1130/1032/876 1162/1063/905 1131/1035/879
f 1117/1033/877 1149/1064/906 1118/1036/880
f 1105/1065/851 1135/1062/904 1136/1066/907
f 1131/1035/879 1163/1067/908 1132/1008/853
f 1118/1036/880 1150/1068/909 1119/1005/850
f 1106/1007/852 1136/1069/907 1137/1070/910
f 1568/153/66 1132/1008/853 1163/1067/908
f 1119/1005/850 1151/1071/911 1120/1009/854
f 1107/1010/855 1137/1070/910 1138/1039/882
f 1142/1046/889 1172/1072/912 1173/1073/913
f 1155/1074/888 1187/1075/914 1156/1048/890
f 1143/1049/891 1173/1073/913 1174/1076/915
f 1156/1048/890 1188/1077/916 1157/1050/892
f 1144/1051/893 1174/1076/915 1175/1078/917
f 1157/1050/892 1189/1079/918 1158/1052/894
f 1145/1053/895 1175/1078/917 1176/1080/919
f 1158/1052/894 1190/1081/920 1159/1054/896
f 1146/1055/897 1176/1080/919 1177/1082/921
f 1133/1056/898 1381/191/103 1164/1083/922
f 1159/1054/896 1191/1084/923 1160/1057/899
f 1146/1055/897 1178/1085/924 1147/1058/900
f 1134/1059/901 1164/1083/922 1165/1086/925
f 1160/1057/899 1192/1087/926 1161/1060/902
f 1147/1058/900 1179/1088/927 1148/1061/903
f 1135/1062/904 1165/1086/925 1166/1089/928
f 1161/1060/902 1193/1090/929 1162/1063/905
f 1148/1061/903 1180/1091/930 1149/1064/906
f 1136/1066/907 1166/1089/928 1167/1092/931
f 1162/1063/905 1194/1093/932 1163/1067/908
f 1149/1064/906 1181/1094/933 1150/1068/909
f 1137/1070/910 1167/1095/931 1168/1096/934
f 1568/153/66 1163/1067/908 1194/1093/932
f 1150/1068/909 1182/1097/935 1151/1071/911
f 1138/1039/882 1168/1096/934 1169/1098/936
f 1151/1071/911 1183/1099/937 1152/1038/881
f 1139/1040/883 1169/1098/936 1170/1100/938
f 1152/1101/881 1184/1102/939 1153/1103/884
f 1140/1042/885 1170/1100/938 1171/1104/940
f 1153/1103/884 1185/1105/941 1154/1106/886
f 1141/1044/887 1171/1104/940 1172/1072/912
f 1154/1106/886 1186/1107/942 1155/1108/888
f 1175/1109/917 1205/1110/943 1206/1111/944
f 1189/1079/918 1219/1112/945 1220/1113/946
f 1176/1114/919 1206/1111/944 1207/1115/947
f 1189/1079/918 1221/1116/948 1190/1081/920
f 1177/1117/921 1207/1115/947 1208/1118/949
f 1164/1083/922 1381/191/103 1195/1119/950
f 1190/1081/920 1222/1120/951 1191/1084/923
f 1177/1117/921 1209/1121/952 1178/1122/924
f 1165/1086/925 1195/1119/950 1196/1123/953
f 1191/1084/923 1223/1124/954 1192/1087/926
f 1178/1122/924 1210/1125/955 1179/1126/927
f 1166/1089/928 1196/1123/953 1197/1127/956
f 1192/1087/926 1224/1128/957 1193/1090/929
f 1179/1126/927 1211/1129/958 1180/1130/930
f 1167/1092/931 1197/1127/956 1198/1131/959
f 1193/1090/929 1225/1132/960 1194/1093/932
f 1180/1130/930 1212/1133/961 1181/1134/933
f 1168/1096/934 1198/1135/959 1199/1136/962
f 1568/153/66 1194/1093/932 1225/1132/960
f 1181/1134/933 1213/1137/963 1182/1138/935
f 1169/1098/936 1199/1136/962 1200/1139/964
f 1182/1138/935 1214/1140/965 1183/1141/937
f 1170/1100/938 1200/1139/964 1201/1142/966
f 1183/1141/937 1215/1143/967 1184/1102/939
f 1171/1104/940 1201/1142/966 1202/1144/968
f 1184/1102/939 1216/1145/969 1185/1105/941
f 1172/1072/912 1202/1144/968 1203/1146/970
f 1185/1105/941 1217/1147/971 1186/1107/942
f 1173/1148/913 1203/1149/970 1204/1150/972
f 1187/1075/914 1217/1151/971 1218/1152/973
f 1174/1153/915 1204/1150/972 1205/1110/943
f 1188/1077/916 1218/1152/973 1219/1112/945
f 1207/1115/947 1239/1154/974 1208/1118/949
f 1195/1119/950 1381/191/103 1226/1155/975
f 1222/1120/951 1252/1156/976 1253/1157/977
f 1208/1118/949 1240/1158/978 1209/1121/952
f 1196/1123/953 1226/1155/975 1227/1159/979
f 1223/1124/954 1253/1157/977 1254/1160/980
f 1209/1121/952 1241/1161/981 1210/1125/955
f 1197/1127/956 1227/1159/979 1228/1162/982
f 1224/1128/957 1254/1160/980 1255/1163/983
f 1210/1125/955 1242/1164/984 1211/1129/958
f 1198/1131/959 1228/1162/982 1229/1165/985
f 1225/1132/960 1255/1163/983 1256/1166/986
f 1211/1129/958 1243/1167/987 1212/1133/961
f 1199/1168/962 1229/1165/985 1230/1169/988
f 1568/153/66 1225/1132/960 1256/1166/986
f 1212/1133/961 1244/1170/989 1213/1137/963
f 1200/1171/964 1230/1172/988 1231/1173/990
f 1213/1137/963 1245/1174/991 1214/1140/965
f 1201/1175/966 1231/1173/990 1232/1176/992
f 1214/1140/965 1246/1177/993 1215/1143/967
f 1202/1178/968 1232/1176/992 1233/1179/994
f 1215/1143/967 1247/1180/995 1216/1145/969
f 1203/1149/970 1233/1179/994 1234/1181/996
f 1217/1147/971 1247/1180/995 1248/1182/997
f 1204/1150/972 1234/1181/996 1235/1183/998
f 1218/1152/973 1248/1184/997 1249/1185/999
f 1205/1110/943 1235/1183/998 1236/1186/1000
f 1219/1112/945 1249/1185/999 1250/1187/1001
f 1206/1111/944 1236/1186/1000 1237/1188/1002
f 1220/1113/946 1250/1187/1001 1251/1189/1003
f 1207/1115/947 1237/1188/1002 1238/1190/1004
f 1221/1116/948 1251/1189/1003 1252/1156/976
f 1240/1158/978 1272/1191/1005 1241/1161/981
f 1227/1159/979 1259/1192/1006 1228/1162/982
f 1255/1163/983 1285/1193/1007 1286/1194/1008
f 1241/1161/981 1273/1195/1009 1242/1164/984
f 1228/1162/982 1260/1196/1010 1229/1165/985
f 1256/1166/986 1286/1194/1008 1287/1197/1011
f 1242/1164/984 1274/1198/1012 1243/1167/987
f 1230/1169/988 1260/1196/1010 1261/1199/1013
f 1568/153/66 1256/1166/986 1287/1197/1011
f 1243/1167/987 1275/1200/1014 1244/1170/989
f 1231/1173/990 1261/1201/1013 1262/1202/1015
f 1244/1170/989 1276/1203/1016 1245/1174/991
f 1232/1176/992 1262/1202/1015 1263/1204/1017
f 1245/1174/991 1277/1205/1018 1246/1177/993
f 1233/1179/994 1263/1204/1017 1264/1206/1019
f 1246/1177/993 1278/1207/1020 1247/1180/995
f 1234/1181/996 1264/1206/1019 1265/1208/1021
f 1248/1182/997 1278/1207/1020 1279/1209/1022
f 1235/1183/998 1265/1208/1021 1266/1210/1023
f 1249/1211/999 1279/1209/1022 1280/1212/1024
f 1236/1186/1000 1266/1210/1023 1267/1213/1025
f 1250/1187/1001 1280/1214/1024 1281/1215/1026
f 1237/1188/1002 1267/1213/1025 1268/1216/1027
f 1251/1189/1003 1281/1215/1026 1282/1217/1028
f 1238/1190/1004 1268/1216/1027 1269/1218/1029
f 1252/1156/976 1282/1217/1028 1283/1219/1030
f 1238/1190/1004 1270/1220/1031 1239/1154/974
f 1226/1155/975 1381/191/103 1257/1221/1032
f 1253/1157/977 1283/1219/1030 1284/1222/1033
f 1239/1154/974 1271/1223/1034 1240/1158/978
f 1226/1155/975 1258/1224/1035 1227/1159/979
f 1254/1160/980 1284/1222/1033 1285/1193/1007
f 1273/1195/1009 1305/1225/1036 1274/1198/1012
f 1260/1196/1010 1292/1226/1037 1261/1199/1013
f 1568/153/66 1287/1197/1011 1318/1227/1038
f 1274/1198/1012 1306/1228/1039 1275/1200/1014
f 1261/1201/1013 1293/1229/1040 1262/1202/1015
f 1275/1200/1014 1307/1230/1041 1276/1203/1016
f 1262/1202/1015 1294/1231/1042 1263/1204/1017
f 1276/1203/1016 1308/1232/1043 1277/1205/1018
f 1263/1204/1017 1295/1233/1044 1264/1206/1019
f 1278/1207/1020 1308/1232/1043 1309/1234/1045
f 1264/1206/1019 1296/1235/1046 1265/1208/1021
f 1279/1209/1022 1309/1234/1045 1310/1236/1047
f 1265/1208/1021 1297/1237/1048 1266/1210/1023
f 1280/1212/1024 1310/1236/1047 1311/1238/1049
f 1266/1210/1023 1298/1239/1050 1267/1213/1025
f 1281/1215/1026 1311/1240/1049 1312/1241/1051
f 1267/1213/1025 1299/1242/1052 1268/1216/1027
f 1282/1217/1028 1312/1241/1051 1313/1243/1053
f 1268/1216/1027 1300/1244/1054 1269/1218/1029
f 1283/1219/1030 1313/1243/1053 1314/1245/1055
f 1269/1218/1029 1301/1246/1056 1270/1220/1031
f 1257/1221/1032 1381/191/103 1288/1247/1057
f 1284/1222/1033 1314/1245/1055 1315/1248/1058
f 1270/1220/1031 1302/1249/1059 1271/1223/1034
f 1257/1221/1032 1289/1250/1060 1258/1224/1035
f 1285/1193/1007 1315/1248/1058 1316/1251/1061
f 1271/1223/1034 1303/1252/1062 1272/1191/1005
f 1258/1224/1035 1290/1253/1063 1259/1192/1006
f 1286/1194/1008 1316/1251/1061 1317/1254/1064
f 1272/1191/1005 1304/1255/1065 1273/1195/1009
f 1259/1192/1006 1291/1256/1066 1260/1196/1010
f 1287/1197/1011 1317/1254/1064 1318/1227/1038
f 1306/1228/1039 1338/1257/1067 1307/1230/1041
f 1293/1229/1040 1325/1258/1068 1294/1231/1042
f 1307/1230/1041 1339/1259/1069 1308/1232/1043
f 1294/1231/1042 1326/1260/1070 1295/1233/1044
f 1309/1234/1045 1339/1259/1069 1340/1261/1071
f 1295/1233/1044 1327/1262/1072 1296/1235/1046
f 1310/1236/1047 1340/1261/1071 1341/1263/1073
f 1296/1235/1046 1328/1264/1074 1297/1237/1048
f 1311/1238/1049 1341/1263/1073 1342/1265/1075
f 1297/1237/1048 1329/1266/1076 1298/1239/1050
f 1312/1241/1051 1342/1267/1075 1343/1268/1077
f 1298/1239/1050 1330/1269/1078 1299/1242/1052
f 1313/1243/1053 1343/1268/1077 1344/1270/1079
f 1299/1242/1052 1331/1271/1080 1300/1244/1054
f 1314/1245/1055 1344/1270/1079 1345/1272/1081
f 1300/1244/1054 1332/1273/1082 1301/1246/1056
f 1288/1247/1057 1381/191/103 1319/1274/1083
f 1315/1248/1058 1345/1272/1081 1346/1275/1084
f 1301/1246/1056 1333/1276/1085 1302/1249/1059
f 1288/1247/1057 1320/1277/1086 1289/1250/1060
f 1316/1251/1061 1346/1275/1084 1347/1278/1087
f 1302/1249/1059 1334/1279/1088 1303/1252/1062
f 1289/1250/1060 1321/1280/1089 1290/1253/1063
f 1317/1254/1064 1347/1278/1087 1348/1281/1090
f 1303/1252/1062 1335/1282/1091 1304/1255/1065
f 1290/1253/1063 1322/1283/1092 1291/1256/1066
f 1318/1227/1038 1348/1281/1090 1349/1284/1093
f 1304/1255/1065 1336/1285/1094 1305/1225/1036
f 1291/1256/1066 1323/1286/1095 1292/1226/1037
f 1568/153/66 1318/1227/1038 1349/1284/1093
f 1305/1225/1036 1337/1287/1096 1306/1228/1039
f 1292/1288/1037 1324/1289/1097 1293/1229/1040
f 1340/1261/1071 1370/1290/1098 1371/1291/1099
f 1326/1260/1070 1358/1292/1100 1327/1262/1072
f 1341/1263/1073 1371/1291/1099 1372/1293/1101
f 1327/1262/1072 1359/1294/1102 1328/1264/1074
f 1342/1265/1075 1372/1293/1101 1373/1295/1103
f 1328/1264/1074 1360/1296/1104 1329/1266/1076
f 1343/1268/1077 1373/1297/1103 1374/1298/1105
f 1329/1266/1076 1361/1299/1106 1330/1269/1078
f 1344/1270/1079 1374/1298/1105 1375/1300/1107
f 1330/1269/1078 1362/1301/1108 1331/1271/1080
f 1345/1272/1081 1375/1300/1107 1376/1302/1109
f 1331/1271/1080 1363/1303/1110 1332/1273/1082
f 1319/1274/1083 1381/191/103 1350/1304/1111
f 1346/1275/1084 1376/1302/1109 1377/1305/1112
f 1332/1273/1082 1364/1306/1113 1333/1276/1085
f 1319/1274/1083 1351/1307/1114 1320/1277/1086
f 1347/1278/1087 1377/1305/1112 1378/1308/1115
f 1333/1276/1085 1365/1309/1116 1334/1279/1088
f 1320/1277/1086 1352/1310/1117 1321/1280/1089
f 1348/1281/1090 1378/1308/1115 1379/1311/1118
f 1334/1279/1088 1366/1312/1119 1335/1282/1091
f 1321/1280/1089 1353/1313/1120 1322/1283/1092
f 1349/1284/1093 1379/1311/1118 1380/1314/1121
f 1335/1282/1091 1367/1315/1122 1336/1285/1094
f 1322/1283/1092 1354/1316/1123 1323/1286/1095
f 1568/153/66 1349/1284/1093 1380/1314/1121
f 1336/1285/1094 1368/1317/1124 1337/1287/1096
f 1323/1318/1095 1355/1319/1125 1324/1289/1097
f 1337/1287/1096 1369/1320/1126 1338/1257/1067
f 1324/1289/1097 1356/1321/1127 1325/1258/1068
f 1338/1257/1067 1370/1290/1098 1339/1259/1069
f 1325/1258/1068 1357/1322/1128 1326/1260/1070
f 1373/1295/1103 1404/1323/1129 1405/1324/1130
f 1359/1294/1102 1392/1325/1131 1360/1296/1104
f 1374/1298/1105 1405/1326/1130 1406/1327/1132
f 1360/1296/1104 1393/1328/1133 1361/1299/1106
f 1375/1300/1107 1406/1327/1132 1407/1329/1134
f 1361/1299/1106 1394/1330/1135 1362/1301/1108
f 1376/1302/1109 1407/1329/1134 1408/1331/1136
f 1362/1301/1108 1395/1332/1137 1363/1303/1110
f 1350/1304/1111 1381/191/103 1382/1333/1138
f 1377/1305/1112 1408/1331/1136 1409/1334/1139
f 1364/1306/1113 1395/1332/1137 1396/1335/1140
f 1350/1304/1111 1383/1336/1141 1351/1307/1114
f 1378/1308/1115 1409/1334/1139 1410/1337/1142
f 1365/1309/1116 1396/1335/1140 1397/1338/1143
f 1351/1307/1114 1384/1339/1144 1352/1310/1117
f 1379/1311/1118 1410/1337/1142 1411/1340/1145
f 1366/1312/1119 1397/1338/1143 1398/1341/1146
f 1352/1310/1117 1385/1342/1147 1353/1313/1120
f 1380/1314/1121 1411/1340/1145 1412/1343/1148
f 1367/1315/1122 1398/1341/1146 1399/1344/1149
f 1353/1313/1120 1386/1345/1150 1354/1316/1123
f 1568/153/66 1380/1314/1121 1412/1343/1148
f 1368/1317/1124 1399/1344/1149 1400/1346/1151
f 1354/1347/1123 1387/1348/1152 1355/1319/1125
f 1369/1320/1126 1400/1346/1151 1401/1349/1153
f 1355/1319/1125 1388/1350/1154 1356/1321/1127
f 1370/1290/1098 1401/1349/1153 1402/1351/1155
f 1356/1321/1127 1389/1352/1156 1357/1322/1128
f 1371/1291/1099 1402/1351/1155 1403/1353/1157
f 1357/1322/1128 1390/1354/1158 1358/1292/1100
f 1372/1293/1101 1403/1353/1157 1404/1323/1129
f 1358/1292/1100 1391/1355/1159 1359/1294/1102
f 1406/1327/1132 1438/1356/1160 1407/1329/1134
f 1393/1328/1133 1425/1357/1161 1394/1330/1135
f 1408/1331/1136 1438/1356/1160 1439/1358/1162
f 1394/1330/1135 1426/1359/1163 1395/1332/1137
f 1382/1333/1138 1381/191/103 1413/1360/1164
f 1409/1334/1139 1439/1358/1162 1440/1361/1165
f 1396/1335/1140 1426/1359/1163 1427/1362/1166
f 1382/1333/1138 1414/1363/1167 1383/1336/1141
f 1410/1337/1142 1440/1361/1165 1441/1364/1168
f 1397/1338/1143 1427/1362/1166 1428/1365/1169
f 1383/1336/1141 1415/1366/1170 1384/1339/1144
f 1411/1340/1145 1441/1364/1168 1442/1367/1171
f 1398/1341/1146 1428/1365/1169 1429/1368/1172
f 1384/1339/1144 1416/1369/1173 1385/1342/1147
f 1412/1343/1148 1442/1367/1171 1443/1370/1174
f 1399/1344/1149 1429/1368/1172 1430/1371/1175
f 1385/1342/1147 1417/1372/1176 1386/1345/1150
f 1568/153/66 1412/1343/1148 1443/1370/1174
f 1400/1346/1151 1430/1371/1175 1431/1373/1177
f 1386/1374/1150 1418/1375/1178 1387/1348/1152
f 1401/1349/1153 1431/1373/1177 1432/1376/1179
f 1387/1348/1152 1419/1377/1180 1388/1350/1154
f 1402/1351/1155 1432/1376/1179 1433/1378/1181
f 1388/1350/1154 1420/1379/1182 1389/1352/1156
f 1403/1353/1157 1433/1378/1181 1434/1380/1183
f 1389/1352/1156 1421/1381/1184 1390/1354/1158
f 1404/1323/1129 1434/1380/1183 1435/1382/1185
f 1390/1354/1158 1422/1383/1186 1391/1355/1159
f 1404/1323/1129 1436/1384/1187 1405/1324/1130
f 1391/1355/1159 1423/1385/1188 1392/1325/1131
f 1405/1326/1130 1437/1386/1189 1406/1327/1132
f 1392/1325/1131 1424/1387/1190 1393/1328/1133
f 1413/1360/1164 1381/191/103 1444/1388/1191
f 1440/1361/1165 1470/1389/1192 1471/1390/1193
f 1427/1362/1166 1457/1391/1194 1458/1392/1195
f 1413/1360/1164 1445/1393/1196 1414/1363/1167
f 1441/1364/1168 1471/1390/1193 1472/1394/1197
f 1428/1365/1169 1458/1392/1195 1459/1395/1198
f 1414/1363/1167 1446/1396/1199 1415/1366/1170
f 1442/1367/1171 1472/1394/1197 1473/1397/1200
f 1429/1368/1172 1459/1395/1198 1460/1398/1201
f 1415/1366/1170 1447/1399/1202 1416/1369/1173
f 1443/1370/1174 1473/1397/1200 1474/1400/1203
f 1430/1371/1175 1460/1398/1201 1461/1401/1204
f 1416/1369/1173 1448/1402/1205 1417/1372/1176
f 1568/153/66 1443/1370/1174 1474/1400/1203
f 1431/1373/1177 1461/1401/1204 1462/1403/1206
f 1417/1404/1176 1449/1405/1207 1418/1375/1178
f 1432/1376/1179 1462/1403/1206 1463/1406/1208
f 1418/1375/1178 1450/1407/1209 1419/1377/1180
f 1433/1378/1181 1463/1406/1208 1464/1408/1210
f 1419/1377/1180 1451/1409/1211 1420/1379/1182
f 1434/1380/1183 1464/1408/1210 1465/1410/1212
f 1420/1379/1182 1452/1411/1213 1421/1381/1184
f 1435/1382/1185 1465/1410/1212 1466/1412/1214
f 1421/1381/1184 1453/1413/1215 1422/1383/1186
f 1435/1382/1185 1467/1414/1216 1436/1384/1187
f 1422/1383/1186 1454/1415/1217 1423/1385/1188
f 1436/1416/1187 1468/1417/1218 1437/1386/1189
f 1423/1385/1188 1455/1418/1219 1424/1387/1190
f 1437/1386/1189 1469/1419/1220 1438/1356/1160
f 1424/1387/1190 1456/1420/1221 1425/1357/1161
f 1439/1358/1162 1469/1419/1220 1470/1389/1192
f 1425/1357/1161 1457/1391/1194 1426/1359/1163
f 1445/1393/1196 1477/1421/1222 1446/1396/1199
f 1473/1397/1200 1503/1422/1223 1504/1423/1224
f 1460/1398/1201 1490/1424/1225 1491/1425/1226
f 1446/1396/1199 1478/1426/1227 1447/1399/1202
f 1474/1400/1203 1504/1423/1224 1505/1427/1228
f 1461/1401/1204 1491/1425/1226 1492/1428/1229
f 1447/1399/1202 1479/1429/1230 1448/1402/1205
f 1568/153/66 1474/1400/1203 1505/1427/1228
f 1462/1403/1206 1492/1428/1229 1493/1430/1231
f 1448/1431/1205 1480/1432/1232 1449/1405/1207
f 1463/1406/1208 1493/1430/1231 1494/1433/1233
f 1449/1405/1207 1481/1434/1234 1450/1407/1209
f 1464/1408/1210 1494/1433/1233 1495/1435/1235
f 1450/1407/1209 1482/1436/1236 1451/1409/1211
f 1465/1410/1212 1495/1435/1235 1496/1437/1237
f 1451/1409/1211 1483/1438/1238 1452/1411/1213
f 1466/1412/1214 1496/1437/1237 1497/1439/1239
f 1452/1411/1213 1484/1440/1240 1453/1413/1215
f 1467/1414/1216 1497/1439/1239 1498/1441/1241
f 1453/1413/1215 1485/1442/1242 1454/1415/1217
f 1468/1417/1218 1498/1443/1241 1499/1444/1243
f 1454/1415/1217 1486/1445/1244 1455/1418/1219
f 1469/1419/1220 1499/1444/1243 1500/1446/1245
f 1455/1418/1219 1487/1447/1246 1456/1420/1221
f 1470/1389/1192 1500/1446/1245 1501/1448/1247
f 1456/1420/1221 1488/1449/1248 1457/1391/1194
f 1444/1388/1191 1381/191/103 1475/1450/1249
f 1471/1390/1193 1501/1448/1247 1502/1451/1250
f 1458/1392/1195 1488/1449/1248 1489/1452/1251
f 1444/1388/1191 1476/1453/1252 1445/1393/1196
f 1472/1394/1197 1502/1451/1250 1503/1422/1223
f 1459/1395/1198 1489/1452/1251 1490/1424/1225
f 1478/1426/1227 1510/1454/1253 1479/1429/1230
f 1568/153/66 1505/1427/1228 1536/1455/1254
f 1493/1430/1231 1523/1456/1255 1524/1457/1256
f 1479/1458/1230 1511/1459/1257 1480/1432/1232
f 1494/1433/1233 1524/1457/1256 1525/1460/1258
f 1480/1432/1232 1512/1461/1259 1481/1434/1234
f 1495/1435/1235 1525/1460/1258 1526/1462/1260
f 1481/1434/1234 1513/1463/1261 1482/1436/1236
f 1496/1437/1237 1526/1462/1260 1527/1464/1262
f 1482/1436/1236 1514/1465/1263 1483/1438/1238
f 1497/1439/1239 1527/1464/1262 1528/1466/1264
f 1483/1438/1238 1515/1467/1265 1484/1440/1240
f 1498/1441/1241 1528/1466/1264 1529/1468/1266
f 1484/1440/1240 1516/1469/1267 1485/1442/1242
f 1499/1444/1243 1529/1470/1266 1530/1471/1268
f 1485/1442/1242 1517/1472/1269 1486/1445/1244
f 1500/1446/1245 1530/1471/1268 1531/1473/1270
f 1486/1445/1244 1518/1474/1271 1487/1447/1246
f 1501/1448/1247 1531/1473/1270 1532/1475/1272
f 1487/1447/1246 1519/1476/1273 1488/1449/1248
f 1475/1450/1249 1381/191/103 1506/1477/1274
f 1502/1451/1250 1532/1475/1272 1533/1478/1275
f 1489/1452/1251 1519/1476/1273 1520/1479/1276
f 1475/1450/1249 1507/1480/1277 1476/1453/1252
f 1503/1422/1223 1533/1478/1275 1534/1481/1278
f 1490/1424/1225 1520/1479/1276 1521/1482/1279
f 1476/1453/1252 1508/1483/1280 1477/1421/1222
f 1504/1423/1224 1534/1481/1278 1535/1484/1281
f 1491/1425/1226 1521/1482/1279 1522/1485/1282
f 1477/1421/1222 1509/1486/1283 1478/1426/1227
f 1505/1427/1228 1535/1484/1281 1536/1455/1254
f 1492/1428/1229 1522/1485/1282 1523/1456/1255
f 1511/1459/1257 1543/1487/1284 1512/1461/1259
f 1526/1462/1260 1556/1488/1285 1557/1489/1286
f 1512/1461/1259 1544/1490/1287 1513/1463/1261
f 1527/1464/1262 1557/1489/1286 1558/1491/1288
f 1513/1463/1261 1545/1492/1289 1514/1465/1263
f 1528/1466/1264 1558/1491/1288 1559/1493/1290
f 1514/1465/1263 1546/1494/1291 1515/1467/1265
f 1529/1470/1266 1559/1495/1290 1560/1496/1292
f 1515/1467/1265 1547/1497/1293 1516/1469/1267
f 1530/1471/1268 1560/1496/1292 1561/1498/1294
f 1516/1469/1267 1548/1499/1295 1517/1472/1269
f 1531/1473/1270 1561/1498/1294 1562/1500/1296
f 1517/1472/1269 1549/1501/1297 1518/1474/1271
f 1532/1475/1272 1562/1500/1296 1563/1502/1298
f 1518/1474/1271 1550/1503/1299 1519/1476/1273
f 1506/1477/1274 1381/191/103 1537/1504/1300
f 1533/1478/1275 1563/1502/1298 1564/1505/1301
f 1520/1479/1276 1550/1503/1299 1551/1506/1302
f 1506/1477/1274 1538/1507/1303 1507/1480/1277
f 1534/1481/1278 1564/1505/1301 1565/1508/1304
f 1521/1482/1279 1551/1506/1302 1552/1509/1305
f 1507/1480/1277 1539/1510/1306 1508/1483/1280
f 1535/1484/1281 1565/1508/1304 1566/1511/1307
f 1522/1485/1282 1552/1509/1305 1553/1512/1308
f 1508/1483/1280 1540/1513/1309 1509/1486/1283
f 1536/1455/1254 1566/1511/1307 1567/1514/1310
f 1523/1456/1255 1553/1512/1308 1554/1515/1311
f 1509/1486/1283 1541/1516/1312 1510/1454/1253
f 1568/153/66 1536/1455/1254 1567/1514/1310
f 1524/1457/1256 1554/1515/1311 1555/1517/1313
f 1510/1454/1253 1542/1518/1314 1511/1519/1257
f 1525/1460/1258 1555/1517/1313 1556/1488/1285
f 1544/1490/1287 1577/1520/1315 1545/1492/1289
f 1559/1493/1290 1590/1521/1316 1591/1522/1317
f 1545/1492/1289 1578/1523/1318 1546/1494/1291
f 1560/1496/1292 1591/1524/1317 1592/1525/1319
f 1546/1494/1291 1579/1526/1320 1547/1497/1293
f 1561/1498/1294 1592/1525/1319 1593/1527/1321
f 1547/1497/1293 1580/1528/1322 1548/1499/1295
f 1562/1500/1296 1593/1527/1321 1594/1529/1323
f 1548/1499/1295 1581/1530/1324 1549/1501/1297
f 1563/1502/1298 1594/1529/1323 1595/1531/1325
f 1549/1501/1297 1582/1532/1326 1550/1503/1299
f 1537/1504/1300 1381/191/103 1569/1533/1327
f 1564/1505/1301 1595/1531/1325 1596/1534/1328
f 1551/1506/1302 1582/1532/1326 1583/1535/1329
f 1537/1504/1300 1570/1536/1330 1538/1507/1303
f 1565/1508/1304 1596/1534/1328 1597/1537/1331
f 1552/1509/1305 1583/1535/1329 1584/1538/1332
f 1538/1507/1303 1571/1539/1333 1539/1510/1306
f 1566/1511/1307 1597/1537/1331 1598/1540/1334
f 1553/1512/1308 1584/1538/1332 1585/1541/1335
f 1539/1510/1306 1572/1542/1336 1540/1513/1309
f 1567/1514/1310 1598/1540/1334 1599/1543/1337
f 1554/1515/1311 1585/1541/1335 1586/1544/1338
f 1540/1513/1309 1573/1545/1339 1541/1516/1312
f 1568/153/66 1567/1514/1310 1599/1543/1337
f 1555/1517/1313 1586/1544/1338 1587/1546/1340
f 1541/1516/1312 1574/1547/1341 1542/1518/1314
f 1556/1488/1285 1587/1546/1340 1588/1548/1342
f 1542/1549/1314 1575/1550/1343 1543/1487/1284
f 1557/1489/1286 1588/1548/1342 1589/1551/1344
f 1543/1487/1284 1576/1552/1345 1544/1490/1287
f 1558/1491/1288 1589/1551/1344 1590/1521/1316
f 1578/1553/1318 1610/1554/1346 1579/1555/1320
f 1593/1527/1321 1623/1556/1347 1624/1557/1348
f 1579/1555/1320 1611/1558/1349 1580/1559/1322
f 1594/1529/1323 1624/1557/1348 1625/1560/1350
f 1580/1559/1322 1612/1561/1351 1581/1562/1324
f 1595/1531/1325 1625/1560/1350 1626/1563/1352
f 1581/1562/1324 1613/1564/1353 1582/1565/1326
f 1569/1533/1327 1381/191/103 1600/1566/1354
f 1596/1534/1328 1626/1563/1352 1627/1567/1355
f 1583/1568/1329 1613/1564/1353 1614/1569/1356
f 1569/1533/1327 1601/1570/1357 1570/1536/1330
f 1597/1537/1331 1627/1567/1355 1628/1571/1358
f 1584/1572/1332 1614/1569/1356 1615/1573/1359
f 1570/1536/1330 1602/1574/1360 1571/1539/1333
f 1598/1540/1334 1628/1571/1358 1629/1575/1361
f 1585/1576/1335 1615/1573/1359 1616/1577/1362
f 1571/1539/1333 1603/1578/1363 1572/1542/1336
f 1599/1543/1337 1629/1575/1361 1630/1579/1364
f 1586/1580/1338 1616/1577/1362 1617/1581/1365
f 1572/1542/1336 1604/1582/1366 1573/1545/1339
f 1568/153/66 1599/1543/1337 1630/1579/1364
f 1587/1583/1340 1617/1581/1365 1618/1584/1367
f 1573/1545/1339 1605/1585/1368 1574/1547/1341
f 1588/1586/1342 1618/1584/1367 1619/1587/1369
f 1574/1588/1341 1606/1589/1370 1575/1590/1343
f 1589/1591/1344 1619/1587/1369 1620/1592/1371
f 1575/1590/1343 1607/1593/1372 1576/1594/1345
f 1590/1595/1316 1620/1592/1371 1621/1596/1373
f 1576/1594/1345 1608/1597/1374 1577/1598/1315
f 1591/1599/1317 1621/1596/1373 1622/1600/1375
f 1577/1598/1315 1609/1601/1376 1578/1553/1318
f 1592/1525/1319 1622/1602/1375 1623/1556/1347
f 1611/1558/1349 1643/1603/1377 1612/1561/1351
f 1626/1563/1352 1656/1604/1378 1657/1605/1379
f 1612/1561/1351 1644/1606/1380 1613/1564/1353
f 1600/1566/1354 1381/191/103 1631/1607/1381
f 1627/1567/1355 1657/1605/1379 1658/1608/1382
f 1613/1564/1353 1645/1609/1383 1614/1569/1356
f 1600/1566/1354 1632/1610/1384 1601/1570/1357
f 1628/1571/1358 1658/1608/1382 1659/1611/1385
f 1615/1573/1359 1645/1609/1383 1646/1612/1386
f 1601/1570/1357 1633/1613/1387 1602/1574/1360
f 1629/1575/1361 1659/1611/1385 1660/1614/1388
f 1616/1577/1362 1646/1612/1386 1647/1615/1389
f 1602/1574/1360 1634/1616/1390 1603/1578/1363
f 1630/1579/1364 1660/1614/1388 1661/1617/1391
f 1617/1581/1365 1647/1615/1389 1648/1618/1392
f 1603/1578/1363 1635/1619/1393 1604/1582/1366
f 1568/153/66 1630/1579/1364 1661/1617/1391
f 1618/1584/1367 1648/1618/1392 1649/1620/1394
f 1604/1582/1366 1636/1621/1395 1605/1585/1368
f 1619/1587/1369 1649/1620/1394 1650/1622/1396
f 1605/1623/1368 1637/1624/1397 1606/1589/1370
f 1620/1592/1371 1650/1622/1396 1651/1625/1398
f 1606/1589/1370 1638/1626/1399 1607/1593/1372
f 1621/1596/1373 1651/1625/1398 1652/1627/1400
f 1607/1593/1372 1639/1628/1401 1608/1597/1374
f 1622/1600/1375 1652/1627/1400 1653/1629/1402
f 1608/1597/1374 1640/1630/1403 1609/1601/1376
f 1623/1556/1347 1653/1631/1402 1654/1632/1404
f 1609/1601/1376 1641/1633/1405 1610/1554/1346
f 1624/1557/1348 1654/1632/1404 1655/1634/1406
f 1610/1554/1346 1642/1635/1407 1611/1558/1349
f 1625/1560/1350 1655/1634/1406 1656/1604/1378
f 1644/1606/1380 1676/1636/1408 1645/1609/1383
f 1631/1607/1381 1663/1637/1409 1632/1610/1384
f 1659/1611/1385 1689/1638/1410 1690/1639/1411
f 1646/1612/1386 1676/1636/1408 1677/1640/1412
f 1632/1610/1384 1664/1641/1413 1633/1613/1387
f 1660/1614/1388 1690/1639/1411 1691/1642/1414
f 1647/1615/1389 1677/1640/1412 1678/1643/1415
f 1633/1613/1387 1665/1644/1416 1634/1616/1390
f 1661/1617/1391 1691/1642/1414 1692/1645/1417
f 1648/1618/1392 1678/1643/1415 1679/1646/1418
f 1634/1616/1390 1666/1647/1419 1635/1619/1393
f 1568/153/66 1661/1617/1391 1692/1645/1417
f 1649/1620/1394 1679/1646/1418 1680/1648/1420
f 1635/1619/1393 1667/1649/1421 1636/1621/1395
f 1650/1622/1396 1680/1648/1420 1681/1650/1422
f 1636/1651/1395 1668/1652/1423 1637/1624/1397
f 1651/1625/1398 1681/1650/1422 1682/1653/1424
f 1637/1624/1397 1669/1654/1425 1638/1626/1399
f 1652/1627/1400 1682/1653/1424 1683/1655/1426
f 1638/1626/1399 1670/1656/1427 1639/1628/1401
f 1653/1629/1402 1683/1655/1426 1684/1657/1428
f 1639/1628/1401 1671/1658/1429 1640/1630/1403
f 1654/1659/1404 1684/1657/1428 1685/1660/1430
f 1640/1630/1403 1672/1661/1431 1641/1633/1405
f 1655/1634/1406 1685/1662/1430 1686/1663/1432
f 1641/1633/1405 1673/1664/1433 1642/1635/1407
f 1656/1604/1378 1686/1663/1432 1687/1665/1434
f 1642/1635/1407 1674/1666/1435 1643/1603/1377
f 1657/1605/1379 1687/1665/1434 1688/1667/1436
f 1643/1603/1377 1675/1668/1437 1644/1606/1380
f 1631/1607/1381 1381/191/103 1662/1669/1438
f 1658/1608/1382 1688/1667/1436 1689/1638/1410
f 1677/1640/1412 1709/1670/1439 1678/1643/1415
f 1664/1641/1413 1696/1671/1440 1665/1644/1416
f 1692/1645/1417 1722/1672/1441 1723/1673/1442
f 1678/1643/1415 1710/1674/1443 1679/1646/1418
f 1665/1644/1416 1697/1675/1444 1666/1647/1419
f 1568/153/66 1692/1645/1417 1723/1673/1442
f 1679/1646/1418 1711/1676/1445 1680/1648/1420
f 1666/1677/1419 1698/1678/1446 1667/1679/1421
f 1681/1650/1422 1711/1676/1445 1712/1680/1447
f 1667/1679/1421 1699/1681/1448 1668/1652/1423
f 1682/1653/1424 1712/1680/1447 1713/1682/1449
f 1668/1652/1423 1700/1683/1450 1669/1654/1425
f 1683/1655/1426 1713/1682/1449 1714/1684/1451
f 1669/1654/1425 1701/1685/1452 1670/1656/1427
f 1684/1657/1428 1714/1684/1451 1715/1686/1453
f 1670/1656/1427 1702/1687/1454 1671/1658/1429
f 1685/1660/1430 1715/1686/1453 1716/1688/1455
f 1671/1658/1429 1703/1689/1456 1672/1661/1431
f 1686/1663/1432 1716/1690/1455 1717/1691/1457
f 1672/1661/1431 1704/1692/1458 1673/1664/1433
f 1687/1665/1434 1717/1691/1457 1718/1693/1459
f 1673/1664/1433 1705/1694/1460 1674/1666/1435
f 1688/1667/1436 1718/1693/1459 1719/1695/1461
f 1674/1666/1435 1706/1696/1462 1675/1668/1437
f 1662/1669/1438 1381/191/103 1693/1697/1463
f 1689/1638/1410 1719/1695/1461 1720/1698/1464
f 1675/1668/1437 1707/1699/1465 1676/1636/1408
f 1662/1669/1438 1694/1700/1466 1663/1637/1409
f 1690/1639/1411 1720/1698/1464 1721/1701/1467
f 1676/1636/1408 1708/1702/1468 1677/1640/1412
f 1663/1637/1409 1695/1703/1469 1664/1641/1413
f 1691/1642/1414 1721/1701/1467 1722/1672/1441
f 1710/1674/1443 1742/1704/1470 1711/1676/1445
f 1697/1705/1444 1729/1706/1471 1698/1678/1446
f 1712/1680/1447 1742/1704/1470 1743/1707/1472
f 1698/1678/1446 1730/1708/1473 1699/1681/1448
f 1713/1682/1449 1743/1707/1472 1744/1709/1474
f 1699/1681/1448 1731/1710/1475 1700/1683/1450
f 1714/1684/1451 1744/1709/1474 1745/1711/1476
f 1700/1683/1450 1732/1712/1477 1701/1685/1452
f 1715/1686/1453 1745/1711/1476 1746/1713/1478
f 1701/1685/1452 1733/1714/1479 1702/1687/1454
f 1716/1688/1455 1746/1713/1478 1747/1715/1480
f 1702/1687/1454 1734/1716/1481 1703/1689/1456
f 1717/1691/1457 1747/1717/1480 1748/1718/1482
f 1703/1689/1456 1735/1719/1483 1704/1692/1458
f 1718/1693/1459 1748/1718/1482 1749/1720/1484
f 1704/1692/1458 1736/1721/1485 1705/1694/1460
f 1719/1695/1461 1749/1720/1484 1750/1722/1486
f 1705/1694/1460 1737/1723/1487 1706/1696/1462
f 1693/1697/1463 1381/191/103 1724/1724/1488
f 1720/1698/1464 1750/1722/1486 1751/1725/1489
f 1706/1696/1462 1738/1726/1490 1707/1699/1465
f 1693/1697/1463 1725/1727/1491 1694/1700/1466
f 1721/1701/1467 1751/1725/1489 1752/1728/1492
f 1707/1699/1465 1739/1729/1493 1708/1702/1468
f 1694/1700/1466 1726/1730/1494 1695/1703/1469
f 1722/1672/1441 1752/1728/1492 1753/1731/1495
f 1708/1702/1468 1740/1732/1496 1709/1670/1439
f 1695/1703/1469 1727/1733/1497 1696/1671/1440
f 1723/1673/1442 1753/1731/1495 1754/1734/1498
f 1709/1670/1439 1741/1735/1499 1710/1674/1443
f 1696/1671/1440 1728/1736/1500 1697/1675/1444
f 1568/153/66 1723/1673/1442 1754/1734/1498
f 1744/1709/1474 1774/1737/1501 1775/1738/1502
f 1730/1708/1473 1762/1739/1503 1731/1710/1475
f 1745/1711/1476 1775/1738/1502 1776/1740/1504
f 1731/1710/1475 1763/1741/1505 1732/1712/1477
f 1746/1713/1478 1776/1740/1504 1777/1742/1506
f 1732/1712/1477 1764/1743/1507 1733/1714/1479
f 1747/1715/1480 1777/1742/1506 1778/1744/1508
f 1733/1714/1479 1765/1745/1509 1734/1716/1481
f 1748/1718/1482 1778/1746/1508 1779/1747/1510
f 1734/1716/1481 1766/1748/1511 1735/1719/1483
f 1749/1720/1484 1779/1747/1510 1780/1749/1512
f 1735/1719/1483 1767/1750/1513 1736/1721/1485
f 1750/1722/1486 1780/1749/1512 1781/1751/1514
f 1736/1721/1485 1768/1752/1515 1737/1723/1487
f 1724/1724/1488 1381/191/103 1755/1753/1516
f 1751/1725/1489 1781/1751/1514 1782/1754/1517
f 1737/1723/1487 1769/1755/1518 1738/1726/1490
f 1724/1724/1488 1756/1756/1519 1725/1727/1491
f 1752/1728/1492 1782/1754/1517 1783/1757/1520
f 1738/1726/1490 1770/1758/1521 1739/1729/1493
f 1725/1727/1491 1757/1759/1522 1726/1730/1494
f 1753/1731/1495 1783/1757/1520 1784/1760/1523
f 1739/1729/1493 1771/1761/1524 1740/1732/1496
f 1726/1730/1494 1758/1762/1525 1727/1733/1497
f 1754/1734/1498 1784/1760/1523 1785/1763/1526
f 1740/1732/1496 1772/1764/1527 1741/1735/1499
f 1727/1733/1497 1759/1765/1528 1728/1736/1500
f 1568/153/66 1754/1734/1498 1785/1763/1526
f 1742/1704/1470 1772/1764/1527 1773/1766/1529
f 1728/1767/1500 1760/1768/1530 1729/1706/1471
f 1743/1707/1472 1773/1766/1529 1774/1737/1501
f 1729/1706/1471 1761/1769/1531 1730/1708/1473
f 1777/1742/1506 1807/1770/1532 1808/1771/1533
f 1763/1741/1505 1795/1772/1534 1764/1743/1507
f 1778/1744/1508 1808/1771/1533 1809/1773/1535
f 1764/1743/1507 1796/1774/1536 1765/1745/1509
f 1779/1747/1510 1809/1775/1535 1810/1776/1537
f 1765/1745/1509 1797/1777/1538 1766/1748/1511
f 1780/1749/1512 1810/1776/1537 1811/1778/1539
f 1766/1748/1511 1798/1779/1540 1767/1750/1513
f 1781/1751/1514 1811/1778/1539 1812/1780/1541
f 1767/1750/1513 1799/1781/1542 1768/1752/1515
f 1755/1753/1516 1381/191/103 1786/1782/1543
f 1782/1754/1517 1812/1780/1541 1813/1783/1544
f 1768/1752/1515 1800/1784/1545 1769/1755/1518
f 1755/1753/1516 1787/1785/1546 1756/1756/1519
f 1783/1757/1520 1813/1783/1544 1814/1786/1547
f 1769/1755/1518 1801/1787/1548 1770/1758/1521
f 1756/1756/1519 1788/1788/1549 1757/1759/1522
f 1784/1760/1523 1814/1786/1547 1815/1789/1550
f 1770/1758/1521 1802/1790/1551 1771/1761/1524
f 1757/1759/1522 1789/1791/1552 1758/1762/1525
f 1785/1763/1526 1815/1789/1550 1816/1792/1553
f 1771/1761/1524 1803/1793/1554 1772/1764/1527
f 1758/1762/1525 1790/1794/1555 1759/1765/1528
f 1568/153/66 1785/1763/1526 1816/1792/1553
f 1773/1766/1529 1803/1793/1554 1804/1795/1556
f 1759/1796/1528 1791/1797/1557 1760/1768/1530
f 1774/1737/1501 1804/1795/1556 1805/1798/1558
f 1760/1768/1530 1792/1799/1559 1761/1769/1531
f 1775/1738/1502 1805/1798/1558 1806/1800/1560
f 1761/1769/1531 1793/1801/1561 1762/1739/1503
f 1776/1740/1504 1806/1800/1560 1807/1770/1532
f 1762/1739/1503 1794/1802/1562 1763/1741/1505
f 1810/1776/1537 1840/1803/1563 1841/1804/1564
f 1796/1774/1536 1828/1805/1565 1797/1777/1538
f 1811/1778/1539 1841/1804/1564 1842/1806/1566
f 1797/1777/1538 1829/1807/1567 1798/1779/1540
f 1812/1780/1541 1842/1806/1566 1843/1808/1568
f 1798/1779/1540 1830/1809/1569 1799/1781/1542
f 1786/1782/1543 1381/191/103 1817/1810/1570
f 1813/1783/1544 1843/1808/1568 1844/1811/1571
f 1799/1781/1542 1831/1812/1572 1800/1784/1545
f 1786/1782/1543 1818/1813/1573 1787/1785/1546
f 1814/1786/1547 1844/1811/1571 1845/1814/1574
f 1800/1784/1545 1832/1815/1575 1801/1787/1548
f 1787/1785/1546 1819/1816/1576 1788/1788/1549
f 1815/1789/1550 1845/1814/1574 1846/1817/1577
f 1801/1787/1548 1833/1818/1578 1802/1790/1551
f 1788/1788/1549 1820/1819/1579 1789/1791/1552
f 1816/1792/1553 1846/1817/1577 1847/1820/1580
f 1803/1793/1554 1833/1818/1578 1834/1821/1581
f 1789/1791/1552 1821/1822/1582 1790/1794/1555
f 1568/153/66 1816/1792/1553 1847/1820/1580
f 1804/1795/1556 1834/1821/1581 1835/1823/1583
f 1790/1824/1555 1822/1825/1584 1791/1797/1557
f 1805/1798/1558 1835/1823/1583 1836/1826/1585
f 1791/1797/1557 1823/1827/1586 1792/1799/1559
f 1806/1800/1560 1836/1826/1585 1837/1828/1587
f 1792/1799/1559 1824/1829/1588 1793/1801/1561
f 1807/1770/1532 1837/1828/1587 1838/1830/1589
f 1793/1801/1561 1825/1831/1590 1794/1802/1562
f 1808/1771/1533 1838/1830/1589 1839/1832/1591
f 1794/1802/1562 1826/1833/1592 1795/1772/1534
f 1809/1773/1535 1839/1832/1591 1840/1834/1563
f 1795/1772/1534 1827/1835/1593 1796/1774/1536
f 1843/1808/1568 1873/1836/1594 1874/1837/1595
f 1829/1807/1567 1861/1838/1596 1830/1809/1569
f 1817/1810/1570 1381/191/103 1848/1839/1597
f 1844/1811/1571 1874/1837/1595 1875/1840/1598
f 1830/1809/1569 1862/1841/1599 1831/1812/1572
f 1817/1810/1570 1849/1842/1600 1818/1813/1573
f 1845/1814/1574 1875/1840/1598 1876/1843/1601
f 1831/1812/1572 1863/1844/1602 1832/1815/1575
f 1818/1813/1573 1850/1845/1603 1819/1816/1576
f 1846/1817/1577 1876/1843/1601 1877/1846/1604
f 1832/1815/1575 1864/1847/1605 1833/1818/1578
f 1819/1816/1576 1851/1848/1606 1820/1819/1579
f 1847/1820/1580 1877/1846/1604 1878/1849/1607
f 1834/1821/1581 1864/1847/1605 1865/1850/1608
f 1820/1819/1579 1852/1851/1609 1821/1822/1582
f 1568/153/66 1847/1820/1580 1878/1849/1607
f 1835/1823/1583 1865/1850/1608 1866/1852/1610
f 1821/1853/1582 1853/1854/1611 1822/1825/1584
f 1836/1826/1585 1866/1852/1610 1867/1855/1612
f 1822/1825/1584 1854/1856/1613 1823/1827/1586
f 1837/1828/1587 1867/1855/1612 1868/1857/1614
f 1823/1827/1586 1855/1858/1615 1824/1829/1588
f 1838/1830/1589 1868/1857/1614 1869/1859/1616
f 1824/1829/1588 1856/1860/1617 1825/1831/1590
f 1839/1832/1591 1869/1859/1616 1870/1861/1618
f 1825/1831/1590 1857/1862/1619 1826/1833/1592
f 1840/1834/1563 1870/1861/1618 1871/1863/1620
f 1826/1833/1592 1858/1864/1621 1827/1835/1593
f 1841/1804/1564 1871/1865/1620 1872/1866/1622
f 1827/1835/1593 1859/1867/1623 1828/1805/1565
f 1842/1806/1566 1872/1866/1622 1873/1836/1594
f 1828/1805/1565 1860/1868/1624 1829/1807/1567
f 1876/1843/1601 1906/1869/1625 1907/1870/1626
f 1862/1841/1599 1894/1871/1627 1863/1844/1602
f 1849/1842/1600 1881/1872/1628 1850/1845/1603
f 1877/1846/1604 1907/1870/1626 1908/1873/1629
f 1863/1844/1602 1895/1874/1630 1864/1847/1605
f 1850/1845/1603 1882/1875/1631 1851/1848/1606
f 1878/1849/1607 1908/1873/1629 1909/1876/1632
f 1865/1850/1608 1895/1874/1630 1896/1877/1633
f 1851/1848/1606 1883/1878/1634 1852/1851/1609
f 1568/153/66 1878/1849/1607 1909/1876/1632
f 1866/1852/1610 1896/1877/1633 1897/1879/1635
f 1852/1880/1609 1884/1881/1636 1853/1854/1611
f 1867/1855/1612 1897/1879/1635 1898/1882/1637
f 1853/1854/1611 1885/1883/1638 1854/1856/1613
f 1868/1857/1614 1898/1882/1637 1899/1884/1639
f 1854/1856/1613 1886/1885/1640 1855/1858/1615
f 1869/1859/1616 1899/1884/1639 1900/1886/1641
f 1855/1858/1615 1887/1887/1642 1856/1860/1617
f 1870/1861/1618 1900/1886/1641 1901/1888/1643
f 1856/1860/1617 1888/1889/1644 1857/1862/1619
f 1871/1863/1620 1901/1888/1643 1902/1890/1645
f 1857/1862/1619 1889/1891/1646 1858/1864/1621
f 1872/1866/1622 1902/1892/1645 1903/1893/1647
f 1858/1864/1621 1890/1894/1648 1859/1867/1623
f 1873/1836/1594 1903/1893/1647 1904/1895/1649
f 1859/1867/1623 1891/1896/1650 1860/1868/1624
f 1874/1837/1595 1904/1895/1649 1905/1897/1651
f 1860/1868/1624 1892/1898/1652 1861/1838/1596
f 1848/1839/1597 1381/191/103 1879/1899/1653
f 1875/1840/1598 1905/1897/1651 1906/1869/1625
f 1861/1838/1596 1893/1900/1654 1862/1841/1599
f 1848/1839/1597 1880/1901/1655 1849/1842/1600
f 1909/1876/1632 1939/1902/1656 1940/1903/1657
f 1896/1877/1633 1926/1904/1658 1927/1905/1659
f 1882/1875/1631 1914/1906/1660 1883/1878/1634
f 1568/153/66 1909/1876/1632 1940/1903/1657
f 1897/1879/1635 1927/1905/1659 1928/1907/1661
f 1883/1908/1634 1915/1909/1662 1884/1881/1636
f 1898/1882/1637 1928/1907/1661 1929/1910/1663
f 1884/1881/1636 1916/1911/1664 1885/1883/1638
f 1899/1884/1639 1929/1910/1663 1930/1912/1665
f 1885/1883/1638 1917/1913/1666 1886/1885/1640
f 1900/1886/1641 1930/1912/1665 1931/1914/1667
f 1886/1885/1640 1918/1915/1668 1887/1887/1642
f 1901/1888/1643 1931/1914/1667 1932/1916/1669
f 1887/1887/1642 1919/1917/1670 1888/1889/1644
f 1902/1890/1645 1932/1916/1669 1933/1918/1671
f 1888/1889/1644 1920/1919/1672 1889/1891/1646
f 1903/1893/1647 1933/1920/1671 1934/1921/1673
f 1889/1891/1646 1921/1922/1674 1890/1894/1648
f 1904/1895/1649 1934/1921/1673 1935/1923/1675
f 1890/1894/1648 1922/1924/1676 1891/1896/1650
f 1905/1897/1651 1935/1923/1675 1936/1925/1677
f 1891/1896/1650 1923/1926/1678 1892/1898/1652
f 1879/1899/1653 1381/191/103 1910/1927/1679
f 1906/1869/1625 1936/1925/1677 1937/1928/1680
f 1892/1898/1652 1924/1929/1681 1893/1900/1654
f 1879/1899/1653 1911/1930/1682 1880/1901/1655
f 1907/1870/1626 1937/1928/1680 1938/1931/1683
f 1893/1900/1654 1925/1932/1684 1894/1871/1627
f 1880/1901/1655 1912/1933/1685 1881/1872/1628
f 1908/1873/1629 1938/1931/1683 1939/1902/1656
f 1894/1871/1627 1926/1904/1658 1895/1874/1630
f 1881/1872/1628 1913/1934/1686 1882/1875/1631
f 1931/1914/1667 1961/1935/1687 1962/1936/1688
f 1917/1913/1666 1949/1937/1689 1918/1915/1668
f 1932/1916/1669 1962/1936/1688 1963/1938/1690
f 1918/1915/1668 1950/1939/1691 1919/1917/1670
f 1933/1918/1671 1963/1938/1690 1964/1940/1692
f 1919/1917/1670 1951/1941/1693 1920/1919/1672
f 1934/1921/1673 1964/1942/1692 1965/1943/1694
f 1920/1919/1672 1952/1944/1695 1921/1922/1674
f 1935/1923/1675 1965/1943/1694 1966/1945/1696
f 1921/1922/1674 1953/1946/1697 1922/1924/1676
f 1936/1925/1677 1966/1945/1696 1967/1947/1698
f 1922/1924/1676 1954/1948/1699 1923/1926/1678
f 1910/1927/1679 1381/191/103 1941/1949/1700
f 1937/1928/1680 1967/1947/1698 1968/1950/1701
f 1923/1926/1678 1955/1951/1702 1924/1929/1681
f 1910/1927/1679 1942/1952/1703 1911/1930/1682
f 1938/1931/1683 1968/1950/1701 1969/1953/1704
f 1924/1929/1681 1956/1954/1705 1925/1932/1684
f 1911/1930/1682 1943/1955/1706 1912/1933/1685
f 1939/1902/1656 1969/1953/1704 1970/1956/1707
f 1925/1932/1684 1957/1957/1708 1926/1904/1658
f 1912/1933/1685 1944/1958/1709 1913/1934/1686
f 1940/1903/1657 1970/1956/1707 1971/1959/1710
f 1926/1904/1658 1958/1960/1711 1927/1905/1659
f 1913/1934/1686 1945/1961/1712 1914/1906/1660
f 1568/153/66 1940/1903/1657 1971/1959/1710
f 1928/1907/1661 1958/1960/1711 1959/1962/1713
f 1914/1906/1660 1946/1963/1714 1915/1964/1662
f 1929/1910/1663 1959/1962/1713 1960/1965/1715
f 1915/1909/1662 1947/1966/1716 1916/1911/1664
f 1930/1912/1665 1960/1965/1715 1961/1935/1687
f 1916/1911/1664 1948/1967/1717 1917/1913/1666
f 1964/1940/1692 1994/1968/1718 1995/1969/1719
f 1950/1939/1691 1982/1970/1720 1951/1941/1693
f 1965/1943/1694 1995/1971/1719 1996/1972/1721
f 1951/1941/1693 1983/1973/1722 1952/1944/1695
f 1966/1945/1696 1996/1972/1721 1997/1974/1723
f 1952/1944/1695 1984/1975/1724 1953/1946/1697
f 1967/1947/1698 1997/1974/1723 1998/1976/1725
f 1953/1946/1697 1985/1977/1726 1954/1948/1699
f 1941/1949/1700 1381/191/103 1972/1978/1727
f 1968/1950/1701 1998/1976/1725 1999/1979/1728
f 1954/1948/1699 1986/1980/1729 1955/1951/1702
f 1941/1949/1700 1973/1981/1730 1942/1952/1703
f 1969/1953/1704 1999/1979/1728 2000/1982/1731
f 1955/1951/1702 1987/1983/1732 1956/1954/1705
f 1942/1952/1703 1974/1984/1733 1943/1955/1706
f 1970/1956/1707 2000/1982/1731 2001/1985/1734
f 1956/1954/1705 1988/1986/1735 1957/1957/1708
f 1943/1955/1706 1975/1987/1736 1944/1958/1709
f 1971/1959/1710 2001/1985/1734 2002/1988/1737
f 1957/1957/1708 1989/1989/1738 1958/1960/1711
f 1944/1958/1709 1976/1990/1739 1945/1961/1712
f 1568/153/66 1971/1959/1710 2002/1988/1737
f 1959/1962/1713 1989/1989/1738 1990/1991/1740
f 1945/1961/1712 1977/1992/1741 1946/1963/1714
f 1960/1965/1715 1990/1991/1740 1991/1993/1742
f 1946/1994/1714 1978/1995/1743 1947/1966/1716
f 1961/1935/1687 1991/1993/1742 1992/1996/1744
f 1947/1966/1716 1979/1997/1745 1948/1967/1717
f 1962/1936/1688 1992/1996/1744 1993/1998/1746
f 1948/1967/1717 1980/1999/1747 1949/1937/1689
f 1963/1938/1690 1993/1998/1746 1994/1968/1718
f 1949/1937/1689 1981/2000/1748 1950/1939/1691
f 1997/1974/1723 2027/2001/1749 2028/2002/1750
f 1983/1973/1722 2015/2003/1751 1984/1975/1724
f 1998/1976/1725 2028/2002/1750 2029/2004/1752
f 1984/1975/1724 2016/2005/1753 1985/1977/1726
f 1972/1978/1727 1381/191/103 2003/2006/1754
f 1999/1979/1728 2029/2004/1752 2030/2007/1755
f 1985/1977/1726 2017/2008/1756 1986/1980/1729
f 1972/1978/1727 2004/2009/1757 1973/1981/1730
f 2000/1982/1731 2030/2007/1755 2031/2010/1758
f 1986/1980/1729 2018/2011/1759 1987/1983/1732
f 1973/1981/1730 2005/2012/1760 1974/1984/1733
f 2001/1985/1734 2031/2010/1758 2032/2013/1761
f 1987/1983/1732 2019/2014/1762 1988/1986/1735
f 1974/1984/1733 2006/2015/1763 1975/1987/1736
f 2002/1988/1737 2032/2013/1761 2033/2016/1764
f 1988/1986/1735 2020/2017/1765 1989/1989/1738
f 1975/1987/1736 2007/2018/1766 1976/1990/1739
f 1568/153/66 2002/1988/1737 2033/2016/1764
f 1989/1989/1738 2021/2019/1767 1990/1991/1740
f 1976/1990/1739 2008/2020/1768 1977/1992/1741
f 1991/1993/1742 2021/2019/1767 2022/2021/1769
f 1977/2022/1741 2009/2023/1770 1978/1995/1743
f 1992/1996/1744 2022/2021/1769 2023/2024/1771
f 1978/1995/1743 2010/2025/1772 1979/1997/1745
f 1993/1998/1746 2023/2024/1771 2024/2026/1773
f 1979/1997/1745 2011/2027/1774 1980/1999/1747
f 1994/1968/1718 2024/2026/1773 2025/2028/1775
f 1980/1999/1747 2012/2029/1776 1981/2000/1748
f 1995/1969/1719 2025/2028/1775 2026/2030/1777
f 1981/2000/1748 2013/2031/1778 1982/1970/1720
f 1996/1972/1721 2026/2032/1777 2027/2001/1749
f 1982/1970/1720 2014/2033/1779 1983/1973/1722
f 2030/2007/1755 2060/2034/1780 2061/2035/1781
f 2016/2005/1753 2048/2036/1782 2017/2008/1756
f 2003/2006/1754 2035/2037/1783 2004/2009/1757
f 2031/2010/1758 2061/2035/1781 2062/2038/1784
f 2018/2011/1759 2048/2036/1782 2049/2039/1785
f 2004/2009/1757 2036/2040/1786 2005/2012/1760
f 2032/2013/1761 2062/2038/1784 2063/2041/1787
f 2018/2011/1759 2050/2042/1788 2019/2014/1762
f 2005/2012/1760 2037/2043/1789 2006/2015/1763
f 2033/2016/1764 2063/2041/1787 2064/2044/1790
f 2019/2014/1762 2051/2045/1791 2020/2017/1765
f 2006/2015/1763 2038/2046/1792 2007/2018/1766
f 1568/153/66 2033/2016/1764 2064/2044/1790
f 2020/2017/1765 2052/2047/1793 2021/2019/1767
f 2007/2018/1766 2039/2048/1794 2008/2020/1768
f 2022/2021/1769 2052/2047/1793 2053/2049/1795
f 2008/2020/1768 2040/2050/1796 2009/2051/1770
f 2023/2024/1771 2053/2049/1795 2054/2052/1797
f 2009/2023/1770 2041/2053/1798 2010/2025/1772
f 2024/2026/1773 2054/2052/1797 2055/2054/1799
f 2010/2025/1772 2042/2055/1800 2011/2027/1774
f 2025/2028/1775 2055/2054/1799 2056/2056/1801
f 2011/2027/1774 2043/2057/1802 2012/2029/1776
f 2026/2030/1777 2056/2056/1801 2057/2058/1803
f 2012/2029/1776 2044/2059/1804 2013/2031/1778
f 2027/2001/1749 2057/2060/1803 2058/2061/1805
f 2013/2031/1778 2045/2062/1806 2014/2033/1779
f 2028/2002/1750 2058/2061/1805 2059/2063/1807
f 2014/2033/1779 2046/2064/1808 2015/2003/1751
f 2029/2004/1752 2059/2063/1807 2060/2034/1780
f 2015/2003/1751 2047/2065/1809 2016/2005/1753
f 2003/2006/1754 1381/191/103 2034/2066/1810
f 2063/2041/1787 2093/2067/1811 2094/2068/1812
f 2050/2042/1788 2080/2069/1813 2081/2070/1814
f 2036/2040/1786 2068/2071/1815 2037/2043/1789
f 2064/2044/1790 2094/2068/1812 2095/2072/1816
f 2051/2045/1791 2081/2070/1814 2082/2073/1817
f 2037/2043/1789 2069/2074/1818 2038/2046/1792
f 1568/153/66 2064/2044/1790 2095/2072/1816
f 2052/2047/1793 2082/2073/1817 2083/2075/1819
f 2038/2046/1792 2070/2076/1820 2039/2048/1794
f 2053/2049/1795 2083/2075/1819 2084/2077/1821
f 2039/2048/1794 2071/2078/1822 2040/2050/1796
f 2054/2052/1797 2084/2077/1821 2085/2079/1823
f 2040/2080/1796 2072/2081/1824 2041/2053/1798
f 2055/2054/1799 2085/2079/1823 2086/2082/1825
f 2041/2053/1798 2073/2083/1826 2042/2055/1800
f 2056/2056/1801 2086/2082/1825 2087/2084/1827
f 2042/2055/1800 2074/2085/1828 2043/2057/1802
f 2057/2060/1803 2087/2086/1827 2088/2087/1829
f 2043/2057/1802 2075/2088/1830 2044/2059/1804
f 2058/2061/1805 2088/2087/1829 2089/2089/1831
f 2044/2059/1804 2076/2090/1832 2045/2062/1806
f 2059/2063/1807 2089/2089/1831 2090/2091/1833
f 2045/2062/1806 2077/2092/1834 2046/2064/1808
f 2060/2034/1780 2090/2091/1833 2091/2093/1835
f 2046/2064/1808 2078/2094/1836 2047/2065/1809
f 2034/2066/1810 1381/191/103 2065/2095/1837
f 2061/2035/1781 2091/2093/1835 2092/2096/1838
f 2047/2065/1809 2079/2097/1839 2048/2036/1782
f 2034/2066/1810 2066/2098/1840 2035/2037/1783
f 2062/2038/1784 2092/2096/1838 2093/2067/1811
f 2049/2039/1785 2079/2097/1839 2080/2069/1813
f 2035/2037/1783 2067/2099/1841 2036/2040/1786
f 1568/153/66 2095/2072/1816 2126/2100/1842
f 2083/2101/1819 2113/2102/1843 2114/2103/1844
f 2069/2074/1818 2101/2104/1845 2070/2076/1820
f 2084/2105/1821 2114/2103/1844 2115/2106/1846
f 2070/2076/1820 2102/2107/1847 2071/2078/1822
f 2085/2108/1823 2115/2106/1846 2116/2109/1848
f 2071/2110/1822 2103/2111/1849 2072/2112/1824
f 2086/2113/1825 2116/2109/1848 2117/2114/1850
f 2072/2112/1824 2104/2115/1851 2073/2116/1826
f 2087/2117/1827 2117/2114/1850 2118/2118/1852
f 2073/2116/1826 2105/2119/1853 2074/2120/1828
f 2088/2121/1829 2118/2118/1852 2119/2122/1854
f 2074/2120/1828 2106/2123/1855 2075/2124/1830
f 2089/2089/1831 2119/2125/1854 2120/2126/1856
f 2075/2124/1830 2107/2127/1857 2076/2128/1832
f 2090/2091/1833 2120/2126/1856 2121/2129/1858
f 2076/2128/1832 2108/2130/1859 2077/2131/1834
f 2091/2093/1835 2121/2129/1858 2122/2132/1860
f 2077/2131/1834 2109/2133/1861 2078/2134/1836
f 2065/2095/1837 1381/191/103 2096/2135/1862
f 2092/2096/1838 2122/2132/1860 2123/2136/1863
f 2079/2137/1839 2109/2133/1861 2110/2138/1864
f 2065/2095/1837 2097/2139/1865 2066/2098/1840
f 2093/2067/1811 2123/2136/1863 2124/2140/1866
f 2080/2141/1813 2110/2138/1864 2111/2142/1867
f 2066/2098/1840 2098/2143/1868 2067/2099/1841
f 2094/2068/1812 2124/2140/1866 2125/2144/1869
f 2081/2145/1814 2111/2142/1867 2112/2146/1870
f 2067/2099/1841 2099/2147/1871 2068/2071/1815
f 2095/2072/1816 2125/2144/1869 2126/2100/1842
f 2082/2148/1817 2112/2146/1870 2113/2102/1843
f 2068/2071/1815 2100/2149/1872 2069/2074/1818
f 2116/2109/1848 2144/2150/1873 2145/2151/1874
f 2102/2152/1847 2134/2153/1875 2103/2111/1849
f 2117/2114/1850 2145/2151/1874 2146/2154/1876
f 2103/2111/1849 2135/2155/1877 2104/2115/1851
f 2118/2118/1852 2146/2154/1876 2147/2156/1878
f 2104/2115/1851 2416/2157/1879 2415/2158/1880
f 2119/2122/1854 2147/2156/1878 2148/2159/1881
f 2106/2123/1855 2105/2119/1853 2417/2160/1882
f 2120/2126/1856 2148/2161/1881 2149/2162/1883
f 2421/2163/1884 2422/2164/1885 2107/2127/1857
f 2121/2129/1858 2149/2162/1883 2150/2165/1886
f 2107/2127/1857 2137/2166/1887 2108/2130/1859
f 2122/2132/1860 2150/2165/1886 2151/2167/1888
f 2108/2130/1859 2138/2168/1889 2109/2133/1861
f 2096/2135/1862 1381/191/103 2127/2169/1890
f 2123/2136/1863 2151/2167/1888 2152/2170/1891
f 2110/2138/1864 2138/2168/1889 2139/2171/1892
f 2096/2135/1862 2128/2172/1893 2097/2139/1865
f 2124/2140/1866 2152/2170/1891 2153/2173/1894
f 2111/2142/1867 2139/2171/1892 2140/2174/1895
f 2097/2139/1865 2129/2175/1896 2098/2143/1868
f 2125/2144/1869 2153/2173/1894 2154/2176/1897
f 2112/2146/1870 2140/2174/1895 2141/2177/1898
f 2098/2143/1868 2130/2178/1899 2099/2147/1871
f 2126/2100/1842 2154/2176/1897 2155/2179/1900
f 2113/2102/1843 2141/2177/1898 2142/2180/1901
f 2099/2147/1871 2131/2181/1902 2100/2149/1872
f 1568/153/66 2126/2100/1842 2155/2179/1900
f 2114/2103/1844 2142/2180/1901 2143/2182/1903
f 2100/2149/1872 2132/2183/1904 2101/2104/1845
f 2115/2106/1846 2143/2182/1903 2144/2150/1873
f 2101/2184/1845 2133/2185/1905 2102/2152/1847
f 2147/2156/1878 2174/2186/1906 2175/2187/1907
f 2425/2188/1908 2424/2189/1909 2135/2155/1877
f 2148/2159/1881 2175/2187/1907 2176/2190/1910
f 2149/2162/1883 2176/2191/1910 2177/2192/1911
f 2136/2193/1912 2427/2194/1913 2429/2195/1914
f 2150/2165/1886 2177/2192/1911 2178/2196/1915
f 2137/2166/1887 2136/2193/1912 2428/2197/1916
f 2151/2167/1888 2178/2196/1915 2179/2198/1917
f 2137/2166/1887 2166/2199/1918 2138/2168/1889
f 2127/2169/1890 1381/191/103 2156/2200/1919
f 2152/2170/1891 2179/2198/1917 2180/2201/1920
f 2139/2171/1892 2166/2199/1918 2167/2202/1921
f 2127/2169/1890 2157/2203/1922 2128/2172/1893
f 2153/2173/1894 2180/2201/1920 2181/2204/1923
f 2140/2174/1895 2167/2202/1921 2168/2205/1924
f 2128/2172/1893 2158/2206/1925 2129/2175/1896
f 2154/2176/1897 2181/2204/1923 2182/2207/1926
f 2141/2177/1898 2168/2205/1924 2169/2208/1927
f 2129/2175/1896 2159/2209/1928 2130/2178/1899
f 2155/2179/1900 2182/2207/1926 2183/2210/1929
f 2142/2180/1901 2169/2208/1927 2170/2211/1930
f 2130/2178/1899 2160/2212/1931 2131/2181/1902
f 1568/153/66 2155/2179/1900 2183/2210/1929
f 2143/2182/1903 2170/2211/1930 2171/2213/1932
f 2131/2181/1902 2161/2214/1933 2132/2183/1904
f 2144/2150/1873 2171/2213/1932 2172/2215/1934
f 2132/2216/1904 2162/2217/1935 2133/2185/1905
f 2145/2151/1874 2172/2215/1934 2173/2218/1936
f 2133/2185/1905 2163/2219/1937 2134/2153/1875
f 2146/2154/1876 2173/2218/1936 2174/2186/1906
f 2134/2153/1875 2164/2220/1938 2135/2155/1877
f 2176/2191/1910 2204/2221/1939 2177/2192/1911
f 2193/2222/1940 2432/2223/1941 2431/2224/1942
f 2178/2196/1915 2204/2221/1939 2205/2225/1943
f 2194/2226/1944 2435/2227/1945 2434/2228/1946
f 2179/2198/1917 2205/2225/1943 2206/2229/1947
f 2165/2230/1948 2195/2231/1949 2166/2199/1918
f 2156/2200/1919 1381/191/103 2184/2232/1950
f 2180/2201/1920 2206/2229/1947 2207/2233/1951
f 2167/2202/1921 2195/2231/1949 2196/2234/1952
f 2157/2203/1922 2184/2232/1950 2185/2235/1953
f 2181/2204/1923 2207/2233/1951 2208/2236/1954
f 2342/2237/1955 2341/2238/1956 2167/2202/1921
f 2157/2203/1922 2186/2239/1957 2158/2206/1925
f 2182/2207/1926 2208/2236/1954 2209/2240/1958
f 2345/2241/1959 2346/2242/1960 2169/2208/1927
f 2158/2206/1925 2187/2243/1961 2159/2209/1928
f 2182/2207/1926 2210/2244/1962 2183/2210/1929
f 2169/2208/1927 2347/2245/1963 2348/2246/1964
f 2159/2209/1928 2188/2247/1965 2160/2212/1931
f 1568/153/66 2183/2210/1929 2210/2244/1962
f 2171/2213/1932 2197/2248/1966 2198/2249/1967
f 2160/2250/1931 2189/2251/1968 2161/2252/1933
f 2172/2215/1934 2198/2249/1967 2199/2253/1969
f 2161/2252/1933 2190/2254/1970 2162/2217/1935
f 2173/2218/1936 2199/2253/1969 2200/2255/1971
f 2162/2217/1935 2191/2256/1972 2163/2219/1937
f 2174/2186/1906 2200/2255/1971 2201/2257/1973
f 2163/2219/1937 2192/2258/1974 2164/2220/1938
f 2175/2187/1907 2201/2257/1973 2202/2259/1975
f 2437/2260/1976 2436/2261/1977 2164/2220/1938
f 2176/2190/1910 2202/2259/1975 2203/2262/1978
f 2205/2225/1943 2231/2263/1979 2206/2229/1947
f 2195/2231/1949 2221/2264/1980 2222/2265/1981
f 2184/2232/1950 1381/191/103 2211/2266/1982
f 2206/2229/1947 2232/2267/1983 2207/2233/1951
f 2196/2234/1952 2195/2231/1949 2222/2265/1981
f 2185/2235/1953 2211/2266/1982 2212/2268/1984
f 2207/2233/1951 2233/2269/1985 2208/2236/1954
f 2196/2234/1952 2351/2270/1986 2343/2271/1987
f 2186/2239/1957 2212/2268/1984 2213/2272/1988
f 2208/2236/1954 2234/2273/1989 2209/2240/1958
f 2187/2243/1961 2213/2272/1988 2214/2274/1990
f 2209/2240/1958 2235/2275/1991 2210/2244/1962
f 2353/2276/1992 2197/2248/1966 2352/2277/1993
f 2187/2243/1961 2215/2278/1994 2188/2247/1965
f 1568/153/66 2210/2244/1962 2235/2275/1991
f 2354/2279/1995 2198/2249/1967 2197/2248/1966
f 2188/2280/1965 2216/2281/1996 2189/2251/1968
f 2199/2253/1969 2223/2282/1997 2224/2283/1998
f 2189/2251/1968 2217/2284/1999 2190/2254/1970
f 2200/2255/1971 2224/2283/1998 2225/2285/2000
f 2190/2254/1970 2218/2286/2001 2191/2256/1972
f 2201/2257/1973 2225/2285/2000 2226/2287/2002
f 2191/2256/1972 2219/2288/2003 2192/2258/1974
f 2201/2257/1973 2227/2289/2004 2202/2259/1975
f 2219/2288/2003 2440/2290/2005 2439/2291/2006
f 2202/2259/1975 2228/2292/2007 2203/2262/1978
f 2203/2293/1978 2229/2294/2008 2204/2221/1939
f 2220/2295/2009 2445/2296/2010 2444/2297/2010
f 2204/2221/1939 2230/2298/2011 2205/2225/1943
f 2193/2222/1940 2221/2264/1980 2194/2226/1944
f 2212/2268/1984 2236/2299/2012 2237/2300/2013
f 2232/2267/1983 2260/2301/2014 2233/2269/1985
f 2213/2272/1988 2237/2300/2013 2238/2302/2015
f 2233/2269/1985 2261/2303/2016 2234/2273/1989
f 2214/2274/1990 2238/2302/2015 2239/2304/2017
f 2234/2273/1989 2262/2305/2018 2235/2275/1991
f 2215/2278/1994 2239/2304/2017 2240/2306/2019
f 1568/153/66 2235/2275/1991 2262/2305/2018
f 2355/2307/2020 2356/2308/2021 2223/2282/1997
f 2216/2281/1996 2240/2309/2019 2241/2310/2022
f 2224/2283/1998 2250/2311/2023 2251/2312/2024
f 2216/2281/1996 2242/2313/2025 2217/2284/1999
f 2225/2285/2000 2251/2312/2024 2252/2314/2026
f 2217/2284/1999 2243/2315/2027 2218/2286/2001
f 2226/2287/2002 2252/2314/2026 2253/2316/2028
f 2218/2286/2001 2244/2317/2029 2219/2288/2003
f 2226/2287/2002 2254/2318/2030 2227/2289/2004
f 2245/2319/2031 2447/2320/2032 2442/2321/2033
f 2227/2289/2004 2255/2322/2034 2228/2292/2007
f 2245/2319/2031 2452/2323/2035 2449/2324/2036
f 2228/2325/2007 2256/2326/2037 2229/2294/2008
f 2454/2327/2038 2455/2328/2039 2246/2329/2040
f 2229/2294/2008 2257/2330/2041 2230/2298/2011
f 2220/2295/2009 2248/2331/2042 2221/2264/1980
f 2230/2298/2011 2258/2332/2043 2231/2263/1979
f 2222/2265/1981 2248/2331/2042 2249/2333/2044
f 2211/2266/1982 1381/191/103 2236/2299/2012
f 2231/2263/1979 2259/2334/2045 2232/2267/1983
f 2359/2335/2046 2358/2336/2047 2249/2333/2044
f 2239/2304/2017 2265/2337/2048 2266/2338/2049
f 2261/2303/2016 2288/2339/2050 2262/2305/2018
f 2240/2306/2019 2266/2338/2049 2267/2340/2051
f 1568/153/66 2262/2305/2018 2288/2339/2050
f 2363/2341/2052 2250/2311/2023 2361/2342/2053
f 2241/2310/2022 2267/2343/2051 2268/2344/2054
f 2251/2312/2024 2362/2345/2055 2277/2346/2056
f 2242/2313/2025 2268/2344/2054 2269/2347/2057
f 2252/2314/2026 2277/2346/2056 2278/2348/2058
f 2243/2315/2027 2269/2347/2057 2270/2349/2059
f 2253/2316/2028 2278/2348/2058 2279/2350/2060
f 2244/2317/2029 2270/2349/2059 2271/2351/2061
f 2253/2316/2028 2280/2352/2062 2254/2318/2030
f 2245/2319/2031 2271/2351/2061 2272/2353/2063
f 2254/2318/2030 2281/2354/2064 2255/2322/2034
f 2245/2319/2031 2273/2355/2065 2246/2329/2040
f 2255/2356/2034 2282/2357/2066 2256/2326/2037
f 2246/2329/2040 2274/2358/2067 2247/2359/2068
f 2256/2326/2037 2283/2360/2069 2257/2330/2041
f 2248/2331/2042 2274/2358/2067 2275/2361/2070
f 2257/2330/2041 2284/2362/2071 2258/2332/2043
f 2249/2333/2044 2275/2361/2070 2276/2363/2072
f 2236/2299/2012 1381/191/103 2263/2364/2073
f 2258/2332/2043 2285/2365/2074 2259/2334/2045
f 2366/2366/2075 2365/2367/2076 2276/2363/2072
f 2237/2300/2013 2263/2364/2073 2264/2368/2077
f 2259/2334/2045 2286/2369/2078 2260/2301/2014
f 2238/2302/2015 2264/2368/2077 2265/2337/2048
f 2260/2301/2014 2287/2370/2079 2261/2303/2016
f 2268/2344/2054 104/150/64 2290/154/67
f 2277/2346/2056 2371/2371/2080 2370/2372/2080
f 2269/2347/2057 2290/154/67 2291/159/72
f 2278/2348/2058 109/2373/2081 112/161/74
f 2270/2349/2059 2291/159/72 2292/163/76
f 2278/2348/2058 2296/166/79 2279/2350/2060
f 2271/2351/2061 2292/163/76 2293/167/80
f 2279/2350/2060 2297/170/83 2280/2352/2062
f 2272/2353/2063 2293/167/80 2294/171/84
f 2280/2352/2062 2298/174/87 2281/2354/2064
f 2273/2355/2065 2294/171/84 105/175/88
f 2281/2374/2064 2299/179/91 2282/2357/2066
f 2274/2358/2067 105/175/88 106/180/92
f 2282/2357/2066 2300/183/95 2283/2360/2069
f 2275/2361/2070 106/180/92 107/184/96
f 2283/2360/2069 2301/187/99 2284/2362/2071
f 2276/2363/2072 107/184/96 2295/188/100
f 2263/2364/2073 1381/191/103 101/190/102
f 2284/2362/2071 2302/194/106 2285/2365/2074
f 2373/2375/2082 2374/2376/2083 2295/188/100
f 2264/2368/2077 101/190/102 102/196/108
f 2285/2365/2074 113/199/111 2286/2369/2078
f 2265/2337/2048 102/196/108 103/203/115
f 2286/2369/2078 2303/147/61 2287/2370/2079
f 2266/2338/2049 103/203/115 2289/144/58
f 2287/2370/2079 115/149/63 2288/2339/2050
f 2267/2343/2051 2289/2377/58 104/150/64
f 1568/153/66 2288/2339/2050 115/149/63
f 2370/2378/2084 367/2379/2085 2369/2380/2086
f 2369/2380/2086 367/2379/2085 2372/2381/2087
f 160/2382/2088 2304/2383/2089 2305/2384/2090
f 2372/2381/2087 367/2379/2085 160/2382/2088
f 2304/2383/2089 179/2385/2091 177/2386/2092
f 367/2379/2085 179/2385/2091 160/2382/2088
f 172/2387/2093 2331/2388/2094 2334/2389/2095
f 174/2390/2096 172/2387/2093 2325/2391/2097
f 176/2392/2098 174/2390/2096 2324/2393/2099
f 2308/2394/2100 2307/2395/2101 177/2386/2092
f 2330/2396/2102 205/2397/2103 201/2398/2104
f 2326/2399/2105 186/2400/2106 2322/2401/2105
f 207/2402/2107 172/2387/2093 174/2390/2096
f 190/2403/2108 2329/2404/2109 192/2405/2110
f 209/2406/2111 174/2390/2096 176/2392/2098
f 192/2407/2110 2329/2408/2109 2328/2409/2112
f 211/2410/2113 176/2392/2098 177/2386/2092
f 196/2411/2114 2337/2412/2115 2336/2413/2116
f 213/2414/2117 177/2386/2092 179/2385/2091
f 197/2415/2118 196/2411/2114 2336/2413/2116
f 367/2379/2085 213/2414/2117 179/2385/2091
f 199/2416/2119 197/2415/2118 2339/2417/2120
f 2318/2418/2121 2321/2419/2122 183/2420/2123
f 201/2398/2104 2333/2421/2124 2330/2396/2102
f 183/2420/2123 2323/2422/2125 186/2400/2106
f 242/2423/2126 211/2410/2113 213/2414/2117
f 197/2415/2118 227/2424/2127 196/2411/2114
f 216/2425/2128 2316/2426/2129 2315/2427/2130
f 367/2379/2085 242/2423/2126 213/2414/2117
f 230/2428/2131 197/2415/2118 199/2416/2119
f 2318/2418/2121 217/2429/2132 216/2425/2128
f 231/2430/2133 199/2431/2119 201/2398/2104
f 186/2400/2106 217/2429/2132 183/2420/2123
f 232/2432/2134 201/2398/2104 205/2397/2103
f 190/2403/2108 219/2433/2135 186/2400/2106
f 233/2434/2136 205/2397/2103 207/2402/2107
f 192/2405/2110 221/2435/2137 190/2403/2108
f 237/2436/2138 207/2402/2107 209/2406/2111
f 194/2437/2139 223/2438/2140 192/2407/2110
f 240/2439/2141 209/2406/2111 211/2410/2113
f 196/2411/2114 226/2440/2142 194/2437/2139
f 269/2441/2143 232/2432/2134 233/2434/2136
f 223/2442/2140 250/2443/2144 221/2435/2137
f 275/2444/2145 233/2434/2136 237/2436/2138
f 226/2445/2142 252/2446/2146 223/2442/2140
f 279/2447/2147 237/2436/2138 240/2439/2141
f 227/2424/2127 256/2448/2148 226/2440/2142
f 281/2449/2149 240/2439/2141 242/2423/2126
f 229/2450/2150 259/2451/2151 227/2424/2127
f 245/2452/2152 2312/2453/2153 2314/2454/2154
f 367/2379/2085 281/2449/2149 242/2423/2126
f 264/2455/2155 229/2456/2150 230/2457/2131
f 217/2429/2132 245/2452/2152 216/2425/2128
f 266/2458/2156 230/2459/2131 231/2430/2133
f 219/2433/2135 247/2460/2157 217/2429/2132
f 267/2461/2158 231/2430/2133 232/2432/2134
f 221/2435/2137 248/2462/2159 219/2433/2135
f 245/2452/2152 2313/2463/2160 2312/2453/2153
f 367/2379/2085 319/2464/2161 281/2449/2149
f 301/2465/2162 261/2466/2163 264/2455/2155
f 247/2460/2157 282/2467/2164 245/2452/2152
f 303/2468/2165 264/2469/2155 266/2458/2156
f 248/2462/2159 285/2470/2166 247/2460/2157
f 304/2471/2167 266/2458/2156 267/2461/2158
f 250/2443/2144 286/2472/2168 248/2462/2159
f 305/2473/2169 267/2461/2158 269/2441/2143
f 252/2446/2146 288/2474/2170 250/2443/2144
f 311/2475/2171 269/2441/2143 275/2444/2145
f 256/2476/2148 292/2477/2172 252/2446/2146
f 313/2478/2173 275/2444/2145 279/2447/2147
f 259/2479/2151 295/2480/2174 256/2476/2148
f 319/2464/2161 279/2447/2147 281/2449/2149
f 261/2466/2163 298/2481/2175 259/2482/2151
f 331/2483/2176 288/2474/2170 292/2477/2172
f 311/2475/2171 350/2484/2177 305/2473/2169
f 336/2485/2178 292/2477/2172 295/2480/2174
f 313/2478/2173 356/2486/2179 311/2475/2171
f 340/2487/2180 295/2480/2174 298/2488/2175
f 319/2464/2161 360/2489/2181 313/2478/2173
f 342/2490/2182 298/2481/2175 300/2491/2183
f 321/2492/2184 2313/2463/2160 282/2467/2164
f 367/2379/2085 362/2493/2185 319/2464/2161
f 301/2465/2162 342/2490/2182 300/2491/2183
f 323/2494/2186 282/2467/2164 285/2470/2166
f 303/2495/2165 345/2496/2187 301/2465/2162
f 325/2497/2188 285/2470/2166 286/2472/2168
f 304/2471/2167 346/2498/2189 303/2468/2165
f 328/2499/2190 286/2472/2168 288/2474/2170
f 305/2473/2169 348/2500/2191 304/2471/2167
f 345/2496/2187 389/2501/2192 342/2490/2182
f 321/2492/2184 371/2502/2193 369/2503/2194
f 346/2504/2189 391/2505/2195 345/2496/2187
f 373/2506/2196 323/2494/2186 325/2497/2188
f 348/2500/2191 393/2507/2197 346/2498/2189
f 376/2508/2198 325/2497/2188 328/2499/2190
f 350/2484/2177 395/2509/2199 348/2500/2191
f 380/2510/2200 328/2499/2190 331/2483/2176
f 356/2486/2179 397/2511/2201 350/2484/2177
f 382/2512/2202 331/2483/2176 336/2485/2178
f 360/2489/2181 401/2513/2203 356/2486/2179
f 387/2514/2204 336/2485/2178 340/2487/2180
f 362/2493/2185 406/2515/2205 360/2489/2181
f 389/2501/2192 340/2516/2180 342/2490/2182
f 2309/2517/2206 2310/2518/2206 321/2492/2184
f 367/2379/2085 409/2519/2207 362/2493/2185
f 401/2513/2203 438/2520/2208 397/2511/2201
f 423/2521/2209 380/2510/2200 382/2512/2202
f 406/2515/2205 440/2522/2210 401/2513/2203
f 426/2523/2211 382/2512/2202 387/2514/2204
f 409/2519/2207 442/2524/2212 406/2515/2205
f 430/2525/2213 387/2514/2204 389/2526/2192
f 369/2503/2194 2374/2527/2214 2373/2528/2215
f 367/2379/2085 448/2529/2216 409/2519/2207
f 391/2530/2195 430/2531/2213 389/2532/2192
f 371/2502/2193 2366/2533/2217 2367/2534/2218
f 393/2535/2197 432/2536/2219 391/2530/2195
f 371/2502/2193 416/2537/2220 2365/2538/2221
f 395/2539/2199 434/2540/2222 393/2535/2197
f 373/2506/2196 418/2541/2223 416/2537/2220
f 397/2542/2201 436/2543/2224 395/2539/2199
f 419/2544/2225 376/2508/2198 380/2510/2200
f 434/2540/2222 2345/2545/2226 432/2536/2219
f 416/2537/2220 2360/2546/2227 2365/2538/2221
f 2346/2547/2228 434/2540/2222 436/2543/2224
f 416/2537/2220 2358/2548/2229 2359/2549/2230
f 438/2550/2208 2352/2551/2231 436/2543/2224
f 418/2541/2223 2351/2552/2232 2350/2553/2233
f 440/2554/2210 2355/2555/2234 2354/2556/2235
f 419/2544/2225 2342/2557/2236 2343/2558/2237
f 442/2524/2212 467/2559/2238 2356/2560/2239
f 423/2521/2209 2341/2561/2240 2342/2557/2236
f 467/2559/2238 448/2529/2216 469/2562/2241
f 2341/2563/2240 426/2564/2211 430/2531/2213
f 367/2379/2085 469/2562/2241 448/2529/2216
f 432/2536/2219 2344/2565/2242 430/2531/2213
f 467/2559/2238 2357/2566/2243 2356/2560/2239
f 469/2562/2241 487/2567/2244 2361/2568/2245
f 487/2567/2244 469/2562/2241 367/2379/2085
f 2361/2568/2245 487/2567/2244 2363/2569/2246
f 367/2379/2085 2368/2570/2247 2364/2571/2248
f 367/2379/2085 2371/2572/2249 2368/2570/2247
f 367/2379/2085 2370/2378/2084 2371/2572/2249
f 412/2573/2250 2438/2574/2251 2439/2575/2252
f 108/2576/2253 412/2573/2250 2439/2575/2252
f 415/2577/2254 125/2578/2255 128/2579/2256
f 415/2580/2254 129/2581/2257 110/2582/2258
f 110/2582/2258 131/2583/2259 111/2584/2260
f 111/2584/2260 134/2585/2261 114/2586/2262
f 278/2587/2183 114/2586/2262 134/2585/2261
f 278/2587/2183 134/2585/2261 152/2588/2263
f 125/2578/2255 2440/2589/2264 2441/2590/2265
f 2442/2591/2266 2447/2592/2266 128/2593/2256
f 129/2581/2257 147/2594/2267 149/2595/2268
f 131/2583/2259 149/2595/2268 151/2596/2269
f 131/2583/2259 152/2588/2263 134/2585/2261
f 2449/2597/2270 147/2594/2267 2448/2598/2271
f 149/2595/2268 147/2594/2267 2449/2597/2270
f 149/2595/2268 168/2599/2272 151/2596/2269
f 152/2588/2263 168/2599/2272 170/2600/2273
f 278/2587/2183 152/2588/2263 170/2600/2273
f 278/2587/2183 170/2600/2273 188/2601/2274
f 2451/2602/2275 167/2603/2276 2452/2604/2277
f 167/2603/2276 187/2605/2278 168/2599/2272
f 168/2599/2272 188/2601/2274 170/2600/2273
f 185/2606/2279 2450/2607/2280 2455/2608/2281
f 187/2605/2278 185/2606/2279 2455/2608/2281
f 188/2601/2274 204/2609/2282 206/2610/2283
f 278/2587/2183 188/2601/2274 206/2610/2283
f 2453/2611/2284 204/2609/2282 2454/2612/2285
f 206/2610/2283 218/2613/2286 220/2614/2287
f 278/2587/2183 206/2610/2283 220/2614/2287
f 234/2615/2288 2444/2616/2289 2445/2617/2290
f 2446/2618/2291 2444/2616/2289 236/2619/2292
f 218/2613/2286 239/2620/2293 220/2614/2287
f 278/2587/2183 220/2614/2287 239/2620/2293
f 253/2621/2294 2445/2617/2290 2443/2622/2295
f 236/2619/2292 253/2621/2294 255/2623/2296
f 239/2620/2293 255/2623/2296 257/2624/2297
f 278/2587/2183 239/2620/2293 257/2624/2297
f 253/2621/2294 273/2625/2298 255/2623/2296
f 255/2623/2296 276/2626/2299 257/2624/2297
f 278/2587/2183 257/2624/2297 276/2626/2299
f 2434/2627/2300 2435/2628/2301 270/2629/2302
f 2432/2630/2303 2434/2631/2300 271/2632/2304
f 287/2633/2305 2433/2634/2306 2430/2635/2307
f 270/2629/2302 2435/2628/2301 2433/2634/2306
f 271/2632/2304 290/2636/2308 291/2637/2309
f 273/2625/2298 291/2637/2309 294/2638/2310
f 276/2626/2299 294/2638/2310 296/2639/2311
f 278/2587/2183 276/2626/2299 296/2639/2311
f 296/2639/2311 315/2640/2312 317/2641/2313
f 278/2587/2183 296/2639/2311 317/2641/2313
f 2422/2642/2314 2421/2643/2315 306/2644/2316
f 308/2645/2317 2427/2646/2318 2423/2647/2319
f 287/2648/2305 2429/2649/2320 2427/2646/2318
f 290/2636/2308 310/2650/2321 312/2651/2322
f 290/2636/2308 314/2652/2323 291/2637/2309
f 294/2638/2310 314/2652/2323 315/2640/2312
f 308/2645/2317 333/2653/2324 310/2654/2321
f 312/2655/2322 333/2653/2324 335/2656/2325
f 312/2651/2322 337/2657/2326 314/2652/2323
f 315/2640/2312 337/2657/2326 339/2658/2327
f 315/2640/2312 341/2659/2328 317/2641/2313
f 327/2660/2329 2419/2661/2330 2418/2662/2331
f 278/2587/2183 317/2641/2313 341/2659/2328
f 306/2644/2316 2421/2643/2315 2420/2663/2332
f 306/2644/2316 332/2664/2333 308/2645/2317
f 339/2658/2327 365/2665/2334 341/2659/2328
f 351/2666/2335 2418/2662/2331 2417/2667/2336
f 278/2587/2183 341/2659/2328 365/2665/2334
f 327/2660/2329 353/2668/2337 329/2669/2338
f 329/2669/2338 355/2670/2339 332/2664/2333
f 332/2664/2333 357/2671/2340 333/2653/2324
f 335/2656/2325 357/2671/2340 358/2672/2341
f 335/2673/2325 361/2674/2342 337/2657/2326
f 339/2658/2327 361/2674/2342 363/2675/2343
f 358/2676/2341 377/2677/2344 379/2678/2345
f 358/2676/2341 381/2679/2346 361/2674/2342
f 363/2675/2343 381/2679/2346 383/2680/2347
f 365/2665/2334 383/2680/2347 385/2681/2348
f 351/2666/2335 2417/2667/2336 2414/2682/2349
f 278/2587/2183 365/2665/2334 385/2681/2348
f 351/2666/2335 374/2683/2350 353/2668/2337
f 355/2670/2339 374/2683/2350 375/2684/2351
f 355/2670/2339 377/2685/2344 357/2671/2340
f 372/2686/2352 2416/2687/2353 2424/2688/2354
f 278/2587/2183 385/2681/2348 408/2689/2355
f 374/2690/2350 372/2686/2352 2424/2688/2354
f 375/2691/2351 396/2692/2356 398/2693/2357
f 377/2694/2344 398/2693/2357 400/2695/2358
f 377/2694/2344 402/2696/2359 379/2697/2345
f 381/2679/2346 402/2698/2359 404/2699/2360
f 381/2679/2346 405/2700/2361 383/2680/2347
f 383/2680/2347 408/2689/2355 385/2681/2348
f 402/2696/2359 108/2576/2253 415/2577/2254
f 402/2698/2359 110/2582/2258 404/2699/2360
f 405/2700/2361 110/2582/2258 111/2584/2260
f 405/2700/2361 114/2586/2262 408/2689/2355
f 278/2587/2183 408/2689/2355 114/2586/2262
f 396/2692/2356 2426/2701/2362 2436/2702/2363
f 398/2693/2357 396/2692/2356 2436/2702/2363
f 398/2693/2357 108/2576/2253 400/2695/2358
f 730/2703/2250 2385/2704/2364 2394/2705/2365
f 441/2706/2358 2386/2707/2366 422/2708/2253
f 731/2709/2254 441/2706/2358 422/2708/2253
f 445/2710/2360 731/2711/2254 425/2712/2258
f 446/2713/2361 425/2712/2258 427/2714/2260
f 449/2715/2355 427/2714/2260 429/2716/2262
f 591/2717/2183 449/2715/2355 429/2716/2262
f 591/2717/2183 465/2718/2348 449/2715/2355
f 2388/2719/2367 441/2706/2358 2387/2720/2368
f 2376/2721/2369 2375/2722/2370 443/2723/2359
f 445/2710/2360 459/2724/2371 443/2725/2359
f 446/2713/2361 461/2726/2346 445/2710/2360
f 465/2718/2348 446/2713/2361 449/2715/2355
f 2377/2727/2372 459/2724/2371 2380/2728/2373
f 461/2726/2346 2378/2729/2374 2380/2728/2373
f 482/2730/2343 461/2726/2346 463/2731/2347
f 465/2718/2348 482/2730/2343 463/2731/2347
f 591/2717/2183 483/2732/2334 465/2718/2348
f 591/2717/2183 501/2733/2328 483/2732/2334
f 2378/2729/2374 480/2734/2342 2379/2735/2375
f 499/2736/2327 2381/2737/2376 2379/2735/2375
f 501/2733/2328 482/2730/2343 483/2732/2334
f 499/2736/2327 2383/2738/2377 2382/2739/2378
f 501/2733/2328 515/2740/2312 499/2736/2327
f 591/2717/2183 517/2741/2313 501/2733/2328
f 532/2742/2310 2389/2743/2379 2384/2744/2380
f 517/2741/2313 532/2742/2310 515/2740/2312
f 591/2717/2183 534/2745/2311 517/2741/2313
f 2389/2743/2379 550/2746/2298 2391/2747/2381
f 552/2748/2299 532/2742/2310 534/2745/2311
f 591/2717/2183 552/2748/2299 534/2745/2311
f 2393/2749/2382 2390/2750/2383 566/2751/2294
f 568/2752/2296 2390/2750/2383 550/2746/2298
f 552/2748/2299 568/2752/2296 550/2746/2298
f 591/2717/2183 569/2753/2297 552/2748/2299
f 587/2754/2292 566/2751/2294 568/2752/2296
f 589/2755/2293 568/2752/2296 569/2753/2297
f 591/2717/2183 589/2755/2293 569/2753/2297
f 2399/2756/2384 2397/2757/2385 583/2758/2386
f 585/2759/2387 2397/2760/2385 2392/2761/2388
f 2402/2762/2389 2403/2763/2390 602/2764/2391
f 2398/2765/2392 2399/2756/2384 604/2766/2393
f 585/2759/2387 604/2767/2393 583/2768/2386
f 587/2754/2292 607/2769/2394 585/2759/2387
f 589/2755/2293 608/2770/2286 587/2754/2292
f 591/2717/2183 611/2771/2287 589/2755/2293
f 611/2771/2287 631/2772/2282 608/2770/2286
f 591/2717/2183 632/2773/2283 611/2771/2287
f 2413/2774/2395 621/2775/2396 2412/2776/2397
f 623/2777/2398 2413/2774/2395 2404/2778/2399
f 624/2779/2400 623/2777/2398 2405/2780/2401
f 604/2767/2393 624/2781/2400 602/2782/2391
f 628/2783/2402 604/2767/2393 607/2769/2394
f 608/2770/2286 628/2783/2402 607/2769/2394
f 649/2784/2403 623/2785/2398 624/2781/2400
f 626/2786/2404 649/2784/2403 624/2781/2400
f 652/2787/2279 626/2786/2404 628/2783/2402
f 631/2772/2282 652/2787/2279 628/2783/2402
f 656/2788/2274 631/2772/2282 632/2773/2283
f 643/2789/2405 2410/2790/2406 2411/2791/2407
f 591/2717/2183 656/2788/2274 632/2773/2283
f 645/2792/2408 643/2789/2405 2411/2791/2407
f 647/2793/2409 621/2794/2396 623/2795/2398
f 679/2796/2273 654/2797/2278 656/2788/2274
f 2409/2798/2410 665/2799/2411 2408/2800/2412
f 591/2717/2183 679/2796/2273 656/2788/2274
f 667/2801/2413 643/2789/2405 645/2792/2408
f 669/2802/2414 645/2792/2408 647/2793/2409
f 671/2803/2415 647/2793/2409 649/2804/2403
f 650/2805/2416 671/2806/2415 649/2784/2403
f 675/2807/2276 650/2805/2416 652/2787/2279
f 654/2797/2278 675/2807/2276 652/2787/2279
f 673/2808/2417 695/2809/2418 671/2806/2415
f 699/2810/2268 673/2808/2417 675/2807/2276
f 677/2811/2272 699/2810/2268 675/2807/2276
f 679/2796/2273 701/2812/2269 677/2811/2272
f 688/2813/2419 2407/2814/2420 2406/2815/2421
f 591/2717/2183 703/2816/2263 679/2796/2273
f 690/2817/2422 665/2799/2411 667/2801/2413
f 669/2802/2414 690/2817/2422 667/2801/2413
f 695/2809/2418 669/2818/2414 671/2806/2415
f 2407/2819/2420 688/2820/2419 2400/2821/2423
f 591/2717/2183 725/2822/2261 703/2816/2263
f 712/2823/2424 2401/2824/2425 2400/2825/2423
f 693/2826/2426 712/2823/2424 690/2827/2422
f 695/2828/2418 714/2829/2427 693/2826/2426
f 719/2830/2256 695/2809/2418 697/2831/2267
f 699/2810/2268 719/2830/2256 697/2831/2267
f 723/2832/2259 699/2810/2268 701/2812/2269
f 725/2822/2261 701/2812/2269 703/2816/2263
f 719/2833/2256 422/2708/2253 716/2834/2255
f 425/2712/2258 719/2830/2256 720/2835/2257
f 723/2832/2259 425/2712/2258 720/2835/2257
f 429/2716/2262 723/2832/2259 725/2822/2261
f 591/2717/2183 429/2716/2262 725/2822/2261
f 712/2823/2424 2395/2836/2428 2401/2824/2425
f 730/2703/2250 2394/2705/2365 2396/2837/2429
f 422/2708/2253 714/2829/2427 716/2834/2255
f 2289/144/58 103/203/115 118/145/59
f 2303/147/61 146/204/116 148/148/62
f 104/150/64 2289/2377/58 119/151/60
f 2290/154/67 104/150/64 120/152/65
f 2307/157/70 2308/225/136 136/158/71
f 136/158/71 109/2373/2081 2304/156/69
f 109/2373/2081 2306/2838/2430 2305/2839/2431
f 109/2373/2081 2305/2839/2431 2304/156/69
f 2291/159/72 2290/154/67 121/155/68
f 112/161/74 109/2373/2081 136/158/71
f 2292/163/76 2291/159/72 122/160/73
f 112/161/74 137/162/75 138/165/78
f 2293/167/80 2292/163/76 123/164/77
f 2296/166/79 138/165/78 139/169/82
f 2294/171/84 2293/167/80 124/168/81
f 2297/170/83 139/169/82 140/173/86
f 105/175/88 2294/171/84 126/172/85
f 2298/177/87 140/235/86 141/178/90
f 106/180/92 105/175/88 127/176/89
f 2299/179/91 141/178/90 142/182/94
f 107/184/96 106/180/92 130/181/93
f 2300/183/95 142/182/94 143/186/98
f 2295/188/100 107/184/96 132/185/97
f 2301/187/99 143/186/98 144/193/105
f 135/200/112 2310/195/107 133/189/101
f 2310/195/107 2309/2840/2432 2295/188/100
f 102/196/108 101/190/102 116/192/104
f 2302/194/106 144/193/105 145/198/110
f 2311/2841/2433 2310/195/107 135/200/112
f 135/200/112 2314/2842/2434 2312/201/113
f 2313/202/114 2311/2841/2433 135/200/112
f 103/203/115 102/196/108 117/197/109
f 113/199/111 145/198/110 146/204/116
f 130/181/93 127/176/89 163/205/117
f 141/178/90 181/236/146 182/207/119
f 132/185/97 130/181/93 164/206/118
f 142/182/94 182/207/119 184/209/121
f 133/189/101 132/185/97 165/208/120
f 143/186/98 184/209/121 189/212/124
f 133/189/101 166/210/122 169/213/125
f 117/197/109 116/192/104 150/211/123
f 144/193/105 189/212/124 191/215/127
f 2316/217/129 2314/2842/2434 135/200/112
f 135/200/112 169/213/125 2315/216/128
f 169/213/125 2317/2843/2435 2318/2844/2436
f 169/213/125 2318/2844/2436 2315/216/128
f 118/145/59 117/197/109 153/214/126
f 145/198/110 191/215/127 193/219/131
f 119/146/60 118/145/59 154/218/130
f 146/204/116 193/219/131 195/221/133
f 120/152/65 119/151/60 155/222/132
f 121/155/68 120/152/65 156/223/134
f 2319/226/137 2320/254/163 171/253/162
f 171/253/162 136/158/71 2319/226/137
f 122/160/73 121/155/68 157/224/135
f 136/158/71 171/253/162 173/228/139
f 123/164/77 122/160/73 158/227/138
f 137/162/75 173/228/139 175/230/141
f 124/168/81 123/164/77 159/229/140
f 138/165/78 175/230/141 178/232/143
f 126/172/85 124/168/81 161/231/142
f 139/169/82 178/232/143 180/234/145
f 127/176/89 126/172/85 162/233/144
f 140/235/86 180/2845/145 181/236/146
f 166/210/122 165/208/120 224/237/147
f 184/209/121 251/272/180 254/240/150
f 166/210/122 225/238/148 228/241/151
f 153/214/126 150/211/123 198/239/149
f 189/212/124 254/240/150 258/243/153
f 2321/245/155 2317/2843/2435 169/213/125
f 169/213/125 228/241/151 2321/245/155
f 228/241/151 2322/2846/2437 2323/244/154
f 154/218/130 153/214/126 200/242/152
f 191/215/127 258/243/153 260/247/157
f 155/220/132 154/218/130 202/246/156
f 193/219/131 260/247/157 262/249/159
f 156/223/134 155/222/132 203/250/158
f 157/224/135 156/223/134 208/251/160
f 2324/255/164 2325/289/196 235/288/195
f 235/288/195 171/253/162 2324/255/164
f 158/227/138 157/224/135 210/252/161
f 171/253/162 235/288/195 238/257/166
f 159/229/140 158/227/138 212/256/165
f 173/228/139 238/257/166 241/259/168
f 161/231/142 159/229/140 214/258/167
f 175/230/141 241/259/168 243/261/170
f 2375/262/171 2376/2847/2438 162/233/144
f 162/233/144 161/231/142 215/260/169
f 180/234/145 178/232/143 243/261/170
f 2381/2848/2439 2382/2849/2440 163/205/117
f 162/233/144 2376/2847/2438 2377/2850/2441
f 162/233/144 2377/2850/2441 2380/264/173
f 2381/2848/2439 163/205/117 2379/2851/2439
f 163/205/117 162/233/144 2378/265/174
f 2379/2851/2439 163/205/117 2378/265/174
f 181/236/146 180/2845/145 244/266/172
f 2384/269/177 222/271/179 164/206/118
f 164/206/118 163/205/117 2383/268/176
f 163/205/117 2382/2849/2440 2383/268/176
f 182/207/119 181/236/146 246/267/175
f 165/208/120 164/206/118 222/271/179
f 184/209/121 182/207/119 249/270/178
f 2326/2852/2442 2322/2846/2437 302/274/182
f 2322/2846/2437 228/241/151 302/274/182
f 202/246/156 200/242/152 265/275/183
f 258/243/153 338/311/217 343/277/185
f 2327/278/186 2326/2852/2442 302/274/182
f 302/274/182 2328/349/254 2329/279/187
f 203/248/158 202/246/156 268/276/184
f 260/247/157 343/277/185 344/281/189
f 208/251/160 203/250/158 272/282/188
f 2333/284/191 2332/320/226 307/285/192
f 307/285/192 2331/2853/2443 2330/286/193
f 210/252/161 208/251/160 274/283/190
f 2334/290/197 2331/2853/2443 235/288/195
f 2331/2853/2443 307/285/192 309/323/229
f 235/288/195 2331/2853/2443 309/323/229
f 212/256/165 210/252/161 277/287/194
f 235/288/195 309/323/229 316/292/199
f 214/258/167 212/256/165 280/291/198
f 238/257/166 316/292/199 318/294/201
f 215/260/169 214/258/167 283/293/200
f 241/259/168 318/294/201 320/296/203
f 2375/262/171 215/260/169 2387/2854/2444
f 215/260/169 284/295/202 2386/297/204
f 2387/2854/2444 215/260/169 2388/298/205
f 284/295/202 2385/2855/2445 2386/297/204
f 244/263/172 243/261/170 320/296/203
f 246/267/175 244/266/172 322/300/206
f 2392/2856/2446 289/305/211 2393/303/209
f 289/305/211 222/271/179 2393/303/209
f 222/271/179 2384/269/177 2389/2857/2447
f 222/271/179 2389/2857/2447 2391/2858/2448
f 222/271/179 2391/2858/2448 2390/302/208
f 249/270/178 246/267/175 324/301/207
f 224/237/147 222/271/179 289/305/211
f 251/272/180 249/270/178 326/304/210
f 225/238/148 224/237/147 293/306/212
f 254/240/150 251/272/180 330/307/213
f 225/238/148 297/308/214 299/273/181
f 200/242/152 198/239/149 263/309/215
f 254/240/150 334/310/216 338/311/217
f 2337/313/219 2335/2859/2449 392/314/220
f 392/314/220 394/382/285 2336/312/218
f 394/382/285 2338/2860/2450 2336/312/218
f 274/283/190 272/282/188 354/315/221
f 2339/318/224 2338/2860/2450 394/382/285
f 394/382/285 399/319/225 2339/318/224
f 399/319/225 307/285/192 2332/320/226
f 277/287/194 274/283/190 359/316/222
f 307/285/192 399/319/225 403/322/228
f 280/291/198 277/287/194 364/321/227
f 309/323/229 403/322/228 407/325/231
f 283/293/200 280/291/198 366/324/230
f 316/292/199 407/325/231 410/327/233
f 284/295/202 283/293/200 368/326/232
f 318/294/201 410/327/233 411/329/235
f 2385/2855/2445 284/295/202 2394/331/237
f 284/295/202 370/328/234 2394/331/237
f 370/328/234 2395/2861/2451 2396/330/236
f 320/296/203 411/329/235 413/332/238
f 324/301/207 322/300/206 413/333/238
f 289/305/211 2392/2856/2446 2397/2862/2452
f 2399/336/241 2398/2863/2453 378/335/240
f 289/305/211 2397/2862/2452 2399/336/241
f 326/304/210 324/301/207 414/334/239
f 293/306/212 289/305/211 378/335/240
f 326/304/210 417/337/242 420/339/244
f 297/308/214 293/306/212 384/338/243
f 330/307/213 420/339/244 421/342/247
f 297/308/214 386/340/245 388/343/248
f 265/275/183 263/309/215 347/341/246
f 334/310/216 421/342/247 424/345/250
f 299/273/181 388/343/248 390/346/251
f 268/276/184 265/275/183 349/344/249
f 338/311/217 424/345/250 428/348/253
f 2335/2859/2449 2328/349/254 392/314/220
f 2328/349/254 302/274/182 390/346/251
f 272/280/188 268/276/184 352/347/252
f 343/277/185 428/348/253 431/317/223
f 399/319/225 462/385/287 464/351/255
f 366/324/230 364/321/227 447/352/256
f 403/322/228 464/351/255 466/354/258
f 368/326/232 366/324/230 450/353/257
f 407/325/231 466/354/258 468/356/260
f 370/328/234 368/326/232 451/355/259
f 410/327/233 468/356/260 470/358/262
f 2395/2861/2451 370/328/234 2401/360/264
f 370/328/234 452/357/261 2401/360/264
f 411/329/235 470/358/262 471/361/265
f 413/333/238 471/395/265 472/362/266
f 453/363/267 378/335/240 2402/364/268
f 378/335/240 2398/2863/2453 2403/2864/2454
f 378/335/240 2403/2864/2454 2402/364/268
f 2405/365/268 2404/2865/2455 453/363/267
f 414/334/239 472/362/266 473/366/269
f 384/338/243 378/335/240 453/363/267
f 417/337/242 473/366/269 474/368/271
f 386/340/245 384/338/243 454/367/270
f 420/339/244 474/368/271 475/371/274
f 386/340/245 455/369/272 456/372/275
f 349/344/249 347/341/246 433/370/273
f 421/342/247 475/371/274 476/374/277
f 388/343/248 456/372/275 457/375/278
f 352/347/252 349/344/249 435/373/276
f 424/345/250 476/374/277 477/377/280
f 390/346/251 457/375/278 458/378/281
f 354/350/221 352/347/252 437/376/279
f 428/348/253 477/377/280 478/380/283
f 392/314/220 458/378/281 460/381/284
f 359/316/222 354/315/221 439/383/282
f 394/382/285 460/381/284 462/385/287
f 364/321/227 359/316/222 444/384/286
f 466/354/258 505/423/322 506/386/288
f 452/357/261 451/355/259 490/387/289
f 468/356/260 506/386/288 507/389/291
f 2400/359/263 452/357/261 491/388/290
f 491/388/290 492/393/295 2407/390/292
f 492/393/295 2406/2866/2456 2407/390/292
f 470/358/262 507/389/291 508/391/293
f 2408/392/294 2406/2866/2456 492/393/295
f 493/394/296 2410/2867/2457 2409/2868/2458
f 2409/2868/2458 2408/392/294 493/394/296
f 471/395/265 508/427/293 509/396/297
f 2411/398/299 2410/2867/2457 493/394/296
f 493/394/296 494/400/301 2412/397/298
f 494/400/301 453/363/267 2413/2869/2459
f 2412/397/298 494/400/301 2413/2869/2459
f 453/363/267 2404/2865/2455 2413/2869/2459
f 472/362/266 509/396/297 510/399/300
f 454/367/270 453/363/267 494/400/301
f 473/366/269 510/399/300 511/402/303
f 455/369/272 454/367/270 495/401/302
f 474/368/271 511/402/303 512/405/306
f 455/369/272 496/403/304 497/406/307
f 435/373/276 433/370/273 479/404/305
f 475/371/274 512/405/306 513/408/309
f 456/372/275 497/406/307 498/409/310
f 437/376/279 435/373/276 481/407/308
f 476/374/277 513/408/309 514/411/312
f 457/375/278 498/409/310 500/412/313
f 439/379/282 437/376/279 484/410/311
f 477/377/280 514/411/312 516/414/315
f 458/378/281 500/412/313 502/415/316
f 444/416/286 439/379/282 485/413/314
f 460/381/284 502/415/316 503/418/318
f 447/352/256 444/384/286 486/419/317
f 462/385/287 503/418/318 504/421/320
f 450/353/257 447/352/256 488/420/319
f 464/351/255 504/421/320 505/423/322
f 451/355/259 450/353/257 489/422/321
f 507/389/291 542/456/353 543/424/323
f 493/394/296 492/393/295 527/425/324
f 508/427/293 543/488/323 544/428/326
f 494/400/301 493/394/296 528/426/325
f 509/396/297 544/428/326 545/430/328
f 495/401/302 494/400/301 529/429/327
f 510/399/300 545/430/328 546/432/330
f 496/403/304 495/401/302 530/431/329
f 511/402/303 546/432/330 547/435/333
f 496/403/304 531/433/331 533/436/334
f 481/407/308 479/404/305 518/434/332
f 512/405/306 547/435/333 548/438/336
f 497/406/307 533/436/334 535/439/337
f 484/410/311 481/407/308 519/437/335
f 513/408/309 548/438/336 549/441/339
f 498/409/310 535/439/337 536/442/340
f 485/413/314 484/410/311 520/440/338
f 514/411/312 549/441/339 551/444/342
f 500/412/313 536/442/340 537/445/343
f 486/417/317 485/413/314 521/443/341
f 502/415/316 537/445/343 538/447/345
f 488/420/319 486/419/317 522/448/344
f 503/418/318 538/447/345 539/450/347
f 489/422/321 488/420/319 523/449/346
f 504/421/320 539/450/347 540/452/349
f 490/387/289 489/422/321 524/451/348
f 505/423/322 540/452/349 541/454/351
f 491/388/290 490/387/289 525/453/350
f 506/386/288 541/454/351 542/456/353
f 492/393/295 491/388/290 526/455/352
f 544/428/326 580/490/384 581/457/354
f 530/431/329 529/429/327 564/458/355
f 545/430/328 581/457/354 582/460/357
f 531/433/331 530/431/329 565/459/356
f 546/432/330 582/460/357 584/463/360
f 531/433/331 567/461/358 570/464/361
f 519/437/335 518/434/332 553/462/359
f 547/435/333 584/463/360 586/466/363
f 533/436/334 570/464/361 571/467/364
f 520/440/338 519/437/335 554/465/362
f 548/438/336 586/466/363 588/469/366
f 535/439/337 571/467/364 572/470/367
f 521/443/341 520/440/338 555/468/365
f 549/441/339 588/469/366 590/472/369
f 536/442/340 572/470/367 573/473/370
f 522/446/344 521/443/341 556/471/368
f 537/445/343 573/473/370 574/475/372
f 523/449/346 522/448/344 557/476/371
f 538/447/345 574/475/372 575/478/374
f 524/451/348 523/449/346 558/477/373
f 539/450/347 575/478/374 576/480/376
f 525/453/350 524/451/348 559/479/375
f 540/452/349 576/480/376 577/482/378
f 526/455/352 525/453/350 560/481/377
f 541/454/351 577/482/378 578/484/380
f 527/425/324 526/455/352 561/483/379
f 542/486/353 578/517/380 579/487/382
f 528/426/325 527/425/324 562/485/381
f 543/488/323 579/487/382 580/490/384
f 529/429/327 528/426/325 563/489/383
f 582/460/357 627/524/415 629/491/385
f 570/464/361 567/461/358 609/492/386
f 554/465/362 553/462/359 592/494/388
f 584/463/360 629/491/385 630/496/390
f 570/464/361 610/493/387 612/497/391
f 555/468/365 554/465/362 593/495/389
f 586/466/363 630/496/390 633/499/393
f 571/467/364 612/497/391 613/500/394
f 556/471/368 555/468/365 594/498/392
f 588/469/366 633/499/393 634/502/396
f 572/470/367 613/500/394 614/503/397
f 557/474/371 556/471/368 595/501/395
f 573/473/370 614/503/397 615/505/399
f 558/506/373 557/474/371 596/504/398
f 574/475/372 615/505/399 616/508/401
f 559/479/375 558/477/373 597/509/400
f 575/478/374 616/508/401 617/511/403
f 560/481/377 559/479/375 598/510/402
f 576/480/376 617/511/403 618/513/405
f 561/483/379 560/481/377 599/512/404
f 577/482/378 618/513/405 619/515/407
f 562/485/381 561/483/379 600/514/406
f 578/517/380 619/553/407 620/518/409
f 563/489/383 562/485/381 601/516/408
f 579/487/382 620/518/409 622/520/411
f 564/458/355 563/489/383 603/519/410
f 580/490/384 622/520/411 625/522/413
f 565/459/356 564/458/355 605/521/412
f 581/457/354 625/522/413 627/524/415
f 567/461/358 565/459/356 606/523/414
f 630/496/390 678/571/446 680/525/416
f 613/526/394 612/572/391 658/527/417
f 595/501/395 594/498/392 637/529/419
f 633/499/393 680/525/416 681/531/421
f 614/532/397 613/526/394 659/528/418
f 596/504/398 595/501/395 638/530/420
f 615/535/399 614/532/397 660/533/422
f 597/537/400 596/2870/398 639/538/423
f 616/540/401 615/535/399 661/536/424
f 598/542/402 597/537/400 640/539/425
f 616/508/401 662/2871/426 663/544/428
f 599/545/404 598/542/402 641/543/427
f 617/511/403 663/544/428 664/547/430
f 600/548/406 599/545/404 642/546/429
f 618/513/405 664/547/430 666/550/432
f 601/551/408 600/548/406 644/549/431
f 619/553/407 666/589/432 668/554/434
f 603/555/410 601/551/408 646/552/433
f 620/518/409 668/554/434 670/557/436
f 605/558/412 603/555/410 648/556/435
f 622/520/411 670/557/436 672/560/438
f 606/561/414 605/558/412 651/559/437
f 625/522/413 672/560/438 674/563/440
f 609/564/386 606/561/414 653/562/439
f 627/524/415 674/563/440 676/567/443
f 610/568/387 609/564/386 655/565/441
f 593/495/389 592/494/388 635/566/442
f 629/491/385 676/567/443 678/571/446
f 612/572/391 610/568/387 657/569/444
f 594/498/392 593/495/389 636/570/445
f 661/536/424 660/533/422 707/574/448
f 640/539/425 639/538/423 686/576/450
f 661/536/424 708/575/449 709/578/452
f 641/543/427 640/539/425 687/577/451
f 662/541/426 709/578/452 710/580/454
f 642/546/429 641/543/427 689/579/453
f 663/581/428 710/580/454 711/583/456
f 644/549/431 642/546/429 691/582/455
f 664/584/430 711/583/456 713/586/458
f 646/552/433 644/549/431 692/585/457
f 666/589/432 713/616/458 715/590/460
f 648/556/435 646/552/433 694/588/459
f 668/554/434 715/590/460 717/592/462
f 651/559/437 648/556/435 696/591/461
f 670/557/436 717/592/462 718/594/464
f 653/562/439 651/559/437 698/593/463
f 672/560/438 718/594/464 721/596/466
f 655/565/441 653/562/439 700/595/465
f 674/563/440 721/596/466 722/599/469
f 657/569/444 655/565/441 702/597/467
f 636/570/445 635/566/442 682/598/468
f 676/567/443 722/599/469 724/602/472
f 658/527/417 657/569/444 704/600/470
f 637/529/419 636/570/445 683/601/471
f 678/571/446 724/602/472 726/605/475
f 659/528/418 658/527/417 705/603/473
f 638/530/420 637/529/419 684/604/474
f 680/525/416 726/605/475 727/573/447
f 660/533/422 659/528/418 706/606/476
f 639/534/423 638/530/420 685/607/477
f 709/578/452 749/641/508 750/609/478
f 691/582/455 689/579/453 736/610/479
f 710/580/454 750/609/478 751/612/481
f 692/585/457 691/582/455 737/611/480
f 711/583/456 751/612/481 752/614/483
f 694/588/459 692/585/457 738/613/482
f 713/616/458 752/645/483 753/617/485
f 696/591/461 694/588/459 739/615/484
f 715/590/460 753/617/485 754/619/487
f 698/593/463 696/591/461 740/618/486
f 717/592/462 754/619/487 755/621/489
f 700/595/465 698/593/463 741/620/488
f 718/594/464 755/621/489 756/623/491
f 702/597/467 700/595/465 742/622/490
f 721/596/466 756/623/491 757/626/494
f 704/600/470 702/597/467 743/624/492
f 683/601/471 682/598/468 728/625/493
f 722/599/469 757/626/494 758/629/497
f 705/603/473 704/600/470 744/627/495
f 684/604/474 683/601/471 729/628/496
f 724/602/472 758/629/497 759/632/500
f 706/606/476 705/603/473 745/630/498
f 685/607/477 684/604/474 732/631/499
f 726/605/475 759/632/500 760/635/503
f 707/574/448 706/606/476 746/633/501
f 686/576/450 685/2872/477 733/637/502
f 708/575/449 707/574/448 747/636/504
f 687/577/451 686/576/450 734/638/505
f 708/575/449 748/639/506 749/641/508
f 689/579/453 687/577/451 735/640/507
f 751/612/481 782/674/539 783/642/509
f 739/615/484 738/613/482 769/643/510
f 752/645/483 783/706/509 784/646/512
f 740/618/486 739/615/484 770/644/511
f 753/617/485 784/646/512 785/648/514
f 741/620/488 740/618/486 771/647/513
f 754/619/487 785/648/514 786/650/516
f 742/622/490 741/620/488 772/649/515
f 755/621/489 786/650/516 787/652/518
f 743/624/492 742/622/490 773/651/517
f 756/623/491 787/652/518 788/655/521
f 744/627/495 743/624/492 774/653/519
f 729/628/496 728/625/493 761/654/520
f 757/626/494 788/655/521 789/658/524
f 745/630/498 744/627/495 775/656/522
f 732/631/499 729/628/496 762/657/523
f 758/629/497 789/658/524 790/661/527
f 746/633/501 745/630/498 776/659/525
f 733/634/502 732/631/499 763/660/526
f 759/632/500 790/661/527 791/664/530
f 747/636/504 746/633/501 777/662/528
f 734/638/505 733/637/502 764/666/529
f 747/636/504 778/665/531 779/668/533
f 735/640/507 734/638/505 765/667/532
f 748/639/506 779/668/533 780/670/535
f 736/610/479 735/640/507 766/669/534
f 749/641/508 780/670/535 781/672/537
f 737/611/480 736/610/479 767/671/536
f 750/609/478 781/672/537 782/674/539
f 738/613/482 737/611/480 768/673/538
f 784/646/512 815/707/570 816/675/540
f 772/649/515 771/647/513 802/676/541
f 785/648/514 816/675/540 817/678/543
f 773/651/517 772/649/515 803/677/542
f 786/650/516 817/678/543 818/680/545
f 774/653/519 773/651/517 804/679/544
f 787/652/518 818/680/545 819/683/548
f 775/656/522 774/653/519 805/681/546
f 762/657/523 761/654/520 792/682/547
f 788/655/521 819/683/548 820/686/551
f 776/659/525 775/656/522 806/684/549
f 763/660/526 762/657/523 793/685/550
f 789/658/524 820/686/551 821/689/554
f 777/662/528 776/659/525 807/687/552
f 764/663/529 763/660/526 794/688/553
f 790/661/527 821/689/554 822/692/557
f 778/665/531 777/662/528 808/690/555
f 765/667/532 764/666/529 795/694/556
f 778/665/531 809/693/558 810/696/560
f 766/669/534 765/667/532 796/695/559
f 779/668/533 810/696/560 811/698/562
f 767/671/536 766/669/534 797/697/561
f 780/670/535 811/698/562 812/700/564
f 768/673/538 767/671/536 798/699/563
f 781/672/537 812/700/564 813/702/566
f 769/643/510 768/673/538 799/701/565
f 782/674/539 813/702/566 814/704/568
f 770/644/511 769/643/510 800/703/567
f 783/706/509 814/735/568 815/707/570
f 771/647/513 770/644/511 801/705/569
f 817/678/543 848/740/601 849/708/571
f 805/681/546 804/679/544 835/709/572
f 818/680/545 849/708/571 850/712/575
f 806/684/549 805/681/546 836/710/573
f 793/685/550 792/682/547 823/711/574
f 819/683/548 850/712/575 851/715/578
f 807/687/552 806/684/549 837/713/576
f 794/688/553 793/685/550 824/714/577
f 820/686/551 851/715/578 852/718/581
f 808/690/555 807/687/552 838/716/579
f 795/694/556 794/2873/553 825/720/580
f 821/689/554 852/718/581 853/722/584
f 808/690/555 839/719/582 840/723/585
f 796/695/559 795/694/556 826/721/583
f 809/693/558 840/723/585 841/725/587
f 797/697/561 796/695/559 827/724/586
f 810/696/560 841/725/587 842/727/589
f 798/699/563 797/697/561 828/726/588
f 811/698/562 842/727/589 843/729/591
f 799/701/565 798/699/563 829/728/590
f 812/700/564 843/729/591 844/731/593
f 800/703/567 799/701/565 830/730/592
f 813/702/566 844/731/593 845/733/595
f 801/705/569 800/703/567 831/732/594
f 814/735/568 845/764/595 846/736/597
f 802/676/541 801/705/569 832/734/596
f 815/707/570 846/736/597 847/738/599
f 803/677/542 802/676/541 833/737/598
f 816/675/540 847/738/599 848/740/601
f 804/679/544 803/677/542 834/739/600
f 824/714/577 823/711/574 854/741/602
f 850/712/575 881/773/632 882/743/604
f 838/716/579 837/713/576 868/744/605
f 825/717/580 824/714/577 855/742/603
f 851/715/578 882/743/604 883/747/608
f 839/719/582 838/716/579 869/745/606
f 826/721/583 825/720/580 856/749/607
f 852/718/581 883/747/608 884/751/611
f 839/719/582 870/748/609 871/752/612
f 827/724/586 826/721/583 857/750/610
f 840/723/585 871/752/612 872/754/614
f 828/726/588 827/724/586 858/753/613
f 841/725/587 872/754/614 873/756/616
f 829/728/590 828/726/588 859/755/615
f 842/727/589 873/756/616 874/758/618
f 830/730/592 829/728/590 860/757/617
f 843/729/591 874/758/618 875/760/620
f 831/732/594 830/730/592 861/759/619
f 844/731/593 875/760/620 876/762/622
f 832/734/596 831/732/594 862/761/621
f 845/764/595 876/789/622 877/765/624
f 833/737/598 832/734/596 863/763/623
f 846/736/597 877/765/624 878/767/626
f 834/739/600 833/737/598 864/766/625
f 847/738/599 878/767/626 879/769/628
f 835/709/572 834/739/600 865/768/627
f 848/740/601 879/769/628 880/771/630
f 836/710/573 835/709/572 866/770/629
f 849/708/571 880/771/630 881/773/632
f 837/713/576 836/710/573 867/772/631
f 857/750/610 856/749/607 887/774/633
f 883/747/608 914/805/662 915/776/635
f 870/748/609 901/806/663 902/777/636
f 858/753/613 857/750/610 888/775/634
f 871/752/612 902/777/636 903/779/638
f 859/755/615 858/753/613 889/778/637
f 872/754/614 903/779/638 904/781/640
f 860/757/617 859/755/615 890/780/639
f 873/756/616 904/781/640 905/783/642
f 861/759/619 860/757/617 891/782/641
f 874/758/618 905/783/642 906/785/644
f 862/761/621 861/759/619 892/784/643
f 875/760/620 906/785/644 907/787/646
f 863/763/623 862/761/621 893/786/645
f 876/789/622 907/817/646 908/790/648
f 864/766/625 863/763/623 894/788/647
f 877/765/624 908/790/648 909/792/650
f 865/768/627 864/766/625 895/791/649
f 878/767/626 909/792/650 910/794/652
f 866/770/629 865/768/627 896/793/651
f 879/769/628 910/794/652 911/796/654
f 867/772/631 866/770/629 897/795/653
f 880/771/630 911/796/654 912/799/657
f 868/744/605 867/772/631 898/797/655
f 855/742/603 854/741/602 885/798/656
f 881/773/632 912/799/657 913/802/660
f 869/745/606 868/744/605 899/800/658
f 856/746/607 855/742/603 886/801/659
f 882/743/604 913/802/660 914/805/662
f 870/748/609 869/745/606 900/803/661
f 890/780/639 889/778/637 920/807/664
f 903/779/638 934/839/694 935/809/666
f 891/782/641 890/780/639 921/808/665
f 904/781/640 935/809/666 936/811/668
f 892/784/643 891/782/641 922/810/667
f 905/783/642 936/811/668 937/813/670
f 893/786/645 892/784/643 923/812/669
f 906/785/644 937/813/670 938/815/672
f 894/788/647 893/786/645 924/814/671
f 907/817/646 938/846/672 939/818/674
f 895/791/649 894/788/647 925/816/673
f 908/790/648 939/818/674 940/820/676
f 896/793/651 895/791/649 926/819/675
f 909/792/650 940/820/676 941/822/678
f 897/795/653 896/793/651 927/821/677
f 910/794/652 941/822/678 942/824/680
f 898/797/655 897/795/653 928/823/679
f 911/796/654 942/824/680 943/827/683
f 899/800/658 898/797/655 929/825/681
f 886/801/659 885/798/656 916/826/682
f 912/799/657 943/827/683 944/830/686
f 900/803/661 899/800/658 930/828/684
f 887/804/633 886/801/659 917/829/685
f 913/802/660 944/830/686 945/833/689
f 901/806/663 900/803/661 931/831/687
f 888/775/634 887/774/633 918/835/688
f 914/805/662 945/833/689 946/837/692
f 901/806/663 932/834/690 933/838/693
f 889/778/637 888/775/634 919/836/691
f 902/777/636 933/838/693 934/839/694
f 923/812/669 922/810/667 953/840/695
f 936/811/668 967/872/725 968/842/697
f 924/814/671 923/812/669 954/841/696
f 937/813/670 968/842/697 969/844/699
f 925/816/673 924/814/671 955/843/698
f 938/846/672 969/875/699 970/847/701
f 926/819/675 925/816/673 956/845/700
f 939/818/674 970/847/701 971/849/703
f 927/821/677 926/819/675 957/848/702
f 940/820/676 971/849/703 972/851/705
f 928/823/679 927/821/677 958/850/704
f 941/822/678 972/851/705 973/853/707
f 929/825/681 928/823/679 959/852/706
f 942/824/680 973/853/707 974/856/710
f 930/828/684 929/825/681 960/854/708
f 917/829/685 916/826/682 947/855/709
f 943/827/683 974/856/710 975/859/713
f 931/831/687 930/828/684 961/857/711
f 918/832/688 917/829/685 948/858/712
f 944/830/686 975/859/713 976/862/716
f 932/834/690 931/831/687 962/860/714
f 919/836/691 918/835/688 949/864/715
f 945/833/689 976/862/716 977/866/719
f 933/838/693 932/834/690 963/863/717
f 920/807/664 919/836/691 950/865/718
f 933/838/693 964/867/720 965/869/722
f 921/808/665 920/807/664 951/868/721
f 934/839/694 965/869/722 966/871/724
f 922/810/667 921/808/665 952/870/723
f 935/809/666 966/871/724 967/872/725
f 956/845/700 955/843/698 986/873/726
f 969/875/699 1000/936/756 1001/876/728
f 957/848/702 956/845/700 987/874/727
f 970/847/701 1001/876/728 1002/878/730
f 958/850/704 957/848/702 988/877/729
f 971/849/703 1002/878/730 1003/880/732
f 959/852/706 958/850/704 989/879/731
f 972/851/705 1003/880/732 1004/882/734
f 960/854/708 959/852/706 990/881/733
f 973/853/707 1004/882/734 1005/885/737
f 961/857/711 960/854/708 991/883/735
f 948/858/712 947/855/709 978/884/736
f 974/856/710 1005/885/737 1006/888/740
f 962/860/714 961/857/711 992/886/738
f 949/861/715 948/858/712 979/887/739
f 975/859/713 1006/888/740 1007/891/743
f 963/863/717 962/860/714 993/889/741
f 950/865/718 949/864/715 980/893/742
f 976/862/716 1007/891/743 1008/895/746
f 964/867/720 963/863/717 994/892/744
f 951/868/721 950/865/718 981/894/745
f 964/867/720 995/896/747 996/898/749
f 952/870/723 951/868/721 982/897/748
f 965/869/722 996/898/749 997/900/751
f 953/840/695 952/870/723 983/899/750
f 966/871/724 997/900/751 998/902/753
f 954/841/696 953/840/695 984/901/752
f 967/872/725 998/902/753 999/904/755
f 955/843/698 954/841/696 985/903/754
f 968/842/697 999/904/755 1000/905/756
f 989/879/731 988/877/729 1019/906/757
f 1002/878/730 1033/938/787 1034/908/759
f 990/881/733 989/879/731 1020/907/758
f 1003/880/732 1034/908/759 1035/910/761
f 991/883/735 990/881/733 1021/909/760
f 1004/882/734 1035/910/761 1036/913/764
f 992/886/738 991/883/735 1022/911/762
f 979/887/739 978/884/736 1009/912/763
f 1005/885/737 1036/913/764 1037/916/767
f 992/886/738 1023/914/765 1024/917/768
f 980/890/742 979/887/739 1010/915/766
f 1006/888/740 1037/916/767 1038/919/770
f 994/892/744 993/889/741 1024/917/768
f 981/894/745 980/893/742 1011/921/769
f 1007/891/743 1038/919/770 1039/923/773
f 995/896/747 994/892/744 1025/920/771
f 982/897/748 981/894/745 1012/922/772
f 996/898/749 995/896/747 1026/924/774
f 983/899/750 982/897/748 1013/925/775
f 996/898/749 1027/926/776 1028/928/778
f 984/901/752 983/899/750 1014/927/777
f 997/900/751 1028/928/778 1029/930/780
f 985/903/754 984/901/752 1015/929/779
f 998/902/753 1029/930/780 1030/932/782
f 986/873/726 985/903/754 1016/931/781
f 999/904/755 1030/932/782 1031/934/784
f 987/874/727 986/873/726 1017/933/783
f 1000/936/756 1031/965/784 1032/937/786
f 988/877/729 987/874/727 1018/935/785
f 1001/876/728 1032/937/786 1033/938/787
f 1022/911/762 1021/909/760 1052/939/788
f 1035/910/761 1066/971/818 1067/942/791
f 1023/914/765 1022/911/762 1053/940/789
f 1010/915/766 1009/912/763 1040/941/790
f 1036/913/764 1067/942/791 1068/945/794
f 1023/914/765 1054/943/792 1055/946/795
f 1011/918/769 1010/915/766 1041/944/793
f 1037/916/767 1068/945/794 1069/948/797
f 1024/917/768 1055/946/795 1056/949/798
f 1012/922/772 1011/921/769 1042/950/796
f 1038/919/770 1069/948/797 1070/952/800
f 1025/920/771 1056/949/798 1057/953/801
f 1013/925/775 1012/922/772 1043/951/799
f 1026/924/774 1057/953/801 1058/955/803
f 1014/927/777 1013/925/775 1044/954/802
f 1027/926/776 1058/955/803 1059/957/805
f 1015/929/779 1014/927/777 1045/956/804
f 1028/928/778 1059/957/805 1060/959/807
f 1016/931/781 1015/929/779 1046/958/806
f 1029/930/780 1060/959/807 1061/961/809
f 1017/933/783 1016/931/781 1047/960/808
f 1030/932/782 1061/961/809 1062/963/811
f 1018/935/785 1017/933/783 1048/962/810
f 1031/965/784 1062/992/811 1063/966/813
f 1019/906/757 1018/935/785 1049/964/812
f 1032/937/786 1063/966/813 1064/968/815
f 1020/907/758 1019/906/757 1050/967/814
f 1033/938/787 1064/968/815 1065/970/817
f 1021/909/760 1020/907/758 1051/969/816
f 1034/908/759 1065/970/817 1066/971/818
f 1054/943/792 1085/1003/848 1086/972/819
f 1042/947/796 1041/944/793 1072/973/820
f 1068/945/794 1099/1004/849 1100/975/822
f 1055/946/795 1086/972/819 1087/976/823
f 1043/951/799 1042/950/796 1073/977/821
f 1069/948/797 1100/975/822 1101/979/825
f 1056/949/798 1087/976/823 1088/980/826
f 1044/954/802 1043/951/799 1074/978/824
f 1057/953/801 1088/980/826 1089/982/828
f 1045/956/804 1044/954/802 1075/981/827
f 1058/955/803 1089/982/828 1090/984/830
f 1046/958/806 1045/956/804 1076/983/829
f 1059/957/805 1090/984/830 1091/986/832
f 1047/960/808 1046/958/806 1077/985/831
f 1060/959/807 1091/986/832 1092/988/834
f 1048/962/810 1047/960/808 1078/987/833
f 1061/961/809 1092/988/834 1093/990/836
f 1049/964/812 1048/962/810 1079/989/835
f 1062/992/811 1093/1019/836 1094/993/838
f 1050/967/814 1049/964/812 1080/991/837
f 1063/966/813 1094/993/838 1095/995/840
f 1051/969/816 1050/967/814 1081/994/839
f 1064/968/815 1095/995/840 1096/997/842
f 1052/939/788 1051/969/816 1082/996/841
f 1065/970/817 1096/997/842 1097/999/844
f 1053/940/789 1052/939/788 1083/998/843
f 1066/971/818 1097/999/844 1098/1002/847
f 1053/940/789 1084/1000/845 1085/1003/848
f 1041/944/793 1040/941/790 1071/1001/846
f 1067/942/791 1098/1002/847 1099/1004/849
f 1087/976/823 1118/1036/880 1119/1005/850
f 1075/981/827 1074/978/824 1105/1006/851
f 1088/980/826 1119/1005/850 1120/1009/854
f 1076/983/829 1075/981/827 1106/1007/852
f 1089/982/828 1120/1009/854 1121/1011/856
f 1077/985/831 1076/983/829 1107/1010/855
f 1090/984/830 1121/1011/856 1122/1013/858
f 1078/987/833 1077/985/831 1108/1012/857
f 1091/986/832 1122/1013/858 1123/1015/860
f 1079/989/835 1078/987/833 1109/1014/859
f 1092/988/834 1123/1015/860 1124/1017/862
f 1080/991/837 1079/989/835 1110/1016/861
f 1093/1019/836 1124/1047/862 1125/1020/864
f 1081/994/839 1080/991/837 1111/1018/863
f 1094/993/838 1125/1020/864 1126/1022/866
f 1082/996/841 1081/994/839 1112/1021/865
f 1095/995/840 1126/1022/866 1127/1024/868
f 1083/998/843 1082/996/841 1113/1023/867
f 1096/997/842 1127/1024/868 1128/1026/870
f 1084/1000/845 1083/998/843 1114/1025/869
f 1097/999/844 1128/1026/870 1129/1029/873
f 1084/1000/845 1115/1027/871 1116/1030/874
f 1072/973/820 1071/1001/846 1102/1028/872
f 1098/1002/847 1129/1029/873 1130/1032/876
f 1085/1003/848 1116/1030/874 1117/1033/877
f 1073/974/821 1072/973/820 1103/1031/875
f 1099/1004/849 1130/1032/876 1131/1035/879
f 1086/972/819 1117/1033/877 1118/1036/880
f 1074/978/824 1073/977/821 1104/1037/878
f 1100/975/822 1131/1035/879 1132/1008/853
f 1120/1009/854 1151/1071/911 1152/1038/881
f 1108/1012/857 1107/1010/855 1138/1039/882
f 1121/1011/856 1152/1038/881 1153/1041/884
f 1109/1014/859 1108/1012/857 1139/1040/883
f 1122/1013/858 1153/1041/884 1154/1043/886
f 1110/1016/861 1109/1014/859 1140/1042/885
f 1123/1015/860 1154/1043/886 1155/1045/888
f 1111/1018/863 1110/1016/861 1141/1044/887
f 1124/1047/862 1155/1074/888 1156/1048/890
f 1112/1021/865 1111/1018/863 1142/1046/889
f 1125/1020/864 1156/1048/890 1157/1050/892
f 1113/1023/867 1112/1021/865 1143/1049/891
f 1126/1022/866 1157/1050/892 1158/1052/894
f 1114/1025/869 1113/1023/867 1144/1051/893
f 1127/1024/868 1158/1052/894 1159/1054/896
f 1115/1027/871 1114/1025/869 1145/1053/895
f 1128/1026/870 1159/1054/896 1160/1057/899
f 1115/1027/871 1146/1055/897 1147/1058/900
f 1103/1031/875 1102/1028/872 1133/1056/898
f 1129/1029/873 1160/1057/899 1161/1060/902
f 1116/1030/874 1147/1058/900 1148/1061/903
f 1104/1034/878 1103/1031/875 1134/1059/901
f 1130/1032/876 1161/1060/902 1162/1063/905
f 1117/1033/877 1148/1061/903 1149/1064/906
f 1105/1065/851 1104/1034/878 1135/1062/904
f 1131/1035/879 1162/1063/905 1163/1067/908
f 1118/1036/880 1149/1064/906 1150/1068/909
f 1106/1007/852 1105/1006/851 1136/1069/907
f 1119/1005/850 1150/1068/909 1151/1071/911
f 1107/1010/855 1106/1007/852 1137/1070/910
f 1142/1046/889 1141/1044/887 1172/1072/912
f 1155/1074/888 1186/2874/942 1187/1075/914
f 1143/1049/891 1142/1046/889 1173/1073/913
f 1156/1048/890 1187/1075/914 1188/1077/916
f 1144/1051/893 1143/1049/891 1174/1076/915
f 1157/1050/892 1188/1077/916 1189/1079/918
f 1145/1053/895 1144/1051/893 1175/1078/917
f 1158/1052/894 1189/1079/918 1190/1081/920
f 1146/1055/897 1145/1053/895 1176/1080/919
f 1159/1054/896 1190/1081/920 1191/1084/923
f 1146/1055/897 1177/1082/921 1178/1085/924
f 1134/1059/901 1133/1056/898 1164/1083/922
f 1160/1057/899 1191/1084/923 1192/1087/926
f 1147/1058/900 1178/1085/924 1179/1088/927
f 1135/1062/904 1134/1059/901 1165/1086/925
f 1161/1060/902 1192/1087/926 1193/1090/929
f 1148/1061/903 1179/1088/927 1180/1091/930
f 1136/1066/907 1135/1062/904 1166/1089/928
f 1162/1063/905 1193/1090/929 1194/1093/932
f 1149/1064/906 1180/1091/930 1181/1094/933
f 1137/1070/910 1136/1069/907 1167/1095/931
f 1150/1068/909 1181/1094/933 1182/1097/935
f 1138/1039/882 1137/1070/910 1168/1096/934
f 1151/1071/911 1182/1097/935 1183/1099/937
f 1139/1040/883 1138/1039/882 1169/1098/936
f 1152/1101/881 1183/1141/937 1184/1102/939
f 1140/1042/885 1139/1040/883 1170/1100/938
f 1153/1103/884 1184/1102/939 1185/1105/941
f 1141/1044/887 1140/1042/885 1171/1104/940
f 1154/1106/886 1185/1105/941 1186/1107/942
f 1175/1109/917 1174/1153/915 1205/1110/943
f 1189/1079/918 1188/1077/916 1219/1112/945
f 1176/1114/919 1175/1109/917 1206/1111/944
f 1189/1079/918 1220/1113/946 1221/1116/948
f 1177/1117/921 1176/1114/919 1207/1115/947
f 1190/1081/920 1221/1116/948 1222/1120/951
f 1177/1117/921 1208/1118/949 1209/1121/952
f 1165/1086/925 1164/1083/922 1195/1119/950
f 1191/1084/923 1222/1120/951 1223/1124/954
f 1178/1122/924 1209/1121/952 1210/1125/955
f 1166/1089/928 1165/1086/925 1196/1123/953
f 1192/1087/926 1223/1124/954 1224/1128/957
f 1179/1126/927 1210/1125/955 1211/1129/958
f 1167/1092/931 1166/1089/928 1197/1127/956
f 1193/1090/929 1224/1128/957 1225/1132/960
f 1180/1130/930 1211/1129/958 1212/1133/961
f 1168/1096/934 1167/1095/931 1198/1135/959
f 1181/1134/933 1212/1133/961 1213/1137/963
f 1169/1098/936 1168/1096/934 1199/1136/962
f 1182/1138/935 1213/1137/963 1214/1140/965
f 1170/1100/938 1169/1098/936 1200/1139/964
f 1183/1141/937 1214/1140/965 1215/1143/967
f 1171/1104/940 1170/1100/938 1201/1142/966
f 1184/1102/939 1215/1143/967 1216/1145/969
f 1172/1072/912 1171/1104/940 1202/1144/968
f 1185/1105/941 1216/1145/969 1217/1147/971
f 1173/1148/913 1172/2875/912 1203/1149/970
f 1187/1075/914 1186/2874/942 1217/1151/971
f 1174/1153/915 1173/1148/913 1204/1150/972
f 1188/1077/916 1187/1075/914 1218/1152/973
f 1207/1115/947 1238/1190/1004 1239/1154/974
f 1222/1120/951 1221/1116/948 1252/1156/976
f 1208/1118/949 1239/1154/974 1240/1158/978
f 1196/1123/953 1195/1119/950 1226/1155/975
f 1223/1124/954 1222/1120/951 1253/1157/977
f 1209/1121/952 1240/1158/978 1241/1161/981
f 1197/1127/956 1196/1123/953 1227/1159/979
f 1224/1128/957 1223/1124/954 1254/1160/980
f 1210/1125/955 1241/1161/981 1242/1164/984
f 1198/1131/959 1197/1127/956 1228/1162/982
f 1225/1132/960 1224/1128/957 1255/1163/983
f 1211/1129/958 1242/1164/984 1243/1167/987
f 1199/1168/962 1198/1131/959 1229/1165/985
f 1212/1133/961 1243/1167/987 1244/1170/989
f 1200/1171/964 1199/2876/962 1230/1172/988
f 1213/1137/963 1244/1170/989 1245/1174/991
f 1201/1175/966 1200/1171/964 1231/1173/990
f 1214/1140/965 1245/1174/991 1246/1177/993
f 1202/1178/968 1201/1175/966 1232/1176/992
f 1215/1143/967 1246/1177/993 1247/1180/995
f 1203/1149/970 1202/1178/968 1233/1179/994
f 1217/1147/971 1216/1145/969 1247/1180/995
f 1204/1150/972 1203/1149/970 1234/1181/996
f 1218/1152/973 1217/1151/971 1248/1184/997
f 1205/1110/943 1204/1150/972 1235/1183/998
f 1219/1112/945 1218/1152/973 1249/1185/999
f 1206/1111/944 1205/1110/943 1236/1186/1000
f 1220/1113/946 1219/1112/945 1250/1187/1001
f 1207/1115/947 1206/1111/944 1237/1188/1002
f 1221/1116/948 1220/1113/946 1251/1189/1003
f 1240/1158/978 1271/1223/1034 1272/1191/1005
f 1227/1159/979 1258/1224/1035 1259/1192/1006
f 1255/1163/983 1254/1160/980 1285/1193/1007
f 1241/1161/981 1272/1191/1005 1273/1195/1009
f 1228/1162/982 1259/1192/1006 1260/1196/1010
f 1256/1166/986 1255/1163/983 1286/1194/1008
f 1242/1164/984 1273/1195/1009 1274/1198/1012
f 1230/1169/988 1229/1165/985 1260/1196/1010
f 1243/1167/987 1274/1198/1012 1275/1200/1014
f 1231/1173/990 1230/1172/988 1261/1201/1013
f 1244/1170/989 1275/1200/1014 1276/1203/1016
f 1232/1176/992 1231/1173/990 1262/1202/1015
f 1245/1174/991 1276/1203/1016 1277/1205/1018
f 1233/1179/994 1232/1176/992 1263/1204/1017
f 1246/1177/993 1277/1205/1018 1278/1207/1020
f 1234/1181/996 1233/1179/994 1264/1206/1019
f 1248/1182/997 1247/1180/995 1278/1207/1020
f 1235/1183/998 1234/1181/996 1265/1208/1021
f 1249/1211/999 1248/1182/997 1279/1209/1022
f 1236/1186/1000 1235/1183/998 1266/1210/1023
f 1250/1187/1001 1249/1185/999 1280/1214/1024
f 1237/1188/1002 1236/1186/1000 1267/1213/1025
f 1251/1189/1003 1250/1187/1001 1281/1215/1026
f 1238/1190/1004 1237/1188/1002 1268/1216/1027
f 1252/1156/976 1251/1189/1003 1282/1217/1028
f 1238/1190/1004 1269/1218/1029 1270/1220/1031
f 1253/1157/977 1252/1156/976 1283/1219/1030
f 1239/1154/974 1270/1220/1031 1271/1223/1034
f 1226/1155/975 1257/1221/1032 1258/1224/1035
f 1254/1160/980 1253/1157/977 1284/1222/1033
f 1273/1195/1009 1304/1255/1065 1305/1225/1036
f 1260/1196/1010 1291/1256/1066 1292/1226/1037
f 1274/1198/1012 1305/1225/1036 1306/1228/1039
f 1261/1201/1013 1292/1288/1037 1293/1229/1040
f 1275/1200/1014 1306/1228/1039 1307/1230/1041
f 1262/1202/1015 1293/1229/1040 1294/1231/1042
f 1276/1203/1016 1307/1230/1041 1308/1232/1043
f 1263/1204/1017 1294/1231/1042 1295/1233/1044
f 1278/1207/1020 1277/1205/1018 1308/1232/1043
f 1264/1206/1019 1295/1233/1044 1296/1235/1046
f 1279/1209/1022 1278/1207/1020 1309/1234/1045
f 1265/1208/1021 1296/1235/1046 1297/1237/1048
f 1280/1212/1024 1279/1209/1022 1310/1236/1047
f 1266/1210/1023 1297/1237/1048 1298/1239/1050
f 1281/1215/1026 1280/1214/1024 1311/1240/1049
f 1267/1213/1025 1298/1239/1050 1299/1242/1052
f 1282/1217/1028 1281/1215/1026 1312/1241/1051
f 1268/1216/1027 1299/1242/1052 1300/1244/1054
f 1283/1219/1030 1282/1217/1028 1313/1243/1053
f 1269/1218/1029 1300/1244/1054 1301/1246/1056
f 1284/1222/1033 1283/1219/1030 1314/1245/1055
f 1270/1220/1031 1301/1246/1056 1302/1249/1059
f 1257/1221/1032 1288/1247/1057 1289/1250/1060
f 1285/1193/1007 1284/1222/1033 1315/1248/1058
f 1271/1223/1034 1302/1249/1059 1303/1252/1062
f 1258/1224/1035 1289/1250/1060 1290/1253/1063
f 1286/1194/1008 1285/1193/1007 1316/1251/1061
f 1272/1191/1005 1303/1252/1062 1304/1255/1065
f 1259/1192/1006 1290/1253/1063 1291/1256/1066
f 1287/1197/1011 1286/1194/1008 1317/1254/1064
f 1306/1228/1039 1337/1287/1096 1338/1257/1067
f 1293/1229/1040 1324/1289/1097 1325/1258/1068
f 1307/1230/1041 1338/1257/1067 1339/1259/1069
f 1294/1231/1042 1325/1258/1068 1326/1260/1070
f 1309/1234/1045 1308/1232/1043 1339/1259/1069
f 1295/1233/1044 1326/1260/1070 1327/1262/1072
f 1310/1236/1047 1309/1234/1045 1340/1261/1071
f 1296/1235/1046 1327/1262/1072 1328/1264/1074
f 1311/1238/1049 1310/1236/1047 1341/1263/1073
f 1297/1237/1048 1328/1264/1074 1329/1266/1076
f 1312/1241/1051 1311/1240/1049 1342/1267/1075
f 1298/1239/1050 1329/1266/1076 1330/1269/1078
f 1313/1243/1053 1312/1241/1051 1343/1268/1077
f 1299/1242/1052 1330/1269/1078 1331/1271/1080
f 1314/1245/1055 1313/1243/1053 1344/1270/1079
f 1300/1244/1054 1331/1271/1080 1332/1273/1082
f 1315/1248/1058 1314/1245/1055 1345/1272/1081
f 1301/1246/1056 1332/1273/1082 1333/1276/1085
f 1288/1247/1057 1319/1274/1083 1320/1277/1086
f 1316/1251/1061 1315/1248/1058 1346/1275/1084
f 1302/1249/1059 1333/1276/1085 1334/1279/1088
f 1289/1250/1060 1320/1277/1086 1321/1280/1089
f 1317/1254/1064 1316/1251/1061 1347/1278/1087
f 1303/1252/1062 1334/1279/1088 1335/1282/1091
f 1290/1253/1063 1321/1280/1089 1322/1283/1092
f 1318/1227/1038 1317/1254/1064 1348/1281/1090
f 1304/1255/1065 1335/1282/1091 1336/1285/1094
f 1291/1256/1066 1322/1283/1092 1323/1286/1095
f 1305/1225/1036 1336/1285/1094 1337/1287/1096
f 1292/1288/1037 1323/1318/1095 1324/1289/1097
f 1340/1261/1071 1339/1259/1069 1370/1290/1098
f 1326/1260/1070 1357/1322/1128 1358/1292/1100
f 1341/1263/1073 1340/1261/1071 1371/1291/1099
f 1327/1262/1072 1358/1292/1100 1359/1294/1102
f 1342/1265/1075 1341/1263/1073 1372/1293/1101
f 1328/1264/1074 1359/1294/1102 1360/1296/1104
f 1343/1268/1077 1342/1267/1075 1373/1297/1103
f 1329/1266/1076 1360/1296/1104 1361/1299/1106
f 1344/1270/1079 1343/1268/1077 1374/1298/1105
f 1330/1269/1078 1361/1299/1106 1362/1301/1108
f 1345/1272/1081 1344/1270/1079 1375/1300/1107
f 1331/1271/1080 1362/1301/1108 1363/1303/1110
f 1346/1275/1084 1345/1272/1081 1376/1302/1109
f 1332/1273/1082 1363/1303/1110 1364/1306/1113
f 1319/1274/1083 1350/1304/1111 1351/1307/1114
f 1347/1278/1087 1346/1275/1084 1377/1305/1112
f 1333/1276/1085 1364/1306/1113 1365/1309/1116
f 1320/1277/1086 1351/1307/1114 1352/1310/1117
f 1348/1281/1090 1347/1278/1087 1378/1308/1115
f 1334/1279/1088 1365/1309/1116 1366/1312/1119
f 1321/1280/1089 1352/1310/1117 1353/1313/1120
f 1349/1284/1093 1348/1281/1090 1379/1311/1118
f 1335/1282/1091 1366/1312/1119 1367/1315/1122
f 1322/1283/1092 1353/1313/1120 1354/1316/1123
f 1336/1285/1094 1367/1315/1122 1368/1317/1124
f 1323/1318/1095 1354/1347/1123 1355/1319/1125
f 1337/1287/1096 1368/1317/1124 1369/1320/1126
f 1324/1289/1097 1355/1319/1125 1356/1321/1127
f 1338/1257/1067 1369/1320/1126 1370/1290/1098
f 1325/1258/1068 1356/1321/1127 1357/1322/1128
f 1373/1295/1103 1372/1293/1101 1404/1323/1129
f 1359/1294/1102 1391/1355/1159 1392/1325/1131
f 1374/1298/1105 1373/1297/1103 1405/1326/1130
f 1360/1296/1104 1392/1325/1131 1393/1328/1133
f 1375/1300/1107 1374/1298/1105 1406/1327/1132
f 1361/1299/1106 1393/1328/1133 1394/1330/1135
f 1376/1302/1109 1375/1300/1107 1407/1329/1134
f 1362/1301/1108 1394/1330/1135 1395/1332/1137
f 1377/1305/1112 1376/1302/1109 1408/1331/1136
f 1364/1306/1113 1363/1303/1110 1395/1332/1137
f 1350/1304/1111 1382/1333/1138 1383/1336/1141
f 1378/1308/1115 1377/1305/1112 1409/1334/1139
f 1365/1309/1116 1364/1306/1113 1396/1335/1140
f 1351/1307/1114 1383/1336/1141 1384/1339/1144
f 1379/1311/1118 1378/1308/1115 1410/1337/1142
f 1366/1312/1119 1365/1309/1116 1397/1338/1143
f 1352/1310/1117 1384/1339/1144 1385/1342/1147
f 1380/1314/1121 1379/1311/1118 1411/1340/1145
f 1367/1315/1122 1366/1312/1119 1398/1341/1146
f 1353/1313/1120 1385/1342/1147 1386/1345/1150
f 1368/1317/1124 1367/1315/1122 1399/1344/1149
f 1354/1347/1123 1386/1374/1150 1387/1348/1152
f 1369/1320/1126 1368/1317/1124 1400/1346/1151
f 1355/1319/1125 1387/1348/1152 1388/1350/1154
f 1370/1290/1098 1369/1320/1126 1401/1349/1153
f 1356/1321/1127 1388/1350/1154 1389/1352/1156
f 1371/1291/1099 1370/1290/1098 1402/1351/1155
f 1357/1322/1128 1389/1352/1156 1390/1354/1158
f 1372/1293/1101 1371/1291/1099 1403/1353/1157
f 1358/1292/1100 1390/1354/1158 1391/1355/1159
f 1406/1327/1132 1437/1386/1189 1438/1356/1160
f 1393/1328/1133 1424/1387/1190 1425/1357/1161
f 1408/1331/1136 1407/1329/1134 1438/1356/1160
f 1394/1330/1135 1425/1357/1161 1426/1359/1163
f 1409/1334/1139 1408/1331/1136 1439/1358/1162
f 1396/1335/1140 1395/1332/1137 1426/1359/1163
f 1382/1333/1138 1413/1360/1164 1414/1363/1167
f 1410/1337/1142 1409/1334/1139 1440/1361/1165
f 1397/1338/1143 1396/1335/1140 1427/1362/1166
f 1383/1336/1141 1414/1363/1167 1415/1366/1170
f 1411/1340/1145 1410/1337/1142 1441/1364/1168
f 1398/1341/1146 1397/1338/1143 1428/1365/1169
f 1384/1339/1144 1415/1366/1170 1416/1369/1173
f 1412/1343/1148 1411/1340/1145 1442/1367/1171
f 1399/1344/1149 1398/1341/1146 1429/1368/1172
f 1385/1342/1147 1416/1369/1173 1417/1372/1176
f 1400/1346/1151 1399/1344/1149 1430/1371/1175
f 1386/1374/1150 1417/1404/1176 1418/1375/1178
f 1401/1349/1153 1400/1346/1151 1431/1373/1177
f 1387/1348/1152 1418/1375/1178 1419/1377/1180
f 1402/1351/1155 1401/1349/1153 1432/1376/1179
f 1388/1350/1154 1419/1377/1180 1420/1379/1182
f 1403/1353/1157 1402/1351/1155 1433/1378/1181
f 1389/1352/1156 1420/1379/1182 1421/1381/1184
f 1404/1323/1129 1403/1353/1157 1434/1380/1183
f 1390/1354/1158 1421/1381/1184 1422/1383/1186
f 1404/1323/1129 1435/1382/1185 1436/1384/1187
f 1391/1355/1159 1422/1383/1186 1423/1385/1188
f 1405/1326/1130 1436/1416/1187 1437/1386/1189
f 1392/1325/1131 1423/1385/1188 1424/1387/1190
f 1440/1361/1165 1439/1358/1162 1470/1389/1192
f 1427/1362/1166 1426/1359/1163 1457/1391/1194
f 1413/1360/1164 1444/1388/1191 1445/1393/1196
f 1441/1364/1168 1440/1361/1165 1471/1390/1193
f 1428/1365/1169 1427/1362/1166 1458/1392/1195
f 1414/1363/1167 1445/1393/1196 1446/1396/1199
f 1442/1367/1171 1441/1364/1168 1472/1394/1197
f 1429/1368/1172 1428/1365/1169 1459/1395/1198
f 1415/1366/1170 1446/1396/1199 1447/1399/1202
f 1443/1370/1174 1442/1367/1171 1473/1397/1200
f 1430/1371/1175 1429/1368/1172 1460/1398/1201
f 1416/1369/1173 1447/1399/1202 1448/1402/1205
f 1431/1373/1177 1430/1371/1175 1461/1401/1204
f 1417/1404/1176 1448/1431/1205 1449/1405/1207
f 1432/1376/1179 1431/1373/1177 1462/1403/1206
f 1418/1375/1178 1449/1405/1207 1450/1407/1209
f 1433/1378/1181 1432/1376/1179 1463/1406/1208
f 1419/1377/1180 1450/1407/1209 1451/1409/1211
f 1434/1380/1183 1433/1378/1181 1464/1408/1210
f 1420/1379/1182 1451/1409/1211 1452/1411/1213
f 1435/1382/1185 1434/1380/1183 1465/1410/1212
f 1421/1381/1184 1452/1411/1213 1453/1413/1215
f 1435/1382/1185 1466/1412/1214 1467/1414/1216
f 1422/1383/1186 1453/1413/1215 1454/1415/1217
f 1436/1416/1187 1467/2877/1216 1468/1417/1218
f 1423/1385/1188 1454/1415/1217 1455/1418/1219
f 1437/1386/1189 1468/1417/1218 1469/1419/1220
f 1424/1387/1190 1455/1418/1219 1456/1420/1221
f 1439/1358/1162 1438/1356/1160 1469/1419/1220
f 1425/1357/1161 1456/1420/1221 1457/1391/1194
f 1445/1393/1196 1476/1453/1252 1477/1421/1222
f 1473/1397/1200 1472/1394/1197 1503/1422/1223
f 1460/1398/1201 1459/1395/1198 1490/1424/1225
f 1446/1396/1199 1477/1421/1222 1478/1426/1227
f 1474/1400/1203 1473/1397/1200 1504/1423/1224
f 1461/1401/1204 1460/1398/1201 1491/1425/1226
f 1447/1399/1202 1478/1426/1227 1479/1429/1230
f 1462/1403/1206 1461/1401/1204 1492/1428/1229
f 1448/1431/1205 1479/1458/1230 1480/1432/1232
f 1463/1406/1208 1462/1403/1206 1493/1430/1231
f 1449/1405/1207 1480/1432/1232 1481/1434/1234
f 1464/1408/1210 1463/1406/1208 1494/1433/1233
f 1450/1407/1209 1481/1434/1234 1482/1436/1236
f 1465/1410/1212 1464/1408/1210 1495/1435/1235
f 1451/1409/1211 1482/1436/1236 1483/1438/1238
f 1466/1412/1214 1465/1410/1212 1496/1437/1237
f 1452/1411/1213 1483/1438/1238 1484/1440/1240
f 1467/1414/1216 1466/1412/1214 1497/1439/1239
f 1453/1413/1215 1484/1440/1240 1485/1442/1242
f 1468/1417/1218 1467/2877/1216 1498/1443/1241
f 1454/1415/1217 1485/1442/1242 1486/1445/1244
f 1469/1419/1220 1468/1417/1218 1499/1444/1243
f 1455/1418/1219 1486/1445/1244 1487/1447/1246
f 1470/1389/1192 1469/1419/1220 1500/1446/1245
f 1456/1420/1221 1487/1447/1246 1488/1449/1248
f 1471/1390/1193 1470/1389/1192 1501/1448/1247
f 1458/1392/1195 1457/1391/1194 1488/1449/1248
f 1444/1388/1191 1475/1450/1249 1476/1453/1252
f 1472/1394/1197 1471/1390/1193 1502/1451/1250
f 1459/1395/1198 1458/1392/1195 1489/1452/1251
f 1478/1426/1227 1509/1486/1283 1510/1454/1253
f 1493/1430/1231 1492/1428/1229 1523/1456/1255
f 1479/1458/1230 1510/2878/1253 1511/1459/1257
f 1494/1433/1233 1493/1430/1231 1524/1457/1256
f 1480/1432/1232 1511/1459/1257 1512/1461/1259
f 1495/1435/1235 1494/1433/1233 1525/1460/1258
f 1481/1434/1234 1512/1461/1259 1513/1463/1261
f 1496/1437/1237 1495/1435/1235 1526/1462/1260
f 1482/1436/1236 1513/1463/1261 1514/1465/1263
f 1497/1439/1239 1496/1437/1237 1527/1464/1262
f 1483/1438/1238 1514/1465/1263 1515/1467/1265
f 1498/1441/1241 1497/1439/1239 1528/1466/1264
f 1484/1440/1240 1515/1467/1265 1516/1469/1267
f 1499/1444/1243 1498/1443/1241 1529/1470/1266
f 1485/1442/1242 1516/1469/1267 1517/1472/1269
f 1500/1446/1245 1499/1444/1243 1530/1471/1268
f 1486/1445/1244 1517/1472/1269 1518/1474/1271
f 1501/1448/1247 1500/1446/1245 1531/1473/1270
f 1487/1447/1246 1518/1474/1271 1519/1476/1273
f 1502/1451/1250 1501/1448/1247 1532/1475/1272
f 1489/1452/1251 1488/1449/1248 1519/1476/1273
f 1475/1450/1249 1506/1477/1274 1507/1480/1277
f 1503/1422/1223 1502/1451/1250 1533/1478/1275
f 1490/1424/1225 1489/1452/1251 1520/1479/1276
f 1476/1453/1252 1507/1480/1277 1508/1483/1280
f 1504/1423/1224 1503/1422/1223 1534/1481/1278
f 1491/1425/1226 1490/1424/1225 1521/1482/1279
f 1477/1421/1222 1508/1483/1280 1509/1486/1283
f 1505/1427/1228 1504/1423/1224 1535/1484/1281
f 1492/1428/1229 1491/1425/1226 1522/1485/1282
f 1511/1459/1257 1542/1549/1314 1543/1487/1284
f 1526/1462/1260 1525/1460/1258 1556/1488/1285
f 1512/1461/1259 1543/1487/1284 1544/1490/1287
f 1527/1464/1262 1526/1462/1260 1557/1489/1286
f 1513/1463/1261 1544/1490/1287 1545/1492/1289
f 1528/1466/1264 1527/1464/1262 1558/1491/1288
f 1514/1465/1263 1545/1492/1289 1546/1494/1291
f 1529/1470/1266 1528/2879/1264 1559/1495/1290
f 1515/1467/1265 1546/1494/1291 1547/1497/1293
f 1530/1471/1268 1529/1470/1266 1560/1496/1292
f 1516/1469/1267 1547/1497/1293 1548/1499/1295
f 1531/1473/1270 1530/1471/1268 1561/1498/1294
f 1517/1472/1269 1548/1499/1295 1549/1501/1297
f 1532/1475/1272 1531/1473/1270 1562/1500/1296
f 1518/1474/1271 1549/1501/1297 1550/1503/1299
f 1533/1478/1275 1532/1475/1272 1563/1502/1298
f 1520/1479/1276 1519/1476/1273 1550/1503/1299
f 1506/1477/1274 1537/1504/1300 1538/1507/1303
f 1534/1481/1278 1533/1478/1275 1564/1505/1301
f 1521/1482/1279 1520/1479/1276 1551/1506/1302
f 1507/1480/1277 1538/1507/1303 1539/1510/1306
f 1535/1484/1281 1534/1481/1278 1565/1508/1304
f 1522/1485/1282 1521/1482/1279 1552/1509/1305
f 1508/1483/1280 1539/1510/1306 1540/1513/1309
f 1536/1455/1254 1535/1484/1281 1566/1511/1307
f 1523/1456/1255 1522/1485/1282 1553/1512/1308
f 1509/1486/1283 1540/1513/1309 1541/1516/1312
f 1524/1457/1256 1523/1456/1255 1554/1515/1311
f 1510/1454/1253 1541/1516/1312 1542/1518/1314
f 1525/1460/1258 1524/1457/1256 1555/1517/1313
f 1544/1490/1287 1576/1552/1345 1577/1520/1315
f 1559/1493/1290 1558/1491/1288 1590/1521/1316
f 1545/1492/1289 1577/1520/1315 1578/1523/1318
f 1560/1496/1292 1559/1495/1290 1591/1524/1317
f 1546/1494/1291 1578/1523/1318 1579/1526/1320
f 1561/1498/1294 1560/1496/1292 1592/1525/1319
f 1547/1497/1293 1579/1526/1320 1580/1528/1322
f 1562/1500/1296 1561/1498/1294 1593/1527/1321
f 1548/1499/1295 1580/1528/1322 1581/1530/1324
f 1563/1502/1298 1562/1500/1296 1594/1529/1323
f 1549/1501/1297 1581/1530/1324 1582/1532/1326
f 1564/1505/1301 1563/1502/1298 1595/1531/1325
f 1551/1506/1302 1550/1503/1299 1582/1532/1326
f 1537/1504/1300 1569/1533/1327 1570/1536/1330
f 1565/1508/1304 1564/1505/1301 1596/1534/1328
f 1552/1509/1305 1551/1506/1302 1583/1535/1329
f 1538/1507/1303 1570/1536/1330 1571/1539/1333
f 1566/1511/1307 1565/1508/1304 1597/1537/1331
f 1553/1512/1308 1552/1509/1305 1584/1538/1332
f 1539/1510/1306 1571/1539/1333 1572/1542/1336
f 1567/1514/1310 1566/1511/1307 1598/1540/1334
f 1554/1515/1311 1553/1512/1308 1585/1541/1335
f 1540/1513/1309 1572/1542/1336 1573/1545/1339
f 1555/1517/1313 1554/1515/1311 1586/1544/1338
f 1541/1516/1312 1573/1545/1339 1574/1547/1341
f 1556/1488/1285 1555/1517/1313 1587/1546/1340
f 1542/1549/1314 1574/2880/1341 1575/1550/1343
f 1557/1489/1286 1556/1488/1285 1588/1548/1342
f 1543/1487/1284 1575/1550/1343 1576/1552/1345
f 1558/1491/1288 1557/1489/1286 1589/1551/1344
f 1578/1553/1318 1609/1601/1376 1610/1554/1346
f 1593/1527/1321 1592/1525/1319 1623/1556/1347
f 1579/1555/1320 1610/1554/1346 1611/1558/1349
f 1594/1529/1323 1593/1527/1321 1624/1557/1348
f 1580/1559/1322 1611/1558/1349 1612/1561/1351
f 1595/1531/1325 1594/1529/1323 1625/1560/1350
f 1581/1562/1324 1612/1561/1351 1613/1564/1353
f 1596/1534/1328 1595/1531/1325 1626/1563/1352
f 1583/1568/1329 1582/1565/1326 1613/1564/1353
f 1569/1533/1327 1600/1566/1354 1601/1570/1357
f 1597/1537/1331 1596/1534/1328 1627/1567/1355
f 1584/1572/1332 1583/1568/1329 1614/1569/1356
f 1570/1536/1330 1601/1570/1357 1602/1574/1360
f 1598/1540/1334 1597/1537/1331 1628/1571/1358
f 1585/1576/1335 1584/1572/1332 1615/1573/1359
f 1571/1539/1333 1602/1574/1360 1603/1578/1363
f 1599/1543/1337 1598/1540/1334 1629/1575/1361
f 1586/1580/1338 1585/1576/1335 1616/1577/1362
f 1572/1542/1336 1603/1578/1363 1604/1582/1366
f 1587/1583/1340 1586/1580/1338 1617/1581/1365
f 1573/1545/1339 1604/1582/1366 1605/1585/1368
f 1588/1586/1342 1587/1583/1340 1618/1584/1367
f 1574/1588/1341 1605/1623/1368 1606/1589/1370
f 1589/1591/1344 1588/1586/1342 1619/1587/1369
f 1575/1590/1343 1606/1589/1370 1607/1593/1372
f 1590/1595/1316 1589/1591/1344 1620/1592/1371
f 1576/1594/1345 1607/1593/1372 1608/1597/1374
f 1591/1599/1317 1590/1595/1316 1621/1596/1373
f 1577/1598/1315 1608/1597/1374 1609/1601/1376
f 1592/1525/1319 1591/1524/1317 1622/1602/1375
f 1611/1558/1349 1642/1635/1407 1643/1603/1377
f 1626/1563/1352 1625/1560/1350 1656/1604/1378
f 1612/1561/1351 1643/1603/1377 1644/1606/1380
f 1627/1567/1355 1626/1563/1352 1657/1605/1379
f 1613/1564/1353 1644/1606/1380 1645/1609/1383
f 1600/1566/1354 1631/1607/1381 1632/1610/1384
f 1628/1571/1358 1627/1567/1355 1658/1608/1382
f 1615/1573/1359 1614/1569/1356 1645/1609/1383
f 1601/1570/1357 1632/1610/1384 1633/1613/1387
f 1629/1575/1361 1628/1571/1358 1659/1611/1385
f 1616/1577/1362 1615/1573/1359 1646/1612/1386
f 1602/1574/1360 1633/1613/1387 1634/1616/1390
f 1630/1579/1364 1629/1575/1361 1660/1614/1388
f 1617/1581/1365 1616/1577/1362 1647/1615/1389
f 1603/1578/1363 1634/1616/1390 1635/1619/1393
f 1618/1584/1367 1617/1581/1365 1648/1618/1392
f 1604/1582/1366 1635/1619/1393 1636/1621/1395
f 1619/1587/1369 1618/1584/1367 1649/1620/1394
f 1605/1623/1368 1636/1651/1395 1637/1624/1397
f 1620/1592/1371 1619/1587/1369 1650/1622/1396
f 1606/1589/1370 1637/1624/1397 1638/1626/1399
f 1621/1596/1373 1620/1592/1371 1651/1625/1398
f 1607/1593/1372 1638/1626/1399 1639/1628/1401
f 1622/1600/1375 1621/1596/1373 1652/1627/1400
f 1608/1597/1374 1639/1628/1401 1640/1630/1403
f 1623/1556/1347 1622/1602/1375 1653/1631/1402
f 1609/1601/1376 1640/1630/1403 1641/1633/1405
f 1624/1557/1348 1623/1556/1347 1654/1632/1404
f 1610/1554/1346 1641/1633/1405 1642/1635/1407
f 1625/1560/1350 1624/1557/1348 1655/1634/1406
f 1644/1606/1380 1675/1668/1437 1676/1636/1408
f 1631/1607/1381 1662/1669/1438 1663/1637/1409
f 1659/1611/1385 1658/1608/1382 1689/1638/1410
f 1646/1612/1386 1645/1609/1383 1676/1636/1408
f 1632/1610/1384 1663/1637/1409 1664/1641/1413
f 1660/1614/1388 1659/1611/1385 1690/1639/1411
f 1647/1615/1389 1646/1612/1386 1677/1640/1412
f 1633/1613/1387 1664/1641/1413 1665/1644/1416
f 1661/1617/1391 1660/1614/1388 1691/1642/1414
f 1648/1618/1392 1647/1615/1389 1678/1643/1415
f 1634/1616/1390 1665/1644/1416 1666/1647/1419
f 1649/1620/1394 1648/1618/1392 1679/1646/1418
f 1635/1619/1393 1666/1647/1419 1667/1649/1421
f 1650/1622/1396 1649/1620/1394 1680/1648/1420
f 1636/1651/1395 1667/1679/1421 1668/1652/1423
f 1651/1625/1398 1650/1622/1396 1681/1650/1422
f 1637/1624/1397 1668/1652/1423 1669/1654/1425
f 1652/1627/1400 1651/1625/1398 1682/1653/1424
f 1638/1626/1399 1669/1654/1425 1670/1656/1427
f 1653/1629/1402 1652/1627/1400 1683/1655/1426
f 1639/1628/1401 1670/1656/1427 1671/1658/1429
f 1654/1659/1404 1653/1629/1402 1684/1657/1428
f 1640/1630/1403 1671/1658/1429 1672/1661/1431
f 1655/1634/1406 1654/1632/1404 1685/1662/1430
f 1641/1633/1405 1672/1661/1431 1673/1664/1433
f 1656/1604/1378 1655/1634/1406 1686/1663/1432
f 1642/1635/1407 1673/1664/1433 1674/1666/1435
f 1657/1605/1379 1656/1604/1378 1687/1665/1434
f 1643/1603/1377 1674/1666/1435 1675/1668/1437
f 1658/1608/1382 1657/1605/1379 1688/1667/1436
f 1677/1640/1412 1708/1702/1468 1709/1670/1439
f 1664/1641/1413 1695/1703/1469 1696/1671/1440
f 1692/1645/1417 1691/1642/1414 1722/1672/1441
f 1678/1643/1415 1709/1670/1439 1710/1674/1443
f 1665/1644/1416 1696/1671/1440 1697/1675/1444
f 1679/1646/1418 1710/1674/1443 1711/1676/1445
f 1666/1677/1419 1697/1705/1444 1698/1678/1446
f 1681/1650/1422 1680/1648/1420 1711/1676/1445
f 1667/1679/1421 1698/1678/1446 1699/1681/1448
f 1682/1653/1424 1681/1650/1422 1712/1680/1447
f 1668/1652/1423 1699/1681/1448 1700/1683/1450
f 1683/1655/1426 1682/1653/1424 1713/1682/1449
f 1669/1654/1425 1700/1683/1450 1701/1685/1452
f 1684/1657/1428 1683/1655/1426 1714/1684/1451
f 1670/1656/1427 1701/1685/1452 1702/1687/1454
f 1685/1660/1430 1684/1657/1428 1715/1686/1453
f 1671/1658/1429 1702/1687/1454 1703/1689/1456
f 1686/1663/1432 1685/1662/1430 1716/1690/1455
f 1672/1661/1431 1703/1689/1456 1704/1692/1458
f 1687/1665/1434 1686/1663/1432 1717/1691/1457
f 1673/1664/1433 1704/1692/1458 1705/1694/1460
f 1688/1667/1436 1687/1665/1434 1718/1693/1459
f 1674/1666/1435 1705/1694/1460 1706/1696/1462
f 1689/1638/1410 1688/1667/1436 1719/1695/1461
f 1675/1668/1437 1706/1696/1462 1707/1699/1465
f 1662/1669/1438 1693/1697/1463 1694/1700/1466
f 1690/1639/1411 1689/1638/1410 1720/1698/1464
f 1676/1636/1408 1707/1699/1465 1708/1702/1468
f 1663/1637/1409 1694/1700/1466 1695/1703/1469
f 1691/1642/1414 1690/1639/1411 1721/1701/1467
f 1710/1674/1443 1741/1735/1499 1742/1704/1470
f 1697/1705/1444 1728/1767/1500 1729/1706/1471
f 1712/1680/1447 1711/1676/1445 1742/1704/1470
f 1698/1678/1446 1729/1706/1471 1730/1708/1473
f 1713/1682/1449 1712/1680/1447 1743/1707/1472
f 1699/1681/1448 1730/1708/1473 1731/1710/1475
f 1714/1684/1451 1713/1682/1449 1744/1709/1474
f 1700/1683/1450 1731/1710/1475 1732/1712/1477
f 1715/1686/1453 1714/1684/1451 1745/1711/1476
f 1701/1685/1452 1732/1712/1477 1733/1714/1479
f 1716/1688/1455 1715/1686/1453 1746/1713/1478
f 1702/1687/1454 1733/1714/1479 1734/1716/1481
f 1717/1691/1457 1716/1690/1455 1747/1717/1480
f 1703/1689/1456 1734/1716/1481 1735/1719/1483
f 1718/1693/1459 1717/1691/1457 1748/1718/1482
f 1704/1692/1458 1735/1719/1483 1736/1721/1485
f 1719/1695/1461 1718/1693/1459 1749/1720/1484
f 1705/1694/1460 1736/1721/1485 1737/1723/1487
f 1720/1698/1464 1719/1695/1461 1750/1722/1486
f 1706/1696/1462 1737/1723/1487 1738/1726/1490
f 1693/1697/1463 1724/1724/1488 1725/1727/1491
f 1721/1701/1467 1720/1698/1464 1751/1725/1489
f 1707/1699/1465 1738/1726/1490 1739/1729/1493
f 1694/1700/1466 1725/1727/1491 1726/1730/1494
f 1722/1672/1441 1721/1701/1467 1752/1728/1492
f 1708/1702/1468 1739/1729/1493 1740/1732/1496
f 1695/1703/1469 1726/1730/1494 1727/1733/1497
f 1723/1673/1442 1722/1672/1441 1753/1731/1495
f 1709/1670/1439 1740/1732/1496 1741/1735/1499
f 1696/1671/1440 1727/1733/1497 1728/1736/1500
f 1744/1709/1474 1743/1707/1472 1774/1737/1501
f 1730/1708/1473 1761/1769/1531 1762/1739/1503
f 1745/1711/1476 1744/1709/1474 1775/1738/1502
f 1731/1710/1475 1762/1739/1503 1763/1741/1505
f 1746/1713/1478 1745/1711/1476 1776/1740/1504
f 1732/1712/1477 1763/1741/1505 1764/1743/1507
f 1747/1715/1480 1746/1713/1478 1777/1742/1506
f 1733/1714/1479 1764/1743/1507 1765/1745/1509
f 1748/1718/1482 1747/1717/1480 1778/1746/1508
f 1734/1716/1481 1765/1745/1509 1766/1748/1511
f 1749/1720/1484 1748/1718/1482 1779/1747/1510
f 1735/1719/1483 1766/1748/1511 1767/1750/1513
f 1750/1722/1486 1749/1720/1484 1780/1749/1512
f 1736/1721/1485 1767/1750/1513 1768/1752/1515
f 1751/1725/1489 1750/1722/1486 1781/1751/1514
f 1737/1723/1487 1768/1752/1515 1769/1755/1518
f 1724/1724/1488 1755/1753/1516 1756/1756/1519
f 1752/1728/1492 1751/1725/1489 1782/1754/1517
f 1738/1726/1490 1769/1755/1518 1770/1758/1521
f 1725/1727/1491 1756/1756/1519 1757/1759/1522
f 1753/1731/1495 1752/1728/1492 1783/1757/1520
f 1739/1729/1493 1770/1758/1521 1771/1761/1524
f 1726/1730/1494 1757/1759/1522 1758/1762/1525
f 1754/1734/1498 1753/1731/1495 1784/1760/1523
f 1740/1732/1496 1771/1761/1524 1772/1764/1527
f 1727/1733/1497 1758/1762/1525 1759/1765/1528
f 1742/1704/1470 1741/1735/1499 1772/1764/1527
f 1728/1767/1500 1759/1796/1528 1760/1768/1530
f 1743/1707/1472 1742/1704/1470 1773/1766/1529
f 1729/1706/1471 1760/1768/1530 1761/1769/1531
f 1777/1742/1506 1776/1740/1504 1807/1770/1532
f 1763/1741/1505 1794/1802/1562 1795/1772/1534
f 1778/1744/1508 1777/1742/1506 1808/1771/1533
f 1764/1743/1507 1795/1772/1534 1796/1774/1536
f 1779/1747/1510 1778/1746/1508 1809/1775/1535
f 1765/1745/1509 1796/1774/1536 1797/1777/1538
f 1780/1749/1512 1779/1747/1510 1810/1776/1537
f 1766/1748/1511 1797/1777/1538 1798/1779/1540
f 1781/1751/1514 1780/1749/1512 1811/1778/1539
f 1767/1750/1513 1798/1779/1540 1799/1781/1542
f 1782/1754/1517 1781/1751/1514 1812/1780/1541
f 1768/1752/1515 1799/1781/1542 1800/1784/1545
f 1755/1753/1516 1786/1782/1543 1787/1785/1546
f 1783/1757/1520 1782/1754/1517 1813/1783/1544
f 1769/1755/1518 1800/1784/1545 1801/1787/1548
f 1756/1756/1519 1787/1785/1546 1788/1788/1549
f 1784/1760/1523 1783/1757/1520 1814/1786/1547
f 1770/1758/1521 1801/1787/1548 1802/1790/1551
f 1757/1759/1522 1788/1788/1549 1789/1791/1552
f 1785/1763/1526 1784/1760/1523 1815/1789/1550
f 1771/1761/1524 1802/1790/1551 1803/1793/1554
f 1758/1762/1525 1789/1791/1552 1790/1794/1555
f 1773/1766/1529 1772/1764/1527 1803/1793/1554
f 1759/1796/1528 1790/1824/1555 1791/1797/1557
f 1774/1737/1501 1773/1766/1529 1804/1795/1556
f 1760/1768/1530 1791/1797/1557 1792/1799/1559
f 1775/1738/1502 1774/1737/1501 1805/1798/1558
f 1761/1769/1531 1792/1799/1559 1793/1801/1561
f 1776/1740/1504 1775/1738/1502 1806/1800/1560
f 1762/1739/1503 1793/1801/1561 1794/1802/1562
f 1810/1776/1537 1809/1775/1535 1840/1803/1563
f 1796/1774/1536 1827/1835/1593 1828/1805/1565
f 1811/1778/1539 1810/1776/1537 1841/1804/1564
f 1797/1777/1538 1828/1805/1565 1829/1807/1567
f 1812/1780/1541 1811/1778/1539 1842/1806/1566
f 1798/1779/1540 1829/1807/1567 1830/1809/1569
f 1813/1783/1544 1812/1780/1541 1843/1808/1568
f 1799/1781/1542 1830/1809/1569 1831/1812/1572
f 1786/1782/1543 1817/1810/1570 1818/1813/1573
f 1814/1786/1547 1813/1783/1544 1844/1811/1571
f 1800/1784/1545 1831/1812/1572 1832/1815/1575
f 1787/1785/1546 1818/1813/1573 1819/1816/1576
f 1815/1789/1550 1814/1786/1547 1845/1814/1574
f 1801/1787/1548 1832/1815/1575 1833/1818/1578
f 1788/1788/1549 1819/1816/1576 1820/1819/1579
f 1816/1792/1553 1815/1789/1550 1846/1817/1577
f 1803/1793/1554 1802/1790/1551 1833/1818/1578
f 1789/1791/1552 1820/1819/1579 1821/1822/1582
f 1804/1795/1556 1803/1793/1554 1834/1821/1581
f 1790/1824/1555 1821/1853/1582 1822/1825/1584
f 1805/1798/1558 1804/1795/1556 1835/1823/1583
f 1791/1797/1557 1822/1825/1584 1823/1827/1586
f 1806/1800/1560 1805/1798/1558 1836/1826/1585
f 1792/1799/1559 1823/1827/1586 1824/1829/1588
f 1807/1770/1532 1806/1800/1560 1837/1828/1587
f 1793/1801/1561 1824/1829/1588 1825/1831/1590
f 1808/1771/1533 1807/1770/1532 1838/1830/1589
f 1794/1802/1562 1825/1831/1590 1826/1833/1592
f 1809/1773/1535 1808/1771/1533 1839/1832/1591
f 1795/1772/1534 1826/1833/1592 1827/1835/1593
f 1843/1808/1568 1842/1806/1566 1873/1836/1594
f 1829/1807/1567 1860/1868/1624 1861/1838/1596
f 1844/1811/1571 1843/1808/1568 1874/1837/1595
f 1830/1809/1569 1861/1838/1596 1862/1841/1599
f 1817/1810/1570 1848/1839/1597 1849/1842/1600
f 1845/1814/1574 1844/1811/1571 1875/1840/1598
f 1831/1812/1572 1862/1841/1599 1863/1844/1602
f 1818/1813/1573 1849/1842/1600 1850/1845/1603
f 1846/1817/1577 1845/1814/1574 1876/1843/1601
f 1832/1815/1575 1863/1844/1602 1864/1847/1605
f 1819/1816/1576 1850/1845/1603 1851/1848/1606
f 1847/1820/1580 1846/1817/1577 1877/1846/1604
f 1834/1821/1581 1833/1818/1578 1864/1847/1605
f 1820/1819/1579 1851/1848/1606 1852/1851/1609
f 1835/1823/1583 1834/1821/1581 1865/1850/1608
f 1821/1853/1582 1852/1880/1609 1853/1854/1611
f 1836/1826/1585 1835/1823/1583 1866/1852/1610
f 1822/1825/1584 1853/1854/1611 1854/1856/1613
f 1837/1828/1587 1836/1826/1585 1867/1855/1612
f 1823/1827/1586 1854/1856/1613 1855/1858/1615
f 1838/1830/1589 1837/1828/1587 1868/1857/1614
f 1824/1829/1588 1855/1858/1615 1856/1860/1617
f 1839/1832/1591 1838/1830/1589 1869/1859/1616
f 1825/1831/1590 1856/1860/1617 1857/1862/1619
f 1840/1834/1563 1839/1832/1591 1870/1861/1618
f 1826/1833/1592 1857/1862/1619 1858/1864/1621
f 1841/1804/1564 1840/1803/1563 1871/1865/1620
f 1827/1835/1593 1858/1864/1621 1859/1867/1623
f 1842/1806/1566 1841/1804/1564 1872/1866/1622
f 1828/1805/1565 1859/1867/1623 1860/1868/1624
f 1876/1843/1601 1875/1840/1598 1906/1869/1625
f 1862/1841/1599 1893/1900/1654 1894/1871/1627
f 1849/1842/1600 1880/1901/1655 1881/1872/1628
f 1877/1846/1604 1876/1843/1601 1907/1870/1626
f 1863/1844/1602 1894/1871/1627 1895/1874/1630
f 1850/1845/1603 1881/1872/1628 1882/1875/1631
f 1878/1849/1607 1877/1846/1604 1908/1873/1629
f 1865/1850/1608 1864/1847/1605 1895/1874/1630
f 1851/1848/1606 1882/1875/1631 1883/1878/1634
f 1866/1852/1610 1865/1850/1608 1896/1877/1633
f 1852/1880/1609 1883/1908/1634 1884/1881/1636
f 1867/1855/1612 1866/1852/1610 1897/1879/1635
f 1853/1854/1611 1884/1881/1636 1885/1883/1638
f 1868/1857/1614 1867/1855/1612 1898/1882/1637
f 1854/1856/1613 1885/1883/1638 1886/1885/1640
f 1869/1859/1616 1868/1857/1614 1899/1884/1639
f 1855/1858/1615 1886/1885/1640 1887/1887/1642
f 1870/1861/1618 1869/1859/1616 1900/1886/1641
f 1856/1860/1617 1887/1887/1642 1888/1889/1644
f 1871/1863/1620 1870/1861/1618 1901/1888/1643
f 1857/1862/1619 1888/1889/1644 1889/1891/1646
f 1872/1866/1622 1871/1865/1620 1902/1892/1645
f 1858/1864/1621 1889/1891/1646 1890/1894/1648
f 1873/1836/1594 1872/1866/1622 1903/1893/1647
f 1859/1867/1623 1890/1894/1648 1891/1896/1650
f 1874/1837/1595 1873/1836/1594 1904/1895/1649
f 1860/1868/1624 1891/1896/1650 1892/1898/1652
f 1875/1840/1598 1874/1837/1595 1905/1897/1651
f 1861/1838/1596 1892/1898/1652 1893/1900/1654
f 1848/1839/1597 1879/1899/1653 1880/1901/1655
f 1909/1876/1632 1908/1873/1629 1939/1902/1656
f 1896/1877/1633 1895/1874/1630 1926/1904/1658
f 1882/1875/1631 1913/1934/1686 1914/1906/1660
f 1897/1879/1635 1896/1877/1633 1927/1905/1659
f 1883/1908/1634 1914/2881/1660 1915/1909/1662
f 1898/1882/1637 1897/1879/1635 1928/1907/1661
f 1884/1881/1636 1915/1909/1662 1916/1911/1664
f 1899/1884/1639 1898/1882/1637 1929/1910/1663
f 1885/1883/1638 1916/1911/1664 1917/1913/1666
f 1900/1886/1641 1899/1884/1639 1930/1912/1665
f 1886/1885/1640 1917/1913/1666 1918/1915/1668
f 1901/1888/1643 1900/1886/1641 1931/1914/1667
f 1887/1887/1642 1918/1915/1668 1919/1917/1670
f 1902/1890/1645 1901/1888/1643 1932/1916/1669
f 1888/1889/1644 1919/1917/1670 1920/1919/1672
f 1903/1893/1647 1902/1892/1645 1933/1920/1671
f 1889/1891/1646 1920/1919/1672 1921/1922/1674
f 1904/1895/1649 1903/1893/1647 1934/1921/1673
f 1890/1894/1648 1921/1922/1674 1922/1924/1676
f 1905/1897/1651 1904/1895/1649 1935/1923/1675
f 1891/1896/1650 1922/1924/1676 1923/1926/1678
f 1906/1869/1625 1905/1897/1651 1936/1925/1677
f 1892/1898/1652 1923/1926/1678 1924/1929/1681
f 1879/1899/1653 1910/1927/1679 1911/1930/1682
f 1907/1870/1626 1906/1869/1625 1937/1928/1680
f 1893/1900/1654 1924/1929/1681 1925/1932/1684
f 1880/1901/1655 1911/1930/1682 1912/1933/1685
f 1908/1873/1629 1907/1870/1626 1938/1931/1683
f 1894/1871/1627 1925/1932/1684 1926/1904/1658
f 1881/1872/1628 1912/1933/1685 1913/1934/1686
f 1931/1914/1667 1930/1912/1665 1961/1935/1687
f 1917/1913/1666 1948/1967/1717 1949/1937/1689
f 1932/1916/1669 1931/1914/1667 1962/1936/1688
f 1918/1915/1668 1949/1937/1689 1950/1939/1691
f 1933/1918/1671 1932/1916/1669 1963/1938/1690
f 1919/1917/1670 1950/1939/1691 1951/1941/1693
f 1934/1921/1673 1933/1920/1671 1964/1942/1692
f 1920/1919/1672 1951/1941/1693 1952/1944/1695
f 1935/1923/1675 1934/1921/1673 1965/1943/1694
f 1921/1922/1674 1952/1944/1695 1953/1946/1697
f 1936/1925/1677 1935/1923/1675 1966/1945/1696
f 1922/1924/1676 1953/1946/1697 1954/1948/1699
f 1937/1928/1680 1936/1925/1677 1967/1947/1698
f 1923/1926/1678 1954/1948/1699 1955/1951/1702
f 1910/1927/1679 1941/1949/1700 1942/1952/1703
f 1938/1931/1683 1937/1928/1680 1968/1950/1701
f 1924/1929/1681 1955/1951/1702 1956/1954/1705
f 1911/1930/1682 1942/1952/1703 1943/1955/1706
f 1939/1902/1656 1938/1931/1683 1969/1953/1704
f 1925/1932/1684 1956/1954/1705 1957/1957/1708
f 1912/1933/1685 1943/1955/1706 1944/1958/1709
f 1940/1903/1657 1939/1902/1656 1970/1956/1707
f 1926/1904/1658 1957/1957/1708 1958/1960/1711
f 1913/1934/1686 1944/1958/1709 1945/1961/1712
f 1928/1907/1661 1927/1905/1659 1958/1960/1711
f 1914/1906/1660 1945/1961/1712 1946/1963/1714
f 1929/1910/1663 1928/1907/1661 1959/1962/1713
f 1915/1909/1662 1946/1994/1714 1947/1966/1716
f 1930/1912/1665 1929/1910/1663 1960/1965/1715
f 1916/1911/1664 1947/1966/1716 1948/1967/1717
f 1964/1940/1692 1963/1938/1690 1994/1968/1718
f 1950/1939/1691 1981/2000/1748 1982/1970/1720
f 1965/1943/1694 1964/1942/1692 1995/1971/1719
f 1951/1941/1693 1982/1970/1720 1983/1973/1722
f 1966/1945/1696 1965/1943/1694 1996/1972/1721
f 1952/1944/1695 1983/1973/1722 1984/1975/1724
f 1967/1947/1698 1966/1945/1696 1997/1974/1723
f 1953/1946/1697 1984/1975/1724 1985/1977/1726
f 1968/1950/1701 1967/1947/1698 1998/1976/1725
f 1954/1948/1699 1985/1977/1726 1986/1980/1729
f 1941/1949/1700 1972/1978/1727 1973/1981/1730
f 1969/1953/1704 1968/1950/1701 1999/1979/1728
f 1955/1951/1702 1986/1980/1729 1987/1983/1732
f 1942/1952/1703 1973/1981/1730 1974/1984/1733
f 1970/1956/1707 1969/1953/1704 2000/1982/1731
f 1956/1954/1705 1987/1983/1732 1988/1986/1735
f 1943/1955/1706 1974/1984/1733 1975/1987/1736
f 1971/1959/1710 1970/1956/1707 2001/1985/1734
f 1957/1957/1708 1988/1986/1735 1989/1989/1738
f 1944/1958/1709 1975/1987/1736 1976/1990/1739
f 1959/1962/1713 1958/1960/1711 1989/1989/1738
f 1945/1961/1712 1976/1990/1739 1977/1992/1741
f 1960/1965/1715 1959/1962/1713 1990/1991/1740
f 1946/1994/1714 1977/2022/1741 1978/1995/1743
f 1961/1935/1687 1960/1965/1715 1991/1993/1742
f 1947/1966/1716 1978/1995/1743 1979/1997/1745
f 1962/1936/1688 1961/1935/1687 1992/1996/1744
f 1948/1967/1717 1979/1997/1745 1980/1999/1747
f 1963/1938/1690 1962/1936/1688 1993/1998/1746
f 1949/1937/1689 1980/1999/1747 1981/2000/1748
f 1997/1974/1723 1996/1972/1721 2027/2001/1749
f 1983/1973/1722 2014/2033/1779 2015/2003/1751
f 1998/1976/1725 1997/1974/1723 2028/2002/1750
f 1984/1975/1724 2015/2003/1751 2016/2005/1753
f 1999/1979/1728 1998/1976/1725 2029/2004/1752
f 1985/1977/1726 2016/2005/1753 2017/2008/1756
f 1972/1978/1727 2003/2006/1754 2004/2009/1757
f 2000/1982/1731 1999/1979/1728 2030/2007/1755
f 1986/1980/1729 2017/2008/1756 2018/2011/1759
f 1973/1981/1730 2004/2009/1757 2005/2012/1760
f 2001/1985/1734 2000/1982/1731 2031/2010/1758
f 1987/1983/1732 2018/2011/1759 2019/2014/1762
f 1974/1984/1733 2005/2012/1760 2006/2015/1763
f 2002/1988/1737 2001/1985/1734 2032/2013/1761
f 1988/1986/1735 2019/2014/1762 2020/2017/1765
f 1975/1987/1736 2006/2015/1763 2007/2018/1766
f 1989/1989/1738 2020/2017/1765 2021/2019/1767
f 1976/1990/1739 2007/2018/1766 2008/2020/1768
f 1991/1993/1742 1990/1991/1740 2021/2019/1767
f 1977/2022/1741 2008/2882/1768 2009/2023/1770
f 1992/1996/1744 1991/1993/1742 2022/2021/1769
f 1978/1995/1743 2009/2023/1770 2010/2025/1772
f 1993/1998/1746 1992/1996/1744 2023/2024/1771
f 1979/1997/1745 2010/2025/1772 2011/2027/1774
f 1994/1968/1718 1993/1998/1746 2024/2026/1773
f 1980/1999/1747 2011/2027/1774 2012/2029/1776
f 1995/1969/1719 1994/1968/1718 2025/2028/1775
f 1981/2000/1748 2012/2029/1776 2013/2031/1778
f 1996/1972/1721 1995/1971/1719 2026/2032/1777
f 1982/1970/1720 2013/2031/1778 2014/2033/1779
f 2030/2007/1755 2029/2004/1752 2060/2034/1780
f 2016/2005/1753 2047/2065/1809 2048/2036/1782
f 2003/2006/1754 2034/2066/1810 2035/2037/1783
f 2031/2010/1758 2030/2007/1755 2061/2035/1781
f 2018/2011/1759 2017/2008/1756 2048/2036/1782
f 2004/2009/1757 2035/2037/1783 2036/2040/1786
f 2032/2013/1761 2031/2010/1758 2062/2038/1784
f 2018/2011/1759 2049/2039/1785 2050/2042/1788
f 2005/2012/1760 2036/2040/1786 2037/2043/1789
f 2033/2016/1764 2032/2013/1761 2063/2041/1787
f 2019/2014/1762 2050/2042/1788 2051/2045/1791
f 2006/2015/1763 2037/2043/1789 2038/2046/1792
f 2020/2017/1765 2051/2045/1791 2052/2047/1793
f 2007/2018/1766 2038/2046/1792 2039/2048/1794
f 2022/2021/1769 2021/2019/1767 2052/2047/1793
f 2008/2020/1768 2039/2048/1794 2040/2050/1796
f 2023/2024/1771 2022/2021/1769 2053/2049/1795
f 2009/2023/1770 2040/2080/1796 2041/2053/1798
f 2024/2026/1773 2023/2024/1771 2054/2052/1797
f 2010/2025/1772 2041/2053/1798 2042/2055/1800
f 2025/2028/1775 2024/2026/1773 2055/2054/1799
f 2011/2027/1774 2042/2055/1800 2043/2057/1802
f 2026/2030/1777 2025/2028/1775 2056/2056/1801
f 2012/2029/1776 2043/2057/1802 2044/2059/1804
f 2027/2001/1749 2026/2032/1777 2057/2060/1803
f 2013/2031/1778 2044/2059/1804 2045/2062/1806
f 2028/2002/1750 2027/2001/1749 2058/2061/1805
f 2014/2033/1779 2045/2062/1806 2046/2064/1808
f 2029/2004/1752 2028/2002/1750 2059/2063/1807
f 2015/2003/1751 2046/2064/1808 2047/2065/1809
f 2063/2041/1787 2062/2038/1784 2093/2067/1811
f 2050/2042/1788 2049/2039/1785 2080/2069/1813
f 2036/2040/1786 2067/2099/1841 2068/2071/1815
f 2064/2044/1790 2063/2041/1787 2094/2068/1812
f 2051/2045/1791 2050/2042/1788 2081/2070/1814
f 2037/2043/1789 2068/2071/1815 2069/2074/1818
f 2052/2047/1793 2051/2045/1791 2082/2073/1817
f 2038/2046/1792 2069/2074/1818 2070/2076/1820
f 2053/2049/1795 2052/2047/1793 2083/2075/1819
f 2039/2048/1794 2070/2076/1820 2071/2078/1822
f 2054/2052/1797 2053/2049/1795 2084/2077/1821
f 2040/2080/1796 2071/2883/1822 2072/2081/1824
f 2055/2054/1799 2054/2052/1797 2085/2079/1823
f 2041/2053/1798 2072/2081/1824 2073/2083/1826
f 2056/2056/1801 2055/2054/1799 2086/2082/1825
f 2042/2055/1800 2073/2083/1826 2074/2085/1828
f 2057/2060/1803 2056/2884/1801 2087/2086/1827
f 2043/2057/1802 2074/2085/1828 2075/2088/1830
f 2058/2061/1805 2057/2060/1803 2088/2087/1829
f 2044/2059/1804 2075/2088/1830 2076/2090/1832
f 2059/2063/1807 2058/2061/1805 2089/2089/1831
f 2045/2062/1806 2076/2090/1832 2077/2092/1834
f 2060/2034/1780 2059/2063/1807 2090/2091/1833
f 2046/2064/1808 2077/2092/1834 2078/2094/1836
f 2061/2035/1781 2060/2034/1780 2091/2093/1835
f 2047/2065/1809 2078/2094/1836 2079/2097/1839
f 2034/2066/1810 2065/2095/1837 2066/2098/1840
f 2062/2038/1784 2061/2035/1781 2092/2096/1838
f 2049/2039/1785 2048/2036/1782 2079/2097/1839
f 2035/2037/1783 2066/2098/1840 2067/2099/1841
f 2083/2101/1819 2082/2148/1817 2113/2102/1843
f 2069/2074/1818 2100/2149/1872 2101/2104/1845
f 2084/2105/1821 2083/2101/1819 2114/2103/1844
f 2070/2076/1820 2101/2104/1845 2102/2107/1847
f 2085/2108/1823 2084/2105/1821 2115/2106/1846
f 2071/2110/1822 2102/2152/1847 2103/2111/1849
f 2086/2113/1825 2085/2108/1823 2116/2109/1848
f 2072/2112/1824 2103/2111/1849 2104/2115/1851
f 2087/2117/1827 2086/2113/1825 2117/2114/1850
f 2073/2116/1826 2104/2115/1851 2105/2119/1853
f 2088/2121/1829 2087/2117/1827 2118/2118/1852
f 2074/2120/1828 2105/2119/1853 2106/2123/1855
f 2089/2089/1831 2088/2087/1829 2119/2125/1854
f 2075/2124/1830 2106/2123/1855 2107/2127/1857
f 2090/2091/1833 2089/2089/1831 2120/2126/1856
f 2076/2128/1832 2107/2127/1857 2108/2130/1859
f 2091/2093/1835 2090/2091/1833 2121/2129/1858
f 2077/2131/1834 2108/2130/1859 2109/2133/1861
f 2092/2096/1838 2091/2093/1835 2122/2132/1860
f 2079/2137/1839 2078/2134/1836 2109/2133/1861
f 2065/2095/1837 2096/2135/1862 2097/2139/1865
f 2093/2067/1811 2092/2096/1838 2123/2136/1863
f 2080/2141/1813 2079/2137/1839 2110/2138/1864
f 2066/2098/1840 2097/2139/1865 2098/2143/1868
f 2094/2068/1812 2093/2067/1811 2124/2140/1866
f 2081/2145/1814 2080/2141/1813 2111/2142/1867
f 2067/2099/1841 2098/2143/1868 2099/2147/1871
f 2095/2072/1816 2094/2068/1812 2125/2144/1869
f 2082/2148/1817 2081/2145/1814 2112/2146/1870
f 2068/2071/1815 2099/2147/1871 2100/2149/1872
f 2116/2109/1848 2115/2106/1846 2144/2150/1873
f 2102/2152/1847 2133/2185/1905 2134/2153/1875
f 2117/2114/1850 2116/2109/1848 2145/2151/1874
f 2103/2111/1849 2134/2153/1875 2135/2155/1877
f 2118/2118/1852 2117/2114/1850 2146/2154/1876
f 2414/2885/2460 2105/2119/1853 2415/2158/1880
f 2105/2119/1853 2104/2115/1851 2415/2158/1880
f 2104/2115/1851 2135/2155/1877 2416/2157/1879
f 2119/2122/1854 2118/2118/1852 2147/2156/1878
f 2418/2886/2461 2419/2887/2462 2106/2123/1855
f 2105/2119/1853 2414/2885/2460 2417/2160/1882
f 2417/2160/1882 2418/2886/2461 2106/2123/1855
f 2120/2126/1856 2119/2125/1854 2148/2161/1881
f 2422/2164/1885 2423/2888/2463 2136/2193/1912
f 2136/2193/1912 2107/2127/1857 2422/2164/1885
f 2107/2127/1857 2106/2123/1855 2420/2889/2464
f 2421/2163/1884 2107/2127/1857 2420/2889/2464
f 2106/2123/1855 2419/2887/2462 2420/2889/2464
f 2121/2129/1858 2120/2126/1856 2149/2162/1883
f 2107/2127/1857 2136/2193/1912 2137/2166/1887
f 2122/2132/1860 2121/2129/1858 2150/2165/1886
f 2108/2130/1859 2137/2166/1887 2138/2168/1889
f 2123/2136/1863 2122/2132/1860 2151/2167/1888
f 2110/2138/1864 2109/2133/1861 2138/2168/1889
f 2096/2135/1862 2127/2169/1890 2128/2172/1893
f 2124/2140/1866 2123/2136/1863 2152/2170/1891
f 2111/2142/1867 2110/2138/1864 2139/2171/1892
f 2097/2139/1865 2128/2172/1893 2129/2175/1896
f 2125/2144/1869 2124/2140/1866 2153/2173/1894
f 2112/2146/1870 2111/2142/1867 2140/2174/1895
f 2098/2143/1868 2129/2175/1896 2130/2178/1899
f 2126/2100/1842 2125/2144/1869 2154/2176/1897
f 2113/2102/1843 2112/2146/1870 2141/2177/1898
f 2099/2147/1871 2130/2178/1899 2131/2181/1902
f 2114/2103/1844 2113/2102/1843 2142/2180/1901
f 2100/2149/1872 2131/2181/1902 2132/2183/1904
f 2115/2106/1846 2114/2103/1844 2143/2182/1903
f 2101/2184/1845 2132/2216/1904 2133/2185/1905
f 2147/2156/1878 2146/2154/1876 2174/2186/1906
f 2424/2189/1909 2416/2157/1879 2135/2155/1877
f 2135/2155/1877 2164/2220/1938 2425/2188/1908
f 2164/2220/1938 2426/2890/2465 2425/2188/1908
f 2148/2159/1881 2147/2156/1878 2175/2187/1907
f 2149/2162/1883 2148/2161/1881 2176/2191/1910
f 2429/2195/1914 2428/2197/1916 2136/2193/1912
f 2136/2193/1912 2423/2888/2463 2427/2194/1913
f 2150/2165/1886 2149/2162/1883 2177/2192/1911
f 2428/2197/1916 2430/2891/2466 2165/2230/1948
f 2165/2230/1948 2137/2166/1887 2428/2197/1916
f 2151/2167/1888 2150/2165/1886 2178/2196/1915
f 2137/2166/1887 2165/2230/1948 2166/2199/1918
f 2152/2170/1891 2151/2167/1888 2179/2198/1917
f 2139/2171/1892 2138/2168/1889 2166/2199/1918
f 2127/2169/1890 2156/2200/1919 2157/2203/1922
f 2153/2173/1894 2152/2170/1891 2180/2201/1920
f 2140/2174/1895 2139/2171/1892 2167/2202/1921
f 2128/2172/1893 2157/2203/1922 2158/2206/1925
f 2154/2176/1897 2153/2173/1894 2181/2204/1923
f 2141/2177/1898 2140/2174/1895 2168/2205/1924
f 2129/2175/1896 2158/2206/1925 2159/2209/1928
f 2155/2179/1900 2154/2176/1897 2182/2207/1926
f 2142/2180/1901 2141/2177/1898 2169/2208/1927
f 2130/2178/1899 2159/2209/1928 2160/2212/1931
f 2143/2182/1903 2142/2180/1901 2170/2211/1930
f 2131/2181/1902 2160/2212/1931 2161/2214/1933
f 2144/2150/1873 2143/2182/1903 2171/2213/1932
f 2132/2216/1904 2161/2252/1933 2162/2217/1935
f 2145/2151/1874 2144/2150/1873 2172/2215/1934
f 2133/2185/1905 2162/2217/1935 2163/2219/1937
f 2146/2154/1876 2145/2151/1874 2173/2218/1936
f 2134/2153/1875 2163/2219/1937 2164/2220/1938
f 2176/2191/1910 2203/2293/1978 2204/2221/1939
f 2178/2196/1915 2177/2192/1911 2204/2221/1939
f 2432/2223/1941 2193/2222/1940 2434/2228/1946
f 2193/2222/1940 2194/2226/1944 2434/2228/1946
f 2194/2226/1944 2165/2230/1948 2435/2227/1945
f 2165/2230/1948 2430/2891/2466 2433/2892/2467
f 2165/2230/1948 2433/2892/2467 2435/2227/1945
f 2179/2198/1917 2178/2196/1915 2205/2225/1943
f 2165/2230/1948 2194/2226/1944 2195/2231/1949
f 2180/2201/1920 2179/2198/1917 2206/2229/1947
f 2167/2202/1921 2166/2199/1918 2195/2231/1949
f 2157/2203/1922 2156/2200/1919 2184/2232/1950
f 2181/2204/1923 2180/2201/1920 2207/2233/1951
f 2341/2238/1956 2340/2893/2468 2168/2205/1924
f 2168/2205/1924 2167/2202/1921 2341/2238/1956
f 2167/2202/1921 2196/2234/1952 2342/2237/1955
f 2196/2234/1952 2343/2271/1987 2342/2237/1955
f 2157/2203/1922 2185/2235/1953 2186/2239/1957
f 2182/2207/1926 2181/2204/1923 2208/2236/1954
f 2346/2242/1960 2347/2245/1963 2169/2208/1927
f 2169/2208/1927 2168/2205/1924 2345/2241/1959
f 2168/2205/1924 2340/2893/2468 2344/2894/2469
f 2168/2205/1924 2344/2894/2469 2345/2241/1959
f 2158/2206/1925 2186/2239/1957 2187/2243/1961
f 2182/2207/1926 2209/2240/1958 2210/2244/1962
f 2348/2246/1964 2197/2248/1966 2170/2211/1930
f 2170/2211/1930 2169/2208/1927 2348/2246/1964
f 2159/2209/1928 2187/2243/1961 2188/2247/1965
f 2171/2213/1932 2170/2211/1930 2197/2248/1966
f 2160/2250/1931 2188/2280/1965 2189/2251/1968
f 2172/2215/1934 2171/2213/1932 2198/2249/1967
f 2161/2252/1933 2189/2251/1968 2190/2254/1970
f 2173/2218/1936 2172/2215/1934 2199/2253/1969
f 2162/2217/1935 2190/2254/1970 2191/2256/1972
f 2174/2186/1906 2173/2218/1936 2200/2255/1971
f 2163/2219/1937 2191/2256/1972 2192/2258/1974
f 2175/2187/1907 2174/2186/1906 2201/2257/1973
f 2436/2261/1977 2426/2890/2465 2164/2220/1938
f 2164/2220/1938 2192/2258/1974 2437/2260/1976
f 2192/2258/1974 2438/2895/2470 2437/2260/1976
f 2176/2190/1910 2175/2187/1907 2202/2259/1975
f 2205/2225/1943 2230/2298/2011 2231/2263/1979
f 2195/2231/1949 2194/2226/1944 2221/2264/1980
f 2206/2229/1947 2231/2263/1979 2232/2267/1983
f 2349/2896/2471 2350/2897/2472 2222/2265/1981
f 2350/2897/2472 2196/2234/1952 2222/2265/1981
f 2185/2235/1953 2184/2232/1950 2211/2266/1982
f 2207/2233/1951 2232/2267/1983 2233/2269/1985
f 2196/2234/1952 2350/2897/2472 2351/2270/1986
f 2186/2239/1957 2185/2235/1953 2212/2268/1984
f 2208/2236/1954 2233/2269/1985 2234/2273/1989
f 2187/2243/1961 2186/2239/1957 2213/2272/1988
f 2209/2240/1958 2234/2273/1989 2235/2275/1991
f 2353/2276/1992 2354/2279/1995 2197/2248/1966
f 2197/2248/1966 2348/2246/1964 2352/2277/1993
f 2187/2243/1961 2214/2274/1990 2215/2278/1994
f 2354/2279/1995 2223/2282/1997 2198/2249/1967
f 2188/2280/1965 2215/2898/1994 2216/2281/1996
f 2199/2253/1969 2198/2249/1967 2223/2282/1997
f 2189/2251/1968 2216/2281/1996 2217/2284/1999
f 2200/2255/1971 2199/2253/1969 2224/2283/1998
f 2190/2254/1970 2217/2284/1999 2218/2286/2001
f 2201/2257/1973 2200/2255/1971 2225/2285/2000
f 2191/2256/1972 2218/2286/2001 2219/2288/2003
f 2201/2257/1973 2226/2287/2002 2227/2289/2004
f 2438/2895/2470 2192/2258/1974 2439/2291/2006
f 2192/2258/1974 2219/2288/2003 2439/2291/2006
f 2219/2288/2003 2442/2321/2033 2441/2899/2473
f 2219/2288/2003 2441/2899/2473 2440/2290/2005
f 2202/2259/1975 2227/2289/2004 2228/2292/2007
f 2203/2293/1978 2228/2325/2007 2229/2294/2008
f 2220/2295/2009 2193/2222/1940 2443/2900/2474
f 2193/2222/1940 2431/2224/1942 2443/2900/2474
f 2444/2297/2010 2446/2901/2475 2220/2295/2009
f 2220/2295/2009 2443/2900/2474 2445/2296/2010
f 2204/2221/1939 2229/2294/2008 2230/2298/2011
f 2193/2222/1940 2220/2295/2009 2221/2264/1980
f 2212/2268/1984 2211/2266/1982 2236/2299/2012
f 2232/2267/1983 2259/2334/2045 2260/2301/2014
f 2213/2272/1988 2212/2268/1984 2237/2300/2013
f 2233/2269/1985 2260/2301/2014 2261/2303/2016
f 2214/2274/1990 2213/2272/1988 2238/2302/2015
f 2234/2273/1989 2261/2303/2016 2262/2305/2018
f 2215/2278/1994 2214/2274/1990 2239/2304/2017
f 2356/2308/2021 2357/2902/2476 2223/2282/1997
f 2357/2902/2476 2250/2311/2023 2223/2282/1997
f 2223/2282/1997 2354/2279/1995 2355/2307/2020
f 2216/2281/1996 2215/2898/1994 2240/2309/2019
f 2224/2283/1998 2223/2282/1997 2250/2311/2023
f 2216/2281/1996 2241/2310/2022 2242/2313/2025
f 2225/2285/2000 2224/2283/1998 2251/2312/2024
f 2217/2284/1999 2242/2313/2025 2243/2315/2027
f 2226/2287/2002 2225/2285/2000 2252/2314/2026
f 2218/2286/2001 2243/2315/2027 2244/2317/2029
f 2226/2287/2002 2253/2316/2028 2254/2318/2030
f 2219/2288/2003 2244/2317/2029 2442/2321/2033
f 2244/2317/2029 2245/2319/2031 2442/2321/2033
f 2227/2289/2004 2254/2318/2030 2255/2322/2034
f 2448/2903/2477 2447/2320/2032 2245/2319/2031
f 2245/2319/2031 2246/2329/2040 2452/2323/2035
f 2246/2329/2040 2450/2904/2478 2451/2905/2479
f 2246/2329/2040 2451/2905/2479 2452/2323/2035
f 2449/2324/2036 2448/2903/2477 2245/2319/2031
f 2228/2325/2007 2255/2356/2034 2256/2326/2037
f 2455/2328/2039 2450/2904/2478 2246/2329/2040
f 2246/2329/2040 2247/2359/2068 2454/2327/2038
f 2247/2359/2068 2220/2295/2009 2453/2906/2480
f 2454/2327/2038 2247/2359/2068 2453/2906/2480
f 2220/2295/2009 2446/2901/2475 2453/2906/2480
f 2229/2294/2008 2256/2326/2037 2257/2330/2041
f 2220/2295/2009 2247/2359/2068 2248/2331/2042
f 2230/2298/2011 2257/2330/2041 2258/2332/2043
f 2222/2265/1981 2221/2264/1980 2248/2331/2042
f 2231/2263/1979 2258/2332/2043 2259/2334/2045
f 2358/2336/2047 2349/2896/2471 2222/2265/1981
f 2222/2265/1981 2249/2333/2044 2358/2336/2047
f 2249/2333/2044 2360/2907/2481 2359/2335/2046
f 2239/2304/2017 2238/2302/2015 2265/2337/2048
f 2261/2303/2016 2287/2370/2079 2288/2339/2050
f 2240/2306/2019 2239/2304/2017 2266/2338/2049
f 2363/2341/2052 2362/2345/2055 2250/2311/2023
f 2250/2311/2023 2357/2902/2476 2361/2342/2053
f 2241/2310/2022 2240/2309/2019 2267/2343/2051
f 2250/2311/2023 2362/2345/2055 2251/2312/2024
f 2362/2345/2055 2364/2908/2482 2277/2346/2056
f 2242/2313/2025 2241/2310/2022 2268/2344/2054
f 2252/2314/2026 2251/2312/2024 2277/2346/2056
f 2243/2315/2027 2242/2313/2025 2269/2347/2057
f 2253/2316/2028 2252/2314/2026 2278/2348/2058
f 2244/2317/2029 2243/2315/2027 2270/2349/2059
f 2253/2316/2028 2279/2350/2060 2280/2352/2062
f 2245/2319/2031 2244/2317/2029 2271/2351/2061
f 2254/2318/2030 2280/2352/2062 2281/2354/2064
f 2245/2319/2031 2272/2353/2063 2273/2355/2065
f 2255/2356/2034 2281/2374/2064 2282/2357/2066
f 2246/2329/2040 2273/2355/2065 2274/2358/2067
f 2256/2326/2037 2282/2357/2066 2283/2360/2069
f 2248/2331/2042 2247/2359/2068 2274/2358/2067
f 2257/2330/2041 2283/2360/2069 2284/2362/2071
f 2249/2333/2044 2248/2331/2042 2275/2361/2070
f 2258/2332/2043 2284/2362/2071 2285/2365/2074
f 2365/2367/2076 2360/2907/2481 2249/2333/2044
f 2249/2333/2044 2276/2363/2072 2365/2367/2076
f 2276/2363/2072 2367/2909/2483 2366/2366/2075
f 2237/2300/2013 2236/2299/2012 2263/2364/2073
f 2259/2334/2045 2285/2365/2074 2286/2369/2078
f 2238/2302/2015 2237/2300/2013 2264/2368/2077
f 2260/2301/2014 2286/2369/2078 2287/2370/2079
f 2268/2344/2054 2267/2343/2051 104/150/64
f 2372/2910/2484 2306/2838/2430 109/2373/2081
f 109/2373/2081 2277/2346/2056 2369/2911/2485
f 2277/2346/2056 2364/2908/2482 2368/2912/2080
f 2277/2346/2056 2368/2912/2080 2371/2371/2080
f 2369/2911/2485 2372/2910/2484 109/2373/2081
f 2370/2372/2080 2369/2911/2485 2277/2346/2056
f 2269/2347/2057 2268/2344/2054 2290/154/67
f 2278/2348/2058 2277/2346/2056 109/2373/2081
f 2270/2349/2059 2269/2347/2057 2291/159/72
f 2278/2348/2058 112/161/74 2296/166/79
f 2271/2351/2061 2270/2349/2059 2292/163/76
f 2279/2350/2060 2296/166/79 2297/170/83
f 2272/2353/2063 2271/2351/2061 2293/167/80
f 2280/2352/2062 2297/170/83 2298/174/87
f 2273/2355/2065 2272/2353/2063 2294/171/84
f 2281/2374/2064 2298/177/87 2299/179/91
f 2274/2358/2067 2273/2355/2065 105/175/88
f 2282/2357/2066 2299/179/91 2300/183/95
f 2275/2361/2070 2274/2358/2067 106/180/92
f 2283/2360/2069 2300/183/95 2301/187/99
f 2276/2363/2072 2275/2361/2070 107/184/96
f 2284/2362/2071 2301/187/99 2302/194/106
f 2374/2376/2083 2367/2909/2483 2295/188/100
f 2367/2909/2483 2276/2363/2072 2295/188/100
f 2295/188/100 2309/2840/2432 2373/2375/2082
f 2264/2368/2077 2263/2364/2073 101/190/102
f 2285/2365/2074 2302/194/106 113/199/111
f 2265/2337/2048 2264/2368/2077 102/196/108
f 2286/2369/2078 113/199/111 2303/147/61
f 2266/2338/2049 2265/2337/2048 103/203/115
f 2287/2370/2079 2303/147/61 115/149/63
f 2267/2343/2051 2266/2913/2049 2289/2377/58
f 2305/2384/2090 2306/2914/2486 160/2382/2088
f 2306/2914/2486 2372/2381/2087 160/2382/2088
f 177/2386/2092 2307/2395/2101 2304/2383/2089
f 2304/2383/2089 160/2382/2088 179/2385/2091
f 172/2387/2093 2330/2396/2102 2331/2388/2094
f 2334/2389/2095 2325/2391/2097 172/2387/2093
f 2325/2391/2097 2324/2393/2099 174/2390/2096
f 2324/2393/2099 2320/2915/2487 176/2392/2098
f 2320/2915/2487 2319/2916/2488 176/2392/2098
f 176/2392/2098 2319/2916/2488 177/2386/2092
f 2319/2916/2488 2308/2394/2100 177/2386/2092
f 2330/2396/2102 172/2387/2093 205/2397/2103
f 2326/2399/2105 2327/2917/2489 186/2400/2106
f 2327/2917/2489 190/2403/2108 186/2400/2106
f 186/2400/2106 2323/2422/2125 2322/2401/2105
f 207/2402/2107 205/2397/2103 172/2387/2093
f 190/2403/2108 2327/2917/2489 2329/2404/2109
f 209/2406/2111 207/2402/2107 174/2390/2096
f 2328/2409/2112 2335/2918/2112 192/2407/2110
f 2335/2918/2112 2337/2412/2115 192/2407/2110
f 2337/2412/2115 194/2437/2139 192/2407/2110
f 211/2410/2113 209/2406/2111 176/2392/2098
f 196/2411/2114 194/2437/2139 2337/2412/2115
f 213/2414/2117 211/2410/2113 177/2386/2092
f 2336/2413/2116 2338/2919/2490 197/2415/2118
f 2338/2919/2490 2339/2417/2120 197/2415/2118
f 2339/2417/2120 2332/2920/2491 199/2416/2119
f 2332/2920/2491 2333/2921/2124 199/2416/2119
f 2318/2418/2121 2317/2922/2492 2321/2419/2122
f 201/2398/2104 199/2431/2119 2333/2421/2124
f 183/2420/2123 2321/2419/2122 2323/2422/2125
f 242/2423/2126 240/2439/2141 211/2410/2113
f 197/2415/2118 229/2450/2150 227/2424/2127
f 230/2428/2131 229/2450/2150 197/2415/2118
f 216/2425/2128 2315/2427/2130 2318/2418/2121
f 2318/2418/2121 183/2420/2123 217/2429/2132
f 231/2430/2133 230/2459/2131 199/2431/2119
f 186/2400/2106 219/2433/2135 217/2429/2132
f 232/2432/2134 231/2430/2133 201/2398/2104
f 190/2403/2108 221/2435/2137 219/2433/2135
f 233/2434/2136 232/2432/2134 205/2397/2103
f 192/2405/2110 223/2442/2140 221/2435/2137
f 237/2436/2138 233/2434/2136 207/2402/2107
f 194/2437/2139 226/2440/2142 223/2438/2140
f 240/2439/2141 237/2436/2138 209/2406/2111
f 196/2411/2114 227/2424/2127 226/2440/2142
f 269/2441/2143 267/2461/2158 232/2432/2134
f 223/2442/2140 252/2446/2146 250/2443/2144
f 275/2444/2145 269/2441/2143 233/2434/2136
f 226/2445/2142 256/2476/2148 252/2446/2146
f 279/2447/2147 275/2444/2145 237/2436/2138
f 227/2424/2127 259/2451/2151 256/2448/2148
f 281/2449/2149 279/2447/2147 240/2439/2141
f 229/2450/2150 261/2923/2163 259/2451/2151
f 2314/2454/2154 2316/2426/2129 216/2425/2128
f 216/2425/2128 245/2452/2152 2314/2454/2154
f 264/2455/2155 261/2466/2163 229/2456/2150
f 217/2429/2132 247/2460/2157 245/2452/2152
f 266/2458/2156 264/2469/2155 230/2459/2131
f 219/2433/2135 248/2462/2159 247/2460/2157
f 267/2461/2158 266/2458/2156 231/2430/2133
f 221/2435/2137 250/2443/2144 248/2462/2159
f 245/2452/2152 282/2467/2164 2313/2463/2160
f 301/2465/2162 300/2491/2183 261/2466/2163
f 247/2460/2157 285/2470/2166 282/2467/2164
f 303/2468/2165 301/2924/2162 264/2469/2155
f 248/2462/2159 286/2472/2168 285/2470/2166
f 304/2471/2167 303/2468/2165 266/2458/2156
f 250/2443/2144 288/2474/2170 286/2472/2168
f 305/2473/2169 304/2471/2167 267/2461/2158
f 252/2446/2146 292/2477/2172 288/2474/2170
f 311/2475/2171 305/2473/2169 269/2441/2143
f 256/2476/2148 295/2480/2174 292/2477/2172
f 313/2478/2173 311/2475/2171 275/2444/2145
f 259/2479/2151 298/2488/2175 295/2480/2174
f 319/2464/2161 313/2478/2173 279/2447/2147
f 261/2466/2163 300/2491/2183 298/2481/2175
f 331/2483/2176 328/2499/2190 288/2474/2170
f 311/2475/2171 356/2486/2179 350/2484/2177
f 336/2485/2178 331/2483/2176 292/2477/2172
f 313/2478/2173 360/2489/2181 356/2486/2179
f 340/2487/2180 336/2485/2178 295/2480/2174
f 319/2464/2161 362/2493/2185 360/2489/2181
f 342/2490/2182 340/2516/2180 298/2481/2175
f 321/2492/2184 2311/2925/2493 2313/2463/2160
f 301/2465/2162 345/2496/2187 342/2490/2182
f 323/2494/2186 321/2492/2184 282/2467/2164
f 303/2495/2165 346/2504/2189 345/2496/2187
f 325/2497/2188 323/2494/2186 285/2470/2166
f 304/2471/2167 348/2500/2191 346/2498/2189
f 328/2499/2190 325/2497/2188 286/2472/2168
f 305/2473/2169 350/2484/2177 348/2500/2191
f 345/2496/2187 391/2505/2195 389/2501/2192
f 321/2492/2184 323/2494/2186 371/2502/2193
f 346/2504/2189 393/2926/2197 391/2505/2195
f 373/2506/2196 371/2502/2193 323/2494/2186
f 348/2500/2191 395/2509/2199 393/2507/2197
f 376/2508/2198 373/2506/2196 325/2497/2188
f 350/2484/2177 397/2511/2201 395/2509/2199
f 380/2510/2200 376/2508/2198 328/2499/2190
f 356/2486/2179 401/2513/2203 397/2511/2201
f 382/2512/2202 380/2510/2200 331/2483/2176
f 360/2489/2181 406/2515/2205 401/2513/2203
f 387/2514/2204 382/2512/2202 336/2485/2178
f 362/2493/2185 409/2519/2207 406/2515/2205
f 389/2501/2192 387/2927/2204 340/2516/2180
f 369/2503/2194 2373/2528/2215 2309/2517/2206
f 2310/2518/2206 2311/2925/2493 321/2492/2184
f 369/2503/2194 2309/2517/2206 321/2492/2184
f 401/2513/2203 440/2522/2210 438/2520/2208
f 423/2521/2209 419/2544/2225 380/2510/2200
f 406/2515/2205 442/2524/2212 440/2522/2210
f 426/2523/2211 423/2521/2209 382/2512/2202
f 409/2519/2207 448/2529/2216 442/2524/2212
f 430/2525/2213 426/2523/2211 387/2514/2204
f 391/2530/2195 432/2536/2219 430/2531/2213
f 2367/2534/2218 2374/2527/2214 369/2503/2194
f 369/2503/2194 371/2502/2193 2367/2534/2218
f 393/2535/2197 434/2540/2222 432/2536/2219
f 2365/2538/2221 2366/2533/2217 371/2502/2193
f 371/2502/2193 373/2506/2196 416/2537/2220
f 395/2539/2199 436/2543/2224 434/2540/2222
f 373/2506/2196 376/2508/2198 418/2541/2223
f 397/2542/2201 438/2550/2208 436/2543/2224
f 419/2544/2225 418/2541/2223 376/2508/2198
f 434/2540/2222 2346/2547/2228 2345/2545/2226
f 416/2537/2220 2359/2549/2230 2360/2546/2227
f 2352/2551/2231 2348/2928/2494 436/2543/2224
f 2348/2928/2494 2347/2929/2494 436/2543/2224
f 2347/2929/2494 2346/2547/2228 436/2543/2224
f 416/2537/2220 418/2541/2223 2358/2548/2229
f 438/2550/2208 2353/2930/2495 2352/2551/2231
f 2349/2931/2233 2358/2548/2229 418/2541/2223
f 418/2541/2223 419/2544/2225 2351/2552/2232
f 2350/2553/2233 2349/2931/2233 418/2541/2223
f 2354/2556/2235 2353/2930/2495 440/2554/2210
f 2353/2930/2495 438/2550/2208 440/2554/2210
f 2343/2558/2237 2351/2552/2232 419/2544/2225
f 419/2544/2225 423/2521/2209 2342/2557/2236
f 2356/2560/2239 2355/2932/2234 442/2524/2212
f 2355/2932/2234 440/2522/2210 442/2524/2212
f 423/2521/2209 426/2523/2211 2341/2561/2240
f 467/2559/2238 442/2524/2212 448/2529/2216
f 2344/2565/2242 2340/2933/2496 430/2531/2213
f 2340/2933/2496 2341/2563/2240 430/2531/2213
f 432/2536/2219 2345/2545/2226 2344/2565/2242
f 2361/2568/2245 2357/2566/2243 469/2562/2241
f 2357/2566/2243 467/2559/2238 469/2562/2241
f 2364/2571/2248 2362/2934/2497 367/2379/2085
f 2362/2934/2497 2363/2569/2246 487/2567/2244
f 367/2379/2085 2362/2934/2497 487/2567/2244
f 412/2573/2250 2437/2935/2498 2438/2574/2251
f 2439/2575/2252 2440/2589/2264 125/2578/2255
f 125/2578/2255 108/2576/2253 2439/2575/2252
f 415/2577/2254 108/2576/2253 125/2578/2255
f 415/2580/2254 128/2593/2256 129/2581/2257
f 110/2582/2258 129/2581/2257 131/2583/2259
f 111/2584/2260 131/2583/2259 134/2585/2261
f 2447/2592/2266 2448/2598/2271 147/2594/2267
f 147/2594/2267 128/2593/2256 2447/2592/2266
f 128/2593/2256 125/2936/2255 2441/2937/2265
f 2442/2591/2266 128/2593/2256 2441/2937/2265
f 129/2581/2257 128/2593/2256 147/2594/2267
f 131/2583/2259 129/2581/2257 149/2595/2268
f 131/2583/2259 151/2596/2269 152/2588/2263
f 2449/2597/2270 2452/2604/2277 167/2603/2276
f 167/2603/2276 149/2595/2268 2449/2597/2270
f 149/2595/2268 167/2603/2276 168/2599/2272
f 152/2588/2263 151/2596/2269 168/2599/2272
f 2451/2602/2275 185/2606/2279 167/2603/2276
f 167/2603/2276 185/2606/2279 187/2605/2278
f 168/2599/2272 187/2605/2278 188/2601/2274
f 185/2606/2279 2451/2602/2275 2450/2607/2280
f 2455/2608/2281 2454/2612/2285 204/2609/2282
f 204/2609/2282 187/2605/2278 2455/2608/2281
f 188/2601/2274 187/2605/2278 204/2609/2282
f 2453/2611/2284 218/2613/2286 204/2609/2282
f 206/2610/2283 204/2609/2282 218/2613/2286
f 234/2615/2288 236/2619/2292 2444/2616/2289
f 236/2619/2292 218/2613/2286 2446/2618/2291
f 218/2613/2286 2453/2611/2284 2446/2618/2291
f 218/2613/2286 236/2619/2292 239/2620/2293
f 253/2621/2294 234/2615/2288 2445/2617/2290
f 236/2619/2292 234/2615/2288 253/2621/2294
f 239/2620/2293 236/2619/2292 255/2623/2296
f 253/2621/2294 271/2632/2304 273/2625/2298
f 255/2623/2296 273/2625/2298 276/2626/2299
f 2434/2631/2300 270/2938/2302 271/2632/2304
f 271/2632/2304 253/2621/2294 2431/2939/2499
f 253/2621/2294 2443/2622/2295 2431/2939/2499
f 2431/2939/2499 2432/2630/2303 271/2632/2304
f 2430/2635/2307 2428/2940/2307 287/2633/2305
f 2428/2940/2307 2429/2941/2320 287/2633/2305
f 287/2633/2305 290/2942/2308 2433/2634/2306
f 290/2942/2308 270/2629/2302 2433/2634/2306
f 271/2632/2304 270/2938/2302 290/2636/2308
f 273/2625/2298 271/2632/2304 291/2637/2309
f 276/2626/2299 273/2625/2298 294/2638/2310
f 296/2639/2311 294/2638/2310 315/2640/2312
f 2422/2642/2314 306/2644/2316 2423/2647/2319
f 306/2644/2316 308/2645/2317 2423/2647/2319
f 2427/2646/2318 308/2645/2317 310/2654/2321
f 310/2654/2321 287/2648/2305 2427/2646/2318
f 290/2636/2308 287/2943/2305 310/2650/2321
f 290/2636/2308 312/2651/2322 314/2652/2323
f 294/2638/2310 291/2637/2309 314/2652/2323
f 308/2645/2317 332/2664/2333 333/2653/2324
f 312/2655/2322 310/2654/2321 333/2653/2324
f 312/2651/2322 335/2673/2325 337/2657/2326
f 315/2640/2312 314/2652/2323 337/2657/2326
f 315/2640/2312 339/2658/2327 341/2659/2328
f 327/2660/2329 2420/2663/2332 2419/2661/2330
f 2420/2663/2332 327/2660/2329 329/2669/2338
f 329/2669/2338 306/2644/2316 2420/2663/2332
f 306/2644/2316 329/2669/2338 332/2664/2333
f 339/2658/2327 363/2675/2343 365/2665/2334
f 351/2666/2335 327/2660/2329 2418/2662/2331
f 327/2660/2329 351/2666/2335 353/2668/2337
f 329/2669/2338 353/2668/2337 355/2670/2339
f 332/2664/2333 355/2670/2339 357/2671/2340
f 335/2656/2325 333/2653/2324 357/2671/2340
f 335/2673/2325 358/2676/2341 361/2674/2342
f 339/2658/2327 337/2657/2326 361/2674/2342
f 358/2676/2341 357/2944/2340 377/2677/2344
f 358/2676/2341 379/2678/2345 381/2679/2346
f 363/2675/2343 361/2674/2342 381/2679/2346
f 365/2665/2334 363/2675/2343 383/2680/2347
f 2415/2945/2500 372/2946/2352 2414/2682/2349
f 372/2946/2352 351/2666/2335 2414/2682/2349
f 351/2666/2335 372/2946/2352 374/2683/2350
f 355/2670/2339 353/2668/2337 374/2683/2350
f 355/2670/2339 375/2684/2351 377/2685/2344
f 372/2686/2352 2415/2947/2500 2416/2687/2353
f 2424/2688/2354 2425/2948/2501 396/2692/2356
f 396/2692/2356 374/2690/2350 2424/2688/2354
f 375/2691/2351 374/2690/2350 396/2692/2356
f 377/2694/2344 375/2691/2351 398/2693/2357
f 377/2694/2344 400/2695/2358 402/2696/2359
f 381/2679/2346 379/2678/2345 402/2698/2359
f 381/2679/2346 404/2699/2360 405/2700/2361
f 383/2680/2347 405/2700/2361 408/2689/2355
f 402/2696/2359 400/2695/2358 108/2576/2253
f 402/2698/2359 415/2580/2254 110/2582/2258
f 405/2700/2361 404/2699/2360 110/2582/2258
f 405/2700/2361 111/2584/2260 114/2586/2262
f 396/2692/2356 2425/2948/2501 2426/2701/2362
f 2436/2702/2363 2437/2935/2498 412/2573/2250
f 412/2573/2250 398/2693/2357 2436/2702/2363
f 398/2693/2357 412/2573/2250 108/2576/2253
f 730/2703/2250 2386/2707/2366 2385/2704/2364
f 2388/2719/2367 2386/2707/2366 441/2706/2358
f 2386/2707/2366 730/2703/2250 422/2708/2253
f 731/2709/2254 443/2723/2359 441/2706/2358
f 445/2710/2360 443/2725/2359 731/2711/2254
f 446/2713/2361 445/2710/2360 425/2712/2258
f 449/2715/2355 446/2713/2361 427/2714/2260
f 2375/2722/2370 2387/2720/2368 443/2723/2359
f 2387/2720/2368 441/2706/2358 443/2723/2359
f 443/2723/2359 459/2949/2371 2376/2721/2369
f 459/2949/2371 2377/2950/2372 2376/2721/2369
f 445/2710/2360 461/2726/2346 459/2724/2371
f 446/2713/2361 463/2731/2347 461/2726/2346
f 465/2718/2348 463/2731/2347 446/2713/2361
f 2380/2728/2373 459/2724/2371 461/2726/2346
f 461/2726/2346 480/2734/2342 2378/2729/2374
f 482/2730/2343 480/2734/2342 461/2726/2346
f 465/2718/2348 483/2732/2334 482/2730/2343
f 480/2734/2342 482/2730/2343 2379/2735/2375
f 482/2730/2343 499/2736/2327 2379/2735/2375
f 501/2733/2328 499/2736/2327 482/2730/2343
f 2382/2739/2378 2381/2737/2376 499/2736/2327
f 499/2736/2327 515/2740/2312 2383/2738/2377
f 501/2733/2328 517/2741/2313 515/2740/2312
f 2384/2744/2380 2383/2738/2377 515/2740/2312
f 515/2740/2312 532/2742/2310 2384/2744/2380
f 517/2741/2313 534/2745/2311 532/2742/2310
f 2389/2743/2379 532/2742/2310 550/2746/2298
f 552/2748/2299 550/2746/2298 532/2742/2310
f 566/2751/2294 2390/2750/2383 568/2752/2296
f 2390/2750/2383 2391/2747/2381 550/2746/2298
f 552/2748/2299 569/2753/2297 568/2752/2296
f 587/2754/2292 585/2759/2387 566/2751/2294
f 589/2755/2293 587/2754/2292 568/2752/2296
f 2393/2749/2382 566/2751/2294 2392/2761/2388
f 566/2751/2294 585/2759/2387 2392/2761/2388
f 585/2759/2387 583/2768/2386 2397/2760/2385
f 2399/2756/2384 583/2758/2386 604/2766/2393
f 604/2766/2393 602/2764/2391 2398/2765/2392
f 602/2764/2391 2403/2763/2390 2398/2765/2392
f 585/2759/2387 607/2769/2394 604/2767/2393
f 587/2754/2292 608/2770/2286 607/2769/2394
f 589/2755/2293 611/2771/2287 608/2770/2286
f 611/2771/2287 632/2773/2283 631/2772/2282
f 2404/2778/2399 2405/2780/2401 623/2777/2398
f 623/2777/2398 621/2775/2396 2413/2774/2395
f 2405/2780/2401 2402/2762/2389 602/2764/2391
f 602/2764/2391 624/2779/2400 2405/2780/2401
f 604/2767/2393 626/2786/2404 624/2781/2400
f 628/2783/2402 626/2786/2404 604/2767/2393
f 608/2770/2286 631/2772/2282 628/2783/2402
f 649/2784/2403 647/2951/2409 623/2785/2398
f 626/2786/2404 650/2805/2416 649/2784/2403
f 652/2787/2279 650/2805/2416 626/2786/2404
f 631/2772/2282 654/2797/2278 652/2787/2279
f 656/2788/2274 654/2797/2278 631/2772/2282
f 643/2789/2405 2409/2798/2410 2410/2790/2406
f 2411/2791/2407 2412/2952/2397 645/2792/2408
f 2412/2952/2397 621/2794/2396 645/2792/2408
f 647/2793/2409 645/2792/2408 621/2794/2396
f 679/2796/2273 677/2811/2272 654/2797/2278
f 2409/2798/2410 643/2789/2405 665/2799/2411
f 667/2801/2413 665/2799/2411 643/2789/2405
f 669/2802/2414 667/2801/2413 645/2792/2408
f 671/2803/2415 669/2802/2414 647/2793/2409
f 650/2805/2416 673/2808/2417 671/2806/2415
f 675/2807/2276 673/2808/2417 650/2805/2416
f 654/2797/2278 677/2811/2272 675/2807/2276
f 673/2808/2417 697/2831/2267 695/2809/2418
f 699/2810/2268 697/2831/2267 673/2808/2417
f 677/2811/2272 701/2812/2269 699/2810/2268
f 679/2796/2273 703/2816/2263 701/2812/2269
f 2408/2800/2412 665/2799/2411 2406/2815/2421
f 665/2799/2411 688/2813/2419 2406/2815/2421
f 690/2817/2422 688/2813/2419 665/2799/2411
f 669/2802/2414 693/2953/2426 690/2817/2422
f 695/2809/2418 693/2954/2426 669/2818/2414
f 688/2955/2419 690/2827/2422 2400/2825/2423
f 690/2827/2422 712/2823/2424 2400/2825/2423
f 693/2826/2426 714/2829/2427 712/2823/2424
f 695/2828/2418 716/2834/2255 714/2829/2427
f 719/2830/2256 716/2956/2255 695/2809/2418
f 699/2810/2268 720/2835/2257 719/2830/2256
f 723/2832/2259 720/2835/2257 699/2810/2268
f 725/2822/2261 723/2832/2259 701/2812/2269
f 719/2833/2256 731/2709/2254 422/2708/2253
f 425/2712/2258 731/2711/2254 719/2830/2256
f 723/2832/2259 427/2714/2260 425/2712/2258
f 429/2716/2262 427/2714/2260 723/2832/2259
f 712/2823/2424 2396/2837/2429 2395/2836/2428
f 712/2823/2424 714/2829/2427 2396/2837/2429
f 714/2829/2427 730/2703/2250 2396/2837/2429
f 422/2708/2253 730/2703/2250 714/2829/2427
