# Blender 5.1.0
# www.blender.org
mtllib KingSlime.mtl
o 球
v 0.000000 1.703456 -0.342462
v 0.000000 1.674094 -0.437146
v 0.000000 1.626788 -0.528406
v 0.000000 1.484453 -0.697113
v 0.000000 0.798612 -1.048174
v 0.000000 0.664812 -1.082565
v 0.000000 0.529812 -1.123411
v -0.335856 0.975261 -0.957051
v 0.000000 -0.341149 -1.493256
v -0.335856 0.918278 -1.014034
v -0.335856 0.882570 -1.033120
v 0.000000 -0.443175 -1.507855
v 0.000000 -0.956940 -0.836911
v -0.335856 0.843826 -1.044873
v 0.000000 -0.995185 -0.456538
v 0.009607 1.703456 -0.342000
v 0.019122 1.674094 -0.436244
v 0.028453 1.626788 -0.527092
v 0.037510 1.563038 -0.613641
v 0.046205 1.484453 -0.695057
v 0.054455 1.392730 -0.770612
v 0.062181 1.289617 -0.839713
v 0.069309 1.176888 -0.901918
v 0.075768 1.056319 -0.956920
v -0.270139 0.962189 -0.957051
v 0.081498 0.929659 -1.004536
v 0.086443 0.798612 -1.044671
v -0.279968 0.938459 -0.988349
v -0.291945 0.909543 -1.014034
v 0.090726 0.664812 -1.078933
v -0.305610 0.876554 -1.033120
v 0.095559 0.529812 -1.119639
v 0.101092 0.395065 -1.169003
v -0.320437 0.840758 -1.044873
v 0.107093 0.261915 -1.230123
v 0.131675 -0.341149 -1.488484
v 0.132928 -0.443175 -1.503046
v 0.132221 -0.537523 -1.498423
v 0.129320 -0.623766 -1.472627
v 0.124043 -0.701560 -1.424216
v 0.116269 -0.770637 -1.352339
v 0.105949 -0.830794 -1.256760
v 0.093117 -0.881879 -1.137848
v 0.077908 -0.923880 -0.996542
v 0.060569 -0.956940 -0.834297
v 0.041462 -0.980785 -0.653084
v -0.232588 0.906800 -0.988349
v 0.021074 -0.995185 -0.455549
v -0.254719 0.884670 -1.014034
v 0.019122 1.703456 -0.340578
v -0.279968 0.859421 -1.033120
v -0.307365 0.832024 -1.044873
v 0.038060 1.674094 -0.433397
v 0.056632 1.626788 -0.522828
v 0.074658 1.563038 -0.607988
v 0.091965 1.484453 -0.688055
v 0.108386 1.392730 -0.762316
v 0.123764 1.289617 -0.830195
v 0.137950 1.176888 -0.891261
v 0.028533 -0.273728 -1.441747
v 0.150807 1.056319 -0.945222
v 0.162212 0.929659 -0.991905
v 0.172054 0.798612 -1.031227
v 0.180577 0.664812 -1.064779
v 0.190198 0.529812 -1.104678
v 0.201211 0.395065 -1.153109
v -0.229845 0.847443 -1.014034
v -0.262835 0.833779 -1.033120
v 0.213155 0.261915 -1.213226
v -0.298630 0.818952 -1.044873
v 0.262082 -0.341149 -1.467441
v 0.391926 -0.251807 -1.367089
v 0.264576 -0.443175 -1.481795
v 0.317917 -0.273908 -1.367089
v 0.263168 -0.537523 -1.477302
v 0.231692 -0.285484 -1.367089
v 0.136562 -0.286088 -1.367089
v 0.257394 -0.623766 -1.452012
v 0.036184 -0.275698 -1.367089
v 0.246892 -0.701560 -1.404511
v 0.231419 -0.770637 -1.333959
v 0.210878 -0.830794 -1.240117
v 0.242738 0.188426 -1.220642
v 0.185337 -0.881879 -1.123333
v -0.221111 0.803532 -1.014034
v 0.318966 0.143700 -1.154481
v -0.256818 0.803532 -1.033120
v -0.295563 0.803532 -1.044873
v 0.155066 -0.923880 -0.984508
v 0.382937 0.093451 -1.096491
v 0.120554 -0.956940 -0.825037
v 0.432192 0.039612 -1.048899
v 0.082525 -0.980785 -0.646820
v 0.464838 -0.015750 -1.013535
v 0.041944 -0.995185 -0.452407
v 0.479620 -0.070506 -0.991759
v 0.475971 -0.122553 -0.984405
v 0.028453 1.703456 -0.338212
v 0.454030 -0.169891 -0.991759
v 0.056632 1.674094 -0.428632
v 0.414642 -0.210699 -1.013535
v 0.084265 1.626788 -0.515661
v 0.111087 1.563038 -0.598443
v -0.262835 0.773286 -1.033120
v 0.359319 -0.243411 -1.048899
v -0.298630 0.788113 -1.044873
v 0.290187 -0.266768 -1.096491
v 0.136839 1.484453 -0.676186
v 0.209904 -0.279874 -1.154481
v 0.161274 1.392730 -0.748206
v 0.121554 -0.282224 -1.220642
v 0.184155 1.289617 -0.813953
v 0.028533 -0.273728 -1.292431
v 0.205262 1.176888 -0.873023
v 0.224393 1.056319 -0.925148
v 0.135394 0.231520 -1.229139
v 0.200000 0.199430 -1.096491
v -0.279968 0.747644 -1.033120
v 0.256921 0.159675 -0.974241
v -0.307365 0.775041 -1.044873
v 0.303968 0.113784 -0.867089
v 0.268690 0.664812 -1.040341
v 0.339334 0.063521 -0.779151
v 0.283005 0.529812 -1.078792
v 0.299392 0.395065 -1.125547
v 0.361660 0.010816 -0.713807
v 0.370087 -0.042304 -0.673569
v 0.317164 0.261915 -1.183864
v 0.364292 -0.093798 -0.659982
v 0.344498 -0.141688 -0.673569
v 0.311464 -0.184133 -0.713807
v 0.266461 -0.219502 -0.779151
v 0.211219 -0.246435 -0.867089
v -0.291945 0.697521 -1.014034
v 0.389965 -0.341149 -1.430641
v -0.305610 0.730511 -1.033120
v 0.147859 -0.263898 -0.974241
v 0.393676 -0.443175 -1.444624
v -0.320437 0.766306 -1.044873
v 0.078817 -0.271220 -1.096491
v 0.391581 -0.537523 -1.440373
v 0.006746 -0.268119 -1.229139
v 0.382989 -0.623766 -1.416006
v 0.367362 -0.701560 -1.370154
v 0.102787 0.239916 -1.186849
v 0.344340 -0.770637 -1.301995
v 0.136039 0.215899 -1.013536
v 0.164064 0.183584 -0.853809
v 0.313775 -0.830794 -1.211272
v 0.185783 0.144215 -0.713808
v 0.275772 -0.881879 -1.098286
v 0.200364 0.099303 -0.598911
v -0.335856 0.688787 -1.014034
v 0.230731 -0.923880 -0.963852
v -0.335856 0.724494 -1.033120
v 0.207244 0.050576 -0.513536
v -0.335856 0.763239 -1.044873
v 0.179378 -0.956940 -0.809250
v 0.206160 -0.000096 -0.460962
v 0.122793 -0.980785 -0.636224
v 0.197153 -0.050763 -0.443209
v 0.062411 -0.995185 -0.447143
v 0.037510 1.703456 -0.334923
v 0.180570 -0.099480 -0.460962
v 0.074658 1.674094 -0.421996
v 0.157048 -0.144374 -0.513536
v 0.127491 -0.183720 -0.598911
v 0.111087 1.626788 -0.505661
v 0.093034 -0.216005 -0.713808
v -0.391745 0.668606 -0.988349
v -0.379768 0.697521 -1.014034
v 0.146447 1.563038 -0.585107
v -0.366103 0.730511 -1.033120
v 0.180396 1.484453 -0.659582
v 0.055002 -0.239989 -0.853809
v -0.351276 0.766306 -1.044873
v 0.212608 1.392730 -0.728445
v -0.335856 0.803532 -1.048842
v 0.014856 -0.254751 -1.013536
v 0.242772 1.289617 -0.791186
v -0.025861 -0.259723 -1.186849
v 0.064324 0.249819 -1.171999
v 0.270598 1.176888 -0.847440
v 0.295818 1.056319 -0.896974
v 0.060592 0.235325 -0.984406
v 0.054531 0.211787 -0.811519
v -0.457287 0.682102 -0.957051
v 0.046375 0.180110 -0.659982
v 0.354215 0.664812 -1.006003
v -0.439125 0.700264 -0.988349
v -0.416994 0.722395 -1.014034
v 0.036436 0.141511 -0.535620
v 0.373087 0.529812 -1.042409
v -0.391745 0.747644 -1.033120
v 0.025098 0.097475 -0.443210
v -0.364348 0.775041 -1.044873
v 0.394690 0.395065 -1.086795
v 0.012795 0.049692 -0.386304
v 0.418119 0.261915 -1.142576
v 0.000000 -0.000000 -0.367089
v -0.012795 -0.049692 -0.386304
v 0.442111 0.131592 -1.201804
v -0.025098 -0.097475 -0.443210
v -0.036437 -0.141511 -0.535620
v -0.046375 -0.180110 -0.659982
v -0.523005 0.726013 -0.882599
v 0.502640 -0.231973 -1.350277
v -0.512146 0.730511 -0.921344
v 0.514092 -0.341149 -1.378893
v -0.494513 0.737815 -0.957051
v -0.054531 -0.211787 -0.811519
v -0.470783 0.747644 -0.988349
v -0.060592 -0.235325 -0.984406
v -0.441867 0.759621 -1.014034
v -0.408878 0.773286 -1.033120
v 0.518984 -0.443175 -1.392357
v -0.373082 0.788113 -1.044873
v 0.516223 -0.537523 -1.388445
v -0.064324 -0.249819 -1.171999
v 0.504896 -0.623766 -1.365376
v 0.025861 0.259723 -1.186849
v 0.484295 -0.701560 -1.321843
v -0.014856 0.254751 -1.013536
v 0.453945 -0.770637 -1.257050
v -0.055002 0.239989 -0.853809
v 0.413651 -0.830794 -1.170723
v -0.542393 0.803532 -0.842306
v -0.093034 0.216005 -0.713808
v -0.538424 0.803532 -0.882599
v 0.363551 -0.881879 -1.063094
v -0.127491 0.183720 -0.598911
v -0.526671 0.803532 -0.921344
v -0.507585 0.803532 -0.957051
v 0.304173 -0.923880 -0.934859
v -0.481900 0.803532 -0.988349
v -0.157048 0.144374 -0.513536
v -0.450602 0.803532 -1.014034
v 0.236475 -0.956940 -0.787125
v -0.414894 0.803532 -1.033120
v -0.180571 0.099480 -0.460962
v -0.376150 0.803532 -1.044873
v -0.197154 0.050763 -0.443210
v 0.161878 -0.980785 -0.621411
v 0.082277 -0.995185 -0.439810
v -0.206160 0.000096 -0.460962
v -0.207244 -0.050576 -0.513536
v 0.046205 1.703456 -0.330744
v -0.200364 -0.099303 -0.598911
v 0.091965 1.674094 -0.413554
v -0.185784 -0.144215 -0.713808
v -0.526671 0.882571 -0.842306
v 0.136839 1.626788 -0.492930
v -0.523004 0.881052 -0.882599
v 0.180396 1.563038 -0.568116
v -0.512146 0.876554 -0.921344
v -0.164064 -0.183584 -0.853809
v -0.494513 0.869250 -0.957051
v -0.470783 0.859421 -0.988349
v 0.222215 1.484453 -0.638419
v -0.136039 -0.215899 -1.013536
v -0.441867 0.847444 -1.014034
v -0.102787 -0.239916 -1.186849
v -0.408878 0.833779 -1.033120
v 0.261894 1.392730 -0.703251
v -0.373082 0.818952 -1.044873
v 0.299051 1.289617 -0.762154
v -0.065584 -0.254714 -1.367089
v 0.333328 1.176888 -0.814814
v -0.006746 0.268119 -1.229139
v 0.364395 1.056319 -0.861046
v -0.078817 0.271220 -1.096491
v -0.481899 0.949576 -0.842306
v -0.147859 0.263898 -0.974242
v -0.479093 0.946769 -0.882599
v -0.470783 0.938459 -0.921344
v -0.211219 0.246435 -0.867089
v -0.457287 0.924963 -0.957051
v 0.436329 0.664812 -0.962235
v -0.439124 0.906800 -0.988349
v -0.266461 0.219502 -0.779151
v -0.416994 0.884670 -1.014034
v -0.311464 0.184133 -0.713808
v -0.391745 0.859421 -1.033120
v 0.459575 0.529812 -0.996048
v -0.364348 0.832024 -1.044873
v 0.486187 0.395065 -1.037435
v -0.344498 0.141688 -0.673569
v 0.515047 0.261915 -1.090005
v -0.364292 0.093798 -0.659983
v 0.544601 0.131592 -1.145955
v -0.370087 0.042304 -0.673569
v 0.573051 0.005200 -1.199513
v -0.361660 -0.010816 -0.713808
v 0.598517 -0.116275 -1.247277
v -0.339334 -0.063521 -0.779151
v -0.413376 0.990681 -0.882599
v -0.303968 -0.113784 -0.867089
v -0.408878 0.979822 -0.921344
v 0.619162 -0.231973 -1.286092
v -0.401574 0.962189 -0.957051
v -0.256921 -0.159675 -0.974242
v -0.391745 0.938459 -0.988349
v 0.633269 -0.341149 -1.313133
v -0.379768 0.909543 -1.014034
v -0.366103 0.876554 -1.033120
v -0.200000 -0.199430 -1.096491
v 0.639294 -0.443175 -1.325943
v -0.351276 0.840758 -1.044873
v -0.135394 -0.231520 -1.229139
v 0.635893 -0.537523 -1.322455
v 0.621941 -0.623766 -1.301150
v -0.335856 0.994347 -0.921344
v 0.596564 -0.701560 -1.260710
v 0.559178 -0.770637 -1.200170
v -0.335856 0.949576 -0.988349
v -0.209904 0.279874 -1.154482
v 0.509543 -0.830794 -1.119209
v -0.290187 0.266768 -1.096491
v -0.359319 0.243411 -1.048900
v 0.447829 -0.881879 -1.018233
v 0.374686 -0.923880 -0.897886
v 0.335856 0.975261 -0.957051
v -0.414642 0.210699 -1.013536
v 0.291295 -0.956940 -0.758911
v 0.335856 0.918278 -1.014034
v -0.454030 0.169891 -0.991759
v 0.335856 0.882570 -1.033120
v 0.199405 -0.980785 -0.602535
v 0.335856 0.843826 -1.044873
v -0.475971 0.122553 -0.984406
v 0.101350 -0.995185 -0.430480
v -0.479620 0.070506 -0.991759
v 0.054455 1.703456 -0.325715
v -0.464838 0.015750 -1.013536
v 0.108386 1.674094 -0.403389
v -0.432192 -0.039612 -1.048900
v 0.161274 1.626788 -0.477593
v -0.382937 -0.093451 -1.096491
v 0.212608 1.563038 -0.547642
v -0.318966 -0.143700 -1.154482
v 0.270139 0.962189 -0.957051
v -0.242738 -0.188426 -1.220643
v 0.279968 0.938459 -0.988349
v 0.261894 1.484453 -0.612914
v 0.291945 0.909543 -1.014034
v 0.305610 0.876554 -1.033120
v 0.308658 1.392730 -0.672888
v -0.157181 -0.225910 -1.292431
v 0.320437 0.840758 -1.044873
v 0.352450 1.289617 -0.727173
v 0.392847 1.176888 -0.775513
v 0.429462 1.056319 -0.817781
v 0.514241 0.664812 -0.909592
v 0.541638 0.529812 -0.940316
v 0.573001 0.395065 -0.978139
v 0.607014 0.261915 -1.026891
v 0.641846 0.131592 -1.078947
v 0.675376 0.005200 -1.128745
v 0.232588 0.906800 -0.988349
v 0.705390 -0.116275 -1.173140
v 0.254719 0.884670 -1.014034
v 0.729720 -0.231973 -1.209224
v 0.279968 0.859421 -1.033120
v 0.746346 -0.341149 -1.234407
v 0.307365 0.832024 -1.044873
v 0.753448 -0.443175 -1.246444
v -0.257745 -0.184561 -1.367089
v 0.749439 -0.537523 -1.243524
v -0.164832 -0.223941 -1.367089
v 0.732996 -0.623766 -1.224446
v 0.703088 -0.701560 -1.187599
v 0.659026 -0.770637 -1.132234
v 0.600528 -0.830794 -1.058008
v 0.527795 -0.881879 -0.964953
v 0.441591 -0.923880 -0.853425
v 0.343309 -0.956940 -0.724913
v 0.235011 -0.980785 -0.579787
v 0.119447 -0.995185 -0.419244
v 0.062181 1.703456 -0.319884
v 0.229845 0.847443 -1.014034
v 0.123764 1.674094 -0.391599
v 0.262835 0.833779 -1.033120
v 0.298630 0.818952 -1.044873
v 0.184155 1.626788 -0.459800
v 0.242772 1.563038 -0.523888
v 0.299051 1.484453 -0.583329
v -0.157181 -0.225910 -1.441747
v 0.352450 1.392730 -0.637693
v 0.402455 1.289617 -0.686611
v 0.448584 1.176888 -0.729960
v 0.490393 1.056319 -0.767658
v 0.527479 0.929659 -0.799740
v 0.559485 0.798612 -0.826316
v 0.587200 0.664812 -0.848705
v 0.618485 0.529812 -0.875899
v 0.654297 0.395065 -0.909660
v 0.693136 0.261915 -0.954136
v 0.732910 0.131592 -1.001921
v 0.256818 0.803532 -1.033120
v 0.771197 0.005200 -1.047549
v 0.295563 0.803532 -1.044873
v 0.805469 -0.116275 -1.088135
v 0.833251 -0.231973 -1.121035
v 0.852236 -0.341149 -1.143906
v 0.860345 -0.443175 -1.155019
v 0.855768 -0.537523 -1.152885
v 0.836992 -0.623766 -1.136411
v 0.802840 -0.701560 -1.103629
v 0.752527 -0.770637 -1.053781
v 0.685730 -0.830794 -0.987224
v 0.602677 -0.881879 -0.903561
v 0.504243 -0.923880 -0.802940
v 0.392017 -0.956940 -0.685655
v 0.268354 -0.980785 -0.553395
v 0.262835 0.773286 -1.033120
v 0.136394 -0.995185 -0.406211
v 0.298630 0.788113 -1.044873
v 0.069309 1.703456 -0.313308
v 0.137950 1.674094 -0.378298
v 0.205262 1.626788 -0.439843
v 0.270598 1.563038 -0.497400
v 0.333328 1.484453 -0.550376
v 0.392848 1.392730 -0.598434
v 0.448584 1.289617 -0.641359
v 0.500000 1.176888 -0.679055
v 0.546601 1.056319 -0.711540
v 0.587938 0.929659 -0.738923
v 0.623612 0.798612 -0.761372
v 0.654504 0.664812 -0.780271
v 0.689375 0.529812 -0.803636
v 0.729292 0.395065 -0.833176
v 0.279968 0.747644 -1.033120
v 0.772583 0.261915 -0.872999
v 0.307365 0.775041 -1.044873
v 0.816915 0.131592 -0.915891
v 0.859591 0.005200 -0.956788
v 0.897791 -0.116275 -0.993122
v 0.928758 -0.231973 -1.022554
v 0.949919 -0.341149 -1.043023
v 0.958957 -0.443175 -1.052912
v 0.953855 -0.537523 -1.052088
v 0.932927 -0.623766 -1.038406
v 0.894861 -0.701560 -1.010088
v 0.838781 -0.770637 -0.966819
v 0.764328 -0.830794 -0.908026
v 0.671755 -0.881879 -0.834449
v 0.562039 -0.923880 -0.746031
v 0.436950 -0.956940 -0.642343
v 0.299112 -0.980785 -0.523620
v 0.305610 0.730511 -1.033120
v 0.152027 -0.995185 -0.391508
v 0.320437 0.766306 -1.044873
v 0.075768 1.703456 -0.306049
v 0.150807 1.674094 -0.363695
v 0.224393 1.626788 -0.418020
v 0.295818 1.563038 -0.468228
v 0.364395 1.484453 -0.514001
v 0.429462 1.392730 -0.555110
v 0.490393 1.289617 -0.591440
v 0.546601 1.176888 -0.622987
v 0.597545 1.056319 -0.649851
v 0.642735 0.929659 -0.672213
v 0.681734 0.798612 -0.690302
v 0.715505 0.664812 -0.705313
v 0.753626 0.529812 -0.724593
v 0.335856 0.688787 -1.014034
v 0.797264 0.395065 -0.749345
v 0.335856 0.724494 -1.033120
v 0.335856 0.763239 -1.044873
v 0.844589 0.261915 -0.783995
v 0.893053 0.131592 -0.821595
v 0.939706 0.005200 -0.857398
v 0.981466 -0.116275 -0.889171
v 1.015320 -0.231973 -0.914900
v 1.038453 -0.341149 -0.932818
v 1.048334 -0.443175 -0.941440
v 1.042756 -0.537523 -0.942852
v 1.019877 -0.623766 -0.931874
v 0.978264 -0.701560 -0.908364
v 0.916957 -0.770637 -0.871352
v 0.835564 -0.830794 -0.821933
v 0.734364 -0.881879 -0.758916
v 0.391745 0.668606 -0.988349
v 0.614422 -0.923880 -0.683280
v 0.379768 0.697521 -1.014034
v 0.477674 -0.956940 -0.594538
v 0.366103 0.730511 -1.033120
v 0.326990 -0.980785 -0.491459
v 0.351276 0.766306 -1.044873
v 0.166196 -0.995185 -0.375276
v 0.335856 0.803532 -1.048842
v 0.081498 1.703456 -0.298179
v 0.162212 1.674094 -0.348039
v 0.241363 1.626788 -0.394353
v 0.318190 1.563038 -0.436591
v 0.391952 1.484453 -0.474559
v 0.461940 1.392730 -0.508148
v 0.527479 1.289617 -0.537352
v 0.587938 1.176888 -0.562270
v 0.642735 1.056319 -0.583090
v 0.691342 0.929659 -0.600069
v 0.457287 0.682102 -0.957051
v 0.733291 0.798612 -0.613498
v 0.439125 0.700264 -0.988349
v 0.769615 0.664812 -0.624477
v 0.810619 0.529812 -0.639303
v 0.416994 0.722395 -1.014034
v 0.391745 0.747644 -1.033120
v 0.857557 0.395065 -0.658972
v 0.908461 0.261915 -0.688127
v 0.364348 0.775041 -1.044873
v 0.960590 0.131592 -0.720116
v 1.010772 0.005200 -0.750538
v 1.055690 -0.116275 -0.777517
v 1.092103 -0.231973 -0.799435
v 1.116987 -0.341149 -0.814638
v 1.127615 -0.443175 -0.823995
v 1.121615 -0.537523 -0.826432
v 1.097006 -0.623766 -0.818276
v 1.052245 -0.701560 -0.799266
v 0.523005 0.726013 -0.882599
v 0.986302 -0.770637 -0.769760
v 0.512146 0.730511 -0.921344
v 0.494513 0.737815 -0.957051
v 0.898754 -0.830794 -0.728872
v 0.470783 0.747644 -0.988349
v 0.789901 -0.881879 -0.678165
v 0.441867 0.759621 -1.014034
v 0.660887 -0.923880 -0.615614
v 0.513798 -0.956940 -0.542709
v 0.408878 0.773286 -1.033120
v 0.373082 0.788113 -1.044873
v 0.351719 -0.980785 -0.456917
v 0.178765 -0.995185 -0.357672
v 0.086443 1.703456 -0.289773
v 0.172054 1.674094 -0.331317
v 0.256008 1.626788 -0.369070
v 0.337497 1.563038 -0.402795
v 0.415735 1.484453 -0.432434
v 0.489969 1.392730 -0.458040
v 0.559485 1.289617 -0.479631
v 0.623613 1.176888 -0.497512
v 0.542393 0.803532 -0.842306
v 0.681734 1.056319 -0.511934
v 0.538424 0.803532 -0.882599
v 0.733291 0.929659 -0.523231
v 0.526671 0.803532 -0.921344
v 0.777785 0.798612 -0.531759
v 0.507585 0.803532 -0.957051
v 0.481900 0.803532 -0.988349
v 0.816314 0.664812 -0.538514
v 0.450602 0.803532 -1.014034
v 0.859805 0.529812 -0.548674
v 0.414894 0.803532 -1.033120
v 0.909592 0.395065 -0.563036
v 0.376150 0.803532 -1.044873
v 0.963585 0.261915 -0.586447
v 1.018877 0.131592 -0.612583
v 1.072103 0.005200 -0.637701
v 1.119747 -0.116275 -0.659914
v 1.158370 -0.231973 -0.677812
v 1.184763 -0.341149 -0.690215
v 1.196036 -0.443175 -0.700924
v 1.189672 -0.537523 -0.703997
v 0.526671 0.882571 -0.842306
v 1.163570 -0.623766 -0.698630
v 0.523004 0.881052 -0.882599
v 1.116093 -0.701560 -0.684563
v 0.512146 0.876554 -0.921344
v 1.046149 -0.770637 -0.661960
v 0.494513 0.869250 -0.957051
v 0.953289 -0.830794 -0.631467
v 0.470783 0.859421 -0.988349
v 0.837830 -0.881879 -0.592050
v 0.441867 0.847444 -1.014034
v 0.700988 -0.923880 -0.544782
v 0.408878 0.833779 -1.033120
v 0.544974 -0.956940 -0.487364
v 0.373082 0.818952 -1.044873
v 0.373060 -0.980785 -0.420016
v 0.189612 -0.995185 -0.338867
v 0.090556 1.703456 -0.280957
v 0.180240 1.674094 -0.313688
v 0.268188 1.626788 -0.342415
v 0.353553 1.563038 -0.367478
v 0.435514 1.484453 -0.388607
v 0.513280 1.392730 -0.405845
v 0.481899 0.949576 -0.842306
v 0.586103 1.289617 -0.419476
v 0.479093 0.946769 -0.882599
v 0.653281 1.176888 -0.429855
v 0.714168 1.056319 -0.437393
v 0.470783 0.938459 -0.921344
v 0.768178 0.929659 -0.442527
v 0.457287 0.924963 -0.957051
v 0.814789 0.798612 -0.445924
v 0.439124 0.906800 -0.988349
v 0.855151 0.664812 -0.448312
v 0.416994 0.884670 -1.014034
v 0.900711 0.529812 -0.453653
v 0.391745 0.859421 -1.033120
v 0.952866 0.395065 -0.462552
v 0.364348 0.832024 -1.044873
v 1.009428 0.261915 -0.480092
v 1.067351 0.131592 -0.500631
v 1.123109 0.005200 -0.520035
v 1.173020 -0.116275 -0.537140
v 1.213480 -0.231973 -0.550934
v 1.241129 -0.341149 -0.563494
v 1.252938 -0.443175 -0.573263
v 1.246272 -0.537523 -0.576699
v 0.413376 0.990681 -0.882599
v 1.218928 -0.623766 -0.574020
v 0.408878 0.979822 -0.921344
v 1.169192 -0.701560 -0.565145
v 0.401574 0.962189 -0.957051
v 1.095921 -0.770637 -0.550126
v 0.998642 -0.830794 -0.528990
v 0.391745 0.938459 -0.988349
v 0.379768 0.909543 -1.014034
v 0.877691 -0.881879 -0.502861
v 0.734339 -0.923880 -0.470144
v 0.366103 0.876554 -1.033120
v 0.570902 -0.956940 -0.429842
v 0.351276 0.840758 -1.044873
v 0.390809 -0.980785 -0.381112
v 0.198633 -0.995185 -0.319290
v 0.093797 1.703456 -0.271898
v 0.186690 1.674094 -0.295324
v 0.335856 0.994347 -0.921344
v 0.335856 0.949576 -0.988349
v 0.277785 1.626788 -0.314941
v 0.366205 1.563038 -0.330914
v 0.451099 1.484453 -0.342975
v 0.531648 1.392730 -0.351483
v 0.607076 1.289617 -0.356865
v 0.676659 1.176888 -0.359603
v 0.739725 1.056319 -0.360214
v 0.795667 0.929659 -0.359225
v 0.843946 0.798612 -0.357135
v 0.885752 0.664812 -0.354790
v 0.932943 0.529812 -0.355217
v 0.986964 0.395065 -0.359549
v 1.045550 0.261915 -0.370529
v 1.105546 0.131592 -0.384933
v 1.163300 0.005200 -0.398506
v 1.214996 -0.116275 -0.410474
v 1.256904 -0.231973 -0.420924
v 1.285542 -0.341149 -0.433627
v 1.297774 -0.443175 -0.442027
v 1.290869 -0.537523 -0.446083
v 1.262547 -0.623766 -0.445915
v 1.211032 -0.701560 -0.441816
v 1.135138 -0.770637 -0.434641
v 1.034379 -0.830794 -0.424238
v 0.909099 -0.881879 -0.410455
v 0.760617 -0.923880 -0.392712
v 0.591332 -0.956940 -0.370786
v 0.404794 -0.980785 -0.340578
v 0.205741 -0.995185 -0.299411
v 0.096134 1.703456 -0.262566
v 0.191342 1.674094 -0.276400
v 0.284707 1.626788 -0.286795
v 0.375330 1.563038 -0.293232
v 0.462339 1.484453 -0.296308
v 0.544895 1.392730 -0.295970
v 0.622204 1.289617 -0.292823
v 0.693520 1.176888 -0.287546
v 0.758157 1.056319 -0.280836
v 0.815493 0.929659 -0.273614
v 0.864975 0.798612 -0.266197
v 0.907823 0.664812 -0.259329
v 0.956190 0.529812 -0.256374
v 1.011557 0.395065 -0.256025
v 1.071603 0.261915 -0.258399
v 1.133094 0.131592 -0.266630
v 1.192287 0.005200 -0.274394
v 1.245271 -0.116275 -0.281593
v 1.288224 -0.231973 -0.291678
v 1.317575 -0.341149 -0.301253
v 1.330112 -0.443175 -0.308243
v 1.323035 -0.537523 -0.312888
v 1.294007 -0.623766 -0.315565
v 1.241208 -0.701560 -0.316755
v 1.163423 -0.770637 -0.316961
v 1.060153 -0.830794 -0.316517
v 0.931751 -0.881879 -0.316143
v 0.779570 -0.923880 -0.314636
v 0.606066 -0.956940 -0.309927
v 0.414881 -0.980785 -0.298807
v 0.210868 -0.995185 -0.278929
v 0.097545 1.703456 -0.253050
v 0.194151 1.674094 -0.257239
v 0.288887 1.626788 -0.258088
v 0.380841 1.563038 -0.255356
v 0.469127 1.484453 -0.249023
v 0.552895 1.392730 -0.239661
v 0.631338 1.289617 -0.227847
v 0.703702 1.176888 -0.214587
v 0.769288 1.056319 -0.200673
v 0.827466 0.929659 -0.186820
v 0.877674 0.798612 -0.174785
v 0.921152 0.664812 -0.165444
v 0.970228 0.529812 -0.157644
v 1.026409 0.395065 -0.151683
v 1.087336 0.261915 -0.146939
v 1.149729 0.131592 -0.146912
v 1.209791 0.005200 -0.149272
v 1.263554 -0.116275 -0.153276
v 1.307137 -0.231973 -0.160980
v 1.336919 -0.341149 -0.167418
v 1.349640 -0.443175 -0.172985
v 1.342459 -0.537523 -0.178200
v 1.313005 -0.623766 -0.183690
v 1.259431 -0.701560 -0.190167
v 1.180504 -0.770637 -0.198335
v 1.075718 -0.830794 -0.208694
v 0.945431 -0.881879 -0.221224
v 0.791015 -0.923880 -0.235002
v 0.614964 -0.956940 -0.247849
v 0.420972 -0.980785 -0.257086
v 0.213964 -0.995185 -0.258044
v 0.098017 1.703456 -0.243441
v 0.195090 1.674094 -0.238105
v 0.290285 1.626788 -0.229312
v 0.382683 1.563038 -0.217146
v 0.471397 1.484453 -0.201857
v 0.555570 1.392730 -0.183490
v 0.634393 1.289617 -0.162994
v 0.707107 1.176888 -0.141507
v 0.773010 1.056319 -0.120585
v 0.831470 0.929659 -0.101851
v 0.881921 0.798612 -0.085534
v 0.925609 0.664812 -0.071672
v 0.974923 0.529812 -0.059125
v 1.031375 0.395065 -0.047558
v 1.092597 0.261915 -0.036673
v 1.155292 0.131592 -0.027245
v 1.215645 0.005200 -0.023922
v 1.269668 -0.116275 -0.027072
v 1.313462 -0.231973 -0.030317
v 1.343388 -0.341149 -0.033674
v 1.356170 -0.443174 -0.037844
v 1.348955 -0.537523 -0.043619
v 1.319358 -0.623766 -0.051860
v 1.265525 -0.701560 -0.063471
v 1.186216 -0.770637 -0.079302
v 1.080923 -0.830794 -0.099940
v 0.950005 -0.881879 -0.125652
v 0.794842 -0.923880 -0.155345
v 0.617940 -0.956940 -0.186607
v 0.423009 -0.980785 -0.215532
v 0.214999 -0.995185 -0.236956
v 0.097545 1.703456 -0.233832
v 0.194151 1.674094 -0.218971
v 0.288887 1.626788 -0.200823
v 0.380841 1.563038 -0.179500
v 0.469127 1.484453 -0.155197
v 0.552895 1.392730 -0.128477
v 0.631338 1.289617 -0.099894
v 0.703702 1.176888 -0.070778
v 0.769288 1.056319 -0.043309
v 0.827466 0.929659 -0.018757
v 0.877674 0.798612 0.002668
v 0.921152 0.664812 0.020778
v 0.970228 0.529812 0.038295
v 1.026409 0.395065 0.055300
v 1.087336 0.261915 0.072153
v 1.149729 0.131592 0.088187
v 1.209791 0.005200 0.096289
v 1.263554 -0.116275 0.098004
v 1.307137 -0.231973 0.099154
v 1.336919 -0.341149 0.098820
v 1.349640 -0.443174 0.095980
v 1.342459 -0.537523 0.089566
v 1.313005 -0.623766 0.078482
v 1.259431 -0.701560 0.061639
v 1.180504 -0.770637 0.037907
v 1.075718 -0.830794 0.006694
v 0.945431 -0.881879 -0.031998
v 0.791015 -0.923880 -0.077044
v 0.614964 -0.956940 -0.125807
v 0.420972 -0.980785 -0.173978
v 0.213964 -0.995185 -0.215867
v 0.096134 1.703456 -0.224316
v 0.191342 1.674094 -0.200021
v 0.284707 1.626788 -0.172608
v 0.375330 1.563038 -0.142524
v 0.462339 1.484453 -0.109846
v 0.544895 1.392730 -0.075281
v 0.622204 1.289617 -0.039660
v 0.693520 1.176888 -0.004075
v 0.758157 1.056319 0.030410
v 0.815493 0.929659 0.062387
v 0.864975 0.798612 0.088766
v 0.907823 0.664812 0.111218
v 0.956190 0.529812 0.133455
v 1.011557 0.395065 0.155910
v 1.071603 0.261915 0.178450
v 1.133094 0.131592 0.199543
v 1.192286 0.005200 0.213318
v 1.245271 -0.116275 0.220825
v 1.288224 -0.231973 0.226175
v 1.317575 -0.341149 0.228696
v 1.330112 -0.443174 0.227043
v 1.323035 -0.537523 0.219865
v 1.294007 -0.623766 0.205827
v 1.241208 -0.701560 0.183654
v 1.163423 -0.770637 0.152243
v 1.060153 -0.830794 0.110903
v 0.931751 -0.881879 0.059725
v 0.779570 -0.923880 0.000035
v 0.606066 -0.956940 -0.065594
v 0.414881 -0.980785 -0.132824
v 0.210868 -0.995185 -0.194982
v 0.093797 1.703456 -0.214983
v 0.186690 1.674094 -0.181438
v 0.277785 1.626788 -0.145291
v 0.366205 1.563038 -0.106517
v 0.451098 1.484453 -0.065765
v 0.531648 1.392730 -0.023644
v 0.607076 1.289617 0.018828
v 0.676659 1.176888 0.060605
v 0.739725 1.056319 0.100641
v 0.795667 0.929659 0.137929
v 0.843946 0.798612 0.171537
v 0.885752 0.664812 0.198839
v 0.932943 0.529812 0.225593
v 0.986964 0.395065 0.253106
v 1.045550 0.261915 0.281284
v 1.105546 0.131592 0.304759
v 1.163300 0.005200 0.324507
v 1.214996 -0.116275 0.340424
v 1.256904 -0.231973 0.349844
v 1.285542 -0.341149 0.355140
v 1.297774 -0.443174 0.354654
v 1.290869 -0.537523 0.346764
v 1.262547 -0.623766 0.329925
v 1.211031 -0.701560 0.302720
v 1.135138 -0.770637 0.263982
v 1.034379 -0.830794 0.212688
v 0.909099 -0.881879 0.148913
v 0.760617 -0.923880 0.074365
v 0.591332 -0.956940 -0.007710
v 0.404794 -0.980785 -0.092467
v 0.205741 -0.995185 -0.174501
v 0.090556 1.703456 -0.205925
v 0.180240 1.674094 -0.163626
v 0.268188 1.626788 -0.118833
v 0.353553 1.563038 -0.071788
v 0.435514 1.484453 -0.023211
v 0.513280 1.392730 0.026030
v 0.586103 1.289617 0.075113
v 0.653281 1.176888 0.122964
v 0.714169 1.056319 0.168506
v 0.768178 0.929659 0.210573
v 0.814789 0.798612 0.248244
v 0.855151 0.664812 0.281550
v 0.900711 0.529812 0.313786
v 0.952866 0.395065 0.346303
v 1.009428 0.261916 0.379426
v 1.067351 0.131592 0.406004
v 1.123109 0.005200 0.431525
v 1.173020 -0.116275 0.454232
v 1.213480 -0.231973 0.469135
v 1.241129 -0.341149 0.477081
v 1.252938 -0.443174 0.477708
v 1.246272 -0.537523 0.469143
v 1.218928 -0.623766 0.449573
v 1.169192 -0.701560 0.417192
v 1.095920 -0.770637 0.370914
v 0.998642 -0.830794 0.310066
v 0.877690 -0.881879 0.234967
v 0.734339 -0.923880 0.146476
v 0.570902 -0.956940 0.048080
v 0.390809 -0.980785 -0.054200
v 0.198633 -0.995185 -0.154621
v 0.086443 1.703456 -0.197228
v 0.172054 1.674094 -0.146585
v 0.256008 1.626788 -0.093436
v 0.337497 1.563038 -0.038735
v 0.415735 1.484453 0.017154
v 0.489969 1.392730 0.073291
v 0.559485 1.289617 0.128669
v 0.623612 1.176888 0.182228
v 0.681734 1.056319 0.232886
v 0.733291 0.929659 0.279577
v 0.777785 0.798612 0.321293
v 0.816314 0.664812 0.358131
v 0.859805 0.529812 0.396501
v 0.909591 0.395065 0.434677
v 0.963585 0.261915 0.470101
v 1.018877 0.131592 0.502111
v 1.072103 0.005200 0.533006
v 1.119747 -0.116275 0.560793
v 1.158370 -0.231973 0.582725
v 1.184762 -0.341149 0.593143
v 1.196035 -0.443174 0.594681
v 1.189672 -0.537523 0.585245
v 1.163570 -0.623766 0.562875
v 1.116093 -0.701560 0.525870
v 1.046149 -0.770637 0.472949
v 0.953289 -0.830794 0.403057
v 0.837830 -0.881879 0.316226
v 0.700988 -0.923880 0.214920
v 0.544974 -0.956940 0.101612
v 0.373060 -0.980785 -0.017754
v 0.189612 -0.995185 -0.135534
v 0.081498 1.703456 -0.188977
v 0.162212 1.674094 -0.130420
v 0.241363 1.626788 -0.069575
v 0.318190 1.563038 -0.007393
v 0.391952 1.484453 0.055320
v 0.461940 1.392730 0.117839
v 0.527479 1.289617 0.179134
v 0.587938 1.176888 0.238122
v 0.642735 1.056319 0.293690
v 0.691342 0.929659 0.344737
v 0.733290 0.798612 0.390219
v 0.769615 0.664812 0.430180
v 0.810619 0.529812 0.472139
v 0.857557 0.395065 0.516664
v 0.908461 0.261916 0.555396
v 0.960590 0.131592 0.592420
v 1.010772 0.005200 0.628238
v 1.055690 -0.116275 0.660512
v 1.092103 -0.231973 0.686705
v 1.116986 -0.341149 0.701755
v 1.127614 -0.443174 0.704225
v 1.121615 -0.537523 0.694149
v 1.097006 -0.623766 0.669398
v 1.052245 -0.701560 0.628184
v 0.986302 -0.770637 0.568364
v 0.898754 -0.830794 0.489920
v 0.789901 -0.881879 0.393187
v 0.660887 -0.923880 0.278856
v 0.513798 -0.956940 0.152371
v 0.351719 -0.980785 0.016800
v 0.178765 -0.995185 -0.117424
v 0.075768 1.703456 -0.181355
v 0.150807 1.674094 -0.115287
v 0.224393 1.626788 -0.047387
v 0.295818 1.563038 0.021623
v 0.364394 1.484453 0.090868
v 0.429462 1.392730 0.159401
v 0.490393 1.289617 0.226198
v 0.546601 1.176888 0.290170
v 0.597545 1.056319 0.350189
v 0.642735 0.929659 0.405133
v 0.681734 0.798612 0.453926
v 0.715505 0.664812 0.496864
v 0.753625 0.529812 0.542342
v 0.797264 0.395065 0.590927
v 0.844589 0.261916 0.634346
v 0.893053 0.131592 0.676084
v 0.939706 0.005200 0.716395
v 0.981466 -0.116275 0.752717
v 1.015320 -0.231973 0.782227
v 1.038453 -0.341149 0.802064
v 1.048334 -0.443174 0.805421
v 1.042756 -0.537523 0.794810
v 1.019878 -0.623766 0.767816
v 0.978264 -0.701560 0.722116
v 0.916957 -0.770637 0.656728
v 0.835565 -0.830794 0.570499
v 0.734364 -0.881879 0.463744
v 0.614421 -0.923880 0.338601
v 0.477674 -0.956940 0.198470
v 0.326990 -0.980785 0.049131
v 0.166196 -0.995185 -0.100958
v 0.069309 1.703456 -0.174352
v 0.137950 1.674094 -0.101332
v 0.205262 1.626788 -0.026935
v 0.270598 1.563038 0.048221
v 0.333328 1.484453 0.123246
v 0.392848 1.392730 0.197176
v 0.448584 1.289617 0.268968
v 0.500000 1.176888 0.337511
v 0.546601 1.056319 0.401655
v 0.587938 0.929659 0.460249
v 0.623612 0.798612 0.512190
v 0.654504 0.664812 0.557863
v 0.689374 0.529812 0.606511
v 0.729292 0.395065 0.658746
v 0.772583 0.261916 0.706112
v 0.816915 0.131592 0.751956
v 0.859591 0.005200 0.796445
v 0.897790 -0.116275 0.836553
v 0.928758 -0.231973 0.869046
v 0.949919 -0.341149 0.890837
v 0.958957 -0.443174 0.897079
v 0.953855 -0.537523 0.886069
v 0.932927 -0.623766 0.856824
v 0.894861 -0.701560 0.807761
v 0.838781 -0.770637 0.736901
v 0.764328 -0.830794 0.643688
v 0.671755 -0.881879 0.528268
v 0.562038 -0.923880 0.393128
v 0.436950 -0.956940 0.240869
v 0.299112 -0.980785 0.078930
v 0.152027 -0.995185 -0.085888
v 0.062181 1.703456 -0.168007
v 0.123764 1.674094 -0.088689
v 0.184155 1.626788 -0.008416
v 0.242772 1.563038 0.072290
v 0.299051 1.484453 0.152521
v 0.352450 1.392730 0.231299
v 0.402455 1.289617 0.307565
v 0.448584 1.176888 0.380192
v 0.490393 1.056319 0.448006
v 0.527479 0.929659 0.509837
v 0.559485 0.798612 0.564560
v 0.587200 0.664812 0.612643
v 0.618484 0.529812 0.664090
v 0.654297 0.395065 0.719540
v 0.693136 0.261916 0.770364
v 0.732910 0.131592 0.819793
v 0.771197 0.005200 0.867767
v 0.805468 -0.116275 0.911012
v 0.833251 -0.231973 0.946076
v 0.852236 -0.341149 0.969595
v 0.860345 -0.443174 0.978185
v 0.855768 -0.537523 0.966854
v 0.836992 -0.623766 0.936058
v 0.802840 -0.701560 0.883819
v 0.752527 -0.770637 0.808373
v 0.685730 -0.830794 0.708889
v 0.602677 -0.881879 0.586332
v 0.504243 -0.923880 0.441368
v 0.392017 -0.956940 0.279190
v 0.268354 -0.980785 0.105910
v 0.136394 -0.995185 -0.072243
v 0.054455 1.703456 -0.162382
v 0.108386 1.674094 -0.077645
v 0.161274 1.626788 0.007993
v 0.212607 1.563038 0.093599
v 0.261894 1.484453 0.178417
v 0.308658 1.392730 0.261454
v 0.352450 1.289617 0.341638
v 0.392847 1.176888 0.417826
v 0.429462 1.056319 0.488831
v 0.461940 0.929659 0.553465
v 0.489969 0.798612 0.610587
v 0.514240 0.664812 0.660742
v 0.541638 0.529812 0.714601
v 0.573001 0.395065 0.772815
v 0.607014 0.261916 0.826590
v 0.641846 0.131592 0.879070
v 0.675376 0.005200 0.929996
v 0.705389 -0.116275 0.975884
v 0.729720 -0.231973 1.013084
v 0.746346 -0.341149 1.038042
v 0.753448 -0.443174 1.047284
v 0.749439 -0.537523 1.036700
v 0.732996 -0.623766 1.004765
v 0.703088 -0.701560 0.949790
v 0.659026 -0.770637 0.870450
v 0.600529 -0.830794 0.766062
v 0.527795 -0.881879 0.636269
v 0.441591 -0.923880 0.483913
v 0.343309 -0.956940 0.313076
v 0.235011 -0.980785 0.129308
v 0.119447 -0.995185 -0.060156
v 0.046205 1.703456 -0.157530
v 0.091965 1.674094 -0.068160
v 0.136839 1.626788 0.021931
v 0.180396 1.563038 0.111843
v 0.222215 1.484453 0.200647
v 0.261894 1.392730 0.287345
v 0.299051 1.289617 0.370859
v 0.333328 1.176888 0.450040
v 0.364395 1.056319 0.523692
v 0.391952 0.929659 0.590618
v 0.415735 0.798612 0.649663
v 0.436329 0.664812 0.701469
v 0.459575 0.529812 0.757447
v 0.486187 0.395065 0.818116
v 0.515047 0.261916 0.874374
v 0.544601 0.131592 0.929366
v 0.573051 0.005200 0.982709
v 0.598517 -0.116275 1.030745
v 0.619161 -0.231973 1.069665
v 0.633269 -0.341149 1.095766
v 0.639294 -0.443174 1.105330
v 0.635893 -0.537523 1.095085
v 0.621941 -0.623766 1.062263
v 0.596564 -0.701560 1.005474
v 0.559178 -0.770637 0.922913
v 0.509544 -0.830794 0.813835
v 0.447829 -0.881879 0.678939
v 0.374686 -0.923880 0.520390
v 0.291295 -0.956940 0.342059
v 0.199405 -0.980785 0.149100
v 0.101350 -0.995185 -0.049740
v 0.037510 1.703456 -0.153498
v 0.074658 1.674094 -0.060285
v 0.111087 1.626788 0.033440
v 0.146447 1.563038 0.126766
v 0.180396 1.484453 0.218752
v 0.212608 1.392730 0.308392
v 0.242772 1.289617 0.394601
v 0.270598 1.176888 0.476222
v 0.295818 1.056319 0.552053
v 0.318190 0.929659 0.620888
v 0.337497 0.798612 0.681567
v 0.354215 0.664812 0.734776
v 0.373087 0.529812 0.792330
v 0.394690 0.395065 0.854792
v 0.418119 0.261916 0.913046
v 0.442111 0.131592 0.970128
v 0.465207 0.005200 1.025454
v 0.485881 -0.116275 1.075201
v 0.502640 -0.231973 1.115423
v 0.514092 -0.341149 1.142288
v 0.518984 -0.443174 1.152241
v 0.516223 -0.537523 1.141993
v 0.504896 -0.623766 1.108591
v 0.484295 -0.701560 1.050170
v 0.453945 -0.770637 0.965175
v 0.413651 -0.830794 0.852941
v 0.363551 -0.881879 0.714008
v 0.304173 -0.923880 0.550236
v 0.236475 -0.956940 0.365244
v 0.161878 -0.980785 0.165481
v 0.082277 -0.995185 -0.041095
v 0.028453 1.703456 -0.150325
v 0.056632 1.674094 -0.054097
v 0.084265 1.626788 0.042471
v 0.111087 1.563038 0.138455
v 0.136839 1.484453 0.232908
v 0.161274 1.392730 0.324818
v 0.184155 1.289617 0.413094
v 0.205262 1.176888 0.496576
v 0.224393 1.056319 0.574060
v 0.241363 0.929659 0.644336
v 0.256008 0.798612 0.706242
v 0.268690 0.664812 0.760501
v 0.283005 0.529812 0.819228
v 0.299392 0.395065 0.883019
v 0.317164 0.261916 0.942697
v 0.335363 0.131592 1.001224
v 0.352883 0.005200 1.057929
v 0.368565 -0.116275 1.108902
v 0.381278 -0.231973 1.150114
v 0.389965 -0.341149 1.177654
v 0.393675 -0.443174 1.187895
v 0.391581 -0.537523 1.177582
v 0.382989 -0.623766 1.143782
v 0.367362 -0.701560 1.084299
v 0.344340 -0.770637 0.997656
v 0.313775 -0.830794 0.883072
v 0.275772 -0.881879 0.740698
v 0.230731 -0.923880 0.572784
v 0.179378 -0.956940 0.383309
v 0.122793 -0.980785 0.178301
v 0.062411 -0.995185 -0.034304
v 0.019122 1.703456 -0.148041
v 0.038060 1.674094 -0.049654
v 0.056632 1.626788 0.048939
v 0.074658 1.563038 0.146806
v 0.091965 1.484453 0.242994
v 0.108386 1.392730 0.336487
v 0.123764 1.289617 0.426195
v 0.137950 1.176888 0.510957
v 0.150807 1.056319 0.589567
v 0.162212 0.929659 0.660819
v 0.172054 0.798612 0.723548
v 0.180577 0.664812 0.778509
v 0.190198 0.529812 0.838014
v 0.201211 0.395065 0.902680
v 0.213155 0.261916 0.963288
v 0.225386 0.131592 1.022748
v 0.237160 0.005200 1.080336
v 0.247700 -0.116275 1.132087
v 0.256244 -0.231973 1.173921
v 0.262082 -0.341149 1.201883
v 0.264576 -0.443174 1.212303
v 0.263168 -0.537523 1.201889
v 0.257394 -0.623766 1.167785
v 0.246891 -0.701560 1.107655
v 0.231419 -0.770637 1.019818
v 0.210878 -0.830794 0.903487
v 0.185337 -0.881879 0.759092
v 0.155066 -0.923880 0.588658
v 0.120554 -0.956940 0.396115
v 0.082525 -0.980785 0.187449
v 0.041944 -0.995185 -0.029429
v 0.009607 1.703456 -0.146669
v 0.019122 1.674094 -0.046996
v 0.028453 1.626788 0.052787
v 0.037510 1.563038 0.151747
v 0.046205 1.484453 0.248927
v 0.054455 1.392730 0.343314
v 0.062181 1.289617 0.433817
v 0.069308 1.176888 0.519278
v 0.075768 1.056319 0.598495
v 0.081498 0.929659 0.670264
v 0.086443 0.798612 0.733424
v 0.090725 0.664812 0.788746
v 0.095559 0.529812 0.848648
v 0.101092 0.395065 0.913752
v 0.107093 0.261916 0.974819
v 0.113238 0.131592 1.034729
v 0.119154 0.005200 1.092733
v 0.124449 -0.116275 1.144843
v 0.128742 -0.231973 1.186960
v 0.131675 -0.341149 1.215110
v 0.132928 -0.443174 1.225609
v 0.132221 -0.537523 1.215150
v 0.129320 -0.623766 1.180861
v 0.124043 -0.701560 1.120384
v 0.116270 -0.770637 1.032014
v 0.105949 -0.830794 0.914932
v 0.093117 -0.881879 0.769528
v 0.077908 -0.923880 0.597782
v 0.060569 -0.956940 0.403575
v 0.041462 -0.980785 0.192848
v 0.021074 -0.995185 -0.026517
v 0.000000 1.703456 -0.146220
v 0.000000 1.674094 -0.046150
v 0.000000 1.626788 0.053982
v 0.000000 1.563038 0.153239
v 0.000000 1.484453 0.250669
v 0.000000 1.392730 0.345260
v 0.000000 1.289617 0.435927
v 0.000000 1.176888 0.521517
v 0.000000 1.056319 0.600832
v 0.000000 0.929659 0.672672
v 0.000000 0.798612 0.735883
v 0.000000 0.664812 0.791241
v 0.000000 0.529812 0.851175
v 0.000000 0.395065 0.916304
v 0.000000 0.261916 0.977384
v 0.000000 0.131592 1.037294
v 0.000000 0.005200 1.095285
v 0.000000 -0.116275 1.147372
v 0.000000 -0.231973 1.189462
v 0.000000 -0.341149 1.217591
v 0.000000 -0.443174 1.228080
v 0.000000 -0.537523 1.217627
v 0.000000 -0.623766 1.183360
v 0.000000 -0.701560 1.122915
v 0.000000 -0.770637 1.034574
v 0.000000 -0.830794 0.917496
v 0.000000 -0.881879 0.772040
v 0.000000 -0.923880 0.600146
v 0.000000 -0.956940 0.405653
v 0.000000 -0.980785 0.194458
v 0.000000 -0.995185 -0.025594
v -0.009607 1.703456 -0.146700
v -0.019122 1.674094 -0.047120
v -0.028453 1.626788 0.052515
v -0.037510 1.563038 0.151277
v -0.046205 1.484453 0.248218
v -0.054455 1.392730 0.342335
v -0.062181 1.289617 0.432547
v -0.069309 1.176888 0.517709
v -0.075768 1.056319 0.596629
v -0.081498 0.929659 0.668113
v -0.086443 0.798612 0.731013
v -0.090726 0.664812 0.786099
v -0.095559 0.529812 0.845722
v -0.101092 0.395065 0.910490
v -0.107093 0.261916 0.971173
v -0.113239 0.131592 1.030672
v -0.119154 0.005200 1.088261
v -0.124449 -0.116275 1.139984
v -0.128742 -0.231973 1.181776
v -0.131675 -0.341149 1.209699
v -0.132928 -0.443174 1.220100
v -0.132221 -0.537523 1.209697
v -0.129320 -0.623766 1.175633
v -0.124043 -0.701560 1.115555
v -0.116269 -0.770637 1.027746
v -0.105949 -0.830794 0.911361
v -0.093117 -0.881879 0.766744
v -0.077908 -0.923880 0.595811
v -0.060569 -0.956940 0.402369
v -0.041462 -0.980785 0.192275
v -0.021074 -0.995185 -0.026667
v 0.000000 1.713518 -0.245259
v -0.019122 1.703456 -0.148104
v -0.038060 1.674094 -0.049898
v -0.056632 1.626788 0.048404
v -0.074658 1.563038 0.145886
v -0.091965 1.484453 0.241611
v -0.108386 1.392730 0.334585
v -0.123764 1.289617 0.423737
v -0.137950 1.176888 0.507930
v -0.150807 1.056319 0.585978
v -0.162212 0.929659 0.656695
v -0.172054 0.798612 0.718937
v -0.180577 0.664812 0.773456
v -0.190198 0.529812 0.832442
v -0.201211 0.395065 0.896487
v -0.213155 0.261916 0.956390
v -0.225387 0.131592 1.015096
v -0.237161 0.005200 1.071927
v -0.247700 -0.116275 1.122976
v -0.256244 -0.231973 1.164225
v -0.262082 -0.341149 1.191778
v -0.264576 -0.443174 1.202021
v -0.263168 -0.537523 1.191707
v -0.257394 -0.623766 1.158009
v -0.246892 -0.701560 1.098598
v -0.231419 -0.770637 1.011781
v -0.210878 -0.830794 0.896726
v -0.185337 -0.881879 0.753786
v -0.155066 -0.923880 0.584874
v -0.120554 -0.956940 0.393779
v -0.082525 -0.980785 0.186330
v -0.041944 -0.995185 -0.029725
v -0.028453 1.703456 -0.150417
v -0.056632 1.674094 -0.054458
v -0.084265 1.626788 0.041686
v -0.111087 1.563038 0.137111
v -0.136839 1.484453 0.230899
v -0.161274 1.392730 0.322067
v -0.184155 1.289617 0.409555
v -0.205262 1.176888 0.492235
v -0.224393 1.056319 0.568932
v -0.241363 0.929659 0.638465
v -0.256008 0.798612 0.699695
v -0.268690 0.664812 0.753347
v -0.283005 0.529812 0.811363
v -0.299392 0.395065 0.874308
v -0.317164 0.261916 0.933033
v -0.335364 0.131592 0.990545
v -0.352883 0.005200 1.046241
v -0.368565 -0.116275 1.096286
v -0.381278 -0.231973 1.136727
v -0.389965 -0.341149 1.163733
v -0.393676 -0.443174 1.173743
v -0.391581 -0.537523 1.163560
v -0.382989 -0.623766 1.130403
v -0.367363 -0.701560 1.071985
v -0.344340 -0.770637 0.986648
v -0.313775 -0.830794 0.873592
v -0.275772 -0.881879 0.733195
v -0.230731 -0.923880 0.567383
v -0.179379 -0.956940 0.379942
v -0.122793 -0.980785 0.176670
v -0.062411 -0.995185 -0.034740
v -0.037510 1.703456 -0.153619
v -0.074658 1.674094 -0.060756
v -0.111087 1.626788 0.032420
v -0.146447 1.563038 0.125029
v -0.180396 1.484453 0.216168
v -0.212608 1.392730 0.304872
v -0.242772 1.289617 0.390094
v -0.270598 1.176888 0.470718
v -0.295818 1.056319 0.545579
v -0.318190 0.929659 0.613504
v -0.337497 0.798612 0.673362
v -0.354215 0.664812 0.725836
v -0.373087 0.529812 0.782536
v -0.394690 0.395065 0.843988
v -0.418119 0.261916 0.901113
v -0.442111 0.131592 0.957006
v -0.465207 0.005200 1.011159
v -0.485881 -0.116275 1.059836
v -0.502640 -0.231973 1.099178
v -0.514092 -0.341149 1.125437
v -0.518984 -0.443174 1.135129
v -0.516223 -0.537523 1.125126
v -0.504896 -0.623766 1.092706
v -0.484296 -0.701560 1.035639
v -0.453945 -0.770637 0.952315
v -0.413651 -0.830794 0.841977
v -0.363551 -0.881879 0.705032
v -0.304173 -0.923880 0.543427
v -0.236475 -0.956940 0.360951
v -0.161878 -0.980785 0.163377
v -0.082277 -0.995185 -0.041664
v -0.046205 1.703456 -0.157678
v -0.091965 1.674094 -0.068733
v -0.136839 1.626788 0.020694
v -0.180396 1.563038 0.109747
v -0.222215 1.484453 0.197544
v -0.261894 1.392730 0.283139
v -0.299051 1.289617 0.365502
v -0.333328 1.176888 0.443530
v -0.364394 1.056319 0.516070
v -0.391952 0.929659 0.581960
v -0.415735 0.798612 0.640081
v -0.436329 0.664812 0.691062
v -0.459576 0.529812 0.746090
v -0.486187 0.395065 0.805646
v -0.515047 0.261916 0.860731
v -0.544601 0.131592 0.914554
v -0.573051 0.005200 0.966732
v -0.598517 -0.116275 1.013653
v -0.619162 -0.231973 1.051579
v -0.633269 -0.341149 1.076874
v -0.639294 -0.443174 1.086156
v -0.635893 -0.537523 1.076385
v -0.621941 -0.623766 1.044724
v -0.596564 -0.701560 0.989252
v -0.559178 -0.770637 0.908532
v -0.509544 -0.830794 0.801891
v -0.447829 -0.881879 0.669429
v -0.374686 -0.923880 0.513156
v -0.291295 -0.956940 0.336952
v -0.199405 -0.980785 0.146567
v -0.101350 -0.995185 -0.050433
v -0.054455 1.703456 -0.162556
v -0.108386 1.674094 -0.078314
v -0.161274 1.626788 0.006615
v -0.212607 1.563038 0.091402
v -0.261894 1.484453 0.175190
v -0.308658 1.392730 0.257052
v -0.352450 1.289617 0.335977
v -0.392848 1.176888 0.410878
v -0.429461 1.056319 0.480619
v -0.461940 0.929659 0.544052
v -0.489969 0.798612 0.600068
v -0.514241 0.664812 0.649240
v -0.541638 0.529812 0.702238
v -0.573001 0.395065 0.759483
v -0.607014 0.261916 0.812079
v -0.641846 0.131592 0.863367
v -0.675376 0.005200 0.913116
v -0.705390 -0.116275 0.957871
v -0.729720 -0.231973 0.994046
v -0.746346 -0.341149 1.018146
v -0.753448 -0.443174 1.026918
v -0.749439 -0.537523 1.017271
v -0.732996 -0.623766 0.986578
v -0.703088 -0.701560 0.933100
v -0.659026 -0.770637 0.855402
v -0.600529 -0.830794 0.752872
v -0.527795 -0.881879 0.626027
v -0.441591 -0.923880 0.476785
v -0.343309 -0.956940 0.308140
v -0.235011 -0.980785 0.126391
v -0.119447 -0.995185 -0.060963
v -0.062181 1.703456 -0.168205
v -0.123764 1.674094 -0.089407
v -0.184155 1.626788 -0.009684
v -0.242772 1.563038 0.070165
v -0.299051 1.484453 0.149287
v -0.352450 1.392730 0.226767
v -0.402455 1.289617 0.301673
v -0.448584 1.176888 0.372937
v -0.490392 1.056319 0.439441
v -0.527479 0.929659 0.500054
v -0.559485 0.798612 0.553613
v -0.587200 0.664812 0.600660
v -0.618485 0.529812 0.651268
v -0.654297 0.395065 0.705718
v -0.693136 0.261916 0.755382
v -0.732910 0.131592 0.803583
v -0.771197 0.005200 0.850348
v -0.805469 -0.116275 0.892495
v -0.833251 -0.231973 0.926642
v -0.852236 -0.341149 0.949471
v -0.860345 -0.443174 0.957628
v -0.855768 -0.537523 0.948041
v -0.836991 -0.623766 0.918338
v -0.802841 -0.701560 0.867338
v -0.752527 -0.770637 0.793552
v -0.685730 -0.830794 0.695912
v -0.602677 -0.881879 0.575260
v -0.504243 -0.923880 0.433624
v -0.392017 -0.956940 0.274759
v -0.268354 -0.980785 0.103030
v -0.136394 -0.995185 -0.073156
v 0.000000 -1.000000 -0.245259
v -0.069309 1.703456 -0.174571
v -0.137950 1.674094 -0.101907
v -0.205262 1.626788 -0.028135
v -0.270598 1.563038 0.045959
v -0.333328 1.484453 0.119720
v -0.392848 1.392730 0.192262
v -0.448584 1.289617 0.262618
v -0.500000 1.176888 0.329741
v -0.546601 1.056319 0.392535
v -0.587938 0.929659 0.449893
v -0.623612 0.798612 0.500742
v -0.654504 0.664812 0.545474
v -0.689375 0.529812 0.593211
v -0.729292 0.395065 0.644428
v -0.772583 0.261916 0.690714
v -0.816915 0.131592 0.735437
v -0.859591 0.005200 0.778852
v -0.897791 -0.116275 0.818016
v -0.928758 -0.231973 0.849765
v -0.949919 -0.341149 0.871003
v -0.958957 -0.443174 0.878626
v -0.953855 -0.537523 0.868630
v -0.932927 -0.623766 0.840337
v -0.894861 -0.701560 0.792085
v -0.838781 -0.770637 0.722529
v -0.764328 -0.830794 0.631363
v -0.671755 -0.881879 0.517893
v -0.562038 -0.923880 0.384846
v -0.436950 -0.956940 0.236059
v -0.299112 -0.980785 0.076701
v -0.152027 -0.995185 -0.086894
v -0.075768 1.703456 -0.181594
v -0.150807 1.674094 -0.115744
v -0.224393 1.626788 -0.048685
v -0.295818 1.563038 0.019190
v -0.364394 1.484453 0.087097
v -0.429462 1.392730 0.154180
v -0.490393 1.289617 0.219493
v -0.546601 1.176888 0.282017
v -0.597545 1.056319 0.340681
v -0.642735 0.929659 0.394403
v -0.681734 0.798612 0.442136
v -0.715505 0.664813 0.484174
v -0.753626 0.529812 0.528797
v -0.797264 0.395065 0.576447
v -0.844589 0.261916 0.618914
v -0.893053 0.131592 0.659693
v -0.939706 0.005200 0.699295
v -0.981466 -0.116275 0.735046
v -1.015320 -0.231973 0.764035
v -1.038453 -0.341149 0.783406
v -1.048334 -0.443174 0.789845
v -1.042756 -0.537523 0.779374
v -1.019877 -0.623766 0.752745
v -0.978264 -0.701560 0.707838
v -0.916957 -0.770637 0.643532
v -0.835565 -0.830794 0.558575
v -0.734364 -0.881879 0.454284
v -0.614421 -0.923880 0.330956
v -0.477674 -0.956940 0.193350
v -0.326990 -0.980785 0.047173
v -0.166196 -0.995185 -0.102046
v -0.081498 1.703456 -0.189205
v -0.162212 1.674094 -0.130909
v -0.241363 1.626788 -0.070957
v -0.318189 1.563038 -0.009826
v -0.391952 1.484453 0.051727
v -0.461940 1.392730 0.112872
v -0.527479 1.289617 0.172692
v -0.587938 1.176888 0.230194
v -0.642734 1.056319 0.284337
v -0.691342 0.929659 0.334066
v -0.733290 0.798612 0.378367
v -0.769615 0.664813 0.417432
v -0.810619 0.529812 0.458619
v -0.857557 0.395065 0.502327
v -0.908461 0.261916 0.540547
v -0.960590 0.131592 0.576930
v -1.010772 0.005200 0.612267
v -1.055690 -0.116275 0.644182
v -1.092104 -0.231973 0.670049
v -1.116986 -0.341149 0.687291
v -1.127614 -0.443174 0.691056
v -1.121615 -0.537523 0.680964
v -1.097006 -0.623766 0.656243
v -1.052245 -0.701560 0.615431
v -0.986302 -0.770637 0.556462
v -0.898755 -0.830794 0.479398
v -0.789901 -0.881879 0.383788
v -0.660887 -0.923880 0.272436
v -0.513798 -0.956940 0.147033
v -0.351719 -0.980785 0.014720
v -0.178765 -0.995185 -0.118468
v -0.086443 1.703456 -0.197331
v -0.172054 1.674094 -0.147101
v -0.256008 1.626788 -0.094737
v -0.337496 1.563038 -0.040813
v -0.415735 1.484453 0.013942
v -0.489969 1.392730 0.068700
v -0.559485 1.289617 0.122587
v -0.623612 1.176888 0.174703
v -0.681734 1.056319 0.224008
v -0.733291 0.929659 0.269418
v -0.777785 0.798612 0.309994
v -0.816314 0.664813 0.345824
v -0.859805 0.529812 0.383278
v -0.909592 0.395065 0.422690
v -0.963585 0.261916 0.456260
v -1.018877 0.131592 0.487817
v -1.072103 0.005200 0.518326
v -1.119747 -0.116275 0.545829
v -1.158370 -0.231973 0.568190
v -1.184762 -0.341149 0.582403
v -1.196035 -0.443174 0.583672
v -1.189672 -0.537523 0.574255
v -1.163569 -0.623766 0.551877
v -1.116093 -0.701560 0.515027
v -1.046149 -0.770637 0.462695
v -0.953289 -0.830794 0.393534
v -0.837830 -0.881879 0.308364
v -0.700988 -0.923880 0.208554
v -0.544974 -0.956940 0.097544
v -0.373060 -0.980785 -0.019933
v -0.189612 -0.995185 -0.136003
v -0.090556 1.703456 -0.205925
v -0.180240 1.674094 -0.164164
v -0.268188 1.626788 -0.119798
v -0.353553 1.563038 -0.073663
v -0.435514 1.484453 -0.026345
v -0.513280 1.392730 0.021560
v -0.586103 1.289617 0.069171
v -0.653281 1.176888 0.115540
v -0.714168 1.056319 0.159682
v -0.768178 0.929659 0.200609
v -0.814789 0.798612 0.237375
v -0.855151 0.664813 0.269963
v -0.900711 0.529812 0.303437
v -0.952866 0.395065 0.338184
v -1.009428 0.261916 0.366382
v -1.067351 0.131592 0.392728
v -1.123109 0.005200 0.418141
v -1.173020 -0.116275 0.441062
v -1.213480 -0.231973 0.459672
v -1.241128 -0.341149 0.468632
v -1.252938 -0.443174 0.468872
v -1.246272 -0.537523 0.460044
v -1.218927 -0.623766 0.440438
v -1.169192 -0.701560 0.408335
v -1.095920 -0.770637 0.362326
v -0.998643 -0.830794 0.302261
v -0.877690 -0.881879 0.228147
v -0.734338 -0.923880 0.140934
v -0.570902 -0.956940 0.045171
v -0.390809 -0.980785 -0.056454
v -0.198633 -0.995185 -0.154621
v -0.093796 1.703456 -0.214983
v -0.186690 1.674094 -0.181935
v -0.277785 1.626788 -0.146071
v -0.366205 1.563038 -0.108156
v -0.451098 1.484453 -0.068394
v -0.531648 1.392730 -0.027562
v -0.607076 1.289617 0.013483
v -0.676659 1.176888 0.053827
v -0.739725 1.056319 0.092519
v -0.795667 0.929659 0.128612
v -0.843946 0.798612 0.161201
v -0.885752 0.664813 0.190153
v -0.932943 0.529812 0.219625
v -0.986964 0.395065 0.247643
v -1.045550 0.261916 0.272106
v -1.105546 0.131592 0.292914
v -1.163299 0.005200 0.312904
v -1.214996 -0.116275 0.330893
v -1.256904 -0.231973 0.343916
v -1.285542 -0.341149 0.348810
v -1.297774 -0.443174 0.347995
v -1.290869 -0.537523 0.339846
v -1.262546 -0.623766 0.322840
v -1.211031 -0.701560 0.295628
v -1.135138 -0.770637 0.257170
v -1.034379 -0.830794 0.206250
v -0.909098 -0.881879 0.143361
v -0.760616 -0.923880 0.070452
v -0.591332 -0.956940 -0.010684
v -0.404794 -0.980785 -0.094491
v -0.205741 -0.995185 -0.174501
v -0.096134 1.703456 -0.224316
v -0.191342 1.674094 -0.200241
v -0.284707 1.626788 -0.173351
v -0.375330 1.563038 -0.143692
v -0.462339 1.484453 -0.111873
v -0.544895 1.392730 -0.078513
v -0.622204 1.289617 -0.044302
v -0.693520 1.176888 -0.010161
v -0.758157 1.056319 0.022970
v -0.815493 0.929659 0.054170
v -0.864975 0.798612 0.082447
v -0.907823 0.664813 0.107586
v -0.956190 0.529812 0.130633
v -1.011557 0.395065 0.152638
v -1.071603 0.261916 0.174358
v -1.133094 0.131592 0.189316
v -1.192286 0.005200 0.203540
v -1.245271 -0.116275 0.216125
v -1.288224 -0.231973 0.221812
v -1.317575 -0.341149 0.224093
v -1.330112 -0.443174 0.222285
v -1.323035 -0.537523 0.215026
v -1.294006 -0.623766 0.200807
v -1.241208 -0.701560 0.178538
v -1.163423 -0.770637 0.147207
v -1.060153 -0.830794 0.106256
v -0.931751 -0.881879 0.055945
v -0.779569 -0.923880 -0.003336
v -0.606066 -0.956940 -0.068229
v -0.414881 -0.980785 -0.133681
v -0.210868 -0.995185 -0.194982
v -0.097545 1.703456 -0.233832
v -0.194151 1.674094 -0.218971
v -0.288887 1.626788 -0.201167
v -0.380840 1.563038 -0.180241
v -0.469127 1.484453 -0.156634
v -0.552895 1.392730 -0.130786
v -0.631338 1.289617 -0.103552
v -0.703702 1.176888 -0.075822
v -0.769288 1.056319 -0.048500
v -0.827466 0.929659 -0.022467
v -0.877674 0.798612 0.001454
v -0.921151 0.664813 0.020443
v -0.970228 0.529812 0.037946
v -1.026409 0.395065 0.054678
v -1.087336 0.261916 0.071153
v -1.149729 0.131592 0.082577
v -1.209791 0.005200 0.090831
v -1.263554 -0.116275 0.095334
v -1.307137 -0.231973 0.096258
v -1.336919 -0.341149 0.095737
v -1.349640 -0.443174 0.092739
v -1.342460 -0.537523 0.086195
v -1.313004 -0.623766 0.075024
v -1.259431 -0.701560 0.058177
v -1.180504 -0.770637 0.034752
v -1.075718 -0.830794 0.003643
v -0.945431 -0.881879 -0.034747
v -0.791015 -0.923880 -0.079170
v -0.614964 -0.956940 -0.126912
v -0.420972 -0.980785 -0.173978
v -0.213964 -0.995185 -0.215867
v -0.098017 1.703456 -0.243441
v -0.195090 1.674094 -0.238105
v -0.290285 1.626788 -0.229312
v -0.382683 1.563038 -0.217331
v -0.471396 1.484453 -0.202081
v -0.555571 1.392730 -0.184054
v -0.634393 1.289617 -0.163918
v -0.707107 1.176888 -0.142607
v -0.773010 1.056319 -0.121038
v -0.831470 0.929659 -0.100408
v -0.881921 0.798612 -0.083741
v -0.925608 0.664813 -0.069728
v -0.974923 0.529812 -0.057022
v -1.031375 0.395065 -0.045370
v -1.092597 0.261916 -0.034825
v -1.155292 0.131592 -0.025893
v -1.215645 0.005200 -0.024179
v -1.269668 -0.116275 -0.027919
v -1.313462 -0.231973 -0.031199
v -1.343388 -0.341149 -0.034589
v -1.356170 -0.443174 -0.038800
v -1.348955 -0.537523 -0.044627
v -1.319358 -0.623766 -0.052933
v -1.265524 -0.701560 -0.064616
v -1.186216 -0.770637 -0.080513
v -1.080923 -0.830794 -0.101192
v -0.950005 -0.881879 -0.126617
v -0.794842 -0.923880 -0.155744
v -0.617940 -0.956940 -0.186607
v -0.423009 -0.980785 -0.215532
v -0.214999 -0.995185 -0.236956
v -0.097545 1.703456 -0.253050
v -0.194151 1.674094 -0.257239
v -0.288887 1.626788 -0.257802
v -0.380840 1.563038 -0.254678
v -0.469127 1.484453 -0.247889
v -0.552895 1.392730 -0.237811
v -0.631338 1.289617 -0.224811
v -0.703702 1.176888 -0.210055
v -0.769288 1.056319 -0.195495
v -0.827466 0.929659 -0.182339
v -0.877674 0.798612 -0.170745
v -0.921151 0.664813 -0.161108
v -0.970228 0.529812 -0.153024
v -1.026409 0.395065 -0.147007
v -1.087336 0.261916 -0.142097
v -1.149729 0.131592 -0.138306
v -1.209791 0.005200 -0.142947
v -1.263554 -0.116275 -0.151923
v -1.307137 -0.231973 -0.159443
v -1.336919 -0.341149 -0.165716
v -1.349640 -0.443174 -0.171126
v -1.342460 -0.537523 -0.176181
v -1.313004 -0.623766 -0.181504
v -1.259431 -0.701560 -0.187872
v -1.180504 -0.770637 -0.196027
v -1.075718 -0.830794 -0.206489
v -0.945431 -0.881879 -0.219311
v -0.791014 -0.923880 -0.233649
v -0.614964 -0.956940 -0.247407
v -0.420972 -0.980785 -0.257086
v -0.213964 -0.995185 -0.258044
v -0.096134 1.703456 -0.262566
v -0.191342 1.674094 -0.276188
v -0.284707 1.626788 -0.286017
v -0.375330 1.563038 -0.291962
v -0.462339 1.484453 -0.294099
v -0.544896 1.392730 -0.292303
v -0.622204 1.289617 -0.287344
v -0.693520 1.176888 -0.280187
v -0.758157 1.056319 -0.272124
v -0.815493 0.929659 -0.264692
v -0.864975 0.798612 -0.258155
v -0.907823 0.664813 -0.252594
v -0.956190 0.529812 -0.249573
v -1.011557 0.395065 -0.248827
v -1.071603 0.261916 -0.249840
v -1.133093 0.131592 -0.253414
v -1.192286 0.005200 -0.262046
v -1.245271 -0.116275 -0.275848
v -1.288224 -0.231973 -0.287727
v -1.317575 -0.341149 -0.296999
v -1.330112 -0.443174 -0.303731
v -1.323035 -0.537523 -0.308159
v -1.294007 -0.623766 -0.310672
v -1.241208 -0.701560 -0.311799
v -1.163423 -0.770637 -0.312122
v -1.060153 -0.830794 -0.312107
v -0.931751 -0.881879 -0.312070
v -0.779569 -0.923880 -0.311199
v -0.606066 -0.956940 -0.307623
v -0.414881 -0.980785 -0.298240
v -0.210868 -0.995185 -0.278930
v -0.093796 1.703456 -0.271899
v -0.186690 1.674094 -0.294771
v -0.277785 1.626788 -0.313970
v -0.366205 1.563038 -0.329084
v -0.451098 1.484453 -0.339922
v -0.531648 1.392730 -0.346881
v -0.607076 1.289617 -0.350368
v -0.676659 1.176888 -0.351220
v -0.739725 1.056319 -0.350073
v -0.795667 0.929659 -0.347508
v -0.843946 0.798612 -0.344929
v -0.885752 0.664813 -0.343785
v -0.932943 0.529812 -0.345349
v -0.986964 0.395065 -0.350077
v -1.045550 0.261916 -0.356980
v -1.105546 0.131592 -0.369787
v -1.163299 0.005200 -0.383928
v -1.214996 -0.116275 -0.398466
v -1.256904 -0.231973 -0.414678
v -1.285542 -0.341149 -0.426945
v -1.297774 -0.443174 -0.435034
v -1.290870 -0.537523 -0.438917
v -1.262547 -0.623766 -0.438757
v -1.211031 -0.701560 -0.434895
v -1.135138 -0.770637 -0.427772
v -1.034379 -0.830794 -0.417767
v -0.909098 -0.881879 -0.404920
v -0.760616 -0.923880 -0.388583
v -0.591332 -0.956940 -0.367108
v -0.404794 -0.980785 -0.338598
v -0.205741 -0.995185 -0.299411
v -0.090556 1.703456 -0.280957
v -0.180240 1.674094 -0.313018
v -0.268188 1.626788 -0.341315
v -0.353553 1.563038 -0.365160
v -0.435514 1.484453 -0.384982
v -0.513280 1.392730 -0.400558
v -0.586103 1.289617 -0.412328
v -0.653281 1.176888 -0.420809
v -0.714168 1.056319 -0.426549
v -0.768178 0.929659 -0.430336
v -0.814789 0.798612 -0.432378
v -0.855150 0.664813 -0.433548
v -0.900711 0.529812 -0.439482
v -0.952866 0.395065 -0.449621
v -1.009428 0.261916 -0.463884
v -1.067351 0.131592 -0.484052
v -1.123109 0.005200 -0.503311
v -1.173020 -0.116275 -0.520803
v -1.213480 -0.231973 -0.539206
v -1.241128 -0.341149 -0.554465
v -1.252938 -0.443174 -0.563912
v -1.246272 -0.537523 -0.567252
v -1.218928 -0.623766 -0.564411
v -1.169192 -0.701560 -0.555508
v -1.095920 -0.770637 -0.540791
v -0.998643 -0.830794 -0.520482
v -0.877690 -0.881879 -0.495344
v -0.734338 -0.923880 -0.464453
v -0.570902 -0.956940 -0.426262
v -0.390809 -0.980785 -0.378331
v -0.198633 -0.995185 -0.319290
v -0.086443 1.703456 -0.289654
v -0.172054 1.674094 -0.330676
v -0.256008 1.626788 -0.367573
v -0.337496 1.563038 -0.400346
v -0.415735 1.484453 -0.428567
v -0.489970 1.392730 -0.452430
v -0.559485 1.289617 -0.472200
v -0.623612 1.176888 -0.488208
v -0.681734 1.056319 -0.500831
v -0.733291 0.929659 -0.510468
v -0.777785 0.798612 -0.517513
v -0.816313 0.664813 -0.523035
v -0.859805 0.529812 -0.532310
v -0.909591 0.395065 -0.546470
v -0.963584 0.261916 -0.568882
v -1.018877 0.131592 -0.594800
v -1.072103 0.005200 -0.619465
v -1.119747 -0.116275 -0.641371
v -1.158370 -0.231973 -0.659885
v -1.184762 -0.341149 -0.678070
v -1.196035 -0.443174 -0.688837
v -1.189672 -0.537523 -0.691628
v -1.163570 -0.623766 -0.686127
v -1.116093 -0.701560 -0.672280
v -1.046149 -0.770637 -0.650688
v -0.953289 -0.830794 -0.621098
v -0.837830 -0.881879 -0.583417
v -0.700988 -0.923880 -0.537325
v -0.544974 -0.956940 -0.483078
v -0.373060 -0.980785 -0.417340
v -0.189612 -0.995185 -0.338377
v -0.081498 1.703456 -0.297905
v -0.162212 1.674094 -0.347433
v -0.241363 1.626788 -0.392652
v -0.318189 1.563038 -0.433747
v -0.391952 1.484453 -0.470291
v -0.461940 1.392730 -0.502175
v -0.527479 1.289617 -0.529529
v -0.587938 1.176888 -0.552566
v -0.642735 1.056319 -0.571563
v -0.691342 0.929659 -0.586837
v -0.733290 0.798612 -0.598954
v -0.769615 0.664813 -0.608855
v -0.810619 0.529812 -0.622654
v -0.857557 0.395065 -0.641212
v -0.908461 0.261916 -0.669398
v -0.960590 0.131592 -0.700918
v -1.010772 0.005200 -0.730901
v -1.055690 -0.116275 -0.757485
v -1.092103 -0.231973 -0.778980
v -1.116986 -0.341149 -0.796798
v -1.127614 -0.443174 -0.808820
v -1.121615 -0.537523 -0.811044
v -1.097006 -0.623766 -0.803266
v -1.052245 -0.701560 -0.785074
v -0.986302 -0.770637 -0.756294
v -0.898755 -0.830794 -0.716852
v -0.789900 -0.881879 -0.667908
v -0.660887 -0.923880 -0.608137
v -0.513798 -0.956940 -0.537012
v -0.351719 -0.980785 -0.454374
v -0.178765 -0.995185 -0.356487
v -0.075768 1.703456 -0.305751
v -0.150807 1.674094 -0.363129
v -0.224393 1.626788 -0.416427
v -0.295818 1.563038 -0.465261
v -0.364394 1.484453 -0.509426
v -0.429462 1.392730 -0.548829
v -0.490393 1.289617 -0.583348
v -0.546601 1.176888 -0.613151
v -0.597545 1.056319 -0.638366
v -0.642735 0.929659 -0.659220
v -0.681734 0.798612 -0.675970
v -0.715505 0.664813 -0.689814
v -0.753625 0.529812 -0.707956
v -0.797264 0.395065 -0.731438
v -0.844589 0.261916 -0.764881
v -0.893053 0.131592 -0.801360
v -0.939706 0.005200 -0.836439
v -0.981466 -0.116275 -0.867580
v -1.015319 -0.231973 -0.892729
v -1.038453 -0.341149 -0.910114
v -1.048334 -0.443174 -0.922944
v -1.042757 -0.537523 -0.924865
v -1.019877 -0.623766 -0.914684
v -0.978263 -0.701560 -0.891833
v -0.916957 -0.770637 -0.856256
v -0.835565 -0.830794 -0.808498
v -0.734364 -0.881879 -0.747592
v -0.614421 -0.923880 -0.674829
v -0.477674 -0.956940 -0.588372
v -0.326990 -0.980785 -0.489075
v -0.166196 -0.995185 -0.373933
v -0.069309 1.703456 -0.313034
v -0.137950 1.674094 -0.377614
v -0.205262 1.626788 -0.438375
v -0.270598 1.563038 -0.494653
v -0.333328 1.484453 -0.546116
v -0.392848 1.392730 -0.592522
v -0.448584 1.289617 -0.633733
v -0.500000 1.176888 -0.669726
v -0.546601 1.056319 -0.700574
v -0.587938 0.929659 -0.726434
v -0.623612 0.798612 -0.747508
v -0.654504 0.664813 -0.765083
v -0.689374 0.529812 -0.787338
v -0.729292 0.395065 -0.815497
v -0.772583 0.261916 -0.853972
v -0.816915 0.131592 -0.895564
v -0.859590 0.005200 -0.935236
v -0.897790 -0.116275 -0.970504
v -0.928758 -0.231973 -0.999153
v -0.949918 -0.341149 -1.018978
v -0.958957 -0.443174 -1.030326
v -0.953856 -0.537523 -1.031686
v -0.932927 -0.623766 -1.019051
v -0.894861 -0.701560 -0.991873
v -0.838781 -0.770637 -0.950300
v -0.764328 -0.830794 -0.893377
v -0.671755 -0.881879 -0.822694
v -0.562038 -0.923880 -0.736470
v -0.436950 -0.956940 -0.636579
v -0.299112 -0.980785 -0.521110
v -0.152027 -0.995185 -0.390270
v -0.062181 1.703456 -0.319638
v -0.123764 1.674094 -0.390747
v -0.184155 1.626788 -0.458284
v -0.242772 1.563038 -0.521329
v -0.299051 1.484453 -0.579438
v -0.352450 1.392730 -0.632262
v -0.402455 1.289617 -0.679565
v -0.448584 1.176888 -0.721234
v -0.490393 1.056319 -0.757266
v -0.527479 0.929659 -0.787749
v -0.559485 0.798612 -0.812831
v -0.587199 0.664813 -0.833880
v -0.618484 0.529812 -0.859963
v -0.654297 0.395065 -0.892490
v -0.693136 0.261916 -0.935661
v -0.732909 0.131592 -0.982031
v -0.771197 0.005200 -1.026281
v -0.805468 -0.116275 -1.065624
v -0.833251 -0.231973 -1.097500
v -0.852236 -0.341149 -1.119635
v -0.860345 -0.443174 -1.130087
v -0.855768 -0.537523 -1.130512
v -0.836992 -0.623766 -1.115435
v -0.802840 -0.701560 -1.084449
v -0.752527 -0.770637 -1.036409
v -0.685730 -0.830794 -0.972320
v -0.602677 -0.881879 -0.891053
v -0.504242 -0.923880 -0.793775
v -0.392017 -0.956940 -0.680373
v -0.268354 -0.980785 -0.550169
v -0.136394 -0.995185 -0.405091
v -0.054455 1.703456 -0.325498
v -0.108386 1.674094 -0.402567
v -0.161274 1.626788 -0.475963
v -0.212607 1.563038 -0.545032
v -0.261894 1.484453 -0.609068
v -0.308659 1.392730 -0.667628
v -0.352450 1.289617 -0.720389
v -0.392847 1.176888 -0.767159
v -0.429461 1.056319 -0.807864
v -0.514240 0.664813 -0.895572
v -0.541638 0.529812 -0.925047
v -0.573001 0.395065 -0.961571
v -0.607014 0.261916 -1.009033
v -0.641846 0.131592 -1.059779
v -0.675376 0.005200 -1.108243
v -0.705389 -0.116275 -1.151356
v -0.729720 -0.231973 -1.186291
v -0.746346 -0.341149 -1.210532
v -0.753448 -0.443174 -1.222053
v -0.749440 -0.537523 -1.220352
v -0.732996 -0.623766 -1.202992
v -0.703087 -0.701560 -1.167969
v -0.659026 -0.770637 -1.114806
v -0.600529 -0.830794 -1.042867
v -0.527794 -0.881879 -0.952928
v -0.441590 -0.923880 -0.845111
v -0.343309 -0.956940 -0.719324
v -0.235011 -0.980785 -0.576283
v -0.119447 -0.995185 -0.418254
v -0.046205 1.703456 -0.330559
v -0.091965 1.674094 -0.412851
v -0.136839 1.626788 -0.491429
v -0.180396 1.563038 -0.565594
v -0.222215 1.484453 -0.634716
v -0.261894 1.392730 -0.698270
v -0.299051 1.289617 -0.755796
v -0.333328 1.176888 -0.807085
v -0.364395 1.056319 -0.851976
v -0.459575 0.529812 -0.982190
v -0.486187 0.395065 -1.022077
v -0.515047 0.261916 -1.073237
v -0.544601 0.131592 -1.127890
v -0.573051 0.005200 -1.180133
v -0.598517 -0.116275 -1.226644
v -0.619161 -0.231973 -1.264353
v -0.633268 -0.341149 -1.290517
v -0.639294 -0.443174 -1.303051
v -0.635893 -0.537523 -1.300149
v -0.621941 -0.623766 -1.280456
v -0.596564 -0.701560 -1.241803
v -0.559178 -0.770637 -1.183299
v -0.509544 -0.830794 -1.105234
v -0.447829 -0.881879 -1.007255
v -0.374686 -0.923880 -0.889667
v -0.291295 -0.956940 -0.753051
v -0.199405 -0.980785 -0.599502
v -0.101350 -0.995185 -0.429633
v -0.037509 1.703456 -0.334773
v -0.074658 1.674094 -0.421420
v -0.111087 1.626788 -0.504426
v -0.146446 1.563038 -0.583022
v -0.180396 1.484453 -0.656504
v -0.212608 1.392730 -0.724271
v -0.242772 1.289617 -0.785853
v -0.270598 1.176888 -0.840926
v -0.295818 1.056319 -0.889293
v -0.354215 0.664813 -0.995205
v -0.373087 0.529812 -1.030477
v -0.394690 0.395065 -1.073502
v -0.418119 0.261916 -1.127923
v -0.485881 -0.116275 -1.290612
v -0.502640 -0.231973 -1.330768
v -0.514092 -0.341149 -1.358737
v -0.518984 -0.443174 -1.371973
v -0.516223 -0.537523 -1.368398
v -0.504896 -0.623766 -1.346589
v -0.484295 -0.701560 -1.304763
v -0.453945 -0.770637 -1.242056
v -0.413651 -0.830794 -1.158076
v -0.363551 -0.881879 -1.052888
v -0.304173 -0.923880 -0.926980
v -0.236475 -0.956940 -0.782076
v -0.161878 -0.980785 -0.618900
v -0.082276 -0.995185 -0.439116
v -0.028453 1.703456 -0.338097
v -0.056632 1.674094 -0.428191
v -0.084265 1.626788 -0.514711
v -0.111087 1.563038 -0.596833
v -0.136839 1.484453 -0.673798
v -0.161274 1.392730 -0.744952
v -0.184155 1.289617 -0.809776
v -0.205262 1.176888 -0.867898
v -0.224393 1.056319 -0.919079
v -0.268690 0.664813 -1.031715
v -0.283005 0.529812 -1.069223
v -0.299392 0.395065 -1.114837
v -0.381278 -0.231973 -1.384717
v -0.389965 -0.341149 -1.414014
v -0.393675 -0.443174 -1.427794
v -0.391581 -0.537523 -1.423772
v -0.382989 -0.623766 -1.400249
v -0.367362 -0.701560 -1.355768
v -0.344340 -0.770637 -1.289272
v -0.313776 -0.830794 -1.200400
v -0.275772 -0.881879 -1.089583
v -0.230730 -0.923880 -0.957570
v -0.179378 -0.956940 -0.805300
v -0.122793 -0.980785 -0.634281
v -0.062411 -0.995185 -0.446611
v -0.019122 1.703456 -0.340501
v -0.038060 1.674094 -0.433098
v -0.056632 1.626788 -0.522182
v -0.074658 1.563038 -0.606887
v -0.091965 1.484453 -0.686414
v -0.108386 1.392730 -0.760071
v -0.123764 1.289617 -0.827300
v -0.137950 1.176888 -0.887694
v -0.150807 1.056319 -0.940981
v -0.162212 0.929659 -0.987010
v -0.172054 0.798612 -1.025717
v -0.180577 0.664813 -1.058693
v -0.190198 0.529812 -1.097904
v -0.201211 0.395065 -1.145499
v -0.256243 -0.231973 -1.425061
v -0.262082 -0.341149 -1.455384
v -0.264575 -0.443174 -1.469581
v -0.263168 -0.537523 -1.465262
v -0.257394 -0.623766 -1.440509
v -0.246891 -0.701560 -1.393913
v -0.231419 -0.770637 -1.324604
v -0.210878 -0.830794 -1.232280
v -0.185337 -0.881879 -1.117190
v -0.155066 -0.923880 -0.980115
v -0.120554 -0.956940 -0.822303
v -0.082525 -0.980785 -0.645488
v -0.041944 -0.995185 -0.452046
v -0.009607 1.703456 -0.341960
v -0.019122 1.674094 -0.436093
v -0.028453 1.626788 -0.526763
v -0.037509 1.563038 -0.613079
v -0.046205 1.484453 -0.694216
v -0.054455 1.392730 -0.769457
v -0.062181 1.289617 -0.838219
v -0.069308 1.176888 -0.900070
v -0.075768 1.056319 -0.954717
v -0.081499 0.929659 -1.001985
v -0.086443 0.798612 -1.041792
v -0.090725 0.664813 -1.075746
v -0.095559 0.529812 -1.116083
v -0.101092 0.395065 -1.164995
v -0.131675 -0.341149 -1.482031
v -0.132928 -0.443174 -1.496505
v -0.132221 -0.537523 -1.491979
v -0.129320 -0.623766 -1.466481
v -0.124043 -0.701560 -1.418570
v -0.116270 -0.770637 -1.347376
v -0.105949 -0.830794 -1.252626
v -0.093117 -0.881879 -1.134629
v -0.077908 -0.923880 -0.994258
v -0.060569 -0.956940 -0.832887
v -0.041462 -0.980785 -0.652403
v -0.021074 -0.995185 -0.455366
v 0.000000 1.563038 -0.615341
v 0.000000 1.392730 -0.772992
v 0.000000 1.289617 -0.842385
v 0.000000 1.176888 -0.904848
v 0.000000 1.056319 -0.960075
v 0.000000 0.929659 -1.007882
v 0.000000 0.395065 -1.172927
v 0.000000 -0.537523 -1.503224
v 0.000000 -0.623766 -1.477365
v 0.000000 -0.701560 -1.428830
v 0.000000 -0.770637 -1.356754
v 0.000000 -0.830794 -1.260889
v 0.000000 -0.881879 -1.141589
v 0.000000 -0.923880 -0.999781
v 0.000000 -0.980785 -0.654948
v 0.068326 -0.277363 -1.472456
v 0.017958 -0.271005 -1.472468
v 0.000000 -0.267170 -1.472022
v 0.125802 -0.283318 -1.472083
v 0.130121 -0.283295 -1.471920
v 0.000000 0.266644 -1.232044
v 0.020851 0.261915 -1.233423
v 0.036380 0.258396 -1.234580
v 0.091919 0.244239 -1.239502
v 0.064743 0.251449 -1.236953
v 0.108145 0.239619 -1.241191
v 0.139412 0.230486 -1.240812
v 0.129451 0.233495 -1.240883
v 0.219074 0.198854 -1.244031
v 0.215114 0.200528 -1.243821
v 0.222480 -0.283112 -1.456978
v 0.258734 -0.278533 -1.449799
v 0.244966 0.187852 -1.242387
v 0.334684 0.136460 -1.243376
v 0.328011 0.141371 -1.242745
v 0.311179 -0.272173 -1.432848
v 0.382893 -0.252268 -1.406325
v 0.341250 0.131592 -1.243265
v 0.397855 0.089610 -1.242066
v 0.462621 0.019351 -1.252182
v 0.452640 0.034347 -1.248443
v 0.450849 -0.220022 -1.366858
v 0.426463 -0.231973 -1.381972
v 0.493433 -0.168413 -1.327683
v 0.489088 -0.178917 -1.333858
v 0.388175 -0.250841 -1.403689
v 0.471965 0.005200 -1.254835
v 0.508859 -0.078035 -1.277078
v 0.489987 -0.022226 -1.258954
v 0.508766 -0.116275 -1.296578
v 0.508624 -0.130961 -1.303045
v -0.491596 0.131592 -1.157838
v -0.469923 0.173983 -1.146848
v -0.428443 0.214253 -1.148213
v -0.426715 0.215221 -1.148659
v -0.493858 0.127159 -1.158956
v -0.499296 0.075573 -1.183768
v -0.486068 0.021216 -1.220709
v -0.476933 0.005200 -1.234559
v -0.467890 -0.010567 -1.247613
v -0.317015 0.263033 -1.171526
v -0.320564 0.261916 -1.170521
v -0.370394 0.246262 -1.156972
v -0.454322 -0.033914 -1.264852
v -0.405085 -0.087749 -1.312615
v -0.368566 -0.116280 -1.342605
v -0.340082 -0.138263 -1.360534
v -0.328199 -0.145118 -1.367089
v -0.253622 -0.185623 -1.407325
v -0.298202 0.268832 -1.174704
v -0.214103 0.280955 -1.195455
v -0.211444 0.280994 -1.196274
v -0.158083 -0.225515 -1.442504
v -0.136718 -0.231973 -1.449394
v -0.156760 -0.226019 -1.442971
v -0.128805 -0.234327 -1.451686
v -0.134436 0.281881 -1.210996
v -0.119298 0.281643 -1.214088
v -0.106271 0.280146 -1.217349
v -0.110015 -0.239952 -1.454888
v -0.043896 -0.257449 -1.465497
v -0.064969 -0.252327 -1.462246
v -0.084577 -0.247159 -1.459106
v -0.011441 -0.264748 -1.470352
v -0.005778 0.267939 -1.230985
v -0.007289 0.268259 -1.230717
v 0.241256 0.930454 -0.969897
v 0.240728 0.929659 -0.970354
v 0.227562 0.911827 -0.979686
v 0.215912 0.853215 -1.001657
v 0.222215 0.809082 -1.014034
v 0.221412 0.890074 -0.988349
v 0.223677 0.803532 -1.015406
v 0.226265 0.798612 -1.016266
v 0.241961 0.764639 -1.021044
v 0.261614 0.739468 -1.022328
v 0.307660 0.989274 -0.919577
v 0.304421 0.988094 -0.921344
v 0.252887 0.950661 -0.957051
v 0.267456 0.968667 -0.943933
v 0.265743 0.733419 -1.022367
v 0.314692 0.692997 -1.014034
v 0.295134 0.705220 -1.018488
v 0.352504 0.678508 -1.002881
v 0.335856 0.682118 -1.008561
v 0.335856 1.000876 -0.899819
v 0.377031 0.998238 -0.879266
v 0.369810 0.999346 -0.882599
v 0.385891 0.667442 -0.988349
v 0.435351 0.671166 -0.960895
v 0.392775 0.666118 -0.985067
v 0.451657 0.969760 -0.842503
v 0.414347 0.993026 -0.856827
v 0.463590 0.675799 -0.940375
v 0.441024 0.671236 -0.957051
v 0.505981 0.710344 -0.900915
v 0.485135 0.690086 -0.921344
v 0.493525 0.929659 -0.827828
v 0.480960 0.948636 -0.828818
v 0.524770 0.881783 -0.821419
v 0.542048 0.803532 -0.838811
v 0.541326 0.798612 -0.841409
v 0.541033 0.796696 -0.842306
v 0.523119 0.725966 -0.881338
v 0.522124 0.724696 -0.882599
v -0.492286 0.929659 -0.817165
v -0.480230 0.947906 -0.818337
v -0.452023 0.968335 -0.831944
v -0.523730 0.881352 -0.809989
v -0.540840 0.803532 -0.826537
v -0.540114 0.798612 -0.829110
v -0.535713 0.769954 -0.842306
v -0.524458 0.725411 -0.866623
v -0.511908 0.709406 -0.882599
v -0.506947 0.705016 -0.888265
v -0.423257 0.988760 -0.842306
v -0.414766 0.994038 -0.845699
v -0.376808 0.999264 -0.869299
v -0.473558 0.672760 -0.921344
v -0.442342 0.664813 -0.945468
v -0.469362 0.670026 -0.925102
v -0.436517 0.663718 -0.949904
v -0.353762 0.668432 -0.994406
v -0.364028 0.664813 -0.989760
v -0.425408 0.660801 -0.957051
v -0.367228 0.663729 -0.988349
v -0.396174 0.657913 -0.974245
v -0.349112 1.003463 -0.882599
v -0.335856 1.003978 -0.889595
v -0.307186 0.991957 -0.910423
v -0.287892 0.984806 -0.921344
v -0.265725 0.972845 -0.935472
v -0.242470 0.943701 -0.957051
v -0.240054 0.939430 -0.959796
v -0.335856 0.672732 -1.000858
v -0.286716 0.701015 -1.014034
v -0.291553 0.696575 -1.013194
v -0.263009 0.724746 -1.017609
v -0.233701 0.929659 -0.965504
v -0.223640 0.915749 -0.972929
v -0.212842 0.877249 -0.988349
v -0.218968 0.798612 -1.011472
v -0.216861 0.803532 -1.010546
v -0.209658 0.855806 -0.996101
v -0.259791 0.727467 -1.017868
v -0.234316 0.761473 -1.016621
v -0.225517 0.781382 -1.014034
vn -0.0049 0.7642 -0.6449
vn 0.0518 0.8487 -0.5264
vn 0.0631 0.7646 -0.6414
vn -0.0009 -0.9948 -0.1022
vn 0.0047 -0.9988 -0.0481
vn -0.0002 -0.9988 -0.0484
vn -0.0068 0.6793 -0.7339
vn 0.0718 0.6798 -0.7299
vn -0.0000 -1.0000 -0.0006
vn -0.0086 0.5977 -0.8017
vn 0.0784 0.5984 -0.7974
vn 0.0349 0.2759 -0.9606
vn 0.0348 0.2759 -0.9605
vn 0.0958 0.2090 -0.9732
vn -0.0103 0.5212 -0.8534
vn 0.0835 0.5220 -0.8489
vn -0.0244 0.0463 -0.9986
vn 0.0978 0.0462 -0.9941
vn -0.0120 0.4502 -0.8928
vn 0.0873 0.4511 -0.8882
vn 0.0965 -0.1692 -0.9808
vn -0.0238 -0.1685 -0.9854
vn -0.0135 0.3844 -0.9230
vn 0.0903 0.3854 -0.9183
vn 0.0892 -0.4110 -0.9073
vn -0.0216 -0.4099 -0.9119
vn -0.0148 0.3232 -0.9462
vn 0.0926 0.3241 -0.9415
vn 0.0760 -0.6292 -0.7735
vn -0.0178 -0.6280 -0.7780
vn -0.0160 0.2711 -0.9624
vn 0.0942 0.2720 -0.9577
vn 0.0602 -0.7875 -0.6134
vn -0.0133 -0.7866 -0.6173
vn -0.0170 0.2694 -0.9629
vn 0.0942 0.2703 -0.9582
vn 0.0455 -0.8851 -0.4632
vn -0.0093 -0.8845 -0.4664
vn -0.0177 0.3175 -0.9481
vn 0.0928 0.3185 -0.9434
vn 0.0333 -0.9402 -0.3390
vn -0.0061 -0.9399 -0.3414
vn -0.0184 0.3822 -0.9239
vn 0.0905 0.3830 -0.9193
vn -0.0005 0.9791 -0.2036
vn -0.0001 1.0000 -0.0012
vn 0.0199 0.9791 -0.2025
vn 0.0237 -0.9701 -0.2416
vn -0.0037 -0.9700 -0.2433
vn 0.0348 0.4202 -0.9068
vn -0.0016 0.9241 -0.3822
vn 0.0374 0.9242 -0.3802
vn 0.0162 -0.9862 -0.1647
vn -0.0020 -0.9862 -0.1658
vn 0.0883 0.4328 -0.8972
vn 0.0341 0.4455 -0.8947
vn 0.0342 0.4454 -0.8947
vn -0.0031 0.8485 -0.5293
vn 0.0100 -0.9948 -0.1016
vn 0.2029 0.2726 -0.9405
vn 0.2038 0.2708 -0.9408
vn 0.0997 -0.8850 -0.4548
vn 0.2017 0.3187 -0.9262
vn 0.0722 -0.9401 -0.3331
vn 0.1978 0.3825 -0.9025
vn 0.0401 0.9791 -0.1995
vn 0.0507 -0.9701 -0.2374
vn 0.1938 0.4320 -0.8808
vn 0.0759 0.9242 -0.3743
vn 0.0341 -0.9862 -0.1619
vn 0.1409 0.4455 -0.8841
vn 0.1409 0.4456 -0.8841
vn 0.1060 0.8488 -0.5180
vn 0.0207 -0.9948 -0.0999
vn 0.1302 0.7648 -0.6310
vn 0.0096 -0.9988 -0.0474
vn 0.1493 0.6800 -0.7178
vn 0.1643 0.5987 -0.7839
vn 0.0943 0.2764 -0.9564
vn 0.1531 0.2756 -0.9490
vn 0.1760 0.5224 -0.8343
vn 0.2181 0.0459 -0.9749
vn 0.1853 0.4516 -0.8728
vn 0.2149 -0.1692 -0.9619
vn 0.1927 0.3860 -0.9022
vn 0.1984 -0.4109 -0.8898
vn 0.1985 0.3247 -0.9247
vn 0.1687 -0.6290 -0.7589
vn 0.1331 -0.7873 -0.6020
vn 0.3054 0.3183 -0.8975
vn 0.2998 0.3809 -0.8746
vn 0.0598 0.9791 -0.1945
vn 0.0770 -0.9700 -0.2308
vn 0.2943 0.4298 -0.8536
vn 0.1136 0.9242 -0.3647
vn 0.0515 -0.9862 -0.1574
vn 0.2446 0.4433 -0.8624
vn 0.2438 0.4437 -0.8624
vn 0.1590 0.8487 -0.5044
vn 0.0311 -0.9948 -0.0972
vn 0.1956 0.7647 -0.6140
vn 0.0144 -0.9988 -0.0462
vn 0.2246 0.6800 -0.6980
vn 0.2474 0.5988 -0.7618
vn 0.2135 0.2083 -0.9545
vn 0.2143 0.2755 -0.9371
vn 0.2658 0.2742 -0.9242
vn 0.2654 0.5226 -0.8102
vn 0.3309 0.0452 -0.9426
vn 0.2796 0.4519 -0.8471
vn 0.3261 -0.1688 -0.9302
vn 0.2911 0.3862 -0.8753
vn 0.3010 -0.4099 -0.8611
vn 0.2669 0.3545 -0.8962
vn 0.2559 -0.6276 -0.7353
vn 0.2527 0.2952 -0.9214
vn 0.2533 0.2952 -0.9212
vn 0.2018 -0.7863 -0.5840
vn 0.2580 0.2501 -0.9332
vn 0.2769 0.2501 -0.9278
vn 0.1511 -0.8844 -0.4415
vn 0.3085 0.2709 -0.9118
vn 0.1095 -0.9399 -0.3235
vn 0.3875 0.4267 -0.8172
vn 0.3866 0.4378 -0.8117
vn 0.1500 0.9241 -0.3514
vn 0.2099 0.8486 -0.4857
vn 0.0411 -0.9948 -0.0936
vn 0.3425 0.4367 -0.8318
vn 0.3435 0.4361 -0.8318
vn 0.2583 0.7645 -0.5906
vn 0.0190 -0.9988 -0.0445
vn 0.2965 0.6799 -0.6707
vn 0.3587 0.3583 -0.8619
vn 0.4121 0.3142 -0.8553
vn 0.3586 0.3583 -0.8620
vn 0.3266 0.5987 -0.7314
vn 0.3240 0.2067 -0.9232
vn 0.3271 0.2735 -0.9045
vn 0.3696 0.2724 -0.8883
vn 0.3502 0.5226 -0.7773
vn 0.4342 0.0443 -0.8997
vn 0.3689 0.4521 -0.8121
vn 0.4279 -0.1681 -0.8881
vn 0.3836 0.3864 -0.8388
vn 0.3948 -0.4079 -0.8233
vn 0.3444 0.3545 -0.8693
vn 0.3440 0.3553 -0.8692
vn 0.3356 -0.6259 -0.7040
vn 0.2654 -0.7849 -0.5600
vn 0.3608 0.2498 -0.8986
vn 0.3608 0.2499 -0.8986
vn 0.1991 -0.8836 -0.4238
vn 0.4065 0.2712 -0.8725
vn 0.4022 0.3176 -0.8587
vn 0.1442 -0.9395 -0.3106
vn 0.3949 0.3789 -0.8370
vn 0.0789 0.9791 -0.1876
vn 0.1015 -0.9698 -0.2218
vn 0.0681 -0.9861 -0.1513
vn 0.4393 0.4074 -0.8006
vn 0.4383 0.4083 -0.8008
vn 0.4771 0.4190 -0.7725
vn 0.3176 0.7643 -0.5612
vn 0.3643 0.6797 -0.6366
vn 0.0235 -0.9988 -0.0424
vn 0.4503 0.3558 -0.8189
vn 0.5011 0.3114 -0.8074
vn 0.4360 0.3566 -0.8263
vn 0.4009 0.5987 -0.6935
vn 0.5169 0.2025 -0.8317
vn 0.4253 0.2048 -0.8816
vn 0.4295 0.5228 -0.7364
vn 0.5274 0.0433 -0.8485
vn 0.4520 0.4524 -0.7688
vn 0.5197 -0.1669 -0.8379
vn 0.4698 0.3871 -0.7934
vn 0.4803 -0.4050 -0.7780
vn 0.4359 0.3544 -0.8273
vn 0.4343 0.3553 -0.8277
vn 0.4085 -0.6234 -0.6667
vn 0.3224 -0.7836 -0.5311
vn 0.4966 0.2713 -0.8245
vn 0.4554 0.2502 -0.8544
vn 0.2421 -0.8831 -0.4020
vn 0.4913 0.3171 -0.8113
vn 0.1761 -0.9393 -0.2945
vn 0.4821 0.3768 -0.7909
vn 0.0972 0.9791 -0.1789
vn 0.1246 -0.9697 -0.2102
vn 0.4730 0.4234 -0.7726
vn 0.1847 0.9240 -0.3347
vn 0.0837 -0.9861 -0.1437
vn 0.4719 0.4341 -0.7674
vn 0.2583 0.8484 -0.4620
vn 0.0506 -0.9947 -0.0890
vn 0.4200 0.4340 -0.7970
vn 0.5989 0.2003 -0.7754
vn 0.4694 0.5989 -0.6488
vn 0.5025 0.5233 -0.6883
vn 0.6107 0.0424 -0.7907
vn 0.5283 0.4532 -0.7180
vn 0.6018 -0.1654 -0.7814
vn 0.5485 0.3882 -0.7406
vn 0.5566 -0.4023 -0.7268
vn 0.5721 0.3571 -0.7384
vn 0.5185 0.3559 -0.7775
vn 0.4748 -0.6212 -0.6235
vn 0.3761 -0.7821 -0.4969
vn 0.5785 0.2721 -0.7689
vn 0.5419 0.2511 -0.8020
vn 0.2820 -0.8824 -0.3765
vn 0.5719 0.3170 -0.7566
vn 0.2044 -0.9391 -0.2762
vn 0.5610 0.3751 -0.7379
vn 0.1145 0.9790 -0.1684
vn 0.1444 -0.9697 -0.1971
vn 0.5502 0.4203 -0.7215
vn 0.2173 0.9240 -0.3147
vn 0.0979 -0.9860 -0.1347
vn 0.5481 0.4305 -0.7171
vn 0.3037 0.8483 -0.4338
vn 0.0595 -0.9947 -0.0835
vn 0.5533 0.4156 -0.7219
vn 0.3729 0.7642 -0.5262
vn 0.0276 -0.9988 -0.0398
vn 0.5644 0.3771 -0.7343
vn 0.4870 0.3802 -0.7863
vn 0.4272 0.6797 -0.5962
vn 0.5807 0.3084 -0.7534
vn 0.6741 -0.1637 -0.7202
vn 0.5958 0.4545 -0.6622
vn 0.6185 0.3898 -0.6823
vn 0.6243 -0.4003 -0.6708
vn 0.5950 0.3569 -0.7202
vn 0.5326 -0.6204 -0.5757
vn 0.6098 0.2981 -0.7344
vn 0.6364 0.3291 -0.6976
vn 0.6496 0.2771 -0.7079
vn 0.4221 -0.7819 -0.4587
vn 0.6195 0.2527 -0.7432
vn 0.6183 0.2538 -0.7439
vn 0.3183 -0.8820 -0.3475
vn 0.6518 0.2736 -0.7073
vn 0.6439 0.3176 -0.6960
vn 0.2311 -0.9389 -0.2550
vn 0.6309 0.3743 -0.6796
vn 0.1306 0.9790 -0.1563
vn 0.1626 -0.9697 -0.1824
vn 0.6185 0.4178 -0.6654
vn 0.2475 0.9239 -0.2917
vn 0.1099 -0.9861 -0.1247
vn 0.6160 0.4278 -0.6615
vn 0.3448 0.8483 -0.4019
vn 0.0676 -0.9947 -0.0771
vn 0.6214 0.4129 -0.6659
vn 0.4222 0.7644 -0.4873
vn 0.0314 -0.9988 -0.0369
vn 0.6334 0.3742 -0.6773
vn 0.4829 0.6801 -0.5517
vn 0.6512 0.3053 -0.6948
vn 0.5301 0.5995 -0.5997
vn 0.6713 0.1975 -0.7144
vn 0.5669 0.5243 -0.6354
vn 0.6844 0.0421 -0.7279
vn 0.5836 -0.6204 -0.5239
vn 0.6999 0.3315 -0.6327
vn 0.7140 0.2796 -0.6419
vn 0.4627 -0.7822 -0.4172
vn 0.7162 0.2759 -0.6411
vn 0.3482 -0.8826 -0.3159
vn 0.7066 0.3197 -0.6312
vn 0.2542 -0.9390 -0.2315
vn 0.6922 0.3746 -0.6168
vn 0.1453 0.9790 -0.1428
vn 0.1797 -0.9697 -0.1656
vn 0.6793 0.4159 -0.6046
vn 0.2745 0.9240 -0.2661
vn 0.1209 -0.9861 -0.1137
vn 0.6765 0.4255 -0.6011
vn 0.3809 0.8487 -0.3670
vn 0.0742 -0.9948 -0.0704
vn 0.6823 0.4106 -0.6049
vn 0.4661 0.7649 -0.4445
vn 0.0349 -0.9988 -0.0337
vn 0.6951 0.3720 -0.6152
vn 0.5328 0.6809 -0.5025
vn 0.7141 0.3031 -0.6310
vn 0.5845 0.6007 -0.5454
vn 0.7355 0.1948 -0.6489
vn 0.6245 0.5259 -0.5774
vn 0.7491 0.0429 -0.6611
vn 0.6559 0.4565 -0.6012
vn 0.7374 -0.1618 -0.6558
vn 0.6805 0.3920 -0.6191
vn 0.6834 -0.3996 -0.6109
vn 0.3749 -0.8833 -0.2815
vn 0.7722 0.2792 -0.5707
vn 0.7616 0.3227 -0.5619
vn 0.2728 -0.9397 -0.2064
vn 0.7466 0.3754 -0.5493
vn 0.1585 0.9791 -0.1278
vn 0.1940 -0.9699 -0.1473
vn 0.7332 0.4146 -0.5390
vn 0.2977 0.9243 -0.2388
vn 0.1311 -0.9862 -0.1012
vn 0.7301 0.4238 -0.5361
vn 0.4136 0.8492 -0.3284
vn 0.0800 -0.9948 -0.0631
vn 0.7358 0.4091 -0.5396
vn 0.5063 0.7658 -0.3965
vn 0.0380 -0.9988 -0.0301
vn 0.7492 0.3707 -0.5489
vn 0.5782 0.6823 -0.4474
vn 0.7692 0.3018 -0.5632
vn 0.6335 0.6028 -0.4851
vn 0.7911 0.1940 -0.5801
vn 0.6762 0.5285 -0.5132
vn 0.8044 0.0446 -0.5924
vn 0.7093 0.4596 -0.5344
vn 0.7929 -0.1596 -0.5881
vn 0.7352 0.3955 -0.5505
vn 0.7346 -0.4014 -0.5471
vn 0.7556 0.3351 -0.5629
vn 0.6271 -0.6225 -0.4683
vn 0.7703 0.2830 -0.5714
vn 0.4970 -0.7839 -0.3721
vn 0.2050 -0.9703 -0.1283
vn 0.7934 0.3771 -0.4778
vn 0.7797 0.4141 -0.4696
vn 0.1699 0.9791 -0.1116
vn 0.3185 0.9246 -0.2091
vn 0.1396 -0.9863 -0.0878
vn 0.7762 0.4230 -0.4675
vn 0.4426 0.8498 -0.2861
vn 0.0853 -0.9948 -0.0551
vn 0.7817 0.4086 -0.4711
vn 0.5410 0.7671 -0.3449
vn 0.0405 -0.9988 -0.0261
vn 0.7954 0.3704 -0.4797
vn 0.6169 0.6844 -0.3886
vn 0.8165 0.3014 -0.4925
vn 0.6751 0.6057 -0.4211
vn 0.8389 0.1979 -0.5071
vn 0.7201 0.5321 -0.4453
vn 0.8521 0.0464 -0.5213
vn 0.7549 0.4639 -0.4636
vn 0.8408 -0.1616 -0.5167
vn 0.7821 0.4001 -0.4777
vn 0.7783 -0.4057 -0.4792
vn 0.8036 0.3399 -0.4886
vn 0.6640 -0.6260 -0.4089
vn 0.8191 0.2877 -0.4963
vn 0.5257 -0.7863 -0.3246
vn 0.8207 0.2837 -0.4960
vn 0.3959 -0.8850 -0.2450
vn 0.8093 0.3264 -0.4884
vn 0.2891 -0.9403 -0.1795
vn 0.0898 -0.9949 -0.0464
vn 0.8147 0.4235 -0.3962
vn 0.8201 0.4094 -0.3997
vn 0.4668 0.8508 -0.2414
vn 0.5691 0.7690 -0.2913
vn 0.0426 -0.9988 -0.0221
vn 0.8345 0.3711 -0.4073
vn 0.6479 0.6872 -0.3285
vn 0.8559 0.3027 -0.4193
vn 0.7086 0.6093 -0.3557
vn 0.8785 0.2012 -0.4332
vn 0.7555 0.5366 -0.3758
vn 0.8943 0.0479 -0.4449
vn 0.7919 0.4691 -0.3910
vn 0.8824 -0.1667 -0.4401
vn 0.8206 0.4057 -0.4025
vn 0.8157 -0.4109 -0.4070
vn 0.8433 0.3457 -0.4115
vn 0.6939 -0.6312 -0.3467
vn 0.8597 0.2935 -0.4181
vn 0.5489 -0.7897 -0.2741
vn 0.8612 0.2891 -0.4181
vn 0.4131 -0.8869 -0.2067
vn 0.8489 0.3311 -0.4119
vn 0.3014 -0.9414 -0.1513
vn 0.8326 0.3796 -0.4034
vn 0.1794 0.9792 -0.0945
vn 0.2141 -0.9708 -0.1083
vn 0.8188 0.4146 -0.3972
vn 0.3364 0.9250 -0.1767
vn 0.1459 -0.9865 -0.0741
vn 0.0442 -0.9989 -0.0181
vn 0.8671 0.3722 -0.3310
vn 0.8882 0.3080 -0.3408
vn 0.6723 0.6908 -0.2661
vn 0.7350 0.6140 -0.2878
vn 0.9120 0.2033 -0.3561
vn 0.7834 0.5422 -0.3039
vn 0.9300 0.0444 -0.3649
vn 0.8212 0.4752 -0.3160
vn 0.9170 -0.1735 -0.3593
vn 0.8510 0.4122 -0.3253
vn 0.8462 -0.4176 -0.3310
vn 0.8747 0.3524 -0.3326
vn 0.7181 -0.6367 -0.2810
vn 0.8920 0.3001 -0.3380
vn 0.5660 -0.7939 -0.2220
vn 0.8937 0.2952 -0.3378
vn 0.4255 -0.8894 -0.1668
vn 0.8808 0.3367 -0.3329
vn 0.3105 -0.9427 -0.1220
vn 0.8637 0.3833 -0.3273
vn 0.1870 0.9793 -0.0770
vn 0.2210 -0.9714 -0.0870
vn 0.8502 0.4160 -0.3228
vn 0.3508 0.9255 -0.1429
vn 0.1505 -0.9868 -0.0600
vn 0.8461 0.4247 -0.3221
vn 0.4853 0.8522 -0.1955
vn 0.0931 -0.9950 -0.0374
vn 0.8520 0.4105 -0.3248
vn 0.5907 0.7715 -0.2362
vn 0.9595 0.0394 -0.2790
vn 0.8039 0.5488 -0.2293
vn 0.8428 0.4826 -0.2385
vn 0.9445 -0.1805 -0.2744
vn 0.8736 0.4200 -0.2456
vn 0.8690 -0.4256 -0.2523
vn 0.8983 0.3602 -0.2516
vn 0.7352 -0.6435 -0.2131
vn 0.9166 0.3074 -0.2558
vn 0.5784 -0.7983 -0.1676
vn 0.9183 0.3022 -0.2558
vn 0.4338 -0.8922 -0.1259
vn 0.9041 0.3438 -0.2537
vn 0.3162 -0.9442 -0.0920
vn 0.8870 0.3878 -0.2509
vn 0.1931 0.9794 -0.0587
vn 0.2251 -0.9721 -0.0657
vn 0.8750 0.4171 -0.2456
vn 0.3614 0.9261 -0.1080
vn 0.1538 -0.9871 -0.0453
vn 0.8710 0.4261 -0.2447
vn 0.4987 0.8540 -0.1484
vn 0.0954 -0.9950 -0.0281
vn 0.8770 0.4121 -0.2469
vn 0.6069 0.7745 -0.1784
vn 0.0455 -0.9989 -0.0139
vn 0.8917 0.3753 -0.2529
vn 0.6902 0.6952 -0.2007
vn 0.9135 0.3114 -0.2620
vn 0.7543 0.6196 -0.2172
vn 0.9402 0.2043 -0.2727
vn 0.8850 -0.4333 -0.1700
vn 0.8883 0.4288 -0.1645
vn 0.9140 0.3690 -0.1686
vn 0.7458 -0.6505 -0.1435
vn 0.9330 0.3159 -0.1722
vn 0.5846 -0.8034 -0.1126
vn 0.9345 0.3106 -0.1739
vn 0.4376 -0.8952 -0.0842
vn 0.9200 0.3515 -0.1733
vn 0.3188 -0.9458 -0.0615
vn 0.9042 0.3916 -0.1707
vn 0.1973 0.9796 -0.0394
vn 0.2270 -0.9729 -0.0440
vn 0.8929 0.4186 -0.1661
vn 0.3682 0.9269 -0.0724
vn 0.1553 -0.9874 -0.0302
vn 0.8887 0.4277 -0.1652
vn 0.5074 0.8559 -0.0995
vn 0.0966 -0.9951 -0.0188
vn 0.8947 0.4144 -0.1667
vn 0.6167 0.7781 -0.1196
vn 0.0463 -0.9989 -0.0093
vn 0.9093 0.3796 -0.1707
vn 0.7009 0.7004 -0.1348
vn 0.9330 0.3122 -0.1789
vn 0.7660 0.6261 -0.1457
vn 0.9618 0.2014 -0.1853
vn 0.8166 0.5564 -0.1537
vn 0.9814 0.0342 -0.1888
vn 0.8564 0.4909 -0.1597
vn 0.9647 -0.1873 -0.1853
vn 0.5857 -0.8085 -0.0565
vn 0.9415 0.3255 -0.0876
vn 0.9435 0.3191 -0.0891
vn 0.4373 -0.8983 -0.0424
vn 0.9295 0.3583 -0.0879
vn 0.3181 -0.9475 -0.0309
vn 0.9140 0.3964 -0.0865
vn 0.1994 0.9797 -0.0198
vn 0.2265 -0.9738 -0.0220
vn 0.9029 0.4215 -0.0845
vn 0.3713 0.9278 -0.0366
vn 0.1552 -0.9878 -0.0151
vn 0.8993 0.4294 -0.0832
vn 0.5110 0.8581 -0.0500
vn 0.0968 -0.9953 -0.0096
vn 0.9049 0.4171 -0.0845
vn 0.6203 0.7820 -0.0604
vn 0.0466 -0.9989 -0.0047
vn 0.9205 0.3808 -0.0872
vn 0.7048 0.7062 -0.0678
vn 0.9459 0.3114 -0.0908
vn 0.7702 0.6335 -0.0732
vn 0.9758 0.1978 -0.0937
vn 0.8214 0.5651 -0.0771
vn 0.9950 0.0290 -0.0954
vn 0.8621 0.5004 -0.0802
vn 0.9765 -0.1944 -0.0934
vn 0.8949 0.4386 -0.0828
vn 0.8932 -0.4414 -0.0855
vn 0.9216 0.3788 -0.0850
vn 0.7499 -0.6576 -0.0720
vn 0.3144 -0.9493 -0.0003
vn 0.9310 0.3651 0.0003
vn 0.9155 0.4023 0.0003
vn 0.1996 0.9799 -0.0002
vn 0.2239 -0.9746 -0.0002
vn 0.9048 0.4259 0.0005
vn 0.3708 0.9287 -0.0004
vn 0.1536 -0.9881 -0.0002
vn 0.9017 0.4323 0.0013
vn 0.5094 0.8605 -0.0003
vn 0.0961 -0.9954 -0.0002
vn 0.9082 0.4184 0.0015
vn 0.6178 0.7863 -0.0003
vn 0.0465 -0.9989 -0.0001
vn 0.9251 0.3798 0.0005
vn 0.7017 0.7125 -0.0003
vn 0.9510 0.3091 0.0003
vn 0.7669 0.6417 -0.0000
vn 0.9809 0.1944 0.0004
vn 0.8184 0.5747 0.0003
vn 0.9997 0.0240 0.0005
vn 0.8597 0.5108 0.0005
vn 0.9795 -0.2013 0.0006
vn 0.8934 0.4493 0.0007
vn 0.8933 -0.4494 0.0004
vn 0.9212 0.3891 0.0005
vn 0.7470 -0.6648 -0.0000
vn 0.9423 0.3348 0.0004
vn 0.5813 -0.8137 -0.0002
vn 0.9450 0.3270 0.0004
vn 0.4328 -0.9015 -0.0002
vn 0.1978 0.9800 0.0192
vn 0.3667 0.9296 0.0357
vn 0.1506 -0.9885 0.0145
vn 0.8979 0.4314 0.0879
vn 0.8958 0.4355 0.0889
vn 0.5029 0.8629 0.0490
vn 0.0945 -0.9955 0.0091
vn 0.9040 0.4181 0.0899
vn 0.6092 0.7907 0.0596
vn 0.0459 -0.9989 0.0044
vn 0.9214 0.3778 0.0909
vn 0.6916 0.7191 0.0679
vn 0.9472 0.3067 0.0935
vn 0.7559 0.6504 0.0745
vn 0.9768 0.1911 0.0966
vn 0.8071 0.5850 0.0801
vn 0.9950 0.0192 0.0985
vn 0.8487 0.5221 0.0848
vn 0.9733 -0.2083 0.0964
vn 0.8833 0.4605 0.0879
vn 0.8849 -0.4574 0.0875
vn 0.9123 0.3996 0.0894
vn 0.7370 -0.6720 0.0726
vn 0.9345 0.3440 0.0914
vn 0.5713 -0.8188 0.0560
vn 0.9377 0.3350 0.0916
vn 0.4242 -0.9046 0.0415
vn 0.9238 0.3721 0.0903
vn 0.3077 -0.9510 0.0300
vn 0.9084 0.4085 0.0888
vn 0.2191 -0.9755 0.0212
vn 0.4916 0.8653 0.0980
vn 0.5948 0.7950 0.1189
vn 0.0448 -0.9990 0.0088
vn 0.9086 0.3758 0.1823
vn 0.6748 0.7254 0.1357
vn 0.9340 0.3042 0.1874
vn 0.7374 0.6588 0.1492
vn 0.9630 0.1878 0.1934
vn 0.7875 0.5950 0.1607
vn 0.9803 0.0142 0.1970
vn 0.8286 0.5334 0.1703
vn 0.9574 -0.2153 0.1925
vn 0.8632 0.4727 0.1774
vn 0.8677 -0.4655 0.1743
vn 0.8931 0.4111 0.1827
vn 0.7197 -0.6791 0.1443
vn 0.9169 0.3541 0.1843
vn 0.5558 -0.8238 0.1112
vn 0.9211 0.3434 0.1837
vn 0.4116 -0.9076 0.0822
vn 0.9075 0.3791 0.1810
vn 0.2982 -0.9527 0.0596
vn 0.8924 0.4146 0.1783
vn 0.1942 0.9802 0.0384
vn 0.2123 -0.9763 0.0424
vn 0.8822 0.4365 0.1768
vn 0.3592 0.9306 0.0710
vn 0.1461 -0.9888 0.0290
vn 0.8809 0.4376 0.1805
vn 0.0920 -0.9956 0.0181
vn 0.8898 0.4186 0.1818
vn 0.6517 0.7312 0.2014
vn 0.7120 0.6662 0.2219
vn 0.9393 0.1843 0.2894
vn 0.7604 0.6039 0.2390
vn 0.9556 0.0092 0.2946
vn 0.8003 0.5435 0.2533
vn 0.9317 -0.2222 0.2874
vn 0.8339 0.4839 0.2654
vn 0.8418 -0.4733 0.2596
vn 0.8633 0.4233 0.2749
vn 0.6955 -0.6858 0.2145
vn 0.8875 0.3656 0.2804
vn 0.5352 -0.8285 0.1650
vn 0.8935 0.3527 0.2779
vn 0.3953 -0.9104 0.1217
vn 0.8815 0.3861 0.2720
vn 0.2860 -0.9542 0.0878
vn 0.8670 0.4203 0.2676
vn 0.1887 0.9804 0.0570
vn 0.2036 -0.9771 0.0626
vn 0.8578 0.4392 0.2668
vn 0.3482 0.9314 0.1060
vn 0.1403 -0.9892 0.0432
vn 0.8569 0.4377 0.2724
vn 0.4757 0.8675 0.1457
vn 0.0886 -0.9957 0.0270
vn 0.8646 0.4208 0.2746
vn 0.5749 0.7989 0.1766
vn 0.0434 -0.9990 0.0131
vn 0.8843 0.3771 0.2754
vn 0.9112 0.3015 0.2806
vn 0.7260 0.6117 0.3143
vn 0.7642 0.5524 0.3331
vn 0.8958 -0.2290 0.3808
vn 0.7966 0.4935 0.3493
vn 0.8068 -0.4810 0.3431
vn 0.8246 0.4338 0.3632
vn 0.6640 -0.6925 0.2822
vn 0.8475 0.3770 0.3736
vn 0.5093 -0.8330 0.2164
vn 0.8538 0.3634 0.3728
vn 0.3754 -0.9130 0.1596
vn 0.8443 0.3942 0.3629
vn 0.2713 -0.9555 0.1153
vn 0.8322 0.4256 0.3554
vn 0.1815 0.9805 0.0750
vn 0.1933 -0.9777 0.0817
vn 0.8238 0.4388 0.3589
vn 0.3340 0.9321 0.1399
vn 0.1334 -0.9895 0.0563
vn 0.8232 0.4378 0.3616
vn 0.4556 0.8694 0.1910
vn 0.0844 -0.9958 0.0357
vn 0.8302 0.4233 0.3627
vn 0.5497 0.8024 0.2324
vn 0.0416 -0.9990 0.0171
vn 0.8487 0.3814 0.3664
vn 0.6225 0.7363 0.2653
vn 0.8781 0.3003 0.3725
vn 0.6798 0.6727 0.2920
vn 0.9055 0.1807 0.3839
vn 0.9205 0.0040 0.3908
vn 0.7515 0.5016 0.4286
vn 0.7783 0.4424 0.4456
vn 0.6260 -0.6984 0.3470
vn 0.7999 0.3864 0.4591
vn 0.4788 -0.8368 0.2656
vn 0.8045 0.3735 0.4619
vn 0.3523 -0.9153 0.1952
vn 0.7952 0.4031 0.4529
vn 0.2544 -0.9568 0.1407
vn 0.7868 0.4293 0.4434
vn 0.1728 0.9806 0.0922
vn 0.1813 -0.9783 0.1004
vn 0.7803 0.4373 0.4472
vn 0.3168 0.9328 0.1716
vn 0.1255 -0.9897 0.0685
vn 0.7798 0.4388 0.4465
vn 0.4314 0.8711 0.2347
vn 0.0796 -0.9959 0.0436
vn 0.7860 0.4253 0.4487
vn 0.5198 0.8053 0.2851
vn 0.0395 -0.9990 0.0210
vn 0.8018 0.3858 0.4564
vn 0.5879 0.7405 0.3257
vn 0.8311 0.3041 0.4656
vn 0.6415 0.6783 0.3584
vn 0.8613 0.1765 0.4764
vn 0.6848 0.6184 0.3856
vn 0.8748 -0.0017 0.4844
vn 0.7207 0.5599 0.4087
vn 0.8499 -0.2363 0.4711
vn 0.7632 -0.4882 0.4232
vn 0.7446 0.3935 0.5392
vn 0.7479 0.3809 0.5436
vn 0.3260 -0.9172 0.2289
vn 0.7375 0.4111 0.5358
vn 0.2355 -0.9578 0.1650
vn 0.7312 0.4321 0.5279
vn 0.1623 0.9807 0.1091
vn 0.1679 -0.9788 0.1172
vn 0.7282 0.4370 0.5279
vn 0.2970 0.9334 0.2014
vn 0.1164 -0.9899 0.0808
vn 0.7280 0.4393 0.5263
vn 0.4031 0.8724 0.2763
vn 0.0742 -0.9959 0.0509
vn 0.7336 0.4262 0.5293
vn 0.4853 0.8077 0.3349
vn 0.0369 -0.9990 0.0250
vn 0.7483 0.3874 0.5385
vn 0.5485 0.7439 0.3818
vn 0.7732 0.3106 0.5529
vn 0.5980 0.6827 0.4199
vn 0.8052 0.1766 0.5661
vn 0.6380 0.6238 0.4516
vn 0.8187 -0.0069 0.5741
vn 0.6712 0.5661 0.4785
vn 0.7942 -0.2425 0.5571
vn 0.6997 0.5085 0.5019
vn 0.7115 -0.4945 0.4993
vn 0.7246 0.4496 0.5224
vn 0.5817 -0.7035 0.4084
vn 0.4436 -0.8405 0.3112
vn 0.6749 0.4169 0.6089
vn 0.6684 0.4341 0.6039
vn 0.1499 0.9808 0.1248
vn 0.1535 -0.9792 0.1327
vn 0.6677 0.4375 0.6023
vn 0.2748 0.9338 0.2291
vn 0.1063 -0.9901 0.0920
vn 0.6675 0.4394 0.6011
vn 0.3717 0.8735 0.3144
vn 0.0683 -0.9960 0.0577
vn 0.6728 0.4264 0.6046
vn 0.4462 0.8096 0.3814
vn 0.0339 -0.9990 0.0286
vn 0.6861 0.3880 0.6154
vn 0.5037 0.7467 0.4344
vn 0.7068 0.3151 0.6333
vn 0.5486 0.6863 0.4775
vn 0.7362 0.1815 0.6520
vn 0.5848 0.6281 0.5134
vn 0.7526 -0.0117 0.6583
vn 0.6149 0.5711 0.5439
vn 0.7291 -0.2482 0.6378
vn 0.6407 0.5139 0.5704
vn 0.6514 -0.5006 0.5701
vn 0.6634 0.4553 0.5938
vn 0.5313 -0.7082 0.4650
vn 0.6819 0.3992 0.6130
vn 0.4047 -0.8431 0.3541
vn 0.6851 0.3863 0.6175
vn 0.2973 -0.9188 0.2595
vn 0.2146 -0.9586 0.1873
vn 0.6002 0.4387 0.6688
vn 0.2504 0.9341 0.2545
vn 0.3380 0.8742 0.3488
vn 0.0620 -0.9960 0.0640
vn 0.6045 0.4262 0.6730
vn 0.4044 0.8108 0.4231
vn 0.0307 -0.9990 0.0318
vn 0.6163 0.3878 0.6854
vn 0.4552 0.7486 0.4821
vn 0.6349 0.3145 0.7056
vn 0.4949 0.6888 0.5297
vn 0.6579 0.1875 0.7294
vn 0.5269 0.6313 0.5691
vn 0.6753 -0.0101 0.7375
vn 0.5537 0.5749 0.6025
vn 0.6550 -0.2531 0.7120
vn 0.5768 0.5181 0.6315
vn 0.5846 -0.5051 0.6349
vn 0.5973 0.4597 0.6572
vn 0.4764 -0.7114 0.5167
vn 0.6140 0.4037 0.6782
vn 0.3625 -0.8452 0.3926
vn 0.6168 0.3906 0.6833
vn 0.2663 -0.9199 0.2878
vn 0.6073 0.4205 0.6740
vn 0.1927 -0.9592 0.2069
vn 0.6017 0.4356 0.6695
vn 0.1365 0.9809 0.1388
vn 0.1377 -0.9794 0.1475
vn 0.6010 0.4367 0.6694
vn 0.0959 -0.9902 0.1015
vn 0.5410 0.3866 0.7469
vn 0.3602 0.8115 0.4601
vn 0.4047 0.7497 0.5236
vn 0.0273 -0.9990 0.0345
vn 0.5568 0.3132 0.7693
vn 0.4391 0.6905 0.5748
vn 0.5753 0.1904 0.7954
vn 0.4668 0.6334 0.6172
vn 0.5895 -0.0055 0.8077
vn 0.4899 0.5774 0.6531
vn 0.5738 -0.2555 0.7781
vn 0.5097 0.5211 0.6845
vn 0.5124 -0.5079 0.6925
vn 0.5274 0.4630 0.7124
vn 0.4173 -0.7133 0.5630
vn 0.5417 0.4071 0.7354
vn 0.3177 -0.8465 0.4272
vn 0.5438 0.3937 0.7411
vn 0.2337 -0.9207 0.3127
vn 0.5351 0.4230 0.7313
vn 0.1691 -0.9595 0.2254
vn 0.5303 0.4358 0.7272
vn 0.1220 0.9809 0.1513
vn 0.1211 -0.9796 0.1602
vn 0.5297 0.4351 0.7281
vn 0.2230 0.9342 0.2783
vn 0.0850 -0.9903 0.1103
vn 0.5286 0.4368 0.7278
vn 0.3015 0.8746 0.3797
vn 0.0549 -0.9960 0.0699
vn 0.5315 0.4247 0.7329
vn 0.4903 0.1884 0.8509
vn 0.3803 0.6914 0.6143
vn 0.4036 0.6347 0.6590
vn 0.4993 -0.0019 0.8665
vn 0.4227 0.5790 0.6972
vn 0.4869 -0.2527 0.8361
vn 0.4391 0.5230 0.7305
vn 0.4361 -0.5083 0.7426
vn 0.4535 0.4650 0.7603
vn 0.3557 -0.7143 0.6026
vn 0.4650 0.4092 0.7850
vn 0.2711 -0.8469 0.4576
vn 0.4661 0.3957 0.7913
vn 0.1995 -0.9209 0.3349
vn 0.4586 0.4245 0.7807
vn 0.1445 -0.9597 0.2410
vn 0.4550 0.4354 0.7768
vn 0.1065 0.9810 0.1624
vn 0.1044 -0.9797 0.1712
vn 0.4546 0.4328 0.7785
vn 0.1933 0.9344 0.2992
vn 0.0736 -0.9903 0.1180
vn 0.4531 0.4342 0.7785
vn 0.2615 0.8748 0.4078
vn 0.0471 -0.9961 0.0752
vn 0.4549 0.4223 0.7840
vn 0.3126 0.8120 0.4930
vn 0.0238 -0.9990 0.0370
vn 0.4624 0.3843 0.7990
vn 0.3510 0.7504 0.5602
vn 0.4753 0.3111 0.8230
vn 0.3643 0.5238 0.7700
vn 0.3758 0.4660 0.8010
vn 0.2917 -0.7134 0.6371
vn 0.3850 0.4102 0.8268
vn 0.2227 -0.8468 0.4830
vn 0.3856 0.3968 0.8330
vn 0.1645 -0.9207 0.3538
vn 0.3792 0.4254 0.8218
vn 0.1203 -0.9596 0.2543
vn 0.3760 0.4345 0.8184
vn 0.0902 0.9809 0.1721
vn 0.0872 -0.9796 0.1808
vn 0.3758 0.4300 0.8209
vn 0.1630 0.9344 0.3166
vn 0.0610 -0.9903 0.1251
vn 0.3745 0.4311 0.8209
vn 0.2191 0.8750 0.4318
vn 0.0393 -0.9961 0.0794
vn 0.3756 0.4192 0.8265
vn 0.2616 0.8121 0.5215
vn 0.0201 -0.9990 0.0391
vn 0.3812 0.3813 0.8422
vn 0.2931 0.7506 0.5921
vn 0.3909 0.3082 0.8673
vn 0.3171 0.6918 0.6487
vn 0.4027 0.1855 0.8964
vn 0.3359 0.6352 0.6954
vn 0.4093 -0.0016 0.9124
vn 0.3513 0.5797 0.7352
vn 0.3985 -0.2491 0.8827
vn 0.3570 -0.5067 0.7847
vn 0.3046 0.4105 0.8595
vn 0.3049 0.3971 0.8656
vn 0.1753 -0.8458 0.5038
vn 0.1303 -0.9202 0.3691
vn 0.2988 0.4249 0.8545
vn 0.0951 -0.9594 0.2657
vn 0.2955 0.4330 0.8516
vn 0.0731 0.9809 0.1801
vn 0.0686 -0.9796 0.1890
vn 0.2951 0.4272 0.8547
vn 0.1317 0.9344 0.3310
vn 0.0481 -0.9903 0.1307
vn 0.2936 0.4280 0.8548
vn 0.1763 0.8748 0.4512
vn 0.0315 -0.9961 0.0829
vn 0.2941 0.4161 0.8605
vn 0.2093 0.8120 0.5449
vn 0.0162 -0.9990 0.0410
vn 0.2981 0.3781 0.8765
vn 0.2337 0.7504 0.6182
vn 0.3054 0.3047 0.9021
vn 0.2522 0.6916 0.6768
vn 0.3141 0.1827 0.9316
vn 0.2666 0.6352 0.7249
vn 0.3191 -0.0020 0.9477
vn 0.2784 0.5798 0.7657
vn 0.3101 -0.2467 0.9182
vn 0.2885 0.5240 0.8014
vn 0.2784 -0.5042 0.8175
vn 0.2974 0.4663 0.8332
vn 0.2284 -0.7119 0.6641
vn 0.2167 0.4311 0.8759
vn 0.0553 0.9809 0.1865
vn 0.0693 -0.9591 0.2744
vn 0.0503 -0.9795 0.1952
vn 0.2157 0.4241 0.8796
vn 0.0994 0.9342 0.3425
vn 0.0359 -0.9902 0.1349
vn 0.2137 0.4246 0.8798
vn 0.1325 0.8746 0.4665
vn 0.0237 -0.9960 0.0858
vn 0.2133 0.4127 0.8855
vn 0.1570 0.8117 0.5626
vn 0.0123 -0.9990 0.0424
vn 0.2156 0.3749 0.9017
vn 0.1749 0.7500 0.6379
vn 0.2205 0.3019 0.9275
vn 0.1882 0.6911 0.6978
vn 0.2267 0.1805 0.9571
vn 0.1984 0.6347 0.7469
vn 0.2302 -0.0026 0.9732
vn 0.2066 0.5794 0.7885
vn 0.2239 -0.2447 0.9434
vn 0.2135 0.5237 0.8247
vn 0.2016 -0.5008 0.8417
vn 0.2196 0.4660 0.8571
vn 0.1659 -0.7096 0.6847
vn 0.2244 0.4104 0.8839
vn 0.1278 -0.8444 0.5202
vn 0.2243 0.3967 0.8901
vn 0.0950 -0.9197 0.3811
vn 0.2195 0.4238 0.8787
vn 0.1354 0.4215 0.8967
vn 0.0882 0.8742 0.4774
vn 0.0235 -0.9901 0.1381
vn 0.0157 -0.9960 0.0878
vn 0.1345 0.4096 0.9023
vn 0.1038 0.8112 0.5755
vn 0.0082 -0.9990 0.0434
vn 0.1354 0.3719 0.9183
vn 0.1150 0.7494 0.6521
vn 0.1380 0.2992 0.9441
vn 0.1232 0.6904 0.7128
vn 0.1415 0.1786 0.9737
vn 0.1293 0.6340 0.7625
vn 0.1435 -0.0033 0.9896
vn 0.1341 0.5787 0.8045
vn 0.1395 -0.2430 0.9599
vn 0.1381 0.5230 0.8411
vn 0.1258 -0.4981 0.8579
vn 0.1415 0.4654 0.8737
vn 0.1038 -0.7075 0.6991
vn 0.1442 0.4098 0.9007
vn 0.0800 -0.8433 0.5315
vn 0.1437 0.3960 0.9069
vn 0.0597 -0.9191 0.3894
vn 0.1404 0.4228 0.8953
vn 0.0442 -0.9588 0.2806
vn 0.1383 0.4290 0.8926
vn 0.0371 0.9809 0.1911
vn 0.0326 -0.9793 0.1997
vn 0.1372 0.4212 0.8965
vn 0.0664 0.9341 0.3508
vn 0.0574 0.3695 0.9275
vn 0.0552 0.7488 0.6605
vn 0.0040 -0.9990 0.0441
vn 0.0580 0.2971 0.9531
vn 0.0585 0.6897 0.7217
vn 0.0591 0.1770 0.9824
vn 0.0608 0.6332 0.7716
vn 0.0598 -0.0037 0.9982
vn 0.0624 0.5778 0.8138
vn 0.0582 -0.2419 0.9686
vn 0.0636 0.5222 0.8505
vn 0.0527 -0.4962 0.8666
vn 0.0646 0.4646 0.8831
vn 0.0438 -0.7058 0.7071
vn 0.0654 0.4091 0.9102
vn 0.0343 -0.8422 0.5381
vn 0.0647 0.3950 0.9164
vn 0.0262 -0.9185 0.3946
vn 0.0626 0.4217 0.9046
vn 0.0198 -0.9585 0.2844
vn 0.0611 0.4273 0.9021
vn 0.0184 0.9808 0.1939
vn 0.0150 -0.9792 0.2025
vn 0.0600 0.4189 0.9061
vn 0.0327 0.9340 0.3558
vn 0.0111 -0.9901 0.1400
vn 0.0586 0.4190 0.9061
vn 0.0431 0.8740 0.4840
vn 0.0075 -0.9960 0.0890
vn 0.0576 0.4071 0.9116
vn 0.0503 0.8107 0.5833
vn -0.0201 0.1761 0.9842
vn -0.0079 0.6325 0.7746
vn -0.0206 -0.0039 0.9998
vn -0.0092 0.5771 0.8166
vn -0.0198 -0.2411 0.9703
vn -0.0104 0.5214 0.8533
vn -0.0174 -0.4948 0.8688
vn -0.0116 0.4638 0.8859
vn -0.0137 -0.7045 0.7096
vn -0.0127 0.4083 0.9128
vn -0.0099 -0.8413 0.5405
vn -0.0133 0.3942 0.9189
vn -0.0067 -0.9180 0.3966
vn -0.0138 0.4207 0.9071
vn -0.0043 -0.9583 0.2859
vn -0.0145 0.4260 0.9046
vn -0.0003 0.9808 0.1949
vn -0.0026 -0.9791 0.2035
vn -0.0154 0.4173 0.9086
vn -0.0012 0.9339 0.3575
vn -0.0014 -0.9901 0.1407
vn -0.0162 0.4174 0.9086
vn -0.0023 0.8738 0.4863
vn -0.0006 -0.9960 0.0895
vn -0.0171 0.4055 0.9139
vn -0.0037 0.8103 0.5860
vn -0.0002 -0.9990 0.0443
vn -0.0180 0.3679 0.9297
vn -0.0051 0.7483 0.6634
vn -0.0191 0.2957 0.9551
vn -0.0065 0.6891 0.7246
vn -0.0980 -0.0038 0.9952
vn -0.0951 -0.2406 0.9660
vn -0.0837 0.5207 0.8496
vn -0.0852 -0.4941 0.8652
vn -0.0868 0.4631 0.8820
vn -0.0696 -0.7038 0.7070
vn -0.0895 0.4076 0.9088
vn -0.0530 -0.8408 0.5387
vn -0.0901 0.3936 0.9149
vn -0.0389 -0.9177 0.3953
vn -0.0889 0.4201 0.9031
vn -0.0280 -0.9581 0.2849
vn -0.0886 0.4254 0.9007
vn -0.0191 0.9808 0.1939
vn -0.0200 -0.9790 0.2028
vn -0.0891 0.4168 0.9046
vn -0.0351 0.9339 0.3559
vn -0.0138 -0.9900 0.1402
vn -0.0891 0.4169 0.9046
vn -0.0477 0.8737 0.4842
vn -0.0088 -0.9960 0.0891
vn -0.0897 0.4050 0.9099
vn -0.0575 0.8101 0.5835
vn -0.0043 -0.9990 0.0441
vn -0.0912 0.3674 0.9256
vn -0.0650 0.7479 0.6606
vn -0.0937 0.2953 0.9508
vn -0.0710 0.6887 0.7216
vn -0.0965 0.1758 0.9797
vn -0.0759 0.6319 0.7713
vn -0.0801 0.5764 0.8132
vn -0.1528 -0.4942 0.8558
vn -0.1254 -0.7039 0.6992
vn -0.1659 0.4071 0.8982
vn -0.0962 -0.8409 0.5326
vn -0.1664 0.3932 0.9043
vn -0.0711 -0.9177 0.3908
vn -0.1636 0.4199 0.8927
vn -0.0517 -0.9581 0.2816
vn -0.1624 0.4255 0.8903
vn -0.0377 0.9808 0.1912
vn -0.0372 -0.9790 0.2004
vn -0.1624 0.4175 0.8941
vn -0.0687 0.9338 0.3510
vn -0.0261 -0.9900 0.1384
vn -0.1617 0.4176 0.8941
vn -0.0927 0.8736 0.4777
vn -0.0169 -0.9960 0.0879
vn -0.1619 0.4057 0.8996
vn -0.1109 0.8100 0.5759
vn -0.0085 -0.9990 0.0435
vn -0.1640 0.3681 0.9152
vn -0.1246 0.7477 0.6522
vn -0.1679 0.2959 0.9403
vn -0.1352 0.6884 0.7126
vn -0.1726 0.1764 0.9691
vn -0.1436 0.6316 0.7619
vn -0.1752 -0.0035 0.9845
vn -0.1506 0.5760 0.8034
vn -0.1701 -0.2404 0.9556
vn -0.1565 0.5202 0.8396
vn -0.1617 0.4626 0.8717
vn -0.1034 -0.9179 0.3831
vn -0.2389 0.4200 0.8755
vn -0.0754 -0.9583 0.2758
vn -0.2368 0.4262 0.8731
vn -0.0560 0.9808 0.1867
vn -0.0545 -0.9791 0.1962
vn -0.2365 0.4191 0.8766
vn -0.1017 0.9338 0.3429
vn -0.0383 -0.9900 0.1355
vn -0.2352 0.4194 0.8768
vn -0.1371 0.8736 0.4670
vn -0.0249 -0.9960 0.0860
vn -0.2353 0.4075 0.8824
vn -0.1637 0.8099 0.5633
vn -0.0126 -0.9990 0.0425
vn -0.2383 0.3698 0.8980
vn -0.1837 0.7476 0.6382
vn -0.2439 0.2975 0.9230
vn -0.1990 0.6882 0.6977
vn -0.2508 0.1776 0.9516
vn -0.2110 0.6313 0.7463
vn -0.2546 -0.0028 0.9671
vn -0.2209 0.5757 0.7872
vn -0.2472 -0.2405 0.9386
vn -0.2293 0.5199 0.8229
vn -0.2219 -0.4950 0.8401
vn -0.2367 0.4622 0.8546
vn -0.1821 -0.7046 0.6859
vn -0.2427 0.4067 0.8807
vn -0.1396 -0.8413 0.5222
vn -0.2432 0.3929 0.8868
vn -0.0738 0.9808 0.1804
vn -0.0992 -0.9584 0.2676
vn -0.0716 -0.9791 0.1902
vn -0.3118 0.4274 0.8486
vn -0.3113 0.4214 0.8518
vn -0.1340 0.9339 0.3316
vn -0.0504 -0.9901 0.1313
vn -0.3096 0.4221 0.8521
vn -0.1805 0.8736 0.4519
vn -0.0327 -0.9960 0.0832
vn -0.3100 0.4101 0.8578
vn -0.2154 0.8099 0.5456
vn -0.0165 -0.9990 0.0411
vn -0.3141 0.3723 0.8733
vn -0.2418 0.7476 0.6186
vn -0.3218 0.2997 0.8981
vn -0.2619 0.6881 0.6767
vn -0.3311 0.1793 0.9264
vn -0.2778 0.6311 0.7243
vn -0.3362 -0.0019 0.9418
vn -0.2908 0.5754 0.7644
vn -0.3265 -0.2407 0.9140
vn -0.3020 0.5194 0.7994
vn -0.2930 -0.4960 0.8174
vn -0.3117 0.4617 0.8304
vn -0.2402 -0.7056 0.6666
vn -0.3196 0.4062 0.8561
vn -0.1841 -0.8420 0.5071
vn -0.3204 0.3926 0.8621
vn -0.1361 -0.9183 0.3718
vn -0.3147 0.4202 0.8511
vn -0.2226 0.8736 0.4328
vn -0.0622 -0.9901 0.1259
vn -0.0403 -0.9960 0.0798
vn -0.3844 0.4252 0.8194
vn -0.3852 0.4132 0.8252
vn -0.2659 0.8099 0.5229
vn -0.0204 -0.9990 0.0393
vn -0.3907 0.3752 0.8406
vn -0.2985 0.7474 0.5935
vn -0.4007 0.3024 0.8649
vn -0.3236 0.6878 0.6497
vn -0.4127 0.1814 0.8926
vn -0.3435 0.6307 0.6959
vn -0.4194 -0.0008 0.9078
vn -0.3599 0.5748 0.7349
vn -0.4077 -0.2416 0.8806
vn -0.3739 0.5188 0.7688
vn -0.3660 -0.4979 0.7862
vn -0.3862 0.4609 0.7990
vn -0.3001 -0.7070 0.6403
vn -0.3962 0.4053 0.8238
vn -0.2300 -0.8426 0.4869
vn -0.3973 0.3921 0.8297
vn -0.1700 -0.9186 0.3568
vn -0.3903 0.4203 0.8192
vn -0.1236 -0.9585 0.2568
vn -0.3867 0.4288 0.8164
vn -0.0909 0.9808 0.1724
vn -0.0887 -0.9792 0.1827
vn -0.3861 0.4242 0.8191
vn -0.1652 0.9339 0.3172
vn -0.3537 0.7471 0.5628
vn -0.0241 -0.9990 0.0371
vn -0.4678 0.3783 0.7988
vn -0.4802 0.3052 0.8223
vn -0.3840 0.6873 0.6166
vn -0.4947 0.1838 0.8494
vn -0.4081 0.6300 0.6608
vn -0.5031 -0.0000 0.8642
vn -0.4279 0.5739 0.6983
vn -0.4892 -0.2429 0.8376
vn -0.4447 0.5176 0.7309
vn -0.4389 -0.4997 0.7468
vn -0.4595 0.4596 0.7600
vn -0.3594 -0.7082 0.6077
vn -0.4717 0.4040 0.7838
vn -0.2749 -0.8433 0.4618
vn -0.4732 0.3911 0.7894
vn -0.2033 -0.9189 0.3381
vn -0.4652 0.4199 0.7793
vn -0.1479 -0.9586 0.2435
vn -0.4610 0.4302 0.7762
vn -0.1072 0.9808 0.1627
vn -0.1062 -0.9792 0.1731
vn -0.4604 0.4272 0.7782
vn -0.1950 0.9338 0.2998
vn -0.0739 -0.9901 0.1195
vn -0.4588 0.4284 0.7784
vn -0.2630 0.8736 0.4095
vn -0.0477 -0.9960 0.0755
vn -0.4606 0.4163 0.7839
vn -0.3145 0.8097 0.4954
vn -0.4719 0.6286 0.6182
vn -0.5757 0.1865 0.7961
vn -0.5857 0.0007 0.8105
vn -0.4952 0.5723 0.6537
vn -0.5701 -0.2449 0.7843
vn -0.5150 0.5159 0.6846
vn -0.5111 -0.5009 0.6985
vn -0.5323 0.4577 0.7121
vn -0.4181 -0.7084 0.5687
vn -0.5463 0.4020 0.7349
vn -0.3195 -0.8434 0.4321
vn -0.5480 0.3892 0.7404
vn -0.2353 -0.9189 0.3166
vn -0.5393 0.4188 0.7306
vn -0.1711 -0.9586 0.2277
vn -0.5346 0.4310 0.7269
vn -0.1226 0.9808 0.1515
vn -0.1233 -0.9791 0.1616
vn -0.5338 0.4299 0.7282
vn -0.2233 0.9338 0.2796
vn -0.0859 -0.9900 0.1116
vn -0.5324 0.4314 0.7283
vn -0.3021 0.8733 0.3821
vn -0.0549 -0.9960 0.0706
vn -0.5349 0.4192 0.7336
vn -0.3624 0.8093 0.4623
vn -0.0276 -0.9990 0.0346
vn -0.5437 0.3812 0.7477
vn -0.4082 0.7464 0.5256
vn -0.5584 0.3083 0.7702
vn -0.4437 0.6863 0.5763
vn -0.5819 0.5131 0.6310
vn -0.6487 -0.2469 0.7199
vn -0.5812 -0.5005 0.6416
vn -0.6019 0.4549 0.6563
vn -0.4753 -0.7080 0.5223
vn -0.6180 0.3992 0.6773
vn -0.3630 -0.8427 0.3976
vn -0.6201 0.3865 0.6827
vn -0.2672 -0.9184 0.2916
vn -0.6105 0.4166 0.6736
vn -0.1934 -0.9584 0.2099
vn -0.6048 0.4312 0.6696
vn -0.1369 0.9808 0.1389
vn -0.1389 -0.9790 0.1489
vn -0.6036 0.4322 0.6700
vn -0.2501 0.9336 0.2566
vn -0.0972 -0.9900 0.1022
vn -0.6022 0.4341 0.6700
vn -0.3397 0.8728 0.3504
vn -0.0620 -0.9960 0.0650
vn -0.6053 0.4218 0.6751
vn -0.4079 0.8084 0.4243
vn -0.0309 -0.9990 0.0318
vn -0.6158 0.3838 0.6881
vn -0.4598 0.7452 0.4829
vn -0.6332 0.3109 0.7088
vn -0.5001 0.6847 0.5302
vn -0.6535 0.1892 0.7329
vn -0.5323 0.6266 0.5692
vn -0.6661 0.0003 0.7458
vn -0.5590 0.5699 0.6023
vn -0.6842 0.3952 0.6129
vn -0.5292 -0.7057 0.4710
vn -0.4042 -0.8413 0.3588
vn -0.6871 0.3828 0.6175
vn -0.2977 -0.9177 0.2630
vn -0.6765 0.4136 0.6093
vn -0.2154 -0.9579 0.1897
vn -0.6695 0.4307 0.6051
vn -0.1501 0.9807 0.1249
vn -0.1538 -0.9789 0.1348
vn -0.6680 0.4338 0.6047
vn -0.2755 0.9333 0.2304
vn -0.1072 -0.9899 0.0925
vn -0.6668 0.4362 0.6043
vn -0.3740 0.8722 0.3152
vn -0.0687 -0.9959 0.0583
vn -0.6708 0.4237 0.6087
vn -0.4491 0.8073 0.3828
vn -0.0340 -0.9990 0.0287
vn -0.6830 0.3855 0.6203
vn -0.5066 0.7436 0.4364
vn -0.7029 0.3126 0.6389
vn -0.5515 0.6825 0.4796
vn -0.7265 0.1901 0.6603
vn -0.5877 0.6238 0.5152
vn -0.7429 -0.0024 0.6694
vn -0.6177 0.5666 0.5453
vn -0.7225 -0.2467 0.6458
vn -0.6435 0.5094 0.5713
vn -0.6472 -0.4983 0.5769
vn -0.6660 0.4509 0.5942
vn -0.7370 0.4096 0.5377
vn -0.3260 -0.9164 0.2322
vn -0.2359 -0.9573 0.1670
vn -0.7290 0.4293 0.5332
vn -0.1621 0.9807 0.1098
vn -0.1683 -0.9785 0.1190
vn -0.7268 0.4347 0.5318
vn -0.2980 0.9330 0.2018
vn -0.1167 -0.9898 0.0817
vn -0.7256 0.4375 0.5311
vn -0.4046 0.8714 0.2775
vn -0.0746 -0.9959 0.0512
vn -0.7307 0.4247 0.5346
vn -0.4864 0.8059 0.3375
vn -0.0368 -0.9990 0.0253
vn -0.7446 0.3863 0.5443
vn -0.5495 0.7414 0.3852
vn -0.7668 0.3134 0.5602
vn -0.5990 0.6795 0.4236
vn -0.7944 0.1872 0.5779
vn -0.6389 0.6201 0.4552
vn -0.8122 -0.0047 0.5834
vn -0.6720 0.5623 0.4819
vn -0.7887 -0.2427 0.5648
vn -0.7003 0.5046 0.5050
vn -0.7071 -0.4940 0.5059
vn -0.7250 0.4457 0.5250
vn -0.5793 -0.7022 0.4139
vn -0.7449 0.3900 0.5413
vn -0.4426 -0.8393 0.3157
vn -0.7483 0.3780 0.5451
vn -0.7789 0.4348 0.4518
vn -0.3175 0.9325 0.1719
vn -0.1816 -0.9781 0.1013
vn -0.1255 -0.9896 0.0701
vn -0.7779 0.4378 0.4508
vn -0.4319 0.8703 0.2368
vn -0.0798 -0.9958 0.0438
vn -0.7837 0.4245 0.4534
vn -0.5204 0.8039 0.2879
vn -0.0394 -0.9990 0.0216
vn -0.7988 0.3860 0.4613
vn -0.5890 0.7384 0.3284
vn -0.8229 0.3125 0.4745
vn -0.6428 0.6755 0.3612
vn -0.8542 0.1829 0.4866
vn -0.6861 0.6152 0.3883
vn -0.8708 -0.0027 0.4916
vn -0.7218 0.5566 0.4112
vn -0.8460 -0.2368 0.4778
vn -0.7522 0.4984 0.4310
vn -0.7599 -0.4883 0.4291
vn -0.7785 0.4393 0.4482
vn -0.6238 -0.6978 0.3520
vn -0.7995 0.3836 0.4622
vn -0.4777 -0.8362 0.2695
vn -0.8030 0.3720 0.4657
vn -0.3519 -0.9149 0.1980
vn -0.7909 0.4044 0.4592
vn -0.2545 -0.9564 0.1431
vn -0.7819 0.4266 0.4545
vn -0.1726 0.9806 0.0934
vn -0.8278 0.4239 0.3675
vn -0.5504 0.8013 0.2344
vn -0.0846 -0.9958 0.0358
vn -0.0417 -0.9990 0.0174
vn -0.8440 0.3849 0.3735
vn -0.6236 0.7346 0.2675
vn -0.8709 0.3088 0.3823
vn -0.6809 0.6706 0.2944
vn -0.9026 0.1809 0.3906
vn -0.7270 0.6092 0.3167
vn -0.9180 0.0026 0.3967
vn -0.7651 0.5497 0.3354
vn -0.8933 -0.2300 0.3862
vn -0.7972 0.4909 0.3513
vn -0.8046 -0.4811 0.3480
vn -0.8248 0.4316 0.3652
vn -0.6624 -0.6922 0.2864
vn -0.8467 0.3761 0.3764
vn -0.5083 -0.8327 0.2196
vn -0.8502 0.3650 0.3794
vn -0.3751 -0.9127 0.1621
vn -0.8380 0.3975 0.3739
vn -0.2713 -0.9554 0.1169
vn -0.8279 0.4232 0.3679
vn -0.1817 0.9804 0.0756
vn -0.1934 -0.9776 0.0831
vn -0.8230 0.4338 0.3667
vn -0.3344 0.9320 0.1402
vn -0.1336 -0.9894 0.0571
vn -0.8217 0.4374 0.3654
vn -0.4559 0.8689 0.1930
vn -0.9080 0.3050 0.2873
vn -0.7125 0.6647 0.2248
vn -0.9382 0.1832 0.2937
vn -0.7609 0.6021 0.2418
vn -0.9542 0.0081 0.2991
vn -0.8006 0.5417 0.2561
vn -0.9301 -0.2230 0.2917
vn -0.8340 0.4822 0.2682
vn -0.8403 -0.4737 0.2635
vn -0.8625 0.4226 0.2786
vn -0.6944 -0.6859 0.2176
vn -0.8849 0.3672 0.2866
vn -0.5345 -0.8284 0.1675
vn -0.8889 0.3562 0.2879
vn -0.3950 -0.9103 0.1235
vn -0.8769 0.3890 0.2822
vn -0.2859 -0.9541 0.0893
vn -0.8650 0.4193 0.2757
vn -0.1888 0.9803 0.0571
vn -0.2037 -0.9770 0.0636
vn -0.8575 0.4331 0.2776
vn -0.3483 0.9313 0.1068
vn -0.1404 -0.9891 0.0433
vn -0.8561 0.4365 0.2767
vn -0.4760 0.8671 0.1466
vn -0.0886 -0.9957 0.0274
vn -0.8625 0.4228 0.2781
vn -0.5753 0.7982 0.1785
vn -0.0435 -0.9990 0.0131
vn -0.8795 0.3826 0.2830
vn -0.6522 0.7301 0.2041
vn -0.9626 0.1873 0.1959
vn -0.9798 0.0137 0.1997
vn -0.8287 0.5324 0.1727
vn -0.9567 -0.2157 0.1952
vn -0.8627 0.4722 0.1808
vn -0.8670 -0.4659 0.1768
vn -0.8915 0.4124 0.1877
vn -0.7192 -0.6792 0.1464
vn -0.9141 0.3567 0.1928
vn -0.5555 -0.8238 0.1129
vn -0.9183 0.3460 0.1925
vn -0.4115 -0.9076 0.0836
vn -0.9057 0.3803 0.1871
vn -0.2982 -0.9526 0.0606
vn -0.8915 0.4145 0.1828
vn -0.1942 0.9802 0.0384
vn -0.2123 -0.9763 0.0428
vn -0.8825 0.4325 0.1847
vn -0.3592 0.9305 0.0720
vn -0.1461 -0.9888 0.0294
vn -0.8811 0.4352 0.1853
vn -0.4917 0.8651 0.0986
vn -0.0920 -0.9956 0.0186
vn -0.8879 0.4209 0.1857
vn -0.5950 0.7947 0.1204
vn -0.0448 -0.9990 0.0088
vn -0.9058 0.3801 0.1873
vn -0.6750 0.7248 0.1376
vn -0.9336 0.3040 0.1898
vn -0.7378 0.6578 0.1515
vn -0.7878 0.5939 0.1630
vn -0.9731 -0.2085 0.0976
vn -0.8847 -0.4576 0.0887
vn -0.9113 0.4009 0.0941
vn -0.7368 -0.6721 0.0737
vn -0.9335 0.3454 0.0964
vn -0.5712 -0.8188 0.0570
vn -0.9371 0.3360 0.0951
vn -0.4242 -0.9046 0.0421
vn -0.9234 0.3724 0.0928
vn -0.3077 -0.9510 0.0304
vn -0.9082 0.4085 0.0912
vn -0.1978 0.9800 0.0192
vn -0.2191 -0.9755 0.0216
vn -0.8981 0.4303 0.0911
vn -0.3668 0.9296 0.0360
vn -0.1506 -0.9885 0.0149
vn -0.8961 0.4341 0.0925
vn -0.5030 0.8629 0.0497
vn -0.0945 -0.9955 0.0092
vn -0.9032 0.4190 0.0933
vn -0.6093 0.7906 0.0604
vn -0.0459 -0.9989 0.0044
vn -0.9208 0.3789 0.0930
vn -0.6917 0.7189 0.0690
vn -0.9472 0.3065 0.0947
vn -0.7560 0.6501 0.0762
vn -0.9767 0.1910 0.0978
vn -0.8071 0.5846 0.0821
vn -0.9948 0.0190 0.0997
vn -0.8485 0.5220 0.0869
vn -0.8827 0.4611 0.0909
vn -0.7470 -0.6648 -0.0001
vn -0.5813 -0.8137 -0.0004
vn -0.9450 0.3270 0.0004
vn -0.4329 -0.9014 -0.0004
vn -0.9309 0.3651 0.0003
vn -0.3144 -0.9493 -0.0004
vn -0.9155 0.4023 0.0004
vn -0.1996 0.9799 -0.0002
vn -0.2239 -0.9746 -0.0003
vn -0.9048 0.4257 0.0003
vn -0.3708 0.9287 -0.0004
vn -0.1537 -0.9881 -0.0002
vn -0.9018 0.4321 0.0014
vn -0.5095 0.8605 -0.0003
vn -0.0961 -0.9954 -0.0002
vn -0.9081 0.4187 0.0012
vn -0.6179 0.7863 -0.0004
vn -0.0465 -0.9989 -0.0001
vn -0.9250 0.3800 0.0002
vn -0.7018 0.7124 -0.0004
vn -0.9510 0.3091 0.0002
vn -0.7671 0.6416 -0.0003
vn -0.9809 0.1944 0.0004
vn -0.8185 0.5745 -0.0002
vn -0.9997 0.0240 0.0005
vn -0.8598 0.5107 -0.0000
vn -0.9795 -0.2013 0.0005
vn -0.8934 0.4493 0.0006
vn -0.8933 -0.4494 0.0002
vn -0.9211 0.3892 0.0014
vn -0.9422 0.3349 0.0008
vn -0.4375 -0.8982 -0.0434
vn -0.3183 -0.9475 -0.0317
vn -0.9139 0.3961 -0.0888
vn -0.1995 0.9797 -0.0199
vn -0.2267 -0.9737 -0.0226
vn -0.9032 0.4202 -0.0877
vn -0.3714 0.9277 -0.0370
vn -0.1553 -0.9877 -0.0155
vn -0.8991 0.4290 -0.0865
vn -0.5111 0.8580 -0.0508
vn -0.0969 -0.9952 -0.0097
vn -0.9036 0.4193 -0.0880
vn -0.6205 0.7818 -0.0615
vn -0.0466 -0.9989 -0.0047
vn -0.9197 0.3822 -0.0902
vn -0.7051 0.7057 -0.0696
vn -0.9457 0.3116 -0.0927
vn -0.7706 0.6327 -0.0760
vn -0.9756 0.1977 -0.0955
vn -0.8219 0.5640 -0.0807
vn -0.9948 0.0290 -0.0973
vn -0.8623 0.4993 -0.0843
vn -0.9763 -0.1944 -0.0954
vn -0.8948 0.4380 -0.0872
vn -0.8931 -0.4413 -0.0874
vn -0.9213 0.3786 -0.0892
vn -0.7499 -0.6574 -0.0737
vn -0.9412 0.3254 -0.0910
vn -0.5858 -0.8084 -0.0578
vn -0.9434 0.3188 -0.0914
vn -0.9294 0.3580 -0.0900
vn -0.2272 -0.9728 -0.0448
vn -0.1554 -0.9874 -0.0309
vn -0.8890 0.4257 -0.1689
vn -0.5078 0.8556 -0.1007
vn -0.0967 -0.9951 -0.0194
vn -0.8918 0.4190 -0.1705
vn -0.6171 0.7774 -0.1217
vn -0.0464 -0.9989 -0.0093
vn -0.9064 0.3833 -0.1773
vn -0.7016 0.6992 -0.1377
vn -0.9316 0.3141 -0.1831
vn -0.7667 0.6244 -0.1492
vn -0.9612 0.2010 -0.1887
vn -0.8173 0.5542 -0.1576
vn -0.9808 0.0339 -0.1922
vn -0.8570 0.4887 -0.1637
vn -0.9640 -0.1874 -0.1887
vn -0.8882 0.4272 -0.1694
vn -0.8845 -0.4332 -0.1732
vn -0.9130 0.3684 -0.1754
vn -0.7456 -0.6502 -0.1461
vn -0.9314 0.3163 -0.1800
vn -0.5847 -0.8031 -0.1147
vn -0.9332 0.3109 -0.1804
vn -0.4378 -0.8950 -0.0859
vn -0.9193 0.3511 -0.1780
vn -0.3190 -0.9457 -0.0627
vn -0.9040 0.3899 -0.1753
vn -0.1974 0.9795 -0.0395
vn -0.8929 0.4159 -0.1725
vn -0.3683 0.9268 -0.0736
vn -0.0954 -0.9950 -0.0288
vn -0.0456 -0.9989 -0.0139
vn -0.8742 0.4152 -0.2519
vn -0.8865 0.3825 -0.2605
vn -0.6911 0.6933 -0.2041
vn -0.9096 0.3162 -0.2694
vn -0.7554 0.6170 -0.2207
vn -0.9385 0.2045 -0.2783
vn -0.8051 0.5457 -0.2326
vn -0.9581 0.0390 -0.2837
vn -0.8437 0.4794 -0.2415
vn -0.9432 -0.1804 -0.2789
vn -0.8741 0.4171 -0.2488
vn -0.8681 -0.4251 -0.2565
vn -0.8980 0.3581 -0.2558
vn -0.7346 -0.6428 -0.2171
vn -0.9147 0.3069 -0.2630
vn -0.5782 -0.7978 -0.1709
vn -0.9150 0.3032 -0.2662
vn -0.4340 -0.8917 -0.1285
vn -0.9012 0.3444 -0.2629
vn -0.3166 -0.9439 -0.0938
vn -0.8863 0.3845 -0.2583
vn -0.1933 0.9794 -0.0588
vn -0.2254 -0.9720 -0.0669
vn -0.8748 0.4133 -0.2528
vn -0.3615 0.9260 -0.1092
vn -0.1540 -0.9870 -0.0458
vn -0.8706 0.4245 -0.2487
vn -0.4994 0.8533 -0.1496
vn -0.6076 0.7733 -0.1811
vn -0.9274 0.0441 -0.3714
vn -0.9144 -0.1735 -0.3657
vn -0.8519 0.4085 -0.3277
vn -0.8438 -0.4173 -0.3374
vn -0.8752 0.3490 -0.3351
vn -0.7166 -0.6359 -0.2867
vn -0.8917 0.2971 -0.3414
vn -0.5658 -0.7929 -0.2264
vn -0.8915 0.2941 -0.3445
vn -0.4258 -0.8887 -0.1702
vn -0.8766 0.3376 -0.3428
vn -0.3111 -0.9422 -0.1244
vn -0.8606 0.3812 -0.3377
vn -0.1872 0.9792 -0.0777
vn -0.2214 -0.9711 -0.0890
vn -0.8499 0.4119 -0.3285
vn -0.3514 0.9252 -0.1435
vn -0.1511 -0.9867 -0.0607
vn -0.8451 0.4237 -0.3259
vn -0.4859 0.8513 -0.1977
vn -0.0933 -0.9949 -0.0377
vn -0.8503 0.4107 -0.3291
vn -0.5920 0.7698 -0.2387
vn -0.0443 -0.9988 -0.0184
vn -0.8616 0.3796 -0.3370
vn -0.6738 0.6882 -0.2691
vn -0.8812 0.3156 -0.3520
vn -0.7366 0.6105 -0.2910
vn -0.9078 0.2083 -0.3640
vn -0.7850 0.5382 -0.3068
vn -0.8226 0.4711 -0.3185
vn -0.8124 -0.4100 -0.4146
vn -0.6926 -0.6291 -0.3528
vn -0.8599 0.2895 -0.4205
vn -0.5489 -0.7879 -0.2793
vn -0.8613 0.2858 -0.4202
vn -0.4136 -0.8857 -0.2107
vn -0.8475 0.3294 -0.4162
vn -0.3021 -0.9407 -0.1542
vn -0.8294 0.3783 -0.4111
vn -0.1791 0.9791 -0.0959
vn -0.2149 -0.9704 -0.1101
vn -0.8175 0.4121 -0.4023
vn -0.3376 0.9245 -0.1772
vn -0.1463 -0.9863 -0.0756
vn -0.8131 0.4225 -0.4003
vn -0.4673 0.8497 -0.2444
vn -0.0903 -0.9948 -0.0466
vn -0.8185 0.4085 -0.4040
vn -0.5704 0.7668 -0.2945
vn -0.0425 -0.9988 -0.0228
vn -0.8307 0.3727 -0.4135
vn -0.6497 0.6839 -0.3319
vn -0.8479 0.3131 -0.4279
vn -0.7106 0.6051 -0.3591
vn -0.8708 0.2108 -0.4441
vn -0.7573 0.5318 -0.3790
vn -0.8893 0.0493 -0.4547
vn -0.7935 0.4641 -0.3937
vn -0.8780 -0.1670 -0.4486
vn -0.8217 0.4008 -0.4050
vn -0.8438 0.3413 -0.4142
vn -0.5254 -0.7840 -0.3306
vn -0.3968 -0.8833 -0.2497
vn -0.8100 0.3229 -0.4896
vn -0.2901 -0.9393 -0.1829
vn -0.7932 0.3741 -0.4806
vn -0.1695 0.9791 -0.1125
vn -0.2064 -0.9697 -0.1304
vn -0.7790 0.4119 -0.4727
vn -0.3199 0.9240 -0.2096
vn -0.1399 -0.9861 -0.0895
vn -0.7746 0.4214 -0.4716
vn -0.4446 0.8482 -0.2879
vn -0.0861 -0.9947 -0.0554
vn -0.7797 0.4072 -0.4757
vn -0.5424 0.7644 -0.3485
vn -0.0403 -0.9988 -0.0266
vn -0.7931 0.3689 -0.4847
vn -0.6185 0.6804 -0.3930
vn -0.8103 0.3080 -0.4985
vn -0.6771 0.6006 -0.4253
vn -0.8287 0.2078 -0.5198
vn -0.7219 0.5265 -0.4490
vn -0.8448 0.0539 -0.5324
vn -0.7567 0.4581 -0.4665
vn -0.8354 -0.1603 -0.5258
vn -0.7838 0.3944 -0.4797
vn -0.7752 -0.4023 -0.4870
vn -0.8049 0.3348 -0.4900
vn -0.6626 -0.6228 -0.4160
vn -0.8200 0.2834 -0.4972
vn -0.8215 0.2799 -0.4967
vn -0.2747 -0.9383 -0.2101
vn -0.1949 -0.9693 -0.1502
vn -0.7341 0.4109 -0.5406
vn -0.2987 0.9236 -0.2402
vn -0.1324 -0.9859 -0.1024
vn -0.7299 0.4206 -0.5388
vn -0.4169 0.8472 -0.3294
vn -0.0808 -0.9947 -0.0637
vn -0.7346 0.4065 -0.5433
vn -0.5098 0.7625 -0.3983
vn -0.0380 -0.9988 -0.0302
vn -0.7471 0.3681 -0.5535
vn -0.5817 0.6778 -0.4497
vn -0.7650 0.3008 -0.5695
vn -0.6371 0.5973 -0.4873
vn -0.7829 0.2039 -0.5878
vn -0.6797 0.5225 -0.5148
vn -0.7957 0.0567 -0.6031
vn -0.7127 0.4535 -0.5352
vn -0.7867 -0.1540 -0.5978
vn -0.7384 0.3895 -0.5505
vn -0.7308 -0.3966 -0.5556
vn -0.7585 0.3296 -0.5622
vn -0.6254 -0.6183 -0.4761
vn -0.7727 0.2781 -0.5706
vn -0.4978 -0.7803 -0.3787
vn -0.7740 0.2748 -0.5704
vn -0.3761 -0.8811 -0.2867
vn -0.7634 0.3182 -0.5620
vn -0.7482 0.3711 -0.5500
vn -0.1587 0.9790 -0.1280
vn -0.1231 -0.9857 -0.1148
vn -0.0744 -0.9947 -0.0714
vn -0.6786 0.4208 -0.6020
vn -0.6833 0.4060 -0.6068
vn -0.4708 0.7614 -0.4457
vn -0.0352 -0.9988 -0.0337
vn -0.6950 0.3679 -0.6177
vn -0.5385 0.6760 -0.5029
vn -0.7130 0.2995 -0.6339
vn -0.5905 0.5949 -0.5453
vn -0.7314 0.1993 -0.6521
vn -0.6306 0.5195 -0.5767
vn -0.7407 0.0531 -0.6698
vn -0.6614 0.4499 -0.6001
vn -0.7317 -0.1499 -0.6649
vn -0.6853 0.3855 -0.6179
vn -0.6800 -0.3926 -0.6192
vn -0.7039 0.3253 -0.6314
vn -0.5836 -0.6140 -0.5315
vn -0.7172 0.2737 -0.6408
vn -0.4643 -0.7776 -0.4240
vn -0.7188 0.2707 -0.6403
vn -0.3507 -0.8797 -0.3211
vn -0.7094 0.3147 -0.6307
vn -0.2564 -0.9374 -0.2355
vn -0.6952 0.3694 -0.6167
vn -0.1460 0.9789 -0.1430
vn -0.1814 -0.9689 -0.1681
vn -0.6820 0.4110 -0.6049
vn -0.2742 0.9234 -0.2685
vn -0.3835 0.8467 -0.3688
vn -0.0318 -0.9988 -0.0371
vn -0.6365 0.3687 -0.6775
vn -0.6533 0.3004 -0.6950
vn -0.5357 0.5934 -0.6008
vn -0.6711 0.1943 -0.7155
vn -0.5728 0.5174 -0.6358
vn -0.6813 0.0496 -0.7303
vn -0.6015 0.4473 -0.6619
vn -0.6715 -0.1496 -0.7258
vn -0.6239 0.3824 -0.6815
vn -0.6238 -0.3896 -0.6775
vn -0.6412 0.3218 -0.6967
vn -0.5349 -0.6117 -0.5828
vn -0.6537 0.2703 -0.7068
vn -0.4257 -0.7762 -0.4651
vn -0.6559 0.2679 -0.7057
vn -0.3220 -0.8785 -0.3529
vn -0.6478 0.3122 -0.6949
vn -0.2341 -0.9371 -0.2589
vn -0.6349 0.3687 -0.6789
vn -0.1314 0.9789 -0.1567
vn -0.1664 -0.9686 -0.1846
vn -0.6228 0.4122 -0.6651
vn -0.2477 0.9233 -0.2936
vn -0.1116 -0.9857 -0.1263
vn -0.6201 0.4220 -0.6614
vn -0.3458 0.8465 -0.4048
vn -0.0674 -0.9946 -0.0783
vn -0.6251 0.4071 -0.6659
vn -0.4255 0.7609 -0.4899
vn -0.4876 0.6751 -0.5536
vn -0.6033 0.1951 -0.7733
vn -0.6142 0.0467 -0.7877
vn -0.5346 0.4458 -0.7180
vn -0.6039 -0.1540 -0.7820
vn -0.5553 0.3803 -0.7396
vn -0.5607 -0.3896 -0.7306
vn -0.5791 0.3493 -0.7366
vn -0.6004 0.3494 -0.7194
vn -0.4803 -0.6112 -0.6291
vn -0.6138 0.2904 -0.7341
vn -0.3819 -0.7755 -0.5028
vn -0.6251 0.2472 -0.7403
vn -0.6255 0.2479 -0.7398
vn -0.2876 -0.8785 -0.3814
vn -0.5793 0.3107 -0.7535
vn -0.2100 -0.9368 -0.2798
vn -0.5676 0.3690 -0.7359
vn -0.1154 0.9789 -0.1688
vn -0.1479 -0.9686 -0.1998
vn -0.5565 0.4141 -0.7203
vn -0.2194 0.9231 -0.3157
vn -0.0986 -0.9857 -0.1365
vn -0.5543 0.4243 -0.7160
vn -0.3055 0.8464 -0.4362
vn -0.0602 -0.9946 -0.0842
vn -0.5594 0.4092 -0.7208
vn -0.3755 0.7608 -0.5294
vn -0.0281 -0.9988 -0.0400
vn -0.5701 0.3706 -0.7332
vn -0.4309 0.6747 -0.5992
vn -0.5858 0.3022 -0.7520
vn -0.4743 0.5927 -0.6510
vn -0.5080 0.5163 -0.6894
vn -0.5289 -0.1575 -0.8339
vn -0.4901 -0.3922 -0.7785
vn -0.5268 0.3480 -0.7755
vn -0.5262 0.3474 -0.7762
vn -0.4185 -0.6130 -0.6701
vn -0.3323 -0.7762 -0.5358
vn -0.5867 0.2659 -0.7649
vn -0.5525 0.2461 -0.7963
vn -0.5525 0.2466 -0.7962
vn -0.2508 -0.8785 -0.4066
vn -0.5472 0.2818 -0.7881
vn -0.1816 -0.9371 -0.2983
vn -0.4942 0.3697 -0.7868
vn -0.0981 0.9789 -0.1793
vn -0.1269 -0.9688 -0.2129
vn -0.4843 0.4166 -0.7694
vn -0.1875 0.9232 -0.3354
vn -0.0852 -0.9857 -0.1451
vn -0.4824 0.4272 -0.7647
vn -0.2628 0.8464 -0.4632
vn -0.0521 -0.9946 -0.0895
vn -0.4870 0.4121 -0.7701
vn -0.3232 0.7609 -0.5627
vn -0.0239 -0.9988 -0.0426
vn -0.4968 0.3734 -0.7835
vn -0.3711 0.6749 -0.6378
vn -0.5110 0.3048 -0.8037
vn -0.4090 0.5928 -0.6938
vn -0.5270 0.1982 -0.8264
vn -0.4388 0.5162 -0.7355
vn -0.5373 0.0452 -0.8422
vn -0.4623 0.4455 -0.7667
vn -0.4812 0.3796 -0.7902
vn -0.2776 -0.7775 -0.5643
vn -0.4240 0.2653 -0.8659
vn -0.4660 0.2785 -0.8398
vn -0.4172 0.2454 -0.8750
vn -0.2074 -0.8796 -0.4281
vn -0.4200 0.3104 -0.8528
vn -0.4659 0.2833 -0.8383
vn -0.4654 0.2839 -0.8383
vn -0.1498 -0.9376 -0.3138
vn -0.5042 0.3101 -0.8060
vn -0.4127 0.3718 -0.8316
vn -0.0799 0.9789 -0.1881
vn -0.1053 -0.9690 -0.2234
vn -0.4051 0.4196 -0.8123
vn -0.1528 0.9234 -0.3522
vn -0.0711 -0.9857 -0.1526
vn -0.4437 0.4306 -0.7860
vn -0.4438 0.4304 -0.7860
vn -0.2152 0.8467 -0.4867
vn -0.0427 -0.9946 -0.0941
vn -0.4453 0.4260 -0.7875
vn -0.4457 0.4264 -0.7871
vn -0.2661 0.7615 -0.5910
vn -0.0195 -0.9988 -0.0447
vn -0.4498 0.4082 -0.7944
vn -0.4353 0.4015 -0.8058
vn -0.3068 0.6755 -0.6705
vn -0.4170 0.3767 -0.8272
vn -0.4293 0.3084 -0.8489
vn -0.3386 0.5934 -0.7302
vn -0.4430 0.2011 -0.8737
vn -0.3638 0.5167 -0.7750
vn -0.4517 0.0449 -0.8910
vn -0.3837 0.4458 -0.8087
vn -0.4444 -0.1610 -0.8812
vn -0.3996 0.3798 -0.8343
vn -0.4105 -0.3960 -0.8214
vn -0.4490 0.3482 -0.8228
vn -0.4482 0.3476 -0.8236
vn -0.3504 -0.6153 -0.7061
vn -0.1176 -0.9381 -0.3258
vn -0.3286 0.3116 -0.8916
vn -0.3234 0.3748 -0.8689
vn -0.0608 0.9789 -0.1949
vn -0.0827 -0.9691 -0.2322
vn -0.1167 0.9235 -0.3654
vn -0.0550 -0.9858 -0.1584
vn -0.3607 0.4332 -0.8260
vn -0.4170 0.4319 -0.7997
vn -0.1648 0.8471 -0.5052
vn -0.0328 -0.9947 -0.0978
vn -0.2040 0.7623 -0.6143
vn -0.0149 -0.9988 -0.0464
vn -0.3705 0.4042 -0.8363
vn -0.3697 0.4035 -0.8370
vn -0.2355 0.6764 -0.6978
vn -0.3505 0.3637 -0.8631
vn -0.2609 0.5946 -0.7605
vn -0.3393 0.3116 -0.8876
vn -0.3502 0.2034 -0.9143
vn -0.2812 0.5176 -0.8081
vn -0.3573 0.0453 -0.9329
vn -0.2973 0.4466 -0.8439
vn -0.3520 -0.1641 -0.9215
vn -0.3103 0.3804 -0.8712
vn -0.3249 -0.4003 -0.8569
vn -0.3629 0.3494 -0.8638
vn -0.3615 0.3484 -0.8648
vn -0.2761 -0.6186 -0.7356
vn -0.2178 -0.7802 -0.5864
vn -0.3311 0.2659 -0.9053
vn -0.3806 0.2459 -0.8915
vn -0.1628 -0.8810 -0.4442
vn -0.0410 0.9790 -0.1998
vn -0.0790 0.9237 -0.3748
vn -0.0379 -0.9860 -0.1626
vn -0.1121 0.8476 -0.5186
vn -0.0224 -0.9947 -0.1003
vn -0.1394 0.7629 -0.6313
vn -0.0101 -0.9988 -0.0475
vn -0.1617 0.6774 -0.7176
vn -0.2859 0.3554 -0.8899
vn -0.2863 0.3555 -0.8897
vn -0.1793 0.5957 -0.7829
vn -0.2406 0.3150 -0.9181
vn -0.2488 0.2056 -0.9465
vn -0.1936 0.5188 -0.8327
vn -0.2540 0.0459 -0.9661
vn -0.2053 0.4478 -0.8703
vn -0.2503 -0.1660 -0.9538
vn -0.2152 0.3818 -0.8989
vn -0.2308 -0.4046 -0.8849
vn -0.2233 0.3210 -0.9204
vn -0.2717 0.3319 -0.9033
vn -0.2882 0.3497 -0.8914
vn -0.1956 -0.6224 -0.7578
vn -0.2776 0.2910 -0.9156
vn -0.2760 0.2901 -0.9163
vn -0.1538 -0.7825 -0.6033
vn -0.2825 0.2461 -0.9272
vn -0.2817 0.2450 -0.9277
vn -0.2294 0.2690 -0.9354
vn -0.1148 -0.8822 -0.4567
vn -0.2300 0.3138 -0.9212
vn -0.0826 -0.9387 -0.3346
vn -0.2272 0.3778 -0.8976
vn -0.0574 -0.9694 -0.2386
vn -0.2738 0.4115 -0.8693
vn -0.2732 0.4105 -0.8700
vn -0.0580 0.8481 -0.5267
vn -0.0727 0.7636 -0.6415
vn -0.0052 -0.9988 -0.0482
vn -0.0849 0.6784 -0.7297
vn -0.1861 0.3596 -0.9143
vn -0.1862 0.3593 -0.9145
vn -0.0950 0.5967 -0.7968
vn -0.1916 0.2810 -0.9404
vn -0.1396 0.2074 -0.9682
vn -0.1033 0.5201 -0.8479
vn -0.1425 0.0462 -0.9887
vn -0.1102 0.4490 -0.8867
vn -0.1403 -0.1674 -0.9759
vn -0.1160 0.3833 -0.9163
vn -0.1292 -0.4076 -0.9040
vn -0.1206 0.3222 -0.9390
vn -0.1092 -0.6256 -0.7724
vn -0.1242 0.2700 -0.9548
vn -0.0854 -0.7848 -0.6138
vn -0.1261 0.2679 -0.9551
vn -0.2312 0.2667 -0.9356
vn -0.0631 -0.8835 -0.4641
vn -0.1261 0.3159 -0.9404
vn -0.0449 -0.9394 -0.3399
vn -0.1248 0.3804 -0.9164
vn -0.0208 0.9790 -0.2027
vn -0.0308 -0.9697 -0.2422
vn -0.1758 0.4147 -0.8928
vn -0.1753 0.4142 -0.8931
vn -0.0405 0.9239 -0.3804
vn -0.0201 -0.9861 -0.1651
vn -0.0117 -0.9947 -0.1018
vn -0.0811 0.2744 -0.9582
vn -0.0238 0.2087 -0.9777
vn -0.0725 0.4171 -0.9060
vn -0.0723 0.4171 -0.9060
vn 0.2484 0.9683 0.0259
vn 0.2493 0.9684 -0.0000
vn 0.2292 0.9731 0.0235
vn 0.2131 0.9769 0.0168
vn 0.1555 0.9876 0.0195
vn 0.1076 0.9940 0.0218
vn 0.1761 0.9840 0.0266
vn 0.1493 0.9888 -0.0000
vn 0.0448 0.9990 -0.0000
vn -0.3874 0.9219 -0.0000
vn -0.4737 0.8779 0.0707
vn -0.3485 0.9354 0.0604
vn -0.2148 0.9767 -0.0000
vn -0.2857 0.9568 0.0545
vn -0.0739 0.9973 -0.0000
vn -0.1893 0.9809 0.0453
vn -0.0063 0.9996 0.0270
vn 0.0528 0.9984 0.0209
vn -0.5562 0.8292 -0.0554
vn -0.3502 0.9282 -0.1259
vn -0.5549 0.8150 -0.1668
vn -0.5947 -0.8030 -0.0398
vn -0.5268 -0.8475 -0.0644
vn -0.1848 0.9785 -0.0921
vn -0.6344 -0.7675 -0.0921
vn -0.7882 -0.6120 -0.0646
vn -0.7549 -0.6436 -0.1259
vn -0.0520 0.9966 -0.0644
vn -0.8385 -0.5402 -0.0717
vn 0.0586 0.9974 -0.0407
vn -0.9676 -0.1423 -0.2085
vn -0.9131 -0.3992 -0.0830
vn -0.9922 -0.0749 -0.0997
vn 0.1555 0.9876 -0.0195
vn -0.9428 0.2428 -0.2285
vn -0.7786 0.5919 -0.2085
vn -0.9466 0.3049 -0.1050
vn -0.3739 -0.9267 -0.0383
vn -0.4422 -0.8966 -0.0216
vn -0.4304 -0.9017 -0.0407
vn -0.7739 0.6260 -0.0958
vn -0.5472 -0.8363 -0.0340
vn 0.1747 0.9839 -0.0378
vn -0.8687 -0.2234 -0.4421
vn -0.3222 -0.9459 -0.0378
vn -0.2804 -0.9597 -0.0195
vn -0.3384 -0.9404 -0.0332
vn -0.6528 0.6152 -0.4421
vn -0.3917 -0.9168 -0.0774
vn -0.4236 0.8410 -0.3367
vn -0.2355 0.9403 -0.2458
vn -0.4681 -0.8752 -0.1223
vn -0.0948 0.9797 -0.1765
vn -0.5562 -0.8121 -0.1765
vn 0.0128 0.9924 -0.1223
vn -0.8795 -0.4456 -0.1668
vn -0.6603 -0.7096 -0.2458
vn 0.0998 0.9920 -0.0774
vn -0.7771 -0.5318 -0.3367
vn 0.0522 0.9689 -0.2418
vn -0.4222 -0.8737 -0.2418
vn 0.1158 0.9794 -0.1657
vn -0.4852 -0.8034 -0.3452
vn 0.1651 0.9807 -0.1049
vn -0.5607 -0.6635 -0.4953
vn 0.2066 0.9770 -0.0524
vn -0.8390 0.2160 -0.4993
vn -0.6159 -0.3656 -0.6979
vn -0.2910 -0.9553 -0.0524
vn -0.2666 -0.9635 -0.0241
vn -0.2759 -0.9609 -0.0220
vn -0.3627 0.6176 -0.6979
vn -0.1705 0.8518 -0.4953
vn -0.3290 -0.9385 -0.1049
vn -0.0368 0.9378 -0.3452
vn -0.3716 -0.9135 -0.1657
vn -0.2498 -0.9680 -0.0259
vn 0.2489 0.9667 -0.0588
vn 0.1362 0.5289 -0.8377
vn -0.5524 0.1422 -0.8214
vn -0.2489 -0.9667 -0.0588
vn 0.2045 0.7941 -0.5724
vn -0.2477 -0.9619 -0.1162
vn 0.2298 0.8923 -0.3885
vn -0.2451 -0.9520 -0.1832
vn 0.2402 0.9328 -0.2687
vn -0.2402 -0.9328 -0.2687
vn 0.2451 0.9520 -0.1832
vn -0.2298 -0.8923 -0.3885
vn 0.2477 0.9619 -0.1162
vn -0.2045 -0.7941 -0.5724
vn -0.1362 -0.5289 -0.8377
vn 0.0368 -0.9378 -0.3452
vn 0.4222 0.8737 -0.2418
vn 0.1705 -0.8518 -0.4953
vn 0.3716 0.9135 -0.1657
vn 0.3627 -0.6176 -0.6979
vn 0.3290 0.9385 -0.1049
vn 0.5524 -0.1422 -0.8214
vn -0.0000 -0.0000 -1.0000
vn -0.2066 -0.9770 -0.0524
vn 0.2910 0.9553 -0.0524
vn -0.1651 -0.9807 -0.1049
vn 0.6159 0.3656 -0.6979
vn -0.1158 -0.9794 -0.1657
vn 0.5607 0.6635 -0.4953
vn -0.0522 -0.9689 -0.2418
vn 0.4852 0.8034 -0.3452
vn 0.8390 -0.2160 -0.4993
vn -0.0998 -0.9920 -0.0774
vn -0.1748 -0.9839 -0.0378
vn 0.8687 0.2234 -0.4421
vn -0.0128 -0.9924 -0.1223
vn 0.7771 0.5318 -0.3367
vn 0.0948 -0.9797 -0.1765
vn 0.6603 0.7096 -0.2458
vn 0.2355 -0.9403 -0.2458
vn 0.5562 0.8121 -0.1765
vn 0.4236 -0.8410 -0.3367
vn 0.4681 0.8752 -0.1223
vn 0.6528 -0.6152 -0.4421
vn 0.3917 0.9168 -0.0774
vn -0.2225 -0.9747 -0.0219
vn 0.3222 0.9459 -0.0378
vn 0.6344 0.7675 -0.0921
vn 0.5549 -0.8150 -0.1668
vn 0.5268 0.8475 -0.0644
vn 0.7786 -0.5919 -0.2085
vn 0.4304 0.9017 -0.0407
vn 0.9428 -0.2427 -0.2285
vn -0.1625 -0.9862 -0.0316
vn -0.2187 -0.9756 -0.0196
vn 0.3408 0.9399 -0.0195
vn -0.0751 -0.9952 -0.0624
vn -0.1251 -0.9911 -0.0448
vn 0.9676 0.1423 -0.2085
vn 0.0520 -0.9966 -0.0644
vn -0.0261 -0.9972 -0.0702
vn 0.8795 0.4456 -0.1668
vn 0.1848 -0.9785 -0.0921
vn 0.7549 0.6436 -0.1259
vn 0.3502 -0.9282 -0.1259
vn 0.9803 0.1727 -0.0959
vn 0.0063 -0.9996 -0.0270
vn 0.8828 0.4631 -0.0783
vn 0.2049 -0.9777 -0.0468
vn 0.0631 -0.9975 -0.0328
vn 0.7592 0.6480 -0.0607
vn 0.3753 -0.9248 -0.0629
vn 0.2857 -0.9568 -0.0545
vn 0.5304 0.8471 -0.0320
vn 0.5947 0.8030 -0.0398
vn 0.5845 -0.8073 -0.0812
vn 0.4733 -0.8780 -0.0717
vn 0.4432 0.8964 -0.0000
vn 0.4884 0.8724 -0.0194
vn 0.8153 -0.5707 -0.0986
vn 0.3468 0.9380 -0.0000
vn 0.9722 -0.2091 -0.1051
vn 0.4240 0.9054 0.0196
vn 0.3407 0.9400 0.0193
vn 0.3837 0.9231 0.0246
vn 0.3128 0.9495 0.0234
vn 0.2839 0.9587 0.0175
vn 0.2890 0.9572 0.0147
vn 0.2676 0.9632 0.0238
vn -0.0000 0.9256 -0.3784
vn 0.1870 0.9401 -0.2852
vn 0.1756 0.8828 -0.4356
vn -0.0000 0.8352 -0.5500
vn -0.0000 0.7131 -0.7011
vn 0.3196 0.7716 -0.5500
vn 0.2729 0.6588 -0.7011
vn 0.2158 0.5210 -0.8258
vn -0.0000 0.5639 -0.8258
vn 0.1504 0.3631 -0.9195
vn -0.0000 0.3930 -0.9195
vn 0.0791 0.1911 -0.9784
vn -0.0000 0.2068 -0.9784
vn 0.1462 0.1462 -0.9784
vn 0.2715 0.8398 -0.4702
vn 0.4457 0.6671 -0.5969
vn 0.4328 0.6477 -0.6270
vn 0.5042 0.5042 -0.7011
vn 0.3987 0.3987 -0.8258
vn 0.2779 0.2779 -0.9195
vn 0.5528 0.3694 -0.7469
vn 0.5084 0.5832 -0.6335
vn 0.3631 0.1504 -0.9195
vn 0.1911 0.0791 -0.9784
vn 0.2068 -0.0000 -0.9784
vn 0.6341 0.0292 -0.7727
vn 0.5210 0.2158 -0.8258
vn 0.5697 0.2809 -0.7723
vn 0.3930 -0.0000 -0.9195
vn 0.5639 -0.0000 -0.8258
vn 0.6294 -0.1252 -0.7669
vn 0.4811 -0.0957 -0.8714
vn 0.3631 -0.1504 -0.9195
vn 0.1911 -0.0791 -0.9784
vn 0.3318 -0.3348 -0.8819
vn 0.4392 -0.1714 -0.8819
vn 0.2779 -0.2779 -0.9195
vn 0.1462 -0.1462 -0.9784
vn 0.2158 -0.5209 -0.8259
vn 0.2720 -0.4070 -0.8720
vn 0.2203 -0.5951 -0.7729
vn 0.2658 -0.3979 -0.8781
vn 0.1504 -0.3631 -0.9195
vn 0.0791 -0.1911 -0.9784
vn -0.0000 -0.5639 -0.8258
vn -0.0387 -0.6339 -0.7724
vn -0.0000 -0.3930 -0.9195
vn -0.0000 -0.2068 -0.9784
vn -0.1504 -0.3631 -0.9195
vn -0.0791 -0.1911 -0.9784
vn -0.1306 -0.6569 -0.7425
vn -0.3559 -0.6875 -0.6330
vn -0.2729 -0.6588 -0.7010
vn -0.1251 -0.6294 -0.7670
vn -0.2158 -0.5210 -0.8258
vn -0.5906 -0.5905 -0.5500
vn -0.4465 -0.6682 -0.5950
vn -0.4921 -0.7364 -0.4643
vn -0.5042 -0.5042 -0.7011
vn -0.3987 -0.3987 -0.8258
vn -0.2779 -0.2779 -0.9195
vn -0.1462 -0.1462 -0.9784
vn -0.3631 -0.1504 -0.9195
vn -0.1911 -0.0791 -0.9784
vn -0.8062 -0.5387 -0.2447
vn -0.9465 -0.3074 -0.0977
vn -0.9065 -0.3755 -0.1928
vn -0.8552 -0.3542 -0.3784
vn -0.7517 -0.5023 -0.4274
vn -0.7969 -0.5325 -0.2852
vn -0.6830 -0.5595 -0.4696
vn -0.7716 -0.3196 -0.5500
vn -0.6588 -0.2729 -0.7011
vn -0.5210 -0.2158 -0.8258
vn -0.8352 -0.0000 -0.5500
vn -0.7131 -0.0000 -0.7011
vn -0.5639 -0.0000 -0.8258
vn -0.3930 -0.0000 -0.9195
vn -0.2068 -0.0000 -0.9784
vn -1.0000 -0.0000 -0.0000
vn -0.9762 -0.1943 0.0962
vn -0.9941 0.0466 0.0979
vn -0.9784 -0.1946 -0.0695
vn -0.9256 -0.0000 -0.3784
vn -0.1911 0.0791 -0.9784
vn -0.9239 0.3827 -0.0000
vn -0.9173 0.3861 0.0980
vn -0.9065 0.3755 -0.1928
vn -0.9812 -0.0000 -0.1928
vn -0.8552 0.3542 -0.3784
vn -0.7716 0.3196 -0.5500
vn -0.6588 0.2729 -0.7011
vn -0.5210 0.2158 -0.8258
vn -0.3631 0.1504 -0.9195
vn -0.5905 0.5905 -0.5500
vn -0.5042 0.5042 -0.7011
vn -0.3987 0.3987 -0.8258
vn -0.2779 0.2779 -0.9195
vn -0.1462 0.1462 -0.9784
vn -0.8276 0.5530 0.0962
vn -0.6938 0.6938 -0.1928
vn -0.6545 0.6545 -0.3784
vn -0.7071 0.7071 -0.0000
vn -0.5530 0.8276 0.0962
vn -0.5538 0.8289 -0.0785
vn -0.0791 0.1911 -0.9784
vn -0.3755 0.9065 -0.1928
vn -0.3542 0.8552 -0.3784
vn -0.3196 0.7716 -0.5500
vn -0.2729 0.6588 -0.7011
vn -0.2158 0.5210 -0.8258
vn -0.1504 0.3631 -0.9195
vn -0.1942 0.9762 -0.0961
vn -0.1885 0.9475 -0.2584
vn -0.1870 0.9401 -0.2851
vn 0.0712 0.9545 -0.2895
vn -0.1755 0.8824 -0.4365
vn -0.2729 0.8393 -0.4703
vn -0.4455 0.6668 -0.5974
vn -0.4328 0.6478 -0.6270
vn -0.4328 0.6478 -0.6269
vn -0.5043 0.5043 -0.7010
vn -0.5090 0.5828 -0.6335
vn -0.5527 0.3693 -0.7470
vn -0.5696 0.2812 -0.7723
vn -0.4930 0.0981 -0.8645
vn -0.4712 0.0262 -0.8816
vn -0.4397 -0.1701 -0.8819
vn -0.4693 -0.0934 -0.8781
vn -0.3292 -0.3375 -0.8819
vn -0.3979 -0.2659 -0.8781
vn -0.1629 -0.4427 -0.8818
vn 0.0367 -0.6340 -0.7725
vn -0.0972 -0.4888 -0.8670
vn 0.3546 -0.6881 -0.6330
vn 0.1306 -0.6565 -0.7429
vn 0.2729 -0.6589 -0.7010
vn 0.2158 -0.5210 -0.8258
vn 0.1252 -0.6294 -0.7669
vn 0.6820 -0.5606 -0.4697
vn 0.4483 -0.6710 -0.5905
vn 0.5906 -0.5905 -0.5500
vn 0.4328 -0.6477 -0.6270
vn 0.5042 -0.5042 -0.7011
vn 0.3987 -0.3987 -0.8258
vn 0.8062 -0.5387 -0.2448
vn 0.9066 -0.3755 -0.1927
vn 0.9465 -0.3074 -0.0977
vn 0.8552 -0.3542 -0.3784
vn 0.7969 -0.5325 -0.2852
vn 0.7716 -0.3196 -0.5500
vn 0.7515 -0.5021 -0.4279
vn 0.5210 -0.2158 -0.8258
vn 0.8352 -0.0000 -0.5500
vn 0.6588 -0.2729 -0.7011
vn 1.0000 -0.0000 0.0001
vn 0.9762 -0.1942 0.0961
vn 0.9784 -0.1946 -0.0692
vn 0.9812 -0.0000 -0.1928
vn 0.9256 -0.0000 -0.3784
vn 0.9940 0.0475 0.0981
vn 0.9239 0.3827 -0.0000
vn 0.9167 0.3874 0.0980
vn 0.9065 0.3755 -0.1928
vn 0.8552 0.3542 -0.3784
vn 0.7716 0.3196 -0.5500
vn 0.7131 -0.0000 -0.7011
vn 0.6588 0.2729 -0.7011
vn 0.5905 0.5905 -0.5500
vn 0.7069 0.7073 0.0002
vn 0.7231 0.6838 0.0980
vn 0.8276 0.5530 0.0962
vn 0.6938 0.6938 -0.1928
vn 0.5539 0.8292 -0.0747
vn 0.3755 0.9065 -0.1928
vn 0.4345 0.8954 -0.0978
vn 0.6545 0.6545 -0.3784
vn 0.3542 0.8552 -0.3784
vn 0.1942 0.9762 -0.0962
vn 0.1884 0.9472 -0.2594
vn -0.0316 0.2757 -0.9607
vn 0.0350 0.2757 -0.9606
vn -0.0102 0.4181 -0.9083
vn 0.0342 0.4453 -0.8947
vn 0.0982 0.4462 -0.8895
vn 0.2071 0.4450 -0.8712
vn 0.1412 0.4452 -0.8842
vn 0.3151 0.4423 -0.8397
vn 0.2492 0.3374 -0.9078
vn 0.2542 0.2947 -0.9212
vn 0.2564 0.2669 -0.9290
vn 0.2529 0.2954 -0.9213
vn 0.3414 0.4403 -0.8304
vn 0.3686 0.2838 -0.8852
vn 0.3435 0.3551 -0.8694
vn 0.3807 0.3551 -0.8538
vn 0.4001 0.2509 -0.8815
vn 0.3592 0.2509 -0.8989
vn 0.3601 0.2504 -0.8987
vn 0.4347 0.4245 -0.7943
vn 0.4457 0.3784 -0.8113
vn 0.4817 0.3560 -0.8008
vn 0.4554 0.2505 -0.8543
vn 0.4996 0.2517 -0.8289
vn 0.5416 0.2515 -0.8021
vn 0.5945 0.2533 -0.7631
vn 0.6001 0.3370 -0.7255
vn 0.6154 0.2703 -0.7404
vn 0.6101 0.2980 -0.7341
vn 0.6194 0.2531 -0.7432
vn -0.6053 0.3303 -0.7242
vn -0.6153 0.2916 -0.7324
vn -0.6207 0.2633 -0.7386
vn -0.6026 0.2472 -0.7587
vn -0.6239 0.2461 -0.7417
vn -0.4933 0.3492 -0.7967
vn -0.5111 0.2836 -0.8114
vn -0.4655 0.2824 -0.8388
vn -0.4444 0.4287 -0.7866
vn -0.4451 0.4258 -0.7878
vn -0.3967 0.3488 -0.8491
vn -0.3287 0.4093 -0.8511
vn -0.3649 0.4106 -0.8356
vn -0.3634 0.3495 -0.8636
vn -0.3805 0.2458 -0.8915
vn -0.3066 0.2455 -0.9196
vn -0.2516 0.3581 -0.8992
vn -0.2757 0.2898 -0.9165
vn -0.2803 0.2636 -0.9230
vn -0.2780 0.2913 -0.9154
vn -0.2830 0.2456 -0.9271
vn -0.2248 0.4130 -0.8826
vn -0.1475 0.2739 -0.9504
vn -0.1192 0.4163 -0.9014
vn -0.0815 0.2750 -0.9580
vn -0.0814 0.2747 -0.9581
vn 0.2091 0.9778 0.0147
vn -0.1330 0.9903 0.0398
vn -0.0585 0.9978 0.0323
vn -0.6601 -0.7497 -0.0479
vn -0.9931 0.0551 -0.1032
vn -0.8962 0.4314 -0.1032
vn -0.3902 -0.9206 -0.0156
vn -0.2328 -0.9722 -0.0243
vn 0.8385 0.5402 -0.0717
vn 0.6371 0.7695 -0.0450
vn 0.8963 -0.4314 -0.1032
vn 0.2891 0.9572 0.0146
vn -0.0734 0.9544 -0.2895
vn -0.1252 -0.6294 -0.7669
vn -0.7243 0.6824 0.0980
vn -0.4361 0.8945 -0.0978
vt 0.859216 0.825809
vt 0.844786 0.819882
vt 0.858912 0.819979
vt 0.127310 0.220176
vt 0.158533 0.215191
vt 0.158561 0.218518
vt 0.578940 0.019138
vt 0.585993 0.005571
vt 0.586236 0.019308
vt 0.191847 0.216702
vt 0.577830 0.034804
vt 0.586428 0.035004
vt 0.575647 0.308837
vt 0.584679 0.310019
vt 0.585239 0.319391
vt 0.576752 0.052146
vt 0.586568 0.052375
vt 0.563971 0.335139
vt 0.584946 0.335644
vt 0.575716 0.070879
vt 0.586657 0.071136
vt 0.584575 0.350361
vt 0.563710 0.349859
vt 0.574731 0.090721
vt 0.586692 0.091002
vt 0.584111 0.363440
vt 0.563703 0.362950
vt 0.573806 0.111392
vt 0.586671 0.111695
vt 0.583541 0.374802
vt 0.563966 0.374333
vt 0.572946 0.132625
vt 0.586591 0.132948
vt 0.005588 0.225533
vt 0.016571 0.206898
vt 0.016892 0.225247
vt 0.572141 0.154191
vt 0.586461 0.154529
vt 0.031675 0.207989
vt 0.031951 0.224711
vt 0.571262 0.176053
vt 0.586345 0.176411
vt 0.050484 0.209227
vt 0.050709 0.223925
vt 0.570292 0.198022
vt 0.586247 0.198401
vt 0.815119 0.822678
vt 0.799720 0.822629
vt 0.815037 0.821185
vt 0.072850 0.210600
vt 0.073020 0.222897
vt 0.572492 0.220017
vt 0.830270 0.823248
vt 0.830110 0.820276
vt 0.098540 0.212081
vt 0.098657 0.221643
vt 0.586103 0.220342
vt 0.583557 0.223205
vt 0.579330 0.221912
vt 0.845020 0.824304
vt 0.127241 0.213629
vt 0.600211 0.133098
vt 0.600756 0.154687
vt 0.033380 0.191319
vt 0.601402 0.176576
vt 0.051965 0.194577
vt 0.602177 0.198575
vt 0.814804 0.819708
vt 0.074071 0.198343
vt 0.602979 0.220524
vt 0.829643 0.817337
vt 0.099474 0.202553
vt 0.590974 0.225594
vt 0.589415 0.225079
vt 0.844087 0.815509
vt 0.127869 0.207108
vt 0.857985 0.814214
vt 0.158845 0.211877
vt 0.591901 0.005640
vt 0.593513 0.019391
vt 0.595005 0.035102
vt 0.585361 0.310031
vt 0.600059 0.310158
vt 0.596364 0.052486
vt 0.605896 0.335867
vt 0.597576 0.071259
vt 0.605413 0.350583
vt 0.598629 0.091136
vt 0.604491 0.363657
vt 0.599511 0.111838
vt 0.603089 0.375012
vt 0.005231 0.205957
vt 0.018461 0.188603
vt 0.616287 0.176549
vt 0.617926 0.198543
vt 0.814422 0.818262
vt 0.076665 0.186247
vt 0.619664 0.220488
vt 0.828874 0.814460
vt 0.101448 0.193151
vt 0.620349 0.240435
vt 0.607432 0.232773
vt 0.842930 0.811228
vt 0.129187 0.200674
vt 0.856446 0.808571
vt 0.159496 0.208607
vt 0.597737 0.005640
vt 0.600704 0.019389
vt 0.603481 0.035097
vt 0.605991 0.319612
vt 0.605858 0.309479
vt 0.614315 0.308427
vt 0.606043 0.052479
vt 0.626614 0.335809
vt 0.608366 0.071248
vt 0.626021 0.350526
vt 0.610426 0.091122
vt 0.624645 0.363604
vt 0.612191 0.111691
vt 0.622419 0.374964
vt 0.608738 0.118248
vt 0.607609 0.124229
vt 0.011623 0.167166
vt 0.022510 0.170541
vt 0.611212 0.138563
vt 0.614209 0.142620
vt 0.037026 0.174862
vt 0.614886 0.154664
vt 0.055121 0.180116
vt 0.635996 0.220237
vt 0.638714 0.241782
vt 0.827811 0.811671
vt 0.841329 0.807079
vt 0.131179 0.194389
vt 0.631180 0.248850
vt 0.639555 0.257867
vt 0.854310 0.803102
vt 0.160477 0.205415
vt 0.603445 0.005571
vt 0.607737 0.019301
vt 0.643682 0.292916
vt 0.645466 0.301574
vt 0.637176 0.299751
vt 0.611772 0.034990
vt 0.626514 0.319555
vt 0.625952 0.305174
vt 0.626816 0.304929
vt 0.615513 0.052354
vt 0.646897 0.335481
vt 0.618924 0.071105
vt 0.646195 0.350201
vt 0.621970 0.090962
vt 0.644375 0.363288
vt 0.622840 0.102111
vt 0.616717 0.105376
vt 0.641341 0.374665
vt 0.018213 0.148329
vt 0.028634 0.152887
vt 0.622501 0.150003
vt 0.625855 0.151710
vt 0.042542 0.158780
vt 0.628715 0.154462
vt 0.630855 0.176333
vt 0.059899 0.165985
vt 0.633340 0.198310
vt 0.813895 0.816861
vt 0.080591 0.174428
vt 0.104435 0.183967
vt 0.647730 0.276224
vt 0.645136 0.267082
vt 0.658935 0.262144
vt 0.608971 0.005434
vt 0.614546 0.019129
vt 0.161781 0.202330
vt 0.647243 0.284961
vt 0.664492 0.301006
vt 0.644466 0.291184
vt 0.619800 0.034783
vt 0.666067 0.318648
vt 0.646605 0.319231
vt 0.624682 0.052112
vt 0.666544 0.334892
vt 0.629146 0.070832
vt 0.665736 0.349616
vt 0.633148 0.090659
vt 0.663484 0.362722
vt 0.633584 0.099982
vt 0.628060 0.099882
vt 0.659666 0.374130
vt 0.026864 0.130116
vt 0.036676 0.135819
vt 0.642108 0.154086
vt 0.635013 0.154074
vt 0.049821 0.143229
vt 0.644964 0.175933
vt 0.066231 0.152322
vt 0.648269 0.197882
vt 0.813228 0.815518
vt 0.085800 0.163001
vt 0.651815 0.219779
vt 0.826463 0.808999
vt 0.108401 0.175087
vt 0.655443 0.241293
vt 0.839297 0.803103
vt 0.133825 0.188315
vt 0.641037 0.260326
vt 0.851600 0.797860
vt 0.684706 0.317819
vt 0.627485 0.034477
vt 0.633461 0.051758
vt 0.685361 0.334055
vt 0.638935 0.070432
vt 0.684452 0.348786
vt 0.643852 0.090216
vt 0.681784 0.361919
vt 0.646798 0.104307
vt 0.640848 0.100735
vt 0.677214 0.373367
vt 0.046508 0.119502
vt 0.654934 0.153543
vt 0.646668 0.152115
vt 0.650310 0.149648
vt 0.058668 0.128367
vt 0.658476 0.175355
vt 0.073927 0.139264
vt 0.662568 0.197265
vt 0.812427 0.814247
vt 0.092221 0.152077
vt 0.666965 0.219120
vt 0.824845 0.806468
vt 0.113303 0.166599
vt 0.671465 0.240592
vt 0.836857 0.799337
vt 0.137098 0.182509
vt 0.675798 0.261403
vt 0.848342 0.792897
vt 0.163393 0.199382
vt 0.679650 0.281336
vt 0.662036 0.282114
vt 0.614260 0.005231
vt 0.621064 0.018874
vt 0.682716 0.300198
vt 0.702156 0.347727
vt 0.648194 0.069910
vt 0.653978 0.089640
vt 0.699093 0.360894
vt 0.651487 0.107519
vt 0.693812 0.372392
vt 0.658243 0.118073
vt 0.659058 0.110210
vt 0.663383 0.131353
vt 0.037452 0.112702
vt 0.058052 0.104093
vt 0.656833 0.143514
vt 0.660301 0.131842
vt 0.069077 0.114332
vt 0.667068 0.152838
vt 0.671260 0.174608
vt 0.082946 0.126936
vt 0.676095 0.196469
vt 0.811501 0.813058
vt 0.099628 0.141770
vt 0.681298 0.218274
vt 0.822972 0.804103
vt 0.119063 0.158586
vt 0.686621 0.239695
vt 0.834030 0.795819
vt 0.140965 0.177028
vt 0.691747 0.260457
vt 0.844569 0.788259
vt 0.165298 0.196599
vt 0.696310 0.280344
vt 0.859191 0.787181
vt 0.854492 0.781469
vt 0.699953 0.299168
vt 0.627228 0.018539
vt 0.634753 0.034077
vt 0.702340 0.316761
vt 0.641765 0.051295
vt 0.703163 0.332986
vt 0.709295 0.371221
vt 0.669224 0.109451
vt 0.674170 0.130541
vt 0.049811 0.096261
vt 0.071000 0.089752
vt 0.678392 0.151981
vt 0.080868 0.101263
vt 0.683189 0.173703
vt 0.093231 0.115455
vt 0.688716 0.195511
vt 0.810457 0.811965
vt 0.108090 0.132172
vt 0.694669 0.217257
vt 0.820862 0.801927
vt 0.125495 0.151133
vt 0.700762 0.238615
vt 0.830864 0.792581
vt 0.145388 0.171925
vt 0.706629 0.259317
vt 0.840367 0.783992
vt 0.167478 0.194009
vt 0.711857 0.279150
vt 0.849265 0.776213
vt 0.716038 0.297929
vt 0.632976 0.018135
vt 0.641531 0.033594
vt 0.718792 0.315491
vt 0.649509 0.050736
vt 0.719775 0.331699
vt 0.656831 0.069278
vt 0.718671 0.346461
vt 0.663424 0.088942
vt 0.715240 0.359665
vt 0.093811 0.089294
vt 0.688794 0.150987
vt 0.694146 0.172654
vt 0.104585 0.104937
vt 0.700310 0.194398
vt 0.809307 0.810977
vt 0.117519 0.123376
vt 0.706953 0.216074
vt 0.818548 0.799960
vt 0.132671 0.144303
vt 0.713753 0.237362
vt 0.827407 0.789656
vt 0.150212 0.167254
vt 0.720301 0.257995
vt 0.835745 0.780135
vt 0.169912 0.191636
vt 0.726137 0.277767
vt 0.843502 0.771464
vt 0.730812 0.296496
vt 0.638254 0.017659
vt 0.647757 0.033025
vt 0.733904 0.314024
vt 0.656623 0.050079
vt 0.735033 0.330215
vt 0.664764 0.068539
vt 0.733831 0.345012
vt 0.672101 0.088127
vt 0.730063 0.358252
vt 0.678561 0.108569
vt 0.059010 0.074820
vt 0.079044 0.066933
vt 0.063745 0.080954
vt 0.684077 0.129599
vt 0.085359 0.076608
vt 0.127774 0.115468
vt 0.710765 0.193140
vt 0.718030 0.214740
vt 0.808061 0.810103
vt 0.816070 0.798222
vt 0.140522 0.138162
vt 0.725467 0.235949
vt 0.823660 0.787070
vt 0.155438 0.163058
vt 0.732627 0.256507
vt 0.830737 0.776727
vt 0.172576 0.189504
vt 0.739012 0.276212
vt 0.837259 0.767267
vt 0.744130 0.294888
vt 0.850630 0.763699
vt 0.843197 0.758754
vt 0.747527 0.312378
vt 0.653370 0.032376
vt 0.663037 0.049330
vt 0.748766 0.328584
vt 0.671919 0.067698
vt 0.747486 0.343397
vt 0.679927 0.087201
vt 0.743416 0.356678
vt 0.686982 0.107567
vt 0.075036 0.060198
vt 0.095587 0.054331
vt 0.693012 0.128532
vt 0.100760 0.064802
vt 0.698174 0.149863
vt 0.107922 0.078532
vt 0.704028 0.171467
vt 0.116823 0.095487
vt 0.161066 0.159376
vt 0.419275 0.682808
vt 0.432113 0.663270
vt 0.431007 0.685177
vt 0.819661 0.784849
vt 0.825392 0.773801
vt 0.175444 0.187631
vt 0.418210 0.703487
vt 0.430428 0.705964
vt 0.830597 0.763663
vt 0.418112 0.722692
vt 0.430747 0.725256
vt 0.424611 0.445235
vt 0.433810 0.427925
vt 0.429771 0.446340
vt 0.419367 0.740090
vt 0.432294 0.742712
vt 0.421128 0.464735
vt 0.427090 0.465990
vt 0.760849 0.326812
vt 0.418985 0.485189
vt 0.425689 0.486581
vt 0.759505 0.341633
vt 0.418112 0.506309
vt 0.425490 0.507824
vt 0.755170 0.354954
vt 0.418428 0.527814
vt 0.426405 0.529439
vt 0.092261 0.047061
vt 0.113102 0.043276
vt 0.419845 0.549437
vt 0.428339 0.551157
vt 0.117222 0.054437
vt 0.422074 0.571032
vt 0.431013 0.572834
vt 0.122792 0.069095
vt 0.423534 0.593173
vt 0.432962 0.595071
vt 0.129973 0.087188
vt 0.423946 0.615755
vt 0.433927 0.617761
vt 0.806732 0.809353
vt 0.138585 0.108536
vt 0.422732 0.638526
vt 0.433312 0.640651
vt 0.813425 0.796729
vt 0.148970 0.132770
vt 0.420923 0.661024
vt 0.178450 0.186040
vt 0.444032 0.707633
vt 0.444802 0.726984
vt 0.438619 0.428572
vt 0.435513 0.447095
vt 0.446248 0.744528
vt 0.433723 0.466842
vt 0.448746 0.759944
vt 0.434695 0.758107
vt 0.433166 0.487521
vt 0.452923 0.772927
vt 0.438903 0.771105
vt 0.433744 0.508843
vt 0.458868 0.783270
vt 0.445142 0.781489
vt 0.435356 0.530527
vt 0.110531 0.035536
vt 0.131454 0.033873
vt 0.437865 0.552307
vt 0.134408 0.045625
vt 0.441026 0.574040
vt 0.138542 0.061059
vt 0.443510 0.596340
vt 0.143677 0.080133
vt 0.445082 0.619105
vt 0.805338 0.808733
vt 0.150053 0.102633
vt 0.445115 0.642076
vt 0.810638 0.795495
vt 0.157807 0.128185
vt 0.444524 0.664785
vt 0.815448 0.783015
vt 0.167040 0.156242
vt 0.444047 0.686773
vt 0.819810 0.771384
vt 0.823670 0.760686
vt 0.464042 0.760912
vt 0.441047 0.467276
vt 0.441393 0.487997
vt 0.468148 0.773888
vt 0.442790 0.509358
vt 0.473809 0.784204
vt 0.445125 0.531076
vt 0.129681 0.025732
vt 0.150521 0.026210
vt 0.448287 0.552882
vt 0.152262 0.038442
vt 0.452011 0.574638
vt 0.154735 0.054518
vt 0.455071 0.596972
vt 0.157963 0.074382
vt 0.457155 0.619791
vt 0.803907 0.808250
vt 0.162024 0.097820
vt 0.457967 0.642795
vt 0.807738 0.794534
vt 0.166933 0.124453
vt 0.458092 0.665548
vt 0.811109 0.781585
vt 0.173305 0.153686
vt 0.458295 0.687579
vt 0.814035 0.769499
vt 0.181520 0.184748
vt 0.458876 0.708479
vt 0.447364 0.411849
vt 0.443938 0.428908
vt 0.460017 0.727876
vt 0.441862 0.447482
vt 0.461382 0.745488
vt 0.489816 0.784283
vt 0.452583 0.509357
vt 0.455691 0.531071
vt 0.149484 0.017746
vt 0.169962 0.020368
vt 0.459512 0.552875
vt 0.170556 0.032962
vt 0.463794 0.574631
vt 0.171483 0.049521
vt 0.467247 0.596990
vt 0.172625 0.069993
vt 0.469893 0.619827
vt 0.802434 0.807907
vt 0.174160 0.094155
vt 0.471800 0.642795
vt 0.804751 0.793853
vt 0.176393 0.121603
vt 0.472683 0.665552
vt 0.806666 0.780572
vt 0.179798 0.151734
vt 0.473597 0.687589
vt 0.808087 0.768164
vt 0.184702 0.183762
vt 0.474755 0.708501
vt 0.451990 0.411874
vt 0.449670 0.428935
vt 0.475881 0.727962
vt 0.448688 0.447505
vt 0.477633 0.745574
vt 0.448932 0.467292
vt 0.480468 0.760996
vt 0.450275 0.488005
vt 0.484504 0.773970
vt 0.189098 0.029239
vt 0.471321 0.552299
vt 0.475905 0.574058
vt 0.188336 0.046130
vt 0.479982 0.596390
vt 0.187461 0.067011
vt 0.483350 0.619193
vt 0.800933 0.807709
vt 0.186608 0.091659
vt 0.486184 0.642109
vt 0.801728 0.793459
vt 0.186097 0.119661
vt 0.488149 0.664797
vt 0.802137 0.779986
vt 0.186319 0.150411
vt 0.489754 0.686808
vt 0.802112 0.767393
vt 0.187966 0.183092
vt 0.491304 0.707723
vt 0.456868 0.411652
vt 0.455765 0.428652
vt 0.492719 0.727189
vt 0.455952 0.447162
vt 0.494876 0.744780
vt 0.457320 0.466890
vt 0.497896 0.760193
vt 0.459697 0.487548
vt 0.501860 0.773169
vt 0.462940 0.508851
vt 0.506811 0.783497
vt 0.466909 0.530518
vt 0.169748 0.011656
vt 0.189748 0.016395
vt 0.202480 0.065458
vt 0.493270 0.595162
vt 0.497394 0.617896
vt 0.799418 0.807658
vt 0.199125 0.090362
vt 0.501056 0.640735
vt 0.798711 0.793356
vt 0.195720 0.118658
vt 0.504298 0.663297
vt 0.797600 0.779834
vt 0.192848 0.149728
vt 0.506668 0.685238
vt 0.463241 0.396096
vt 0.462020 0.411178
vt 0.191280 0.182745
vt 0.508320 0.706157
vt 0.462125 0.428065
vt 0.510336 0.725568
vt 0.463528 0.446462
vt 0.512909 0.743120
vt 0.466069 0.466079
vt 0.516118 0.758515
vt 0.469559 0.486632
vt 0.520007 0.771497
vt 0.473748 0.507846
vt 0.524588 0.781859
vt 0.478372 0.529457
vt 0.190360 0.007515
vt 0.209658 0.014331
vt 0.483360 0.551187
vt 0.207804 0.027302
vt 0.488554 0.572889
vt 0.205426 0.044363
vt 0.797904 0.807753
vt 0.795696 0.793546
vt 0.205326 0.118597
vt 0.516386 0.638675
vt 0.520557 0.661112
vt 0.793111 0.780116
vt 0.199414 0.149687
vt 0.523604 0.682959
vt 0.467255 0.395555
vt 0.467324 0.410463
vt 0.194612 0.182725
vt 0.525943 0.703784
vt 0.468699 0.427181
vt 0.528578 0.723112
vt 0.471278 0.445419
vt 0.531577 0.740607
vt 0.474958 0.464884
vt 0.534972 0.755977
vt 0.479521 0.485294
vt 0.538771 0.768972
vt 0.484632 0.506384
vt 0.542951 0.779388
vt 0.490076 0.527884
vt 0.211076 0.005366
vt 0.229424 0.014201
vt 0.495783 0.549517
vt 0.226321 0.027181
vt 0.501576 0.571139
vt 0.222273 0.044254
vt 0.506992 0.593318
vt 0.217276 0.065363
vt 0.511883 0.615948
vt 0.211496 0.090282
vt 0.471405 0.394831
vt 0.472765 0.409512
vt 0.197929 0.183030
vt 0.544013 0.700625
vt 0.475374 0.426012
vt 0.547267 0.719845
vt 0.479110 0.444046
vt 0.550686 0.737266
vt 0.483830 0.463324
vt 0.554257 0.752605
vt 0.489351 0.483561
vt 0.557944 0.765619
vt 0.495488 0.504478
vt 0.561690 0.776110
vt 0.502008 0.525804
vt 0.231669 0.005231
vt 0.248808 0.016008
vt 0.508443 0.547311
vt 0.244486 0.028875
vt 0.514874 0.568822
vt 0.238829 0.045797
vt 0.520984 0.590879
vt 0.231848 0.066718
vt 0.526678 0.613369
vt 0.796405 0.807994
vt 0.223741 0.091413
vt 0.532019 0.635947
vt 0.792712 0.794025
vt 0.214891 0.119474
vt 0.536945 0.658244
vt 0.788668 0.780829
vt 0.205951 0.150288
vt 0.540828 0.679944
vt 0.482151 0.424563
vt 0.487054 0.442342
vt 0.570113 0.733123
vt 0.492836 0.461386
vt 0.573864 0.748423
vt 0.499318 0.481410
vt 0.577442 0.761460
vt 0.506318 0.502133
vt 0.580758 0.772042
vt 0.513657 0.523283
vt 0.251900 0.007114
vt 0.267832 0.019723
vt 0.521164 0.544595
vt 0.262339 0.032356
vt 0.528328 0.565960
vt 0.255091 0.048969
vt 0.535135 0.587867
vt 0.246099 0.069509
vt 0.541609 0.610187
vt 0.794937 0.808378
vt 0.235618 0.093751
vt 0.547819 0.632578
vt 0.789788 0.794791
vt 0.224140 0.121290
vt 0.553166 0.654737
vt 0.784369 0.781968
vt 0.212398 0.151525
vt 0.557962 0.676245
vt 0.475602 0.393935
vt 0.478297 0.408332
vt 0.201201 0.183659
vt 0.562387 0.696708
vt 0.566267 0.715793
vt 0.501902 0.459089
vt 0.509371 0.478856
vt 0.597092 0.756533
vt 0.517267 0.499346
vt 0.599970 0.767224
vt 0.525385 0.520290
vt 0.271728 0.010987
vt 0.286235 0.025315
vt 0.533555 0.541426
vt 0.279530 0.037600
vt 0.541637 0.562599
vt 0.270747 0.053749
vt 0.549301 0.584310
vt 0.259932 0.073705
vt 0.556582 0.606426
vt 0.793512 0.808903
vt 0.247210 0.097261
vt 0.563599 0.628603
vt 0.786986 0.795834
vt 0.233110 0.124022
vt 0.569503 0.650573
vt 0.780208 0.783520
vt 0.218550 0.153394
vt 0.575219 0.671857
vt 0.479847 0.392873
vt 0.483873 0.406934
vt 0.204396 0.184605
vt 0.580692 0.692093
vt 0.488988 0.422845
vt 0.585418 0.710994
vt 0.495046 0.440325
vt 0.589691 0.728216
vt 0.593621 0.743470
vt 0.528163 0.496148
vt 0.537072 0.516855
vt 0.290962 0.016814
vt 0.303822 0.032731
vt 0.545932 0.537785
vt 0.296042 0.044550
vt 0.554615 0.558779
vt 0.285795 0.060082
vt 0.563253 0.580254
vt 0.273084 0.079275
vt 0.571461 0.602121
vt 0.792145 0.809562
vt 0.258286 0.101917
vt 0.578956 0.624089
vt 0.784308 0.797146
vt 0.241771 0.127639
vt 0.585773 0.645797
vt 0.776217 0.785471
vt 0.224447 0.155871
vt 0.592388 0.666825
vt 0.484108 0.391654
vt 0.489430 0.405333
vt 0.207482 0.185860
vt 0.598702 0.686829
vt 0.495786 0.420878
vt 0.604511 0.705496
vt 0.503014 0.438012
vt 0.609203 0.722594
vt 0.510944 0.456454
vt 0.613293 0.737798
vt 0.519390 0.475925
vt 0.616624 0.750895
vt 0.619039 0.761714
vt 0.558206 0.533703
vt 0.567457 0.554499
vt 0.299958 0.067913
vt 0.576746 0.575751
vt 0.285629 0.086153
vt 0.586007 0.597326
vt 0.790849 0.810350
vt 0.268710 0.107675
vt 0.594150 0.619033
vt 0.781770 0.798713
vt 0.250041 0.132106
vt 0.601855 0.640449
vt 0.772470 0.787803
vt 0.230078 0.158931
vt 0.609339 0.661195
vt 0.488310 0.390292
vt 0.494954 0.403539
vt 0.210430 0.187410
vt 0.616441 0.680944
vt 0.502529 0.418675
vt 0.622976 0.699396
vt 0.510902 0.435422
vt 0.628400 0.716320
vt 0.519896 0.453504
vt 0.632658 0.731465
vt 0.529319 0.472643
vt 0.635879 0.744597
vt 0.538976 0.492565
vt 0.637873 0.755554
vt 0.548669 0.513004
vt 0.309298 0.024545
vt 0.320501 0.041895
vt 0.311599 0.053144
vt 0.589976 0.570806
vt 0.600002 0.592095
vt 0.789654 0.811258
vt 0.278530 0.114473
vt 0.609015 0.613487
vt 0.779396 0.800521
vt 0.257620 0.137394
vt 0.617598 0.634582
vt 0.768989 0.790492
vt 0.235389 0.162544
vt 0.625921 0.655019
vt 0.492426 0.388799
vt 0.500349 0.401575
vt 0.213135 0.189246
vt 0.633778 0.674492
vt 0.509147 0.416259
vt 0.640929 0.692719
vt 0.518656 0.432580
vt 0.647123 0.709450
vt 0.528695 0.450265
vt 0.651550 0.724531
vt 0.539070 0.469038
vt 0.654670 0.737700
vt 0.549581 0.488631
vt 0.656247 0.748809
vt 0.560024 0.508778
vt 0.326664 0.034100
vt 0.335948 0.052728
vt 0.570202 0.529226
vt 0.326128 0.063295
vt 0.580023 0.549804
vt 0.313207 0.077163
vt 0.297232 0.094284
vt 0.632803 0.628257
vt 0.777209 0.802552
vt 0.765784 0.793513
vt 0.240328 0.166675
vt 0.641949 0.648360
vt 0.496438 0.387188
vt 0.505587 0.399457
vt 0.215633 0.191347
vt 0.650550 0.667534
vt 0.515547 0.413656
vt 0.658293 0.685519
vt 0.526146 0.429518
vt 0.664879 0.702086
vt 0.537197 0.446774
vt 0.669756 0.717065
vt 0.548501 0.465153
vt 0.672792 0.730272
vt 0.559851 0.484387
vt 0.673937 0.741548
vt 0.571038 0.504218
vt 0.342845 0.045390
vt 0.350172 0.065116
vt 0.581857 0.524392
vt 0.339444 0.074908
vt 0.592234 0.544733
vt 0.325362 0.087744
vt 0.602827 0.565466
vt 0.307946 0.103583
vt 0.613588 0.586447
vt 0.788556 0.812278
vt 0.287579 0.122247
vt 0.623396 0.607505
vt 0.264657 0.143438
vt 0.666569 0.660139
vt 0.510640 0.397203
vt 0.521719 0.410885
vt 0.217919 0.193690
vt 0.674865 0.677869
vt 0.533368 0.426258
vt 0.681825 0.694262
vt 0.545393 0.443057
vt 0.687083 0.709142
vt 0.557590 0.461015
vt 0.690042 0.722389
vt 0.569744 0.479869
vt 0.690839 0.733835
vt 0.581642 0.499362
vt 0.357629 0.058308
vt 0.362960 0.078946
vt 0.593073 0.519246
vt 0.351459 0.087870
vt 0.603980 0.539334
vt 0.336322 0.099555
vt 0.615183 0.559781
vt 0.317698 0.113956
vt 0.626643 0.580435
vt 0.787563 0.813401
vt 0.295685 0.130929
vt 0.637205 0.601139
vt 0.775229 0.804786
vt 0.271088 0.150181
vt 0.647390 0.621527
vt 0.762886 0.796838
vt 0.244848 0.171284
vt 0.657291 0.641280
vt 0.500306 0.385474
vt 0.697861 0.686046
vt 0.540254 0.422831
vt 0.553207 0.439150
vt 0.703272 0.700848
vt 0.566252 0.456666
vt 0.706299 0.714122
vt 0.579170 0.475119
vt 0.706793 0.725743
vt 0.591741 0.494257
vt 0.370952 0.072726
vt 0.374227 0.094081
vt 0.603751 0.513835
vt 0.362058 0.102054
vt 0.615159 0.533659
vt 0.346075 0.112475
vt 0.626936 0.553806
vt 0.326221 0.125314
vt 0.639055 0.574116
vt 0.786683 0.814615
vt 0.302937 0.140426
vt 0.650325 0.594448
vt 0.773503 0.807203
vt 0.276853 0.157556
vt 0.661238 0.614455
vt 0.760321 0.800433
vt 0.248826 0.176331
vt 0.671842 0.633840
vt 0.750603 0.789605
vt 0.747273 0.794344
vt 0.219972 0.196253
vt 0.681750 0.652371
vt 0.515457 0.394834
vt 0.527605 0.407972
vt 0.690555 0.669835
vt 0.588031 0.470183
vt 0.601225 0.488954
vt 0.382687 0.088506
vt 0.383931 0.110372
vt 0.613765 0.508215
vt 0.371197 0.117322
vt 0.625629 0.527765
vt 0.354398 0.126388
vt 0.637957 0.547598
vt 0.333643 0.137536
vt 0.650711 0.567550
vt 0.785927 0.815909
vt 0.309269 0.150645
vt 0.662644 0.587495
vt 0.772024 0.809778
vt 0.281874 0.165495
vt 0.674233 0.607107
vt 0.758148 0.804265
vt 0.252255 0.181766
vt 0.685487 0.626112
vt 0.744428 0.799395
vt 0.221772 0.199013
vt 0.695975 0.644302
vt 0.519980 0.392375
vt 0.533143 0.404947
vt 0.705247 0.661490
vt 0.546738 0.419271
vt 0.712866 0.677514
vt 0.560563 0.435090
vt 0.724558 0.688229
vt 0.740063 0.705972
vt 0.723329 0.704349
vt 0.574403 0.452146
vt 0.740857 0.720463
vt 0.724224 0.718833
vt 0.743740 0.733184
vt 0.727480 0.731581
vt 0.779072 0.524088
vt 0.794854 0.502972
vt 0.791276 0.525058
vt 0.378775 0.133527
vt 0.361397 0.141149
vt 0.774419 0.546412
vt 0.787276 0.547428
vt 0.339905 0.150503
vt 0.769146 0.568797
vt 0.782752 0.569867
vt 0.785300 0.817271
vt 0.314588 0.161490
vt 0.778025 0.591955
vt 0.763607 0.590825
vt 0.770800 0.812487
vt 0.286006 0.173927
vt 0.773230 0.613572
vt 0.757982 0.612381
vt 0.756359 0.808296
vt 0.255164 0.187534
vt 0.768607 0.634537
vt 0.752560 0.633287
vt 0.742109 0.804708
vt 0.223300 0.201941
vt 0.764470 0.654610
vt 0.747706 0.653309
vt 0.524154 0.389851
vt 0.538245 0.401842
vt 0.761129 0.673567
vt 0.743783 0.672227
vt 0.552712 0.415617
vt 0.758878 0.691206
vt 0.741130 0.689842
vt 0.567344 0.430921
vt 0.757981 0.707348
vt 0.581922 0.447504
vt 0.758674 0.721837
vt 0.596216 0.465113
vt 0.761158 0.734539
vt 0.788029 0.480267
vt 0.803759 0.459821
vt 0.798985 0.481146
vt 0.401040 0.123525
vt 0.391955 0.127664
vt 0.783229 0.502044
vt 0.797120 0.570748
vt 0.784808 0.818686
vt 0.344878 0.164095
vt 0.318782 0.172859
vt 0.793250 0.592882
vt 0.769842 0.815305
vt 0.289352 0.182762
vt 0.789334 0.614547
vt 0.754961 0.812487
vt 0.257526 0.193578
vt 0.785557 0.635557
vt 0.740300 0.810234
vt 0.224544 0.205011
vt 0.782178 0.655670
vt 0.728186 0.801733
vt 0.725997 0.808538
vt 0.779451 0.674660
vt 0.821359 0.401812
vt 0.834647 0.385906
vt 0.829075 0.402315
vt 0.777619 0.692321
vt 0.815009 0.419851
vt 0.823824 0.420420
vt 0.776902 0.708472
vt 0.809121 0.439289
vt 0.818951 0.439917
vt 0.777492 0.722958
vt 0.814511 0.460501
vt 0.779555 0.735644
vt 0.810554 0.481872
vt 0.407650 0.142417
vt 0.398355 0.145782
vt 0.807129 0.503738
vt 0.384851 0.150505
vt 0.804162 0.525858
vt 0.367018 0.156616
vt 0.800853 0.548266
vt 0.806131 0.615305
vt 0.753968 0.816799
vt 0.291883 0.191914
vt 0.259319 0.199840
vt 0.803237 0.636349
vt 0.739019 0.815918
vt 0.225491 0.208192
vt 0.800648 0.656492
vt 0.724450 0.815540
vt 0.798562 0.675506
vt 0.841475 0.386246
vt 0.837127 0.402710
vt 0.797168 0.693183
vt 0.833023 0.420866
vt 0.796637 0.709342
vt 0.829209 0.440409
vt 0.797122 0.723824
vt 0.825729 0.461034
vt 0.798750 0.736496
vt 0.822624 0.482441
vt 0.783219 0.746426
vt 0.801624 0.747251
vt 0.819934 0.504337
vt 0.403088 0.164552
vt 0.389330 0.168096
vt 0.817605 0.526483
vt 0.371134 0.172643
vt 0.815016 0.548920
vt 0.348567 0.178177
vt 0.812107 0.571435
vt 0.784457 0.820143
vt 0.321945 0.184638
vt 0.809132 0.593604
vt 0.769159 0.818203
vt 0.819696 0.657075
vt 0.723559 0.822670
vt 0.226132 0.211453
vt 0.818270 0.676105
vt 0.845437 0.402995
vt 0.817327 0.693794
vt 0.842516 0.421186
vt 0.816989 0.709957
vt 0.839793 0.440762
vt 0.817365 0.724436
vt 0.837303 0.461416
vt 0.818547 0.737098
vt 0.835077 0.482848
vt 0.820610 0.747832
vt 0.833145 0.504765
vt 0.406167 0.183788
vt 0.392258 0.186125
vt 0.831474 0.526930
vt 0.373854 0.189069
vt 0.829626 0.549387
vt 0.351017 0.192610
vt 0.827567 0.571926
vt 0.784250 0.821626
vt 0.324057 0.196709
vt 0.825512 0.594119
vt 0.768758 0.821154
vt 0.293583 0.201296
vt 0.823456 0.615844
vt 0.753388 0.821190
vt 0.260529 0.206260
vt 0.821471 0.636911
vt 0.738276 0.821706
vt 0.837896 0.694156
vt 0.852211 0.421379
vt 0.837755 0.710322
vt 0.850602 0.440974
vt 0.838020 0.724799
vt 0.849121 0.461646
vt 0.838747 0.737454
vt 0.847791 0.483093
vt 0.839983 0.748178
vt 0.846633 0.505022
vt 0.407650 0.203301
vt 0.393678 0.204414
vt 0.845630 0.527197
vt 0.375184 0.205732
vt 0.844539 0.549667
vt 0.352227 0.207253
vt 0.843346 0.572218
vt 0.784189 0.823121
vt 0.325110 0.208959
vt 0.842231 0.594426
vt 0.768643 0.824130
vt 0.294440 0.210817
vt 0.841137 0.616165
vt 0.753227 0.825618
vt 0.261145 0.212775
vt 0.840078 0.637246
vt 0.738077 0.827543
vt 0.226462 0.214764
vt 0.839133 0.657421
vt 0.723329 0.829860
vt 0.838379 0.676461
vt 0.848524 0.386490
vt 0.853926 0.403166
vt 0.858725 0.710441
vt 0.858878 0.724919
vt 0.861067 0.461722
vt 0.859147 0.737572
vt 0.860641 0.483174
vt 0.859550 0.748292
vt 0.860264 0.505108
vt 0.407575 0.222901
vt 0.393618 0.222784
vt 0.859937 0.527286
vt 0.375144 0.222471
vt 0.859609 0.549760
vt 0.352206 0.221964
vt 0.859289 0.572316
vt 0.784273 0.824614
vt 0.325108 0.221266
vt 0.859121 0.594528
vt 0.768815 0.827102
vt 0.294452 0.220385
vt 0.858998 0.616271
vt 0.753486 0.830040
vt 0.261164 0.219324
vt 0.858873 0.637356
vt 0.738422 0.833372
vt 0.226477 0.218092
vt 0.858764 0.657535
vt 0.723759 0.837040
vt 0.858689 0.676578
vt 0.855725 0.386638
vt 0.862510 0.403223
vt 0.858669 0.694275
vt 0.862014 0.421444
vt 0.861529 0.441045
vt 0.879547 0.737454
vt 0.879118 0.748178
vt 0.873906 0.505022
vt 0.405977 0.242396
vt 0.392109 0.241058
vt 0.874254 0.527197
vt 0.373755 0.239124
vt 0.874688 0.549667
vt 0.350970 0.236600
vt 0.875241 0.572218
vt 0.784504 0.826090
vt 0.324059 0.233513
vt 0.876019 0.594426
vt 0.769271 0.830041
vt 0.293623 0.229906
vt 0.876864 0.616165
vt 0.754161 0.834413
vt 0.260586 0.225843
vt 0.877672 0.637246
vt 0.739307 0.839137
vt 0.226178 0.221406
vt 0.878397 0.657421
vt 0.724845 0.844142
vt 0.878998 0.676461
vt 0.863007 0.386687
vt 0.871106 0.403166
vt 0.879440 0.694156
vt 0.871829 0.421379
vt 0.879694 0.710322
vt 0.872469 0.440974
vt 0.879735 0.724799
vt 0.873026 0.461646
vt 0.873504 0.483093
vt 0.371009 0.255531
vt 0.889634 0.549387
vt 0.348517 0.251022
vt 0.891049 0.571926
vt 0.784877 0.827536
vt 0.321965 0.245581
vt 0.892763 0.594119
vt 0.770007 0.832919
vt 0.291957 0.239291
vt 0.894566 0.615844
vt 0.755246 0.838695
vt 0.259416 0.232269
vt 0.896296 0.636911
vt 0.740725 0.844783
vt 0.225566 0.224673
vt 0.897846 0.657075
vt 0.726576 0.851096
vt 0.899115 0.676105
vt 0.870302 0.386638
vt 0.879633 0.402995
vt 0.900014 0.693794
vt 0.881564 0.421186
vt 0.900463 0.709957
vt 0.883317 0.440762
vt 0.900395 0.724436
vt 0.884883 0.461416
vt 0.899755 0.737098
vt 0.886255 0.482848
vt 0.898504 0.747832
vt 0.887429 0.504765
vt 0.389136 0.259061
vt 0.888446 0.526930
vt 0.785391 0.828937
vt 0.344846 0.265092
vt 0.318832 0.257357
vt 0.906566 0.571435
vt 0.909197 0.593604
vt 0.771017 0.835708
vt 0.289463 0.248449
vt 0.911939 0.615305
vt 0.756732 0.842846
vt 0.257663 0.238540
vt 0.914572 0.636349
vt 0.742663 0.850255
vt 0.224649 0.227862
vt 0.916930 0.656492
vt 0.728939 0.857837
vt 0.918855 0.675506
vt 0.877539 0.386490
vt 0.888009 0.402710
vt 0.920202 0.693183
vt 0.891124 0.420866
vt 0.920842 0.709342
vt 0.893969 0.440409
vt 0.920666 0.723824
vt 0.896525 0.461034
vt 0.919583 0.736496
vt 0.898775 0.482441
vt 0.917527 0.747251
vt 0.900705 0.504336
vt 0.402836 0.261600
vt 0.384685 0.276621
vt 0.902377 0.526483
vt 0.366901 0.271535
vt 0.904305 0.548920
vt 0.758605 0.846824
vt 0.286161 0.257291
vt 0.255342 0.244597
vt 0.928820 0.614547
vt 0.932331 0.635557
vt 0.745105 0.855500
vt 0.223434 0.230942
vt 0.935474 0.655670
vt 0.731915 0.864299
vt 0.938035 0.674660
vt 0.884648 0.386246
vt 0.896153 0.402315
vt 0.939816 0.692321
vt 0.900419 0.420420
vt 0.940642 0.708472
vt 0.904325 0.439917
vt 0.940361 0.722958
vt 0.907842 0.460501
vt 0.938852 0.735642
vt 0.910944 0.481872
vt 0.936017 0.746424
vt 0.913609 0.503738
vt 0.391804 0.298418
vt 0.378706 0.293576
vt 0.915918 0.525858
vt 0.361423 0.286987
vt 0.918563 0.548266
vt 0.339973 0.278675
vt 0.921645 0.570748
vt 0.786039 0.830281
vt 0.314679 0.268725
vt 0.925167 0.592882
vt 0.772291 0.838381
vt 0.735476 0.870419
vt 0.221933 0.233884
vt 0.953303 0.654610
vt 0.956476 0.673567
vt 0.891562 0.385906
vt 0.903987 0.401812
vt 0.958675 0.691206
vt 0.909360 0.419851
vt 0.959679 0.707348
vt 0.914286 0.439289
vt 0.959300 0.721836
vt 0.918726 0.459821
vt 0.957383 0.734536
vt 0.922646 0.481146
vt 0.953799 0.745354
vt 0.926018 0.502972
vt 0.383887 0.315683
vt 0.371207 0.309764
vt 0.928938 0.525058
vt 0.354495 0.301743
vt 0.932273 0.547428
vt 0.333834 0.291646
vt 0.936145 0.569867
vt 0.786815 0.831553
vt 0.309533 0.279579
vt 0.940522 0.591955
vt 0.773817 0.840914
vt 0.282076 0.265734
vt 0.945052 0.613572
vt 0.760848 0.850592
vt 0.252474 0.250380
vt 0.949405 0.634537
vt 0.748027 0.860468
vt 0.917863 0.419163
vt 0.976603 0.689842
vt 0.977777 0.705972
vt 0.923758 0.438529
vt 0.977308 0.720459
vt 0.929075 0.458997
vt 0.975006 0.733178
vt 0.933772 0.480267
vt 0.382792 0.336514
vt 0.374398 0.331966
vt 0.937815 0.502044
vt 0.362279 0.325028
vt 0.941316 0.524088
vt 0.346264 0.315657
vt 0.945306 0.546412
vt 0.326489 0.303882
vt 0.949930 0.568796
vt 0.787713 0.832741
vt 0.303280 0.289822
vt 0.955120 0.590825
vt 0.775580 0.843280
vt 0.277242 0.273696
vt 0.960484 0.612382
vt 0.763439 0.854114
vt 0.249085 0.255835
vt 0.965641 0.633288
vt 0.751403 0.865111
vt 0.220160 0.236659
vt 0.970257 0.653310
vt 0.739595 0.876139
vt 0.974010 0.672227
vt 0.728144 0.887066
vt 0.723329 0.880324
vt 0.938797 0.458028
vt 0.994226 0.718826
vt 0.991559 0.731573
vt 0.944224 0.479231
vt 0.371340 0.352303
vt 0.363345 0.347114
vt 0.948894 0.500954
vt 0.351842 0.339231
vt 0.952938 0.522951
vt 0.336781 0.328598
vt 0.957546 0.545215
vt 0.318054 0.315261
vt 0.962876 0.567533
vt 0.788723 0.833836
vt 0.296099 0.299349
vt 0.968830 0.589494
vt 0.777564 0.845458
vt 0.271537 0.281109
vt 0.974976 0.610980
vt 0.766367 0.857355
vt 0.245205 0.260908
vt 0.980885 0.631818
vt 0.755245 0.869384
vt 0.218132 0.239241
vt 0.986175 0.651778
vt 0.744288 0.881403
vt 0.990473 0.670647
vt 0.733621 0.893271
vt 0.993439 0.688230
vt 0.911439 0.401204
vt 0.925853 0.418355
vt 0.994769 0.704349
vt 0.932657 0.437636
vt 0.063421 0.515485
vt 0.067252 0.538301
vt 0.056342 0.536940
vt 0.350800 0.360983
vt 0.340078 0.352231
vt 0.061466 0.560111
vt 0.050047 0.558683
vt 0.325935 0.340451
vt 0.055415 0.582229
vt 0.043411 0.580724
vt 0.308579 0.325675
vt 0.049074 0.604459
vt 0.036400 0.602866
vt 0.789837 0.834824
vt 0.288066 0.308068
vt 0.030262 0.624835
vt 0.043655 0.626522
vt 0.779757 0.847426
vt 0.265164 0.287895
vt 0.024407 0.646387
vt 0.038541 0.648171
vt 0.769624 0.860284
vt 0.240796 0.265556
vt 0.018712 0.667280
vt 0.033563 0.669158
vt 0.759488 0.873246
vt 0.215868 0.241604
vt 0.013545 0.687281
vt 0.029036 0.689243
vt 0.749459 0.886161
vt 0.009309 0.706175
vt 0.025319 0.708205
vt 0.739659 0.898879
vt 0.006402 0.723771
vt 0.022763 0.725848
vt 0.098281 0.437672
vt 0.096902 0.456329
vt 0.088904 0.455353
vt 0.005231 0.739904
vt 0.021802 0.741999
vt 0.088724 0.475498
vt 0.079862 0.474409
vt 0.006353 0.754428
vt 0.022982 0.756510
vt 0.080953 0.495740
vt 0.071314 0.494549
vt 0.009819 0.767231
vt 0.026129 0.769267
vt 0.073745 0.516767
vt 0.358299 0.366759
vt 0.068078 0.583530
vt 0.314012 0.351093
vt 0.297956 0.335036
vt 0.062451 0.605835
vt 0.791042 0.835698
vt 0.279252 0.315896
vt 0.057803 0.627981
vt 0.782158 0.849166
vt 0.258182 0.293988
vt 0.053485 0.649714
vt 0.773151 0.862873
vt 0.235899 0.269733
vt 0.049278 0.670782
vt 0.764083 0.876660
vt 0.213391 0.243727
vt 0.045446 0.690938
vt 0.755061 0.890367
vt 0.042292 0.709959
vt 0.746201 0.903837
vt 0.040121 0.727642
vt 0.105334 0.438526
vt 0.105317 0.457172
vt 0.039597 0.743806
vt 0.098051 0.476439
vt 0.040705 0.758306
vt 0.091101 0.496769
vt 0.043502 0.771023
vt 0.084619 0.517875
vt 0.343768 0.379747
vt 0.336886 0.373439
vt 0.078751 0.539477
vt 0.326966 0.363910
vt 0.073506 0.561346
vt 0.072586 0.629196
vt 0.784720 0.850660
vt 0.269537 0.322768
vt 0.250657 0.299329
vt 0.069115 0.650999
vt 0.776913 0.865097
vt 0.230626 0.273396
vt 0.065751 0.672134
vt 0.768986 0.879592
vt 0.210723 0.245588
vt 0.062688 0.692350
vt 0.761039 0.893980
vt 0.060146 0.711419
vt 0.753190 0.908096
vt 0.058491 0.729133
vt 0.112753 0.439264
vt 0.114081 0.457875
vt 0.058374 0.745307
vt 0.107764 0.477223
vt 0.059366 0.759800
vt 0.101668 0.497628
vt 0.061754 0.772484
vt 0.095948 0.518799
vt 0.048166 0.781859
vt 0.065718 0.783259
vt 0.090737 0.540457
vt 0.321624 0.384369
vt 0.312714 0.374153
vt 0.086061 0.562375
vt 0.300959 0.360429
vt 0.081290 0.584614
vt 0.286491 0.343241
vt 0.076417 0.606982
vt 0.792327 0.836449
vt 0.082860 0.673201
vt 0.774179 0.882015
vt 0.225026 0.276509
vt 0.207868 0.247170
vt 0.080577 0.693464
vt 0.767408 0.896965
vt 0.078673 0.712571
vt 0.126818 0.423530
vt 0.128502 0.440363
vt 0.120473 0.439879
vt 0.077870 0.730304
vt 0.123185 0.458429
vt 0.077929 0.746490
vt 0.117853 0.477841
vt 0.078821 0.760976
vt 0.112643 0.498304
vt 0.080740 0.773635
vt 0.107693 0.519528
vt 0.083899 0.784364
vt 0.103139 0.541231
vt 0.305278 0.393661
vt 0.297335 0.382865
vt 0.099023 0.563189
vt 0.286975 0.368367
vt 0.094932 0.585471
vt 0.274201 0.350218
vt 0.090856 0.607889
vt 0.793686 0.837069
vt 0.259174 0.328609
vt 0.087937 0.630156
vt 0.787417 0.851894
vt 0.242631 0.303868
vt 0.085356 0.652014
vt 0.780875 0.866934
vt 0.097946 0.713400
vt 0.133675 0.423940
vt 0.136678 0.440713
vt 0.097803 0.731149
vt 0.132459 0.458830
vt 0.098038 0.747342
vt 0.128135 0.478289
vt 0.098817 0.761824
vt 0.123837 0.498795
vt 0.100303 0.774465
vt 0.119696 0.520056
vt 0.102650 0.785160
vt 0.115840 0.541792
vt 0.287885 0.401233
vt 0.281109 0.389958
vt 0.112332 0.563778
vt 0.272159 0.374832
vt 0.108912 0.586092
vt 0.261116 0.355903
vt 0.105935 0.608541
vt 0.795116 0.837553
vt 0.248298 0.333362
vt 0.103658 0.630851
vt 0.790224 0.852857
vt 0.234009 0.307572
vt 0.101998 0.652748
vt 0.785025 0.868368
vt 0.219155 0.279043
vt 0.100404 0.673973
vt 0.779627 0.883905
vt 0.204798 0.248463
vt 0.098940 0.694270
vt 0.774050 0.899294
vt 0.118097 0.731658
vt 0.118495 0.747857
vt 0.138561 0.478562
vt 0.119131 0.762337
vt 0.135172 0.499094
vt 0.120164 0.774966
vt 0.131832 0.520379
vt 0.121706 0.785640
vt 0.128680 0.542134
vt 0.269700 0.407005
vt 0.264030 0.395371
vt 0.125794 0.564137
vt 0.256629 0.379762
vt 0.123405 0.586466
vt 0.247540 0.360232
vt 0.121400 0.608934
vt 0.796590 0.837895
vt 0.236837 0.336990
vt 0.119594 0.631275
vt 0.793114 0.853540
vt 0.225071 0.310394
vt 0.118886 0.653196
vt 0.789331 0.869383
vt 0.213069 0.280973
vt 0.118229 0.674443
vt 0.785237 0.885244
vt 0.201616 0.249449
vt 0.117640 0.694759
vt 0.780914 0.900944
vt 0.117813 0.713897
vt 0.140670 0.424236
vt 0.144974 0.440925
vt 0.141871 0.459073
vt 0.139658 0.762507
vt 0.140207 0.775133
vt 0.144056 0.520491
vt 0.140886 0.785802
vt 0.141601 0.542254
vt 0.250894 0.410924
vt 0.246461 0.399040
vt 0.139685 0.564258
vt 0.240597 0.383107
vt 0.138175 0.586590
vt 0.233370 0.363176
vt 0.137011 0.609066
vt 0.798091 0.838093
vt 0.224989 0.339453
vt 0.136043 0.631416
vt 0.796068 0.853934
vt 0.215902 0.312307
vt 0.135910 0.653351
vt 0.793720 0.869970
vt 0.206773 0.282284
vt 0.136203 0.674605
vt 0.791003 0.886019
vt 0.198352 0.250118
vt 0.136888 0.694921
vt 0.787975 0.901899
vt 0.137818 0.714063
vt 0.147747 0.424415
vt 0.153307 0.440998
vt 0.138548 0.731827
vt 0.151318 0.459157
vt 0.139136 0.748028
vt 0.149032 0.478656
vt 0.146571 0.499198
vt 0.231600 0.412953
vt 0.228349 0.400944
vt 0.153761 0.564139
vt 0.224124 0.384840
vt 0.153000 0.586465
vt 0.218935 0.364697
vt 0.152629 0.608935
vt 0.799606 0.838145
vt 0.212957 0.340723
vt 0.152587 0.631277
vt 0.799085 0.854037
vt 0.206523 0.313296
vt 0.152849 0.653214
vt 0.798157 0.870124
vt 0.200243 0.282966
vt 0.154162 0.674459
vt 0.796851 0.886221
vt 0.195038 0.250465
vt 0.156129 0.694759
vt 0.795141 0.902149
vt 0.157715 0.713896
vt 0.154880 0.424476
vt 0.161623 0.440929
vt 0.158893 0.731657
vt 0.160743 0.459080
vt 0.159670 0.747856
vt 0.159460 0.478571
vt 0.160081 0.762336
vt 0.157898 0.499106
vt 0.160182 0.774966
vt 0.156227 0.520392
vt 0.160055 0.785641
vt 0.154901 0.542143
vt 0.207488 0.384938
vt 0.204290 0.364784
vt 0.168176 0.608541
vt 0.801120 0.838050
vt 0.200649 0.340799
vt 0.168995 0.630861
vt 0.802100 0.853848
vt 0.196917 0.313357
vt 0.170041 0.652776
vt 0.802646 0.869842
vt 0.193678 0.283008
vt 0.172327 0.673997
vt 0.802735 0.885850
vt 0.191706 0.250486
vt 0.175095 0.694278
vt 0.802358 0.901693
vt 0.177329 0.713398
vt 0.161975 0.424416
vt 0.169844 0.440719
vt 0.178948 0.731147
vt 0.170055 0.458842
vt 0.179909 0.747342
vt 0.169774 0.478307
vt 0.180201 0.761825
vt 0.169285 0.498815
vt 0.179846 0.774466
vt 0.168760 0.520075
vt 0.178906 0.785162
vt 0.168209 0.541806
vt 0.212126 0.413067
vt 0.210098 0.401051
vt 0.167739 0.563785
vt 0.167684 0.586093
vt 0.188329 0.339672
vt 0.187351 0.312480
vt 0.187297 0.652044
vt 0.807089 0.869128
vt 0.187140 0.282407
vt 0.190172 0.673232
vt 0.808607 0.884909
vt 0.188389 0.250180
vt 0.193661 0.693480
vt 0.809635 0.900533
vt 0.196549 0.712572
vt 0.168981 0.424238
vt 0.178009 0.440369
vt 0.198617 0.730302
vt 0.179426 0.458441
vt 0.199777 0.746489
vt 0.180286 0.477859
vt 0.199975 0.760976
vt 0.180770 0.498326
vt 0.199199 0.773636
vt 0.181103 0.519549
vt 0.197474 0.784365
vt 0.181311 0.541248
vt 0.192440 0.411277
vt 0.191657 0.399372
vt 0.181450 0.563201
vt 0.190710 0.383407
vt 0.182155 0.585477
vt 0.189555 0.363438
vt 0.183436 0.607890
vt 0.802618 0.837809
vt 0.185142 0.630171
vt 0.805084 0.853368
vt 0.180693 0.281170
vt 0.185117 0.249551
vt 0.208080 0.672160
vt 0.211642 0.692373
vt 0.816847 0.898681
vt 0.215166 0.711427
vt 0.175905 0.423941
vt 0.186020 0.439882
vt 0.217675 0.729131
vt 0.188682 0.457884
vt 0.219034 0.745306
vt 0.190724 0.477236
vt 0.219154 0.759799
vt 0.192227 0.497644
vt 0.217987 0.772484
vt 0.193267 0.518818
vt 0.215532 0.783259
vt 0.194048 0.540475
vt 0.172781 0.407597
vt 0.173187 0.395925
vt 0.194837 0.562389
vt 0.173837 0.380268
vt 0.196213 0.584623
vt 0.174727 0.360679
vt 0.198296 0.606986
vt 0.804087 0.837424
vt 0.175971 0.337361
vt 0.200866 0.629214
vt 0.808009 0.852603
vt 0.177850 0.310678
vt 0.204400 0.651024
vt 0.811488 0.867989
vt 0.814449 0.883406
vt 0.237517 0.743803
vt 0.237561 0.758304
vt 0.203229 0.496780
vt 0.236012 0.771021
vt 0.205189 0.517887
vt 0.232835 0.781857
vt 0.206631 0.539489
vt 0.153411 0.402059
vt 0.155037 0.390734
vt 0.207731 0.561359
vt 0.157340 0.375535
vt 0.209730 0.583539
vt 0.160205 0.356521
vt 0.212590 0.605840
vt 0.805512 0.836900
vt 0.163787 0.333884
vt 0.216232 0.627996
vt 0.810878 0.851558
vt 0.168351 0.307976
vt 0.220838 0.649733
vt 0.815789 0.866434
vt 0.174310 0.279314
vt 0.225245 0.670804
vt 0.820123 0.881357
vt 0.181922 0.248605
vt 0.229206 0.690962
vt 0.823934 0.896156
vt 0.233023 0.709973
vt 0.827174 0.910662
vt 0.818731 0.913640
vt 0.235962 0.727643
vt 0.197587 0.457176
vt 0.200731 0.476446
vt 0.253053 0.769264
vt 0.249184 0.780171
vt 0.218605 0.538304
vt 0.134548 0.394713
vt 0.137286 0.383853
vt 0.220319 0.560115
vt 0.141090 0.369269
vt 0.222769 0.582233
vt 0.145979 0.351010
vt 0.226174 0.604461
vt 0.806879 0.836241
vt 0.152013 0.329266
vt 0.230994 0.626530
vt 0.813654 0.850246
vt 0.159172 0.304387
vt 0.236404 0.648183
vt 0.819916 0.864481
vt 0.168009 0.276858
vt 0.241566 0.669174
vt 0.825653 0.878781
vt 0.178836 0.247351
vt 0.246137 0.689262
vt 0.830785 0.892982
vt 0.249911 0.708224
vt 0.835327 0.906920
vt 0.253263 0.725854
vt 0.193728 0.439265
vt 0.205989 0.456328
vt 0.255005 0.741997
vt 0.210199 0.475499
vt 0.254974 0.756507
vt 0.213672 0.495742
vt 0.216457 0.516770
vt 0.120123 0.375348
vt 0.125527 0.361515
vt 0.235159 0.580717
vt 0.132248 0.344198
vt 0.239153 0.602861
vt 0.808174 0.835453
vt 0.140505 0.323568
vt 0.244767 0.624834
vt 0.816285 0.848677
vt 0.150401 0.299947
vt 0.250942 0.646390
vt 0.823855 0.862147
vt 0.161987 0.273820
vt 0.256828 0.667288
vt 0.830899 0.875703
vt 0.175888 0.245800
vt 0.262035 0.687292
vt 0.837338 0.889189
vt 0.266199 0.706190
vt 0.843141 0.902449
vt 0.269446 0.723781
vt 0.201000 0.438523
vt 0.213826 0.455346
vt 0.271362 0.739904
vt 0.219005 0.474403
vt 0.271254 0.754425
vt 0.223357 0.494543
vt 0.269029 0.767227
vt 0.226920 0.515480
vt 0.264576 0.778216
vt 0.229769 0.536934
vt 0.116218 0.385641
vt 0.232090 0.558677
vt 0.119207 0.336146
vt 0.129591 0.316831
vt 0.257482 0.622923
vt 0.818748 0.846868
vt 0.141993 0.294706
vt 0.264307 0.644371
vt 0.827586 0.859454
vt 0.156303 0.270228
vt 0.270868 0.665164
vt 0.835845 0.872153
vt 0.173029 0.243973
vt 0.276678 0.685074
vt 0.843480 0.884815
vt 0.281326 0.703895
vt 0.850463 0.897292
vt 0.284450 0.721443
vt 0.856761 0.909442
vt 0.848314 0.915331
vt 0.286467 0.737544
vt 0.227047 0.473169
vt 0.286326 0.752077
vt 0.232238 0.493193
vt 0.283785 0.764929
vt 0.236553 0.514027
vt 0.278711 0.776012
vt 0.240025 0.535392
vt 0.098750 0.374920
vt 0.103767 0.365297
vt 0.242873 0.557058
vt 0.110534 0.352361
vt 0.246521 0.579012
vt 0.251171 0.601057
vt 0.809406 0.834544
vt 0.134041 0.288712
vt 0.151012 0.266116
vt 0.276434 0.642144
vt 0.283578 0.662821
vt 0.840453 0.868164
vt 0.170331 0.241884
vt 0.289912 0.682628
vt 0.849233 0.879900
vt 0.295008 0.701365
vt 0.857315 0.891500
vt 0.298446 0.718855
vt 0.864662 0.902826
vt 0.300207 0.734938
vt 0.220959 0.454240
vt 0.234302 0.471809
vt 0.299995 0.749485
vt 0.240224 0.491705
vt 0.297137 0.762395
vt 0.245190 0.512425
vt 0.078368 0.368502
vt 0.082258 0.362656
vt 0.249224 0.533693
vt 0.088265 0.353805
vt 0.252557 0.555274
vt 0.096538 0.341882
vt 0.256737 0.577133
vt 0.106826 0.326940
vt 0.261991 0.599069
vt 0.810547 0.833523
vt 0.119421 0.309118
vt 0.268951 0.620817
vt 0.821019 0.844836
vt 0.831027 0.856429
vt 0.167859 0.239551
vt 0.423891 0.289343
vt 0.442969 0.272861
vt 0.437876 0.291422
vt 0.863540 0.885127
vt 0.419991 0.306707
vt 0.434294 0.308835
vt 0.871842 0.895548
vt 0.418112 0.322861
vt 0.432571 0.324977
vt 0.508365 0.046650
vt 0.507062 0.065806
vt 0.499518 0.064711
vt 0.418591 0.337704
vt 0.432977 0.339802
vt 0.499701 0.085139
vt 0.491458 0.083936
vt 0.421738 0.351110
vt 0.435811 0.353158
vt 0.493122 0.105355
vt 0.484259 0.104055
vt 0.427765 0.363021
vt 0.441262 0.364987
vt 0.487387 0.126191
vt 0.477989 0.124807
vt 0.066867 0.348971
vt 0.073944 0.340971
vt 0.482361 0.147409
vt 0.472500 0.145952
vt 0.083412 0.330191
vt 0.476715 0.168885
vt 0.466331 0.167348
vt 0.095452 0.316657
vt 0.470289 0.190409
vt 0.459305 0.188780
vt 0.811581 0.832400
vt 0.109887 0.300515
vt 0.451644 0.210122
vt 0.463278 0.211849
vt 0.823075 0.842600
vt 0.126748 0.282017
vt 0.443794 0.231067
vt 0.456095 0.232895
vt 0.834144 0.853102
vt 0.146165 0.261525
vt 0.436239 0.251372
vt 0.449182 0.253296
vt 0.844631 0.863776
vt 0.429451 0.270850
vt 0.854452 0.874494
vt 0.449992 0.310834
vt 0.448417 0.326999
vt 0.515137 0.047626
vt 0.515346 0.066826
vt 0.448757 0.341786
vt 0.508752 0.086261
vt 0.451247 0.355092
vt 0.504656 0.100367
vt 0.500293 0.103218
vt 0.456074 0.366835
vt 0.493317 0.113323
vt 0.052836 0.333988
vt 0.060774 0.326929
vt 0.492087 0.138733
vt 0.493839 0.141568
vt 0.071552 0.317388
vt 0.488118 0.170320
vt 0.085048 0.305403
vt 0.482349 0.191932
vt 0.812497 0.831185
vt 0.101250 0.291095
vt 0.476052 0.213466
vt 0.824924 0.840182
vt 0.120185 0.274685
vt 0.469601 0.234608
vt 0.836909 0.849503
vt 0.141759 0.256502
vt 0.463391 0.255100
vt 0.848338 0.859032
vt 0.165637 0.236996
vt 0.457808 0.274747
vt 0.859087 0.868649
vt 0.453226 0.293375
vt 0.869072 0.878237
vt 0.523851 0.030877
vt 0.522573 0.048535
vt 0.465779 0.343631
vt 0.467903 0.356888
vt 0.510458 0.096732
vt 0.509140 0.097465
vt 0.472054 0.368549
vt 0.040271 0.317855
vt 0.049110 0.311800
vt 0.493188 0.148771
vt 0.499343 0.148138
vt 0.499954 0.148649
vt 0.060930 0.303602
vt 0.503973 0.149929
vt 0.075789 0.293282
vt 0.495369 0.193335
vt 0.813287 0.829890
vt 0.093645 0.280947
vt 0.489844 0.214953
vt 0.826529 0.837605
vt 0.114417 0.266788
vt 0.484182 0.236185
vt 0.839323 0.845668
vt 0.137789 0.251096
vt 0.478731 0.256763
vt 0.851548 0.853976
vt 0.163686 0.234245
vt 0.473828 0.276488
vt 0.863091 0.862420
vt 0.469797 0.295179
vt 0.873857 0.870895
vt 0.466939 0.312681
vt 0.530367 0.031666
vt 0.530601 0.049367
vt 0.465522 0.328867
vt 0.524289 0.067762
vt 0.518524 0.087292
vt 0.038932 0.295739
vt 0.517315 0.151156
vt 0.515828 0.151021
vt 0.517406 0.150577
vt 0.051766 0.288960
vt 0.513525 0.172841
vt 0.510911 0.151700
vt 0.515336 0.151153
vt 0.067862 0.280407
vt 0.500426 0.171646
vt 0.509224 0.194605
vt 0.813943 0.828529
vt 0.087150 0.270167
vt 0.504519 0.216303
vt 0.827863 0.834894
vt 0.109364 0.258407
vt 0.502521 0.224075
vt 0.495874 0.230185
vt 0.841347 0.841634
vt 0.134405 0.245355
vt 0.490533 0.246112
vt 0.492043 0.255319
vt 0.854262 0.848657
vt 0.162025 0.231324
vt 0.493281 0.258105
vt 0.494513 0.260838
vt 0.866485 0.855867
vt 0.490876 0.278063
vt 0.487430 0.296812
vt 0.544627 0.017107
vt 0.544883 0.033045
vt 0.537402 0.032389
vt 0.484971 0.314356
vt 0.539140 0.050122
vt 0.483725 0.330560
vt 0.533802 0.068609
vt 0.483889 0.345310
vt 0.528921 0.088223
vt 0.485621 0.358519
vt 0.522444 0.096261
vt 0.520430 0.096165
vt 0.489055 0.370106
vt 0.061313 0.266902
vt 0.527292 0.173891
vt 0.523784 0.195722
vt 0.814458 0.827113
vt 0.081688 0.258867
vt 0.828913 0.832075
vt 0.105206 0.249617
vt 0.511670 0.219458
vt 0.502791 0.223938
vt 0.842942 0.837440
vt 0.131639 0.239334
vt 0.856405 0.843127
vt 0.160670 0.228261
vt 0.503453 0.274316
vt 0.496389 0.264850
vt 0.869169 0.849055
vt 0.508788 0.279457
vt 0.550977 0.017658
vt 0.552743 0.033620
vt 0.505959 0.298257
vt 0.503921 0.315836
vt 0.548111 0.050784
vt 0.502855 0.332053
vt 0.543799 0.069351
vt 0.502918 0.346793
vt 0.539846 0.089040
vt 0.504239 0.359961
vt 0.532892 0.102226
vt 0.529592 0.100015
vt 0.506918 0.371481
vt 0.029370 0.300723
vt 0.030534 0.278889
vt 0.530388 0.152148
vt 0.527091 0.146754
vt 0.527858 0.146093
vt 0.044224 0.273600
vt 0.814828 0.825656
vt 0.829668 0.829176
vt 0.102013 0.240501
vt 0.844093 0.833125
vt 0.129522 0.233090
vt 0.857955 0.837438
vt 0.159635 0.225085
vt 0.871115 0.842047
vt 0.513009 0.283333
vt 0.514787 0.284571
vt 0.564578 0.018553
vt 0.560907 0.034108
vt 0.525210 0.299488
vt 0.523610 0.317097
vt 0.557431 0.051346
vt 0.522731 0.333327
vt 0.554184 0.069982
vt 0.522689 0.348058
vt 0.551196 0.089734
vt 0.523580 0.361193
vt 0.548494 0.110325
vt 0.537471 0.109647
vt 0.536563 0.107991
vt 0.525475 0.372655
vt 0.540687 0.121853
vt 0.540338 0.118345
vt 0.020311 0.282751
vt 0.023980 0.261413
vt 0.536277 0.136885
vt 0.537755 0.133758
vt 0.546103 0.131488
vt 0.038302 0.257672
vt 0.541595 0.174784
vt 0.056173 0.252900
vt 0.538912 0.196672
vt 0.077474 0.247147
vt 0.535975 0.215354
vt 0.522919 0.216535
vt 0.844788 0.828732
vt 0.858895 0.831647
vt 0.158930 0.221827
vt 0.872301 0.834913
vt 0.540699 0.299295
vt 0.540497 0.299202
vt 0.571698 0.018886
vt 0.569296 0.034504
vt 0.543766 0.300425
vt 0.543853 0.318121
vt 0.567008 0.051801
vt 0.543167 0.334362
vt 0.564857 0.070493
vt 0.543017 0.349086
vt 0.562862 0.090296
vt 0.543463 0.362196
vt 0.561040 0.110934
vt 0.544550 0.373613
vt 0.559407 0.132137
vt 0.013248 0.264111
vt 0.019386 0.243477
vt 0.557932 0.153675
vt 0.543970 0.152992
vt 0.034179 0.241324
vt 0.556298 0.175508
vt 0.052619 0.238529
vt 0.554464 0.197442
vt 0.815049 0.824173
vt 0.074572 0.235119
vt 0.550702 0.215979
vt 0.548353 0.215823
vt 0.830122 0.826224
vt 0.099821 0.231146
vt 0.128073 0.226683
vt 0.551820 0.303201
vt 0.554856 0.304151
vt 0.564461 0.318891
vt 0.008289 0.244979
vt 0.568346 0.218914
vt 0.568112 0.218852
vt 0.580070 0.005435
vt 0.808487 0.173082
vt 0.810261 0.158204
vt 0.811526 0.174059
vt 0.816226 0.175538
vt 0.822719 0.171953
vt 0.828125 0.177616
vt 0.820540 0.176520
vt 0.825361 0.160454
vt 0.840539 0.162634
vt 0.880822 0.167946
vt 0.886386 0.170933
vt 0.879527 0.173583
vt 0.868813 0.166453
vt 0.878620 0.173888
vt 0.855211 0.164660
vt 0.866485 0.176582
vt 0.837492 0.178872
vt 0.836823 0.178806
vt 0.890779 0.169044
vt 0.882500 0.117481
vt 0.892642 0.113007
vt 0.771899 0.206446
vt 0.785818 0.210300
vt 0.771858 0.207457
vt 0.870240 0.123536
vt 0.795192 0.200721
vt 0.771466 0.189335
vt 0.802856 0.193432
vt 0.856332 0.130940
vt 0.311064 0.565628
vt 0.310669 0.535463
vt 0.312732 0.535234
vt 0.841311 0.139407
vt 0.327172 0.576188
vt 0.318472 0.535145
vt 0.326608 0.533056
vt 0.825755 0.148613
vt 0.335392 0.577307
vt 0.343302 0.575558
vt 0.334763 0.529138
vt 0.771328 0.225995
vt 0.771673 0.221356
vt 0.775094 0.221803
vt 0.898472 0.164543
vt 0.771933 0.208488
vt 0.823840 0.138234
vt 0.326707 0.621786
vt 0.773324 0.238479
vt 0.771448 0.239353
vt 0.771500 0.237798
vt 0.342837 0.621156
vt 0.794499 0.229047
vt 0.883573 0.063854
vt 0.900276 0.110286
vt 0.874338 0.073244
vt 0.813991 0.220817
vt 0.863298 0.085916
vt 0.831049 0.214106
vt 0.850878 0.101382
vt 0.318957 0.572245
vt 0.310669 0.604284
vt 0.837555 0.119047
vt 0.318519 0.615197
vt 0.849046 0.059320
vt 0.845019 0.209172
vt 0.854735 0.233282
vt 0.839680 0.080485
vt 0.855364 0.206203
vt 0.872871 0.231721
vt 0.829841 0.104654
vt 0.317011 0.641114
vt 0.819908 0.130896
vt 0.334918 0.623798
vt 0.325106 0.649300
vt 0.779859 0.243770
vt 0.771510 0.245225
vt 0.771311 0.242681
vt 0.382553 0.514923
vt 0.384772 0.541846
vt 0.376586 0.540047
vt 0.864950 0.029104
vt 0.890648 0.058105
vt 0.807318 0.239425
vt 0.857578 0.041970
vt 0.832600 0.235884
vt 0.771799 0.249486
vt 0.814557 0.127717
vt 0.386305 0.484047
vt 0.390856 0.516229
vt 0.782041 0.249853
vt 0.839611 0.014048
vt 0.870878 0.021215
vt 0.811598 0.251357
vt 0.834773 0.028420
vt 0.838815 0.253207
vt 0.829651 0.047796
vt 0.862644 0.255330
vt 0.824442 0.071431
vt 0.886311 0.231258
vt 0.882171 0.257646
vt 0.819345 0.098417
vt 0.894540 0.231913
vt 0.896645 0.260065
vt 0.402340 0.485180
vt 0.398589 0.516056
vt 0.871504 0.283001
vt 0.808068 0.053100
vt 0.884793 0.288238
vt 0.807484 0.075598
vt 0.892928 0.292402
vt 0.905510 0.262494
vt 0.807664 0.101287
vt 0.395664 0.452197
vt 0.394681 0.484749
vt 0.779539 0.255802
vt 0.808602 0.129180
vt 0.806689 0.263027
vt 0.377533 0.483101
vt 0.387269 0.452120
vt 0.831687 0.270148
vt 0.811411 0.020977
vt 0.853573 0.276893
vt 0.809394 0.034657
vt 0.393656 0.423530
vt 0.793337 0.272657
vt 0.772732 0.260711
vt 0.378441 0.453027
vt 0.385299 0.424004
vt 0.812303 0.284129
vt 0.784644 0.048838
vt 0.828902 0.294687
vt 0.785304 0.059730
vt 0.842494 0.303925
vt 0.787582 0.074423
vt 0.852558 0.311488
vt 0.791388 0.092352
vt 0.858708 0.317084
vt 0.796577 0.112828
vt 0.403305 0.453254
vt 0.772302 0.259642
vt 0.772172 0.256371
vt 0.802950 0.135063
vt 0.771311 0.108521
vt 0.804849 0.326275
vt 0.778604 0.119142
vt 0.808060 0.332783
vt 0.787772 0.131281
vt 0.809066 0.336506
vt 0.860706 0.320500
vt 0.772481 0.260789
vt 0.772445 0.260551
vt 0.798461 0.144470
vt 0.345692 0.513381
vt 0.360840 0.474074
vt 0.352842 0.512851
vt 0.774619 0.278459
vt 0.774161 0.276398
vt 0.337107 0.509365
vt 0.353537 0.475349
vt 0.783614 0.293022
vt 0.775039 0.280859
vt 0.327414 0.500960
vt 0.344496 0.473541
vt 0.792387 0.306005
vt 0.316987 0.488486
vt 0.334064 0.468718
vt 0.799557 0.317233
vt 0.353537 0.449862
vt 0.777016 0.293071
vt 0.344496 0.446041
vt 0.780016 0.306906
vt 0.777133 0.293494
vt 0.322642 0.461067
vt 0.334064 0.440053
vt 0.782463 0.318479
vt 0.780568 0.310485
vt 0.310669 0.450881
vt 0.310669 0.423529
vt 0.315862 0.426988
vt 0.783548 0.327827
vt 0.783486 0.327548
vt 0.782588 0.153838
vt 0.772820 0.152184
vt 0.783530 0.334570
vt 0.795818 0.155970
vt 0.366123 0.449178
vt 0.366123 0.469765
vt 0.360840 0.450905
vt 0.782376 0.160219
vt 0.795425 0.167811
vt 0.795281 0.167908
vt 0.795462 0.168011
vt 0.802037 0.170924
vt 0.799362 0.170001
vt 0.805672 0.172153
vt 0.362686 0.682965
vt 0.359098 0.679929
vt 0.359310 0.676600
vt 0.367981 0.680616
vt 0.372795 0.678736
vt 0.363354 0.671896
vt 0.368861 0.671319
vt 0.358515 0.627696
vt 0.366411 0.622434
vt 0.363719 0.628960
vt 0.371359 0.625771
vt 0.369504 0.630266
vt 0.376594 0.629272
vt 0.375649 0.631563
vt 0.381917 0.632802
vt 0.378341 0.627509
vt 0.359844 0.672729
vt 0.361659 0.668482
vt 0.362591 0.612816
vt 0.364376 0.612199
vt 0.361941 0.619391
vt 0.368272 0.613004
vt 0.371385 0.617417
vt 0.374785 0.622314
vt 0.373431 0.610824
vt 0.366938 0.611153
vt 0.379261 0.620423
vt 0.380623 0.626545
vt 0.383093 0.626525
vt 0.384996 0.613911
vt 0.377883 0.614671
vt 0.376947 0.611067
vt 0.384106 0.620384
vt 0.384917 0.614614
vt 0.385703 0.614394
vt 0.388195 0.615947
vt 0.388582 0.622204
vt 0.385375 0.627453
vt 0.395509 0.622879
vt 0.391032 0.617927
vt 0.392008 0.625605
vt 0.387121 0.629187
vt 0.399081 0.628676
vt 0.398703 0.627766
vt 0.399227 0.628633
vt 0.395826 0.623453
vt 0.393862 0.630070
vt 0.388067 0.631463
vt 0.399081 0.635716
vt 0.401360 0.636013
vt 0.393862 0.634919
vt 0.388067 0.633935
vt 0.392008 0.639414
vt 0.387121 0.636227
vt 0.397612 0.706659
vt 0.397074 0.711733
vt 0.395589 0.709926
vt 0.401552 0.640450
vt 0.401600 0.640957
vt 0.396389 0.642242
vt 0.394377 0.721266
vt 0.396955 0.717072
vt 0.396999 0.719145
vt 0.393766 0.650987
vt 0.391416 0.647259
vt 0.388582 0.642871
vt 0.385375 0.637989
vt 0.384106 0.644762
vt 0.383093 0.638953
vt 0.320449 0.700502
vt 0.318473 0.698335
vt 0.320900 0.698216
vt 0.326576 0.697259
vt 0.325007 0.705209
vt 0.321142 0.701057
vt 0.330074 0.703352
vt 0.325439 0.705525
vt 0.385818 0.658019
vt 0.385495 0.654482
vt 0.384917 0.650006
vt 0.332406 0.685811
vt 0.331587 0.695682
vt 0.335742 0.693546
vt 0.336438 0.685151
vt 0.377883 0.650062
vt 0.379261 0.644801
vt 0.380623 0.638973
vt 0.315763 0.686644
vt 0.313622 0.687337
vt 0.313278 0.686589
vt 0.315345 0.691687
vt 0.327486 0.686291
vt 0.378341 0.638045
vt 0.315763 0.673931
vt 0.310669 0.674014
vt 0.321866 0.674104
vt 0.321866 0.686572
vt 0.327486 0.674546
vt 0.332406 0.675241
vt 0.336438 0.676162
vt 0.376543 0.654554
vt 0.371385 0.647420
vt 0.374785 0.642981
vt 0.368272 0.651191
vt 0.358122 0.646760
vt 0.361941 0.644906
vt 0.366411 0.642482
vt 0.371359 0.639580
vt 0.376594 0.636311
vt 0.311094 0.665667
vt 0.320900 0.662709
vt 0.326576 0.663812
vt 0.331587 0.665581
vt 0.363502 0.709849
vt 0.359491 0.706185
vt 0.358387 0.701056
vt 0.375649 0.634035
vt 0.368904 0.706443
vt 0.373791 0.702513
vt 0.363172 0.696590
vt 0.368391 0.693232
vt 0.377974 0.698209
vt 0.373114 0.689856
vt 0.377161 0.686594
vt 0.381294 0.693697
vt 0.358515 0.636656
vt 0.363719 0.636000
vt 0.369504 0.635115
vt 0.358456 0.692439
vt 0.358151 0.687555
vt 0.313598 0.740593
vt 0.311171 0.744418
vt 0.310669 0.738778
vt 0.313306 0.753089
vt 0.311160 0.745023
vt 0.318402 0.743828
vt 0.322554 0.746906
vt 0.363337 0.586372
vt 0.358299 0.577967
vt 0.363477 0.579334
vt 0.369139 0.585602
vt 0.369235 0.580754
vt 0.375304 0.584644
vt 0.375353 0.582173
vt 0.381595 0.583536
vt 0.376204 0.586939
vt 0.311333 0.752279
vt 0.311916 0.755739
vt 0.312688 0.758968
vt 0.312671 0.758840
vt 0.318221 0.754782
vt 0.361384 0.595242
vt 0.358122 0.586926
vt 0.365900 0.592907
vt 0.360317 0.595734
vt 0.363574 0.597505
vt 0.369240 0.599729
vt 0.374263 0.593571
vt 0.370905 0.590103
vt 0.377916 0.588707
vt 0.380179 0.589680
vt 0.370776 0.597942
vt 0.376406 0.600362
vt 0.378702 0.595479
vt 0.377327 0.600336
vt 0.383994 0.598864
vt 0.378182 0.600110
vt 0.383547 0.595536
vt 0.382649 0.589709
vt 0.388060 0.593734
vt 0.389607 0.596238
vt 0.388539 0.596676
vt 0.384949 0.588790
vt 0.391553 0.590346
vt 0.394869 0.592580
vt 0.386730 0.587063
vt 0.399642 0.586931
vt 0.397339 0.589907
vt 0.398698 0.586789
vt 0.393496 0.585889
vt 0.387721 0.584790
vt 0.393592 0.581041
vt 0.387770 0.582319
vt 0.398226 0.695027
vt 0.398478 0.696197
vt 0.397911 0.695461
vt 0.398838 0.579750
vt 0.403286 0.579435
vt 0.400674 0.584410
vt 0.396956 0.681834
vt 0.397060 0.686279
vt 0.395468 0.684201
vt 0.397128 0.687358
vt 0.393272 0.689404
vt 0.400043 0.570180
vt 0.403305 0.578497
vt 0.396274 0.573216
vt 0.391827 0.576540
vt 0.386870 0.580024
vt 0.388469 0.573071
vt 0.385158 0.578256
vt 0.398419 0.668733
vt 0.398331 0.668618
vt 0.398478 0.668482
vt 0.394530 0.673690
vt 0.397720 0.672580
vt 0.391756 0.679303
vt 0.397224 0.677244
vt 0.395690 0.560014
vt 0.402986 0.567550
vt 0.391399 0.568180
vt 0.386044 0.555869
vt 0.396885 0.557052
vt 0.393838 0.563772
vt 0.384954 0.565410
vt 0.382895 0.577283
vt 0.373872 0.746880
vt 0.374281 0.747493
vt 0.374261 0.747759
vt 0.368564 0.747228
vt 0.363956 0.747029
vt 0.372975 0.757194
vt 0.368111 0.756416
vt 0.380425 0.577254
vt 0.384029 0.571163
vt 0.374375 0.746804
vt 0.371341 0.734604
vt 0.374375 0.734270
vt 0.366082 0.735188
vt 0.361618 0.735687
vt 0.358122 0.736082
vt 0.360226 0.746289
vt 0.385635 0.560246
vt 0.375518 0.555745
vt 0.377921 0.565328
vt 0.376683 0.560141
vt 0.365713 0.559661
vt 0.371369 0.567945
vt 0.379184 0.571106
vt 0.374671 0.572909
vt 0.371162 0.722082
vt 0.373123 0.721947
vt 0.373317 0.725470
vt 0.378124 0.578173
vt 0.365906 0.722907
vt 0.374471 0.552309
vt 0.355661 0.528321
vt 0.353764 0.528834
vt 0.353764 0.523843
vt 0.376343 0.579900
vt 0.314137 0.727234
vt 0.310669 0.725076
vt 0.311386 0.719557
vt 0.323522 0.723814
vt 0.318862 0.719512
vt 0.327333 0.728727
vt 0.319071 0.731088
vt 0.361889 0.569731
vt 0.368344 0.563472
vt 0.371178 0.576297
vt 0.326743 0.739630
vt 0.323327 0.735273
vt 0.366297 0.572863
vt 0.310955 0.731703
vt 0.310872 0.732905
vt 0.564930 0.306930
vt 0.567739 0.307618
vt 0.569241 0.219160
vt 0.574913 0.220657
vt 0.586078 0.224030
vt 0.603375 0.230961
vt 0.602760 0.230677
vt 0.007262 0.186438
vt 0.621376 0.241245
vt 0.612100 0.111821
vt 0.608522 0.132288
vt 0.608904 0.133085
vt 0.609869 0.114717
vt 0.608324 0.131388
vt 0.622395 0.242036
vt 0.633137 0.301772
vt 0.614225 0.108357
vt 0.623373 0.101910
vt 0.628524 0.152254
vt 0.614839 0.143587
vt 0.619415 0.148074
vt 0.642433 0.262631
vt 0.647382 0.282550
vt 0.634752 0.100131
vt 0.633898 0.153892
vt 0.641989 0.153063
vt 0.642923 0.153012
vt 0.653875 0.146219
vt 0.653414 0.110534
vt 0.660363 0.131527
vt 0.660521 0.130715
vt 0.656659 0.143730
vt 0.429486 0.426981
vt 0.759523 0.310580
vt 0.443113 0.411569
vt 0.459361 0.396453
vt 0.392717 0.105495
vt 0.793578 0.458999
vt 0.828105 0.385474
vt 0.398132 0.280333
vt 0.898214 0.385474
vt 0.392635 0.319542
vt 0.918441 0.400489
vt 0.182627 0.423530
vt 0.207792 0.437664
vt 0.227410 0.453021
vt 0.095573 0.381287
vt 0.498348 0.106007
vt 0.490192 0.125732
vt 0.490262 0.126551
vt 0.494545 0.142374
vt 0.490720 0.131287
vt 0.516198 0.096478
vt 0.504839 0.150201
vt 0.506502 0.150828
vt 0.492206 0.236923
vt 0.491823 0.237627
vt 0.526695 0.098624
vt 0.519972 0.217308
vt 0.519420 0.217451
vt 0.557649 0.018142
vt 0.536227 0.107264
vt 0.520170 0.150090
vt 0.531629 0.142536
vt 0.525964 0.291931
vt 0.538930 0.111999
vt 0.538870 0.131041
vt 0.539227 0.130263
vt 0.532142 0.142127
vt 0.536385 0.215374
vt 0.544979 0.300868
vt 0.552713 0.216326
vt 0.563155 0.306472
vt 0.558122 0.305102
vt 0.547884 0.301887
vt 0.574190 0.005231
vt 0.817888 0.176052
vt 0.857886 0.178138
vt 0.852029 0.178505
vt 0.772292 0.197731
vt 0.314684 0.535151
vt 0.332495 0.530114
vt 0.340900 0.524916
vt 0.342626 0.523843
vt 0.771311 0.225378
vt 0.333286 0.651851
vt 0.843978 0.005231
vt 0.772055 0.253935
vt 0.376586 0.426542
vt 0.401335 0.425137
vt 0.338474 0.442395
vt 0.341460 0.444165
vt 0.322642 0.432379
vt 0.780426 0.309915
vt 0.771311 0.150880
vt 0.361340 0.450737
vt 0.798255 0.169465
vt 0.358122 0.685199
vt 0.358122 0.616756
vt 0.361818 0.613027
vt 0.400097 0.644601
vt 0.401378 0.638820
vt 0.397113 0.720291
vt 0.397612 0.725589
vt 0.391756 0.716160
vt 0.395544 0.653910
vt 0.365565 0.654150
vt 0.311012 0.662508
vt 0.314778 0.662313
vt 0.360106 0.711484
vt 0.358122 0.699532
vt 0.314403 0.762059
vt 0.312856 0.761945
vt 0.386167 0.552446
vt 0.373143 0.757189
vt 0.361453 0.724118
vt 0.363576 0.556660
vt 0.313533 0.715987
vt 0.358122 0.567022
s 1
usemtl マテリアル.001
f 2189/1/1 18/2/2 19/3/3
f 2203/4/4 48/5/5 15/6/6
f 4/7/7 19/8/3 20/9/8
f 1468/10/9 15/6/6 48/5/5
f 2190/11/10 20/9/8 21/12/11
f 2204/13/12 2207/14/13 36/15/14
f 2191/16/15 21/12/11 22/17/16
f 12/18/17 36/15/14 37/19/18
f 2192/20/19 22/17/16 23/21/20
f 12/18/17 38/22/21 2196/23/22
f 2193/24/23 23/21/20 24/25/24
f 2196/23/22 39/26/25 2197/27/26
f 2194/28/27 24/25/24 26/29/28
f 2197/27/26 40/30/29 2198/31/30
f 5/32/31 26/29/28 27/33/32
f 2198/34/30 41/35/33 2199/36/34
f 6/37/35 27/33/32 30/38/36
f 2199/36/34 42/39/37 2200/40/38
f 7/41/39 30/38/36 32/42/40
f 2200/40/38 43/43/41 2201/44/42
f 2195/45/43 32/42/40 33/46/44
f 1/47/45 1281/48/46 16/49/47
f 2201/44/42 44/50/48 2202/51/49
f 33/46/44 2210/52/50 2195/45/43
f 2/53/51 16/49/47 17/54/52
f 2202/51/49 45/55/53 13/56/54
f 35/57/55 2212/58/56 2213/59/57
f 3/60/58 17/54/52 18/2/2
f 13/56/54 46/61/59 2203/4/4
f 30/38/36 63/62/60 64/63/61
f 41/35/33 82/64/62 42/39/37
f 32/42/40 64/63/61 65/65/63
f 42/39/37 84/66/64 43/43/41
f 33/46/44 65/65/63 66/67/65
f 16/49/47 1281/48/46 50/68/66
f 43/43/41 89/69/67 44/50/48
f 33/46/44 69/70/68 35/57/55
f 17/54/52 50/68/66 53/71/69
f 44/50/48 91/72/70 45/55/53
f 2215/73/71 2216/74/72 35/57/55
f 18/2/2 53/71/69 54/75/73
f 45/55/53 93/76/74 46/61/59
f 19/3/3 54/75/73 55/77/75
f 46/61/59 95/78/76 48/5/5
f 20/9/8 55/79/75 56/80/77
f 1468/10/9 48/5/5 95/78/76
f 21/12/11 56/80/77 57/81/78
f 36/15/14 2208/82/79 2219/83/80
f 22/17/16 57/81/78 58/84/81
f 36/15/14 73/85/82 37/19/18
f 23/21/20 58/84/81 59/86/83
f 37/19/18 75/87/84 38/22/21
f 24/25/24 59/86/83 61/88/85
f 38/22/21 78/89/86 39/26/25
f 26/29/28 61/88/85 62/90/87
f 39/26/25 80/91/88 40/30/29
f 27/33/32 62/90/87 63/62/60
f 40/92/29 81/93/89 41/35/33
f 66/67/65 124/94/90 125/95/91
f 50/68/66 1281/48/46 98/96/92
f 84/66/64 154/97/93 89/69/67
f 66/67/65 128/98/94 69/70/68
f 53/71/69 98/96/92 100/99/95
f 89/69/67 158/100/96 91/72/70
f 2223/101/97 2221/102/98 128/98/94
f 54/75/73 100/99/95 102/103/99
f 91/72/70 160/104/100 93/76/74
f 55/77/75 102/103/99 103/105/101
f 93/76/74 162/106/102 95/78/76
f 56/80/77 103/107/101 108/108/103
f 1468/10/9 95/78/76 162/106/102
f 57/81/78 108/108/103 110/109/104
f 71/110/105 2220/111/106 2224/112/107
f 58/84/81 110/109/104 112/113/108
f 71/110/105 138/114/109 73/85/82
f 59/86/83 112/113/108 114/115/110
f 73/85/82 141/116/111 75/87/84
f 61/88/85 114/115/110 115/117/112
f 75/87/84 143/118/113 78/89/86
f 62/90/87 115/117/112 2275/119/114
f 80/91/88 143/118/113 144/120/115
f 62/90/87 2280/121/116 2278/122/117
f 81/93/89 144/123/115 146/124/118
f 2283/125/119 2284/126/120 64/63/61
f 82/64/62 146/124/118 149/127/121
f 65/65/63 122/128/122 124/94/90
f 84/66/64 149/127/121 151/129/123
f 128/98/94 199/130/124 202/131/125
f 102/103/99 165/132/126 168/133/127
f 158/100/96 243/134/128 160/104/100
f 2227/135/129 202/131/125 2229/136/130
f 103/105/101 168/133/127 172/137/131
f 160/104/100 244/138/132 162/106/102
f 108/108/103 172/139/131 174/140/133
f 1468/10/9 162/106/102 244/138/132
f 2233/141/134 207/142/135 2230/143/136
f 110/109/104 174/140/133 177/144/137
f 135/145/138 2225/146/139 2234/147/140
f 112/113/108 177/144/137 180/148/141
f 135/145/138 216/149/142 138/114/109
f 114/115/110 180/148/141 183/150/143
f 138/114/109 218/151/144 141/116/111
f 115/117/112 183/150/143 184/152/145
f 141/116/111 220/153/146 143/118/113
f 2286/154/147 2288/155/148 115/117/112
f 144/120/115 220/153/146 222/156/149
f 146/124/118 222/157/149 224/158/150
f 122/128/122 2290/159/151 2293/160/152
f 149/127/121 224/158/150 226/161/153
f 124/94/90 189/162/154 193/163/155
f 151/129/123 226/161/153 230/164/156
f 125/95/91 193/163/155 197/165/157
f 98/96/92 1281/48/46 163/166/158
f 154/97/93 230/164/156 234/167/159
f 125/95/91 199/130/124 128/98/94
f 100/99/95 163/166/158 165/132/126
f 154/97/93 238/168/160 158/100/96
f 2236/169/161 2237/170/162 292/171/163
f 174/140/133 254/172/164 259/173/165
f 1468/10/9 244/138/132 331/174/166
f 2239/175/167 299/176/168 2232/177/169
f 177/144/137 259/173/165 264/178/170
f 207/142/135 303/179/171 209/180/172
f 180/148/141 264/178/170 266/181/173
f 209/180/172 307/182/174 216/149/142
f 183/150/143 266/181/173 268/183/175
f 216/149/142 310/184/176 218/151/144
f 184/152/145 268/183/175 270/185/177
f 218/151/144 311/186/178 220/153/146
f 270/185/177 2296/187/179 2294/188/180
f 220/153/146 313/189/181 222/156/149
f 224/158/150 313/190/181 314/191/182
f 278/192/183 189/162/154 2299/193/184
f 226/161/153 314/191/182 317/194/185
f 193/163/155 278/192/183 284/195/186
f 226/161/153 320/196/187 230/164/156
f 197/165/157 284/195/186 286/197/188
f 163/166/158 1281/48/46 247/198/189
f 230/164/156 321/199/190 234/167/159
f 197/165/157 288/200/191 199/130/124
f 165/132/126 247/198/189 249/201/192
f 234/167/159 324/202/193 238/168/160
f 199/130/124 290/203/194 202/131/125
f 168/133/127 249/201/192 252/204/195
f 238/168/160 328/205/196 243/134/128
f 292/171/163 2228/206/197 290/203/194
f 172/137/131 252/204/195 254/207/164
f 243/134/128 331/174/166 244/138/132
f 299/176/168 364/208/198 303/179/171
f 266/181/173 347/209/199 350/210/200
f 303/179/171 366/211/201 307/182/174
f 268/183/175 350/210/200 351/212/202
f 307/182/174 368/213/203 310/184/176
f 270/185/177 351/212/202 352/214/204
f 310/184/176 370/215/205 311/186/178
f 352/214/204 2300/216/206 2301/217/207
f 311/186/178 371/218/208 313/189/181
f 313/190/181 372/219/209 314/191/182
f 353/220/210 2302/221/211 2305/222/211
f 314/191/182 373/223/212 317/194/185
f 284/195/186 353/220/210 354/224/213
f 317/194/185 374/225/214 320/196/187
f 286/197/188 354/224/213 355/226/215
f 247/198/189 1281/48/46 333/227/216
f 320/196/187 375/228/217 321/199/190
f 286/197/188 356/229/218 288/200/191
f 249/201/192 333/227/216 335/230/219
f 321/199/190 376/231/220 324/202/193
f 288/200/191 357/232/221 290/203/194
f 252/204/195 335/230/219 337/233/222
f 324/202/193 377/234/223 328/205/196
f 290/203/194 358/235/224 292/171/163
f 254/207/164 337/233/222 339/236/225
f 328/205/196 378/237/226 331/174/166
f 292/171/163 360/238/227 294/239/228
f 259/173/165 339/240/225 344/241/229
f 1468/10/9 331/174/166 378/237/226
f 294/239/228 362/242/230 299/176/168
f 264/178/170 344/241/229 347/209/199
f 366/211/201 406/243/231 368/213/203
f 352/214/204 390/244/232 391/245/233
f 368/213/203 407/246/234 370/215/205
f 2307/247/235 2300/216/206 391/245/233
f 370/215/205 408/248/236 371/218/208
f 2308/249/237 392/250/238 393/251/239
f 371/252/208 409/253/240 372/219/209
f 2312/254/241 2311/255/242 393/251/239
f 372/219/209 410/256/243 373/223/212
f 354/224/213 394/257/244 395/258/245
f 373/223/212 411/259/246 374/225/214
f 355/226/215 395/258/245 396/260/247
f 333/227/216 1281/48/46 379/261/248
f 374/225/214 412/262/249 375/228/217
f 355/226/215 397/263/250 356/229/218
f 335/230/219 379/261/248 381/264/251
f 375/228/217 413/265/252 376/231/220
f 356/229/218 398/266/253 357/232/221
f 337/233/222 381/264/251 384/267/254
f 376/231/220 414/268/255 377/234/223
f 357/232/221 400/269/256 358/235/224
f 339/236/225 384/267/254 385/270/257
f 377/234/223 416/271/258 378/237/226
f 358/235/224 402/272/259 360/238/227
f 344/273/229 385/270/257 386/274/260
f 1468/10/9 378/237/226 416/271/258
f 360/238/227 403/275/261 362/242/230
f 347/209/199 386/276/260 388/277/262
f 362/242/230 404/278/263 364/208/198
f 350/210/200 388/277/262 389/279/264
f 364/208/198 405/280/265 366/211/201
f 351/212/202 389/279/264 390/244/232
f 407/246/234 443/281/266 408/248/236
f 393/251/239 427/282/267 428/283/268
f 408/284/236 444/285/269 409/253/240
f 394/257/244 428/283/268 429/286/270
f 409/253/240 445/287/271 410/256/243
f 395/258/245 429/286/270 430/288/272
f 410/256/243 446/289/273 411/259/246
f 396/260/247 430/288/272 431/290/274
f 379/261/248 1281/48/46 418/291/275
f 411/259/246 447/292/276 412/262/249
f 396/260/247 433/293/277 397/263/250
f 381/264/251 418/291/275 419/294/278
f 412/262/249 448/295/279 413/265/252
f 397/263/250 435/296/280 398/266/253
f 384/267/254 419/294/278 420/297/281
f 413/265/252 449/298/282 414/268/255
f 398/266/253 436/299/283 400/269/256
f 385/270/257 420/297/281 421/300/284
f 414/268/255 451/301/285 416/271/258
f 400/269/256 437/302/286 402/272/259
f 386/274/260 421/300/284 422/303/287
f 1468/10/9 416/271/258 451/301/285
f 402/272/259 438/304/288 403/275/261
f 388/277/262 422/305/287 423/306/289
f 403/275/261 439/307/290 404/278/263
f 389/279/264 423/306/289 424/308/291
f 404/278/263 440/309/292 405/280/265
f 390/244/232 424/308/291 425/310/293
f 405/280/265 441/311/294 406/243/231
f 391/245/233 425/310/293 426/312/295
f 406/243/231 442/313/296 407/246/234
f 392/250/238 426/312/295 427/282/267
f 444/285/269 481/314/297 445/287/271
f 430/288/272 464/315/298 465/316/299
f 445/287/271 482/317/300 446/289/273
f 431/290/274 465/316/299 467/318/301
f 418/291/275 1281/48/46 453/319/302
f 446/289/273 484/320/303 447/292/276
f 431/290/274 470/321/304 433/293/277
f 419/294/278 453/319/302 454/322/305
f 447/292/276 486/323/306 448/295/279
f 433/293/277 471/324/307 435/296/280
f 420/297/281 454/322/305 455/325/308
f 448/295/279 488/326/309 449/298/282
f 435/296/280 472/327/310 436/299/283
f 421/300/284 455/325/308 456/328/311
f 449/298/282 490/329/312 451/301/285
f 436/299/283 473/330/313 437/302/286
f 422/303/287 456/328/311 457/331/314
f 1468/10/9 451/301/285 490/329/312
f 437/302/286 474/332/315 438/304/288
f 423/306/289 457/333/314 458/334/316
f 438/304/288 475/335/317 439/307/290
f 424/308/291 458/334/316 459/336/318
f 439/307/290 476/337/319 440/309/292
f 425/310/293 459/336/318 460/338/320
f 440/309/292 477/339/321 441/311/294
f 426/312/295 460/338/320 461/340/322
f 441/311/294 478/341/323 442/313/296
f 427/282/267 461/340/322 462/342/324
f 442/343/296 479/344/325 443/345/266
f 428/283/268 462/342/324 463/346/326
f 443/345/266 480/347/327 444/285/269
f 429/286/270 463/346/326 464/315/298
f 482/317/300 529/348/328 484/320/303
f 470/321/304 509/349/329 510/350/330
f 454/322/305 492/351/331 493/352/332
f 484/320/303 530/353/333 486/323/306
f 470/321/304 512/354/334 471/324/307
f 455/325/308 493/352/332 494/355/335
f 486/323/306 533/356/336 488/326/309
f 471/324/307 513/357/337 472/327/310
f 456/328/311 494/355/335 495/358/338
f 488/326/309 534/359/339 490/329/312
f 472/327/310 514/360/340 473/330/313
f 457/331/314 495/358/338 496/361/341
f 1468/10/9 490/329/312 534/359/339
f 473/330/313 515/362/342 474/332/315
f 458/363/316 496/361/341 497/364/343
f 474/332/315 516/365/344 475/335/317
f 459/336/318 497/366/343 498/367/345
f 475/335/317 517/368/346 476/337/319
f 460/338/320 498/367/345 499/369/347
f 476/337/319 518/370/348 477/339/321
f 461/340/322 499/369/347 500/371/349
f 477/339/321 519/372/350 478/341/323
f 462/342/324 500/371/349 501/373/351
f 478/374/323 520/375/352 479/344/325
f 463/346/326 501/373/351 503/376/353
f 479/344/325 522/377/354 480/347/327
f 464/315/298 503/376/353 505/378/355
f 480/347/327 525/379/356 481/314/297
f 465/316/299 505/378/355 506/380/357
f 481/314/297 527/381/358 482/317/300
f 467/318/301 506/380/357 509/349/329
f 453/319/302 1281/48/46 492/351/331
f 530/353/333 580/382/359 533/356/336
f 513/383/337 558/384/360 559/385/361
f 495/358/338 537/386/362 538/387/363
f 533/356/336 581/388/364 534/359/339
f 514/389/340 559/385/361 560/390/365
f 496/361/341 538/387/363 539/391/366
f 1468/10/9 534/359/339 581/388/364
f 515/392/342 560/390/365 561/393/367
f 497/394/343 539/395/366 540/396/368
f 516/397/344 561/393/367 562/398/369
f 498/399/345 540/396/368 541/400/370
f 516/365/344 563/401/371 517/368/346
f 499/402/347 541/400/370 542/403/372
f 517/368/346 564/404/373 518/370/348
f 500/405/349 542/403/372 544/406/374
f 518/370/348 566/407/375 519/372/350
f 501/408/351 544/406/374 546/409/376
f 519/410/350 568/411/377 520/375/352
f 503/412/353 546/409/376 548/413/378
f 520/375/352 570/414/379 522/377/354
f 505/415/355 548/413/378 551/416/380
f 522/377/354 572/417/381 525/379/356
f 506/418/357 551/416/380 553/419/382
f 525/379/356 574/420/383 527/381/358
f 509/421/329 553/419/382 555/422/384
f 492/351/331 1281/48/46 535/423/385
f 527/381/358 576/424/386 529/348/328
f 510/425/330 555/422/384 557/426/387
f 493/352/332 535/423/385 536/427/388
f 529/348/328 578/428/389 530/353/333
f 512/429/334 557/426/387 558/384/360
f 494/355/335 536/427/388 537/386/362
f 1468/10/9 581/388/364 627/430/390
f 561/393/367 607/431/391 608/432/392
f 540/396/368 586/433/393 587/434/394
f 561/393/367 609/435/395 562/398/369
f 541/400/370 587/434/394 589/436/396
f 562/398/369 610/437/397 563/438/371
f 542/403/372 589/436/396 591/439/398
f 563/438/371 611/440/399 564/441/373
f 544/406/374 591/439/398 592/442/400
f 564/441/373 613/443/401 566/444/375
f 546/409/376 592/442/400 594/445/402
f 566/446/375 615/447/403 568/411/377
f 548/413/378 594/445/402 596/448/404
f 568/411/377 617/449/405 570/414/379
f 551/416/380 596/448/404 598/450/406
f 570/414/379 618/451/407 572/417/381
f 553/419/382 598/450/406 600/452/408
f 572/417/381 621/453/409 574/420/383
f 555/422/384 600/452/408 602/454/410
f 535/423/385 1281/48/46 582/455/411
f 574/420/383 622/456/412 576/424/386
f 557/426/387 602/454/410 604/457/413
f 536/427/388 582/455/411 583/458/414
f 576/424/386 624/459/415 578/428/389
f 558/384/360 604/457/413 605/460/416
f 537/386/362 583/458/414 584/461/417
f 578/428/389 626/462/418 580/382/359
f 559/385/361 605/460/416 606/463/419
f 538/387/363 584/461/417 585/464/420
f 580/382/359 627/430/390 581/388/364
f 560/390/365 606/463/419 607/431/391
f 539/391/366 585/464/420 586/465/393
f 609/435/395 650/466/421 610/437/397
f 591/439/398 636/467/422 637/468/423
f 610/437/397 651/469/424 611/440/399
f 592/442/400 637/468/423 638/470/425
f 611/440/399 652/471/426 613/443/401
f 594/445/402 638/470/425 639/472/427
f 613/473/401 653/474/428 615/447/403
f 596/448/404 639/472/427 640/475/429
f 615/447/403 654/476/430 617/449/405
f 598/450/406 640/475/429 641/477/431
f 617/449/405 655/478/432 618/451/407
f 600/452/408 641/477/431 642/479/433
f 618/451/407 656/480/434 621/453/409
f 602/454/410 642/479/433 643/481/435
f 582/455/411 1281/48/46 628/482/436
f 621/453/409 657/483/437 622/456/412
f 604/457/413 643/481/435 644/484/438
f 583/458/414 628/482/436 629/485/439
f 622/456/412 658/486/440 624/459/415
f 605/460/416 644/484/438 645/487/441
f 584/461/417 629/485/439 632/488/442
f 624/459/415 659/489/443 626/462/418
f 606/463/419 645/487/441 646/490/444
f 585/464/420 632/488/442 633/491/445
f 626/462/418 660/492/446 627/430/390
f 607/431/391 646/490/444 647/493/447
f 586/433/393 633/494/445 634/495/448
f 1468/10/9 627/430/390 660/492/446
f 608/432/392 647/493/447 648/496/449
f 587/434/394 634/495/448 635/497/450
f 608/432/392 649/498/451 609/435/395
f 589/436/396 635/497/450 636/467/422
f 651/469/424 683/499/452 652/471/426
f 639/472/427 669/500/453 670/501/454
f 652/502/426 684/503/455 653/474/428
f 640/475/429 670/501/454 671/504/456
f 653/474/428 685/505/457 654/476/430
f 641/477/431 671/504/456 672/506/458
f 654/476/430 686/507/459 655/478/432
f 642/479/433 672/506/458 673/508/460
f 655/478/432 687/509/461 656/480/434
f 643/481/435 673/508/460 674/510/462
f 628/482/436 1281/48/46 661/511/463
f 656/480/434 688/512/464 657/483/437
f 644/484/438 674/510/462 675/513/465
f 629/485/439 661/511/463 662/514/466
f 657/483/437 689/515/467 658/486/440
f 645/487/441 675/513/465 676/516/468
f 632/488/442 662/514/466 663/517/469
f 658/486/440 690/518/470 659/489/443
f 646/490/444 676/516/468 677/519/471
f 633/491/445 663/517/469 664/520/472
f 659/489/443 691/521/473 660/492/446
f 647/493/447 677/519/471 678/522/474
f 634/495/448 664/523/472 665/524/475
f 1468/10/9 660/492/446 691/521/473
f 647/493/447 679/525/476 648/496/449
f 635/497/450 665/524/475 666/526/477
f 648/496/449 680/527/478 649/498/451
f 636/467/422 666/526/477 667/528/479
f 649/498/451 681/529/480 650/466/421
f 637/468/423 667/528/479 668/530/481
f 650/466/421 682/531/482 651/469/424
f 638/470/425 668/530/481 669/500/453
f 684/503/455 716/532/483 685/505/457
f 672/506/458 702/533/484 703/534/485
f 685/505/457 717/535/486 686/507/459
f 673/508/460 703/534/485 704/536/487
f 686/507/459 718/537/488 687/509/461
f 674/510/462 704/536/487 705/538/489
f 661/511/463 1281/48/46 692/539/490
f 687/509/461 719/540/491 688/512/464
f 675/513/465 705/538/489 706/541/492
f 662/514/466 692/539/490 693/542/493
f 688/512/464 720/543/494 689/515/467
f 676/516/468 706/541/492 707/544/495
f 663/517/469 693/542/493 694/545/496
f 689/515/467 721/546/497 690/518/470
f 677/519/471 707/544/495 708/547/498
f 664/520/472 694/545/496 695/548/499
f 690/518/470 722/549/500 691/521/473
f 678/522/474 708/547/498 709/550/501
f 665/524/475 695/551/499 696/552/502
f 1468/10/9 691/521/473 722/549/500
f 678/522/474 710/553/503 679/525/476
f 666/526/477 696/552/502 697/554/504
f 679/525/476 711/555/505 680/527/478
f 667/528/479 697/554/504 698/556/506
f 680/527/478 712/557/507 681/529/480
f 668/530/481 698/556/506 699/558/508
f 681/529/480 713/559/509 682/531/482
f 669/500/453 699/558/508 700/560/510
f 682/531/482 714/561/511 683/499/452
f 670/501/454 700/560/510 701/562/512
f 683/563/452 715/564/513 684/503/455
f 671/504/456 701/562/512 702/533/484
f 717/535/486 749/565/514 718/537/488
f 705/538/489 735/566/515 736/567/516
f 692/539/490 1281/48/46 723/568/517
f 718/537/488 750/569/518 719/540/491
f 706/541/492 736/567/516 737/570/519
f 693/542/493 723/568/517 724/571/520
f 719/540/491 751/572/521 720/543/494
f 707/544/495 737/570/519 738/573/522
f 694/545/496 724/571/520 725/574/523
f 720/543/494 752/575/524 721/546/497
f 708/547/498 738/573/522 739/576/525
f 695/551/499 725/577/523 726/578/526
f 721/546/497 753/579/527 722/549/500
f 708/547/498 740/580/528 709/550/501
f 696/552/502 726/578/526 727/581/529
f 1468/10/9 722/549/500 753/579/527
f 709/550/501 741/582/530 710/553/503
f 697/554/504 727/581/529 728/583/531
f 710/553/503 742/584/532 711/555/505
f 698/556/506 728/583/531 729/585/533
f 711/555/505 743/586/534 712/557/507
f 699/558/508 729/585/533 730/587/535
f 712/557/507 744/588/536 713/559/509
f 700/560/510 730/587/535 731/589/537
f 713/559/509 745/590/538 714/561/511
f 701/562/512 731/589/537 732/591/539
f 714/592/511 746/593/540 715/564/513
f 702/533/484 732/591/539 733/594/541
f 715/564/513 747/595/542 716/532/483
f 703/534/485 733/594/541 734/596/543
f 716/532/483 748/597/544 717/535/486
f 704/536/487 734/596/543 735/566/515
f 724/571/520 754/598/545 755/599/546
f 750/569/518 782/600/547 751/572/521
f 738/573/522 768/601/548 769/602/549
f 725/574/523 755/599/546 756/603/550
f 751/572/521 783/604/551 752/575/524
f 739/576/525 769/602/549 770/605/552
f 726/578/526 756/606/550 757/607/553
f 752/575/524 784/608/554 753/579/527
f 739/576/525 771/609/555 740/580/528
f 727/581/529 757/607/553 758/610/556
f 1468/10/9 753/579/527 784/608/554
f 740/580/528 772/611/557 741/582/530
f 728/583/531 758/610/556 759/612/558
f 741/582/530 773/613/559 742/584/532
f 729/585/533 759/612/558 760/614/560
f 742/584/532 774/615/561 743/586/534
f 730/587/535 760/614/560 761/616/562
f 743/586/534 775/617/563 744/588/536
f 731/589/537 761/616/562 762/618/564
f 744/588/536 776/619/565 745/590/538
f 732/591/539 762/618/564 763/620/566
f 745/621/538 777/622/567 746/593/540
f 733/594/541 763/620/566 764/623/568
f 746/593/540 778/624/569 747/595/542
f 734/596/543 764/623/568 765/625/570
f 747/595/542 779/626/571 748/597/544
f 735/566/515 765/625/570 766/627/572
f 748/597/544 780/628/573 749/565/514
f 736/567/516 766/627/572 767/629/574
f 723/568/517 1281/48/46 754/598/545
f 749/565/514 781/630/575 750/569/518
f 737/570/519 767/629/574 768/601/548
f 757/607/553 787/631/576 788/632/577
f 783/604/551 815/633/578 784/608/554
f 770/605/552 802/634/579 771/609/555
f 758/610/556 788/632/577 789/635/580
f 1468/10/9 784/608/554 815/633/578
f 771/609/555 803/636/581 772/611/557
f 759/612/558 789/635/580 790/637/582
f 772/611/557 804/638/583 773/613/559
f 760/614/560 790/637/582 791/639/584
f 773/613/559 805/640/585 774/615/561
f 761/616/562 791/639/584 792/641/586
f 774/615/561 806/642/587 775/617/563
f 762/618/564 792/641/586 793/643/588
f 775/617/563 807/644/589 776/619/565
f 763/620/566 793/643/588 794/645/590
f 776/646/565 808/647/591 777/622/567
f 764/623/568 794/645/590 795/648/592
f 777/622/567 809/649/593 778/624/569
f 765/625/570 795/648/592 796/650/594
f 778/624/569 810/651/595 779/626/571
f 766/627/572 796/650/594 797/652/596
f 779/626/571 811/653/597 780/628/573
f 767/629/574 797/652/596 798/654/598
f 754/598/545 1281/48/46 785/655/599
f 780/628/573 812/656/600 781/630/575
f 768/601/548 798/654/598 799/657/601
f 755/599/546 785/655/599 786/658/602
f 781/630/575 813/659/603 782/600/547
f 769/602/549 799/657/601 800/660/604
f 756/603/550 786/658/602 787/661/576
f 782/600/547 814/662/605 783/604/551
f 770/605/552 800/660/604 801/663/606
f 790/637/582 820/664/607 821/665/608
f 803/636/581 835/666/609 804/638/583
f 791/639/584 821/665/608 822/667/610
f 804/638/583 836/668/611 805/640/585
f 792/641/586 822/667/610 823/669/612
f 805/640/585 837/670/613 806/642/587
f 793/643/588 823/669/612 824/671/614
f 806/642/587 838/672/615 807/644/589
f 794/645/590 824/671/614 825/673/616
f 807/674/589 839/675/617 808/647/591
f 795/648/592 825/673/616 826/676/618
f 808/647/591 840/677/619 809/649/593
f 796/650/594 826/676/618 827/678/620
f 809/649/593 841/679/621 810/651/595
f 797/652/596 827/678/620 828/680/622
f 810/651/595 842/681/623 811/653/597
f 798/654/598 828/680/622 829/682/624
f 785/655/599 1281/48/46 816/683/625
f 811/653/597 843/684/626 812/656/600
f 799/657/601 829/682/624 830/685/627
f 786/658/602 816/683/625 817/686/628
f 812/656/600 844/687/629 813/659/603
f 800/660/604 830/685/627 831/688/630
f 787/661/576 817/686/628 818/689/631
f 813/659/603 845/690/632 814/662/605
f 801/663/606 831/688/630 832/691/633
f 788/632/577 818/692/631 819/693/634
f 814/662/605 846/694/635 815/633/578
f 801/663/606 833/695/636 802/634/579
f 789/635/580 819/693/634 820/664/607
f 1468/10/9 815/633/578 846/694/635
f 802/634/579 834/696/637 803/636/581
f 823/669/612 853/697/638 854/698/639
f 836/668/611 868/699/640 837/670/613
f 824/671/614 854/698/639 855/700/641
f 837/670/613 869/701/642 838/672/615
f 825/673/616 855/700/641 856/702/643
f 838/703/615 870/704/644 839/675/617
f 826/676/618 856/702/643 857/705/645
f 839/675/617 871/706/646 840/677/619
f 827/678/620 857/705/645 858/707/647
f 840/677/619 872/708/648 841/679/621
f 828/680/622 858/707/647 859/709/649
f 841/679/621 873/710/650 842/681/623
f 829/682/624 859/709/649 860/711/651
f 816/683/625 1281/48/46 847/712/652
f 842/681/623 874/713/653 843/684/626
f 830/685/627 860/711/651 861/714/654
f 817/686/628 847/712/652 848/715/655
f 843/684/626 875/716/656 844/687/629
f 831/688/630 861/714/654 862/717/657
f 818/689/631 848/715/655 849/718/658
f 844/687/629 876/719/659 845/690/632
f 832/691/633 862/717/657 863/720/660
f 819/693/634 849/721/658 850/722/661
f 845/690/632 877/723/662 846/694/635
f 833/695/636 863/720/660 864/724/663
f 820/664/607 850/722/661 851/725/664
f 1468/10/9 846/694/635 877/723/662
f 833/695/636 865/726/665 834/696/637
f 821/665/608 851/725/664 852/727/666
f 834/696/637 866/728/667 835/666/609
f 822/667/610 852/727/666 853/697/638
f 835/666/609 867/729/668 836/668/611
f 856/702/643 886/730/669 887/731/670
f 869/732/642 901/733/671 870/704/644
f 857/705/645 887/731/670 888/734/672
f 870/704/644 902/735/673 871/706/646
f 858/707/647 888/734/672 889/736/674
f 871/706/646 903/737/675 872/708/648
f 859/709/649 889/736/674 890/738/676
f 872/708/648 904/739/677 873/710/650
f 860/711/651 890/738/676 891/740/678
f 847/712/652 1281/48/46 878/741/679
f 873/710/650 905/742/680 874/713/653
f 861/714/654 891/740/678 892/743/681
f 848/715/655 878/741/679 879/744/682
f 874/713/653 906/745/683 875/716/656
f 862/717/657 892/743/681 893/746/684
f 849/718/658 879/744/682 880/747/685
f 875/716/656 907/748/686 876/719/659
f 863/720/660 893/746/684 894/749/687
f 850/722/661 880/750/685 881/751/688
f 876/719/659 908/752/689 877/723/662
f 864/724/663 894/749/687 895/753/690
f 851/725/664 881/751/688 882/754/691
f 1468/10/9 877/723/662 908/752/689
f 864/724/663 896/755/692 865/726/665
f 852/727/666 882/754/691 883/756/693
f 865/726/665 897/757/694 866/728/667
f 853/697/638 883/756/693 884/758/695
f 866/728/667 898/759/696 867/729/668
f 854/698/639 884/758/695 885/760/697
f 867/729/668 899/761/698 868/699/640
f 855/700/641 885/760/697 886/730/669
f 868/699/640 900/762/699 869/701/642
f 889/736/674 919/763/700 920/764/701
f 902/735/673 934/765/702 903/737/675
f 890/738/676 920/764/701 921/766/703
f 903/737/675 935/767/704 904/739/677
f 891/740/678 921/766/703 922/768/705
f 878/741/679 1281/48/46 909/769/706
f 904/739/677 936/770/707 905/742/680
f 892/743/681 922/768/705 923/771/708
f 879/744/682 909/769/706 910/772/709
f 905/742/680 937/773/710 906/745/683
f 892/743/681 924/774/711 893/746/684
f 880/747/685 910/772/709 911/775/712
f 906/745/683 938/776/713 907/748/686
f 894/749/687 924/774/711 925/777/714
f 881/751/688 911/778/712 912/779/715
f 907/748/686 939/780/716 908/752/689
f 895/753/690 925/777/714 926/781/717
f 882/754/691 912/779/715 913/782/718
f 1468/10/9 908/752/689 939/780/716
f 896/755/692 926/781/717 927/783/719
f 883/756/693 913/782/718 914/784/720
f 896/755/692 928/785/721 897/757/694
f 884/758/695 914/784/720 915/786/722
f 897/757/694 929/787/723 898/759/696
f 885/760/697 915/786/722 916/788/724
f 898/759/696 930/789/725 899/761/698
f 886/730/669 916/788/724 917/790/726
f 899/761/698 931/791/727 900/762/699
f 887/731/670 917/790/726 918/792/728
f 900/793/699 932/794/729 901/733/671
f 888/734/672 918/792/728 919/763/700
f 901/733/671 933/795/730 902/735/673
f 922/768/705 952/796/731 953/797/732
f 909/769/706 1281/48/46 940/798/733
f 935/767/704 967/799/734 936/770/707
f 923/771/708 953/797/732 954/800/735
f 910/772/709 940/798/733 941/801/736
f 936/770/707 968/802/737 937/773/710
f 923/771/708 955/803/738 924/774/711
f 911/775/712 941/801/736 942/804/739
f 937/773/710 969/805/740 938/776/713
f 924/774/711 956/806/741 925/777/714
f 912/779/715 942/807/739 943/808/742
f 938/776/713 970/809/743 939/780/716
f 925/777/714 957/810/744 926/781/717
f 913/782/718 943/808/742 944/811/745
f 1468/10/9 939/780/716 970/809/743
f 926/781/717 958/812/746 927/783/719
f 914/784/720 944/811/745 945/813/747
f 927/783/719 959/814/748 928/785/721
f 915/786/722 945/813/747 946/815/749
f 928/785/721 960/816/750 929/787/723
f 916/788/724 946/815/749 947/817/751
f 929/787/723 961/818/752 930/789/725
f 917/790/726 947/817/751 948/819/753
f 930/789/725 962/820/754 931/791/727
f 918/792/728 948/819/753 949/821/755
f 931/822/727 963/823/756 932/794/729
f 919/763/700 949/821/755 950/824/757
f 932/794/729 964/825/758 933/795/730
f 920/764/701 950/824/757 951/826/759
f 933/795/730 965/827/760 934/765/702
f 921/766/703 951/826/759 952/796/731
f 934/765/702 966/828/761 935/767/704
f 954/800/735 986/829/762 955/803/738
f 942/804/739 972/830/763 973/831/764
f 968/802/737 1000/832/765 969/805/740
f 955/803/738 987/833/766 956/806/741
f 943/808/742 973/834/764 974/835/767
f 969/805/740 1001/836/768 970/809/743
f 956/806/741 988/837/769 957/810/744
f 944/811/745 974/835/767 975/838/770
f 1468/10/9 970/809/743 1001/836/768
f 957/810/744 989/839/771 958/812/746
f 945/813/747 975/838/770 976/840/772
f 958/812/746 990/841/773 959/814/748
f 946/815/749 976/840/772 977/842/774
f 959/814/748 991/843/775 960/816/750
f 947/817/751 977/842/774 978/844/776
f 960/816/750 992/845/777 961/818/752
f 948/819/753 978/844/776 979/846/778
f 961/818/752 993/847/779 962/820/754
f 949/821/755 979/846/778 980/848/780
f 962/849/754 994/850/781 963/823/756
f 950/824/757 980/848/780 981/851/782
f 963/823/756 995/852/783 964/825/758
f 951/826/759 981/851/782 982/853/784
f 964/825/758 996/854/785 965/827/760
f 952/796/731 982/853/784 983/855/786
f 965/827/760 997/856/787 966/828/761
f 953/797/732 983/855/786 984/857/788
f 940/798/733 1281/48/46 971/858/789
f 966/828/761 998/859/790 967/799/734
f 953/797/732 985/860/791 954/800/735
f 941/801/736 971/858/789 972/830/763
f 967/799/734 999/861/792 968/802/737
f 987/833/766 1019/862/793 988/837/769
f 975/838/770 1005/863/794 1006/864/795
f 1468/10/9 1001/836/768 1032/865/796
f 988/837/769 1020/866/797 989/839/771
f 976/840/772 1006/864/795 1007/867/798
f 989/839/771 1021/868/799 990/841/773
f 977/842/774 1007/867/798 1008/869/800
f 990/841/773 1022/870/801 991/843/775
f 978/844/776 1008/869/800 1009/871/802
f 991/843/775 1023/872/803 992/845/777
f 979/846/778 1009/871/802 1010/873/804
f 992/845/777 1024/874/805 993/847/779
f 980/848/780 1010/873/804 1011/875/806
f 993/876/779 1025/877/807 994/850/781
f 981/851/782 1011/875/806 1012/878/808
f 994/850/781 1026/879/809 995/852/783
f 982/853/784 1012/878/808 1013/880/810
f 995/852/783 1027/881/811 996/854/785
f 983/855/786 1013/880/810 1014/882/812
f 996/854/785 1028/883/813 997/856/787
f 984/857/788 1014/882/812 1015/884/814
f 971/858/789 1281/48/46 1002/885/815
f 997/856/787 1029/886/816 998/859/790
f 984/857/788 1016/887/817 985/860/791
f 972/830/763 1002/885/815 1003/888/818
f 998/859/790 1030/889/819 999/861/792
f 985/860/791 1017/890/820 986/829/762
f 973/831/764 1003/888/818 1004/891/821
f 999/861/792 1031/892/822 1000/832/765
f 986/829/762 1018/893/823 987/833/766
f 974/835/767 1004/894/821 1005/863/794
f 1000/832/765 1032/865/796 1001/836/768
f 1020/866/797 1052/895/824 1021/868/799
f 1008/869/800 1038/896/825 1039/897/826
f 1021/868/799 1053/898/827 1022/870/801
f 1009/871/802 1039/897/826 1040/899/828
f 1022/870/801 1054/900/829 1023/872/803
f 1010/873/804 1040/899/828 1041/901/830
f 1023/872/803 1055/902/831 1024/874/805
f 1011/875/806 1041/901/830 1042/903/832
f 1024/904/805 1056/905/833 1025/877/807
f 1012/878/808 1042/903/832 1043/906/834
f 1025/877/807 1057/907/835 1026/879/809
f 1013/880/810 1043/906/834 1044/908/836
f 1026/879/809 1058/909/837 1027/881/811
f 1014/882/812 1044/908/836 1045/910/838
f 1027/881/811 1059/911/839 1028/883/813
f 1015/884/814 1045/910/838 1046/912/840
f 1002/885/815 1281/48/46 1033/913/841
f 1028/883/813 1060/914/842 1029/886/816
f 1015/884/814 1047/915/843 1016/887/817
f 1003/888/818 1033/913/841 1034/916/844
f 1029/886/816 1061/917/845 1030/889/819
f 1016/887/817 1048/918/846 1017/890/820
f 1004/891/821 1034/916/844 1035/919/847
f 1030/889/819 1062/920/848 1031/892/822
f 1017/890/820 1049/921/849 1018/893/823
f 1005/922/794 1035/919/847 1036/923/850
f 1031/892/822 1063/924/851 1032/865/796
f 1018/893/823 1050/925/852 1019/862/793
f 1006/864/795 1036/926/850 1037/927/853
f 1468/10/9 1032/865/796 1063/924/851
f 1019/862/793 1051/928/854 1020/866/797
f 1007/867/798 1037/927/853 1038/896/825
f 1042/903/832 1072/929/855 1073/930/856
f 1055/931/831 1087/932/857 1056/905/833
f 1043/906/834 1073/930/856 1074/933/858
f 1056/905/833 1088/934/859 1057/907/835
f 1044/908/836 1074/933/858 1075/935/860
f 1057/907/835 1089/936/861 1058/909/837
f 1045/910/838 1075/935/860 1076/937/862
f 1058/909/837 1090/938/863 1059/911/839
f 1046/912/840 1076/937/862 1077/939/864
f 1033/913/841 1281/48/46 1064/940/865
f 1059/911/839 1091/941/866 1060/914/842
f 1046/912/840 1078/942/867 1047/915/843
f 1034/916/844 1064/940/865 1065/943/868
f 1060/914/842 1092/944/869 1061/917/845
f 1047/915/843 1079/945/870 1048/918/846
f 1035/919/847 1065/943/868 1066/946/871
f 1061/917/845 1093/947/872 1062/920/848
f 1048/918/846 1080/948/873 1049/921/849
f 1036/923/850 1066/946/871 1067/949/874
f 1062/920/848 1094/950/875 1063/924/851
f 1049/921/849 1081/951/876 1050/925/852
f 1037/927/853 1067/952/874 1068/953/877
f 1468/10/9 1063/924/851 1094/950/875
f 1050/925/852 1082/954/878 1051/928/854
f 1038/896/825 1068/953/877 1069/955/879
f 1051/928/854 1083/956/880 1052/895/824
f 1039/897/826 1069/955/879 1070/957/881
f 1052/958/824 1084/959/882 1053/960/827
f 1040/899/828 1070/957/881 1071/961/883
f 1053/960/827 1085/962/884 1054/963/829
f 1041/901/830 1071/961/883 1072/929/855
f 1054/963/829 1086/964/885 1055/965/831
f 1075/966/860 1105/967/886 1106/968/887
f 1089/936/861 1119/969/888 1120/970/889
f 1076/971/862 1106/968/887 1107/972/890
f 1089/936/861 1121/973/891 1090/938/863
f 1077/974/864 1107/972/890 1108/975/892
f 1064/940/865 1281/48/46 1095/976/893
f 1090/938/863 1122/977/894 1091/941/866
f 1077/974/864 1109/978/895 1078/979/867
f 1065/943/868 1095/976/893 1096/980/896
f 1091/941/866 1123/981/897 1092/944/869
f 1078/979/867 1110/982/898 1079/983/870
f 1066/946/871 1096/980/896 1097/984/899
f 1092/944/869 1124/985/900 1093/947/872
f 1079/983/870 1111/986/901 1080/987/873
f 1067/949/874 1097/984/899 1098/988/902
f 1093/947/872 1125/989/903 1094/950/875
f 1080/987/873 1112/990/904 1081/991/876
f 1068/953/877 1098/992/902 1099/993/905
f 1468/10/9 1094/950/875 1125/989/903
f 1081/991/876 1113/994/906 1082/995/878
f 1069/955/879 1099/993/905 1100/996/907
f 1082/995/878 1114/997/908 1083/998/880
f 1070/957/881 1100/996/907 1101/999/909
f 1083/998/880 1115/1000/910 1084/959/882
f 1071/961/883 1101/999/909 1102/1001/911
f 1084/959/882 1116/1002/912 1085/962/884
f 1072/929/855 1102/1001/911 1103/1003/913
f 1085/962/884 1117/1004/914 1086/964/885
f 1073/1005/856 1103/1006/913 1104/1007/915
f 1087/932/857 1117/1008/914 1118/1009/916
f 1074/1010/858 1104/1007/915 1105/967/886
f 1088/934/859 1118/1009/916 1119/969/888
f 1107/972/890 1139/1011/917 1108/975/892
f 1095/976/893 1281/48/46 1126/1012/918
f 1122/977/894 1152/1013/919 1153/1014/920
f 1108/975/892 1140/1015/921 1109/978/895
f 1096/980/896 1126/1012/918 1127/1016/922
f 1123/981/897 1153/1014/920 1154/1017/923
f 1109/978/895 1141/1018/924 1110/982/898
f 1097/984/899 1127/1016/922 1128/1019/925
f 1124/985/900 1154/1017/923 1155/1020/926
f 1110/982/898 1142/1021/927 1111/986/901
f 1098/988/902 1128/1019/925 1129/1022/928
f 1125/989/903 1155/1020/926 1156/1023/929
f 1111/986/901 1143/1024/930 1112/990/904
f 1099/1025/905 1129/1022/928 1130/1026/931
f 1468/10/9 1125/989/903 1156/1023/929
f 1112/990/904 1144/1027/932 1113/994/906
f 1100/1028/907 1130/1029/931 1131/1030/933
f 1113/994/906 1145/1031/934 1114/997/908
f 1101/1032/909 1131/1030/933 1132/1033/935
f 1114/997/908 1146/1034/936 1115/1000/910
f 1102/1035/911 1132/1033/935 1133/1036/937
f 1115/1000/910 1147/1037/938 1116/1002/912
f 1103/1006/913 1133/1036/937 1134/1038/939
f 1117/1004/914 1147/1037/938 1148/1039/940
f 1104/1007/915 1134/1038/939 1135/1040/941
f 1118/1009/916 1148/1041/940 1149/1042/942
f 1105/967/886 1135/1040/941 1136/1043/943
f 1119/969/888 1149/1042/942 1150/1044/944
f 1106/968/887 1136/1043/943 1137/1045/945
f 1120/970/889 1150/1044/944 1151/1046/946
f 1107/972/890 1137/1045/945 1138/1047/947
f 1121/973/891 1151/1046/946 1152/1013/919
f 1140/1015/921 1172/1048/948 1141/1018/924
f 1127/1016/922 1159/1049/949 1128/1019/925
f 1155/1020/926 1185/1050/950 1186/1051/951
f 1141/1018/924 1173/1052/952 1142/1021/927
f 1128/1019/925 1160/1053/953 1129/1022/928
f 1156/1023/929 1186/1051/951 1187/1054/954
f 1142/1021/927 1174/1055/955 1143/1024/930
f 1130/1026/931 1160/1053/953 1161/1056/956
f 1468/10/9 1156/1023/929 1187/1054/954
f 1143/1024/930 1175/1057/957 1144/1027/932
f 1131/1030/933 1161/1058/956 1162/1059/958
f 1144/1027/932 1176/1060/959 1145/1031/934
f 1132/1033/935 1162/1059/958 1163/1061/960
f 1145/1031/934 1177/1062/961 1146/1034/936
f 1133/1036/937 1163/1061/960 1164/1063/962
f 1146/1034/936 1178/1064/963 1147/1037/938
f 1134/1038/939 1164/1063/962 1165/1065/964
f 1148/1039/940 1178/1064/963 1179/1066/965
f 1135/1040/941 1165/1065/964 1166/1067/966
f 1149/1068/942 1179/1066/965 1180/1069/967
f 1136/1043/943 1166/1067/966 1167/1070/968
f 1150/1044/944 1180/1071/967 1181/1072/969
f 1137/1045/945 1167/1070/968 1168/1073/970
f 1151/1046/946 1181/1072/969 1182/1074/971
f 1138/1047/947 1168/1073/970 1169/1075/972
f 1152/1013/919 1182/1074/971 1183/1076/973
f 1138/1047/947 1170/1077/974 1139/1011/917
f 1126/1012/918 1281/48/46 1157/1078/975
f 1153/1014/920 1183/1076/973 1184/1079/976
f 1139/1011/917 1171/1080/977 1140/1015/921
f 1126/1012/918 1158/1081/978 1127/1016/922
f 1154/1017/923 1184/1079/976 1185/1050/950
f 1173/1052/952 1205/1082/979 1174/1055/955
f 1160/1053/953 1192/1083/980 1161/1056/956
f 1468/10/9 1187/1054/954 1218/1084/981
f 1174/1055/955 1206/1085/982 1175/1057/957
f 1161/1058/956 1193/1086/983 1162/1059/958
f 1175/1057/957 1207/1087/984 1176/1060/959
f 1162/1059/958 1194/1088/985 1163/1061/960
f 1176/1060/959 1208/1089/986 1177/1062/961
f 1163/1061/960 1195/1090/987 1164/1063/962
f 1178/1064/963 1208/1089/986 1209/1091/988
f 1164/1063/962 1196/1092/989 1165/1065/964
f 1179/1066/965 1209/1091/988 1210/1093/990
f 1165/1065/964 1197/1094/991 1166/1067/966
f 1180/1069/967 1210/1093/990 1211/1095/992
f 1166/1067/966 1198/1096/993 1167/1070/968
f 1181/1072/969 1211/1097/992 1212/1098/994
f 1167/1070/968 1199/1099/995 1168/1073/970
f 1182/1074/971 1212/1098/994 1213/1100/996
f 1168/1073/970 1200/1101/997 1169/1075/972
f 1183/1076/973 1213/1100/996 1214/1102/998
f 1169/1075/972 1201/1103/999 1170/1077/974
f 1157/1078/975 1281/48/46 1188/1104/1000
f 1184/1079/976 1214/1102/998 1215/1105/1001
f 1170/1077/974 1202/1106/1002 1171/1080/977
f 1157/1078/975 1189/1107/1003 1158/1081/978
f 1185/1050/950 1215/1105/1001 1216/1108/1004
f 1171/1080/977 1203/1109/1005 1172/1048/948
f 1158/1081/978 1190/1110/1006 1159/1049/949
f 1186/1051/951 1216/1108/1004 1217/1111/1007
f 1172/1048/948 1204/1112/1008 1173/1052/952
f 1159/1049/949 1191/1113/1009 1160/1053/953
f 1187/1054/954 1217/1111/1007 1218/1084/981
f 1206/1085/982 1238/1114/1010 1207/1087/984
f 1193/1086/983 1225/1115/1011 1194/1088/985
f 1207/1087/984 1239/1116/1012 1208/1089/986
f 1194/1088/985 1226/1117/1013 1195/1090/987
f 1209/1091/988 1239/1116/1012 1240/1118/1014
f 1195/1090/987 1227/1119/1015 1196/1092/989
f 1210/1093/990 1240/1118/1014 1241/1120/1016
f 1196/1092/989 1228/1121/1017 1197/1094/991
f 1211/1095/992 1241/1120/1016 1242/1122/1018
f 1197/1094/991 1229/1123/1019 1198/1096/993
f 1212/1098/994 1242/1124/1018 1243/1125/1020
f 1198/1096/993 1230/1126/1021 1199/1099/995
f 1213/1100/996 1243/1125/1020 1244/1127/1022
f 1199/1099/995 1231/1128/1023 1200/1101/997
f 1214/1102/998 1244/1127/1022 1245/1129/1024
f 1200/1101/997 1232/1130/1025 1201/1103/999
f 1188/1104/1000 1281/48/46 1219/1131/1026
f 1215/1105/1001 1245/1129/1024 1246/1132/1027
f 1201/1103/999 1233/1133/1028 1202/1106/1002
f 1188/1104/1000 1220/1134/1029 1189/1107/1003
f 1216/1108/1004 1246/1132/1027 1247/1135/1030
f 1202/1106/1002 1234/1136/1031 1203/1109/1005
f 1189/1107/1003 1221/1137/1032 1190/1110/1006
f 1217/1111/1007 1247/1135/1030 1248/1138/1033
f 1203/1109/1005 1235/1139/1034 1204/1112/1008
f 1190/1110/1006 1222/1140/1035 1191/1113/1009
f 1218/1084/981 1248/1138/1033 1249/1141/1036
f 1204/1112/1008 1236/1142/1037 1205/1082/979
f 1191/1113/1009 1223/1143/1038 1192/1083/980
f 1468/10/9 1218/1084/981 1249/1141/1036
f 1205/1082/979 1237/1144/1039 1206/1085/982
f 1192/1145/980 1224/1146/1040 1193/1086/983
f 1240/1118/1014 1270/1147/1041 1271/1148/1042
f 1226/1117/1013 1258/1149/1043 1227/1119/1015
f 1241/1120/1016 1271/1148/1042 1272/1150/1044
f 1227/1119/1015 1259/1151/1045 1228/1121/1017
f 1242/1122/1018 1272/1150/1044 1273/1152/1046
f 1228/1121/1017 1260/1153/1047 1229/1123/1019
f 1243/1125/1020 1273/1154/1046 1274/1155/1048
f 1229/1123/1019 1261/1156/1049 1230/1126/1021
f 1244/1127/1022 1274/1155/1048 1275/1157/1050
f 1230/1126/1021 1262/1158/1051 1231/1128/1023
f 1245/1129/1024 1275/1157/1050 1276/1159/1052
f 1231/1128/1023 1263/1160/1053 1232/1130/1025
f 1219/1131/1026 1281/48/46 1250/1161/1054
f 1246/1132/1027 1276/1159/1052 1277/1162/1055
f 1232/1130/1025 1264/1163/1056 1233/1133/1028
f 1219/1131/1026 1251/1164/1057 1220/1134/1029
f 1247/1135/1030 1277/1162/1055 1278/1165/1058
f 1233/1133/1028 1265/1166/1059 1234/1136/1031
f 1220/1134/1029 1252/1167/1060 1221/1137/1032
f 1248/1138/1033 1278/1165/1058 1279/1168/1061
f 1234/1136/1031 1266/1169/1062 1235/1139/1034
f 1221/1137/1032 1253/1170/1063 1222/1140/1035
f 1249/1141/1036 1279/1168/1061 1280/1171/1064
f 1235/1139/1034 1267/1172/1065 1236/1142/1037
f 1222/1140/1035 1254/1173/1066 1223/1143/1038
f 1468/10/9 1249/1141/1036 1280/1171/1064
f 1236/1142/1037 1268/1174/1067 1237/1144/1039
f 1223/1175/1038 1255/1176/1068 1224/1146/1040
f 1237/1144/1039 1269/1177/1069 1238/1114/1010
f 1224/1146/1040 1256/1178/1070 1225/1115/1011
f 1238/1114/1010 1270/1147/1041 1239/1116/1012
f 1225/1115/1011 1257/1179/1071 1226/1117/1013
f 1273/1152/1046 1304/1180/1072 1305/1181/1073
f 1259/1151/1045 1292/1182/1074 1260/1153/1047
f 1274/1155/1048 1305/1183/1073 1306/1184/1075
f 1260/1153/1047 1293/1185/1076 1261/1156/1049
f 1275/1157/1050 1306/1184/1075 1307/1186/1077
f 1261/1156/1049 1294/1187/1078 1262/1158/1051
f 1276/1159/1052 1307/1186/1077 1308/1188/1079
f 1262/1158/1051 1295/1189/1080 1263/1160/1053
f 1250/1161/1054 1281/48/46 1282/1190/1081
f 1277/1162/1055 1308/1188/1079 1309/1191/1082
f 1264/1163/1056 1295/1189/1080 1296/1192/1083
f 1250/1161/1054 1283/1193/1084 1251/1164/1057
f 1278/1165/1058 1309/1191/1082 1310/1194/1085
f 1265/1166/1059 1296/1192/1083 1297/1195/1086
f 1251/1164/1057 1284/1196/1087 1252/1167/1060
f 1279/1168/1061 1310/1194/1085 1311/1197/1088
f 1266/1169/1062 1297/1195/1086 1298/1198/1089
f 1252/1167/1060 1285/1199/1090 1253/1170/1063
f 1280/1171/1064 1311/1197/1088 1312/1200/1091
f 1267/1172/1065 1298/1198/1089 1299/1201/1092
f 1253/1170/1063 1286/1202/1093 1254/1173/1066
f 1468/10/9 1280/1171/1064 1312/1200/1091
f 1268/1174/1067 1299/1201/1092 1300/1203/1094
f 1254/1204/1066 1287/1205/1095 1255/1176/1068
f 1269/1177/1069 1300/1203/1094 1301/1206/1096
f 1255/1176/1068 1288/1207/1097 1256/1178/1070
f 1270/1147/1041 1301/1206/1096 1302/1208/1098
f 1256/1178/1070 1289/1209/1099 1257/1179/1071
f 1271/1148/1042 1302/1208/1098 1303/1210/1100
f 1257/1179/1071 1290/1211/1101 1258/1149/1043
f 1272/1150/1044 1303/1210/1100 1304/1180/1072
f 1258/1149/1043 1291/1212/1102 1259/1151/1045
f 1306/1184/1075 1338/1213/1103 1307/1186/1077
f 1293/1185/1076 1325/1214/1104 1294/1187/1078
f 1308/1188/1079 1338/1213/1103 1339/1215/1105
f 1294/1187/1078 1326/1216/1106 1295/1189/1080
f 1282/1190/1081 1281/48/46 1313/1217/1107
f 1309/1191/1082 1339/1215/1105 1340/1218/1108
f 1296/1192/1083 1326/1216/1106 1327/1219/1109
f 1282/1190/1081 1314/1220/1110 1283/1193/1084
f 1310/1194/1085 1340/1218/1108 1341/1221/1111
f 1297/1195/1086 1327/1219/1109 1328/1222/1112
f 1283/1193/1084 1315/1223/1113 1284/1196/1087
f 1311/1197/1088 1341/1221/1111 1342/1224/1114
f 1298/1198/1089 1328/1222/1112 1329/1225/1115
f 1284/1196/1087 1316/1226/1116 1285/1199/1090
f 1312/1200/1091 1342/1224/1114 1343/1227/1117
f 1299/1201/1092 1329/1225/1115 1330/1228/1118
f 1285/1199/1090 1317/1229/1119 1286/1202/1093
f 1468/10/9 1312/1200/1091 1343/1227/1117
f 1300/1203/1094 1330/1228/1118 1331/1230/1120
f 1286/1231/1093 1318/1232/1121 1287/1205/1095
f 1301/1206/1096 1331/1230/1120 1332/1233/1122
f 1287/1205/1095 1319/1234/1123 1288/1207/1097
f 1302/1208/1098 1332/1233/1122 1333/1235/1124
f 1288/1207/1097 1320/1236/1125 1289/1209/1099
f 1303/1210/1100 1333/1235/1124 1334/1237/1126
f 1289/1209/1099 1321/1238/1127 1290/1211/1101
f 1304/1180/1072 1334/1237/1126 1335/1239/1128
f 1290/1211/1101 1322/1240/1129 1291/1212/1102
f 1304/1180/1072 1336/1241/1130 1305/1181/1073
f 1291/1212/1102 1323/1242/1131 1292/1182/1074
f 1305/1183/1073 1337/1243/1132 1306/1184/1075
f 1292/1182/1074 1324/1244/1133 1293/1185/1076
f 1313/1217/1107 1281/48/46 1344/1245/1134
f 1340/1218/1108 1370/1246/1135 1371/1247/1136
f 1327/1219/1109 1357/1248/1137 1358/1249/1138
f 1313/1217/1107 1345/1250/1139 1314/1220/1110
f 1341/1221/1111 1371/1247/1136 1372/1251/1140
f 1328/1222/1112 1358/1249/1138 1359/1252/1141
f 1314/1220/1110 1346/1253/1142 1315/1223/1113
f 1342/1224/1114 1372/1251/1140 1373/1254/1143
f 1329/1225/1115 1359/1252/1141 1360/1255/1144
f 1315/1223/1113 1347/1256/1145 1316/1226/1116
f 1343/1227/1117 1373/1254/1143 1374/1257/1146
f 1330/1228/1118 1360/1255/1144 1361/1258/1147
f 1316/1226/1116 1348/1259/1148 1317/1229/1119
f 1468/10/9 1343/1227/1117 1374/1257/1146
f 1331/1230/1120 1361/1258/1147 1362/1260/1149
f 1317/1261/1119 1349/1262/1150 1318/1232/1121
f 1332/1233/1122 1362/1260/1149 1363/1263/1151
f 1318/1232/1121 1350/1264/1152 1319/1234/1123
f 1333/1235/1124 1363/1263/1151 1364/1265/1153
f 1319/1234/1123 1351/1266/1154 1320/1236/1125
f 1334/1237/1126 1364/1265/1153 1365/1267/1155
f 1320/1236/1125 1352/1268/1156 1321/1238/1127
f 1335/1239/1128 1365/1267/1155 1366/1269/1157
f 1321/1238/1127 1353/1270/1158 1322/1240/1129
f 1335/1239/1128 1367/1271/1159 1336/1241/1130
f 1322/1240/1129 1354/1272/1160 1323/1242/1131
f 1336/1273/1130 1368/1274/1161 1337/1243/1132
f 1323/1242/1131 1355/1275/1162 1324/1244/1133
f 1337/1243/1132 1369/1276/1163 1338/1213/1103
f 1324/1244/1133 1356/1277/1164 1325/1214/1104
f 1339/1215/1105 1369/1276/1163 1370/1246/1135
f 1325/1214/1104 1357/1248/1137 1326/1216/1106
f 1345/1250/1139 1377/1278/1165 1346/1253/1142
f 1373/1254/1143 1403/1279/1166 1404/1280/1167
f 1360/1255/1144 1390/1281/1168 1391/1282/1169
f 1346/1253/1142 1378/1283/1170 1347/1256/1145
f 1374/1257/1146 1404/1280/1167 1405/1284/1171
f 1361/1258/1147 1391/1282/1169 1392/1285/1172
f 1347/1256/1145 1379/1286/1173 1348/1259/1148
f 1468/10/9 1374/1257/1146 1405/1284/1171
f 1362/1260/1149 1392/1285/1172 1393/1287/1174
f 1348/1288/1148 1380/1289/1175 1349/1262/1150
f 1363/1263/1151 1393/1287/1174 1394/1290/1176
f 1349/1262/1150 1381/1291/1177 1350/1264/1152
f 1364/1265/1153 1394/1290/1176 1395/1292/1178
f 1350/1264/1152 1382/1293/1179 1351/1266/1154
f 1365/1267/1155 1395/1292/1178 1396/1294/1180
f 1351/1266/1154 1383/1295/1181 1352/1268/1156
f 1366/1269/1157 1396/1294/1180 1397/1296/1182
f 1352/1268/1156 1384/1297/1183 1353/1270/1158
f 1367/1271/1159 1397/1296/1182 1398/1298/1184
f 1353/1270/1158 1385/1299/1185 1354/1272/1160
f 1368/1274/1161 1398/1300/1184 1399/1301/1186
f 1354/1272/1160 1386/1302/1187 1355/1275/1162
f 1369/1276/1163 1399/1301/1186 1400/1303/1188
f 1355/1275/1162 1387/1304/1189 1356/1277/1164
f 1370/1246/1135 1400/1303/1188 1401/1305/1190
f 1356/1277/1164 1388/1306/1191 1357/1248/1137
f 1344/1245/1134 1281/48/46 1375/1307/1192
f 1371/1247/1136 1401/1305/1190 1402/1308/1193
f 1358/1249/1138 1388/1306/1191 1389/1309/1194
f 1344/1245/1134 1376/1310/1195 1345/1250/1139
f 1372/1251/1140 1402/1308/1193 1403/1279/1166
f 1359/1252/1141 1389/1309/1194 1390/1281/1168
f 1378/1283/1170 1410/1311/1196 1379/1286/1173
f 1468/10/9 1405/1284/1171 1436/1312/1197
f 1393/1287/1174 1423/1313/1198 1424/1314/1199
f 1379/1315/1173 1411/1316/1200 1380/1289/1175
f 1394/1290/1176 1424/1314/1199 1425/1317/1201
f 1380/1289/1175 1412/1318/1202 1381/1291/1177
f 1395/1292/1178 1425/1317/1201 1426/1319/1203
f 1381/1291/1177 1413/1320/1204 1382/1293/1179
f 1396/1294/1180 1426/1319/1203 1427/1321/1205
f 1382/1293/1179 1414/1322/1206 1383/1295/1181
f 1397/1296/1182 1427/1321/1205 1428/1323/1207
f 1383/1295/1181 1415/1324/1208 1384/1297/1183
f 1398/1298/1184 1428/1323/1207 1429/1325/1209
f 1384/1297/1183 1416/1326/1210 1385/1299/1185
f 1399/1301/1186 1429/1327/1209 1430/1328/1211
f 1385/1299/1185 1417/1329/1212 1386/1302/1187
f 1400/1303/1188 1430/1328/1211 1431/1330/1213
f 1386/1302/1187 1418/1331/1214 1387/1304/1189
f 1401/1305/1190 1431/1330/1213 1432/1332/1215
f 1387/1304/1189 1419/1333/1216 1388/1306/1191
f 1375/1307/1192 1281/48/46 1406/1334/1217
f 1402/1308/1193 1432/1332/1215 1433/1335/1218
f 1389/1309/1194 1419/1333/1216 1420/1336/1219
f 1375/1307/1192 1407/1337/1220 1376/1310/1195
f 1403/1279/1166 1433/1335/1218 1434/1338/1221
f 1390/1281/1168 1420/1336/1219 1421/1339/1222
f 1376/1310/1195 1408/1340/1223 1377/1278/1165
f 1404/1280/1167 1434/1338/1221 1435/1341/1224
f 1391/1282/1169 1421/1339/1222 1422/1342/1225
f 1377/1278/1165 1409/1343/1226 1378/1283/1170
f 1405/1284/1171 1435/1341/1224 1436/1312/1197
f 1392/1285/1172 1422/1342/1225 1423/1313/1198
f 1411/1316/1200 1443/1344/1227 1412/1318/1202
f 1426/1319/1203 1456/1345/1228 1457/1346/1229
f 1412/1318/1202 1444/1347/1230 1413/1320/1204
f 1427/1321/1205 1457/1346/1229 1458/1348/1231
f 1413/1320/1204 1445/1349/1232 1414/1322/1206
f 1428/1323/1207 1458/1348/1231 1459/1350/1233
f 1414/1322/1206 1446/1351/1234 1415/1324/1208
f 1429/1327/1209 1459/1352/1233 1460/1353/1235
f 1415/1324/1208 1447/1354/1236 1416/1326/1210
f 1430/1328/1211 1460/1353/1235 1461/1355/1237
f 1416/1326/1210 1448/1356/1238 1417/1329/1212
f 1431/1330/1213 1461/1355/1237 1462/1357/1239
f 1417/1329/1212 1449/1358/1240 1418/1331/1214
f 1432/1332/1215 1462/1357/1239 1463/1359/1241
f 1418/1331/1214 1450/1360/1242 1419/1333/1216
f 1406/1334/1217 1281/48/46 1437/1361/1243
f 1433/1335/1218 1463/1359/1241 1464/1362/1244
f 1420/1336/1219 1450/1360/1242 1451/1363/1245
f 1406/1334/1217 1438/1364/1246 1407/1337/1220
f 1434/1338/1221 1464/1362/1244 1465/1365/1247
f 1421/1339/1222 1451/1363/1245 1452/1366/1248
f 1407/1337/1220 1439/1367/1249 1408/1340/1223
f 1435/1341/1224 1465/1365/1247 1466/1368/1250
f 1422/1342/1225 1452/1366/1248 1453/1369/1251
f 1408/1340/1223 1440/1370/1252 1409/1343/1226
f 1436/1312/1197 1466/1368/1250 1467/1371/1253
f 1423/1313/1198 1453/1369/1251 1454/1372/1254
f 1409/1343/1226 1441/1373/1255 1410/1311/1196
f 1468/10/9 1436/1312/1197 1467/1371/1253
f 1424/1314/1199 1454/1372/1254 1455/1374/1256
f 1410/1311/1196 1442/1375/1257 1411/1376/1200
f 1425/1317/1201 1455/1374/1256 1456/1345/1228
f 1444/1347/1230 1477/1377/1258 1445/1349/1232
f 1459/1350/1233 1490/1378/1259 1491/1379/1260
f 1445/1349/1232 1478/1380/1261 1446/1351/1234
f 1460/1353/1235 1491/1381/1260 1492/1382/1262
f 1446/1351/1234 1479/1383/1263 1447/1354/1236
f 1461/1355/1237 1492/1382/1262 1493/1384/1264
f 1447/1354/1236 1480/1385/1265 1448/1356/1238
f 1462/1357/1239 1493/1384/1264 1494/1386/1266
f 1448/1356/1238 1481/1387/1267 1449/1358/1240
f 1463/1359/1241 1494/1386/1266 1495/1388/1268
f 1449/1358/1240 1482/1389/1269 1450/1360/1242
f 1437/1361/1243 1281/48/46 1469/1390/1270
f 1464/1362/1244 1495/1388/1268 1496/1391/1271
f 1451/1363/1245 1482/1389/1269 1483/1392/1272
f 1437/1361/1243 1470/1393/1273 1438/1364/1246
f 1465/1365/1247 1496/1391/1271 1497/1394/1274
f 1452/1366/1248 1483/1392/1272 1484/1395/1275
f 1438/1364/1246 1471/1396/1276 1439/1367/1249
f 1466/1368/1250 1497/1394/1274 1498/1397/1277
f 1453/1369/1251 1484/1395/1275 1485/1398/1278
f 1439/1367/1249 1472/1399/1279 1440/1370/1252
f 1467/1371/1253 1498/1397/1277 1499/1400/1280
f 1454/1372/1254 1485/1398/1278 1486/1401/1281
f 1440/1370/1252 1473/1402/1282 1441/1373/1255
f 1468/10/9 1467/1371/1253 1499/1400/1280
f 1455/1374/1256 1486/1401/1281 1487/1403/1283
f 1441/1373/1255 1474/1404/1284 1442/1375/1257
f 1456/1345/1228 1487/1403/1283 1488/1405/1285
f 1442/1406/1257 1475/1407/1286 1443/1344/1227
f 1457/1346/1229 1488/1405/1285 1489/1408/1287
f 1443/1344/1227 1476/1409/1288 1444/1347/1230
f 1458/1348/1231 1489/1408/1287 1490/1378/1259
f 1478/1410/1261 1510/1411/1289 1479/1412/1263
f 1493/1384/1264 1523/1413/1290 1524/1414/1291
f 1479/1412/1263 1511/1415/1292 1480/1416/1265
f 1494/1386/1266 1524/1414/1291 1525/1417/1293
f 1480/1416/1265 1512/1418/1294 1481/1419/1267
f 1495/1388/1268 1525/1417/1293 1526/1420/1295
f 1481/1419/1267 1513/1421/1296 1482/1422/1269
f 1469/1390/1270 1281/48/46 1500/1423/1297
f 1496/1391/1271 1526/1420/1295 1527/1424/1298
f 1483/1425/1272 1513/1421/1296 1514/1426/1299
f 1469/1390/1270 1501/1427/1300 1470/1393/1273
f 1497/1394/1274 1527/1424/1298 1528/1428/1301
f 1484/1429/1275 1514/1426/1299 1515/1430/1302
f 1470/1393/1273 1502/1431/1303 1471/1396/1276
f 1498/1397/1277 1528/1428/1301 1529/1432/1304
f 1485/1433/1278 1515/1430/1302 1516/1434/1305
f 1471/1396/1276 1503/1435/1306 1472/1399/1279
f 1499/1400/1280 1529/1432/1304 1530/1436/1307
f 1486/1437/1281 1516/1434/1305 1517/1438/1308
f 1472/1399/1279 1504/1439/1309 1473/1402/1282
f 1468/10/9 1499/1400/1280 1530/1436/1307
f 1487/1440/1283 1517/1438/1308 1518/1441/1310
f 1473/1402/1282 1505/1442/1311 1474/1404/1284
f 1488/1443/1285 1518/1441/1310 1519/1444/1312
f 1474/1445/1284 1506/1446/1313 1475/1447/1286
f 1489/1448/1287 1519/1444/1312 1520/1449/1314
f 1475/1447/1286 1507/1450/1315 1476/1451/1288
f 1490/1452/1259 1520/1449/1314 1521/1453/1316
f 1476/1451/1288 1508/1454/1317 1477/1455/1258
f 1491/1456/1260 1521/1453/1316 1522/1457/1318
f 1477/1455/1258 1509/1458/1319 1478/1410/1261
f 1492/1382/1262 1522/1459/1318 1523/1413/1290
f 1511/1415/1292 1543/1460/1320 1512/1418/1294
f 1526/1420/1295 1556/1461/1321 1557/1462/1322
f 1512/1418/1294 1544/1463/1323 1513/1421/1296
f 1500/1423/1297 1281/48/46 1531/1464/1324
f 1527/1424/1298 1557/1462/1322 1558/1465/1325
f 1513/1421/1296 1545/1466/1326 1514/1426/1299
f 1500/1423/1297 1532/1467/1327 1501/1427/1300
f 1528/1428/1301 1558/1465/1325 1559/1468/1328
f 1515/1430/1302 1545/1466/1326 1546/1469/1329
f 1501/1427/1300 1533/1470/1330 1502/1431/1303
f 1529/1432/1304 1559/1468/1328 1560/1471/1331
f 1516/1434/1305 1546/1469/1329 1547/1472/1332
f 1502/1431/1303 1534/1473/1333 1503/1435/1306
f 1530/1436/1307 1560/1471/1331 1561/1474/1334
f 1517/1438/1308 1547/1472/1332 1548/1475/1335
f 1503/1435/1306 1535/1476/1336 1504/1439/1309
f 1468/10/9 1530/1436/1307 1561/1474/1334
f 1518/1441/1310 1548/1475/1335 1549/1477/1337
f 1504/1439/1309 1536/1478/1338 1505/1442/1311
f 1519/1444/1312 1549/1477/1337 1550/1479/1339
f 1505/1480/1311 1537/1481/1340 1506/1446/1313
f 1520/1449/1314 1550/1479/1339 1551/1482/1341
f 1506/1446/1313 1538/1483/1342 1507/1450/1315
f 1521/1453/1316 1551/1482/1341 1552/1484/1343
f 1507/1450/1315 1539/1485/1344 1508/1454/1317
f 1522/1457/1318 1552/1484/1343 1553/1486/1345
f 1508/1454/1317 1540/1487/1346 1509/1458/1319
f 1523/1413/1290 1553/1488/1345 1554/1489/1347
f 1509/1458/1319 1541/1490/1348 1510/1411/1289
f 1524/1414/1291 1554/1489/1347 1555/1491/1349
f 1510/1411/1289 1542/1492/1350 1511/1415/1292
f 1525/1417/1293 1555/1491/1349 1556/1461/1321
f 1544/1463/1323 1576/1493/1351 1545/1466/1326
f 1531/1464/1324 1563/1494/1352 1532/1467/1327
f 1559/1468/1328 1589/1495/1353 1590/1496/1354
f 1546/1469/1329 1576/1493/1351 1577/1497/1355
f 1532/1467/1327 1564/1498/1356 1533/1470/1330
f 1560/1471/1331 1590/1496/1354 1591/1499/1357
f 1547/1472/1332 1577/1497/1355 1578/1500/1358
f 1533/1470/1330 1565/1501/1359 1534/1473/1333
f 1561/1474/1334 1591/1499/1357 1592/1502/1360
f 1548/1475/1335 1578/1500/1358 1579/1503/1361
f 1534/1473/1333 1566/1504/1362 1535/1476/1336
f 1468/10/9 1561/1474/1334 1592/1502/1360
f 1549/1477/1337 1579/1503/1361 1580/1505/1363
f 1535/1476/1336 1567/1506/1364 1536/1478/1338
f 1550/1479/1339 1580/1505/1363 1581/1507/1365
f 1536/1508/1338 1568/1509/1366 1537/1481/1340
f 1551/1482/1341 1581/1507/1365 1582/1510/1367
f 1537/1481/1340 1569/1511/1368 1538/1483/1342
f 1552/1484/1343 1582/1510/1367 1583/1512/1369
f 1538/1483/1342 1570/1513/1370 1539/1485/1344
f 1553/1486/1345 1583/1512/1369 1584/1514/1371
f 1539/1485/1344 1571/1515/1372 1540/1487/1346
f 1554/1516/1347 1584/1514/1371 1585/1517/1373
f 1540/1487/1346 1572/1518/1374 1541/1490/1348
f 1555/1491/1349 1585/1519/1373 1586/1520/1375
f 1541/1490/1348 1573/1521/1376 1542/1492/1350
f 1556/1461/1321 1586/1520/1375 1587/1522/1377
f 1542/1492/1350 1574/1523/1378 1543/1460/1320
f 1557/1462/1322 1587/1522/1377 1588/1524/1379
f 1543/1460/1320 1575/1525/1380 1544/1463/1323
f 1531/1464/1324 1281/48/46 1562/1526/1381
f 1558/1465/1325 1588/1524/1379 1589/1495/1353
f 1577/1497/1355 1609/1527/1382 1578/1500/1358
f 1564/1498/1356 1596/1528/1383 1565/1501/1359
f 1592/1502/1360 1622/1529/1384 1623/1530/1385
f 1578/1500/1358 1610/1531/1386 1579/1503/1361
f 1565/1501/1359 1597/1532/1387 1566/1504/1362
f 1468/10/9 1592/1502/1360 1623/1530/1385
f 1579/1503/1361 1611/1533/1388 1580/1505/1363
f 1566/1534/1362 1598/1535/1389 1567/1536/1364
f 1581/1507/1365 1611/1533/1388 1612/1537/1390
f 1567/1536/1364 1599/1538/1391 1568/1509/1366
f 1582/1510/1367 1612/1537/1390 1613/1539/1392
f 1568/1509/1366 1600/1540/1393 1569/1511/1368
f 1583/1512/1369 1613/1539/1392 1614/1541/1394
f 1569/1511/1368 1601/1542/1395 1570/1513/1370
f 1584/1514/1371 1614/1541/1394 1615/1543/1396
f 1570/1513/1370 1602/1544/1397 1571/1515/1372
f 1585/1517/1373 1615/1543/1396 1616/1545/1398
f 1571/1515/1372 1603/1546/1399 1572/1518/1374
f 1586/1520/1375 1616/1547/1398 1617/1548/1400
f 1572/1518/1374 1604/1549/1401 1573/1521/1376
f 1587/1522/1377 1617/1548/1400 1618/1550/1402
f 1573/1521/1376 1605/1551/1403 1574/1523/1378
f 1588/1524/1379 1618/1550/1402 1619/1552/1404
f 1574/1523/1378 1606/1553/1405 1575/1525/1380
f 1562/1526/1381 1281/48/46 1593/1554/1406
f 1589/1495/1353 1619/1552/1404 1620/1555/1407
f 1575/1525/1380 1607/1556/1408 1576/1493/1351
f 1562/1526/1381 1594/1557/1409 1563/1494/1352
f 1590/1496/1354 1620/1555/1407 1621/1558/1410
f 1576/1493/1351 1608/1559/1411 1577/1497/1355
f 1563/1494/1352 1595/1560/1412 1564/1498/1356
f 1591/1499/1357 1621/1558/1410 1622/1529/1384
f 1610/1531/1386 1642/1561/1413 1611/1533/1388
f 1597/1562/1387 1629/1563/1414 1598/1535/1389
f 1612/1537/1390 1642/1561/1413 1643/1564/1415
f 1598/1535/1389 1630/1565/1416 1599/1538/1391
f 1613/1539/1392 1643/1564/1415 1644/1566/1417
f 1599/1538/1391 1631/1567/1418 1600/1540/1393
f 1614/1541/1394 1644/1566/1417 1645/1568/1419
f 1600/1540/1393 1632/1569/1420 1601/1542/1395
f 1615/1543/1396 1645/1568/1419 1646/1570/1421
f 1601/1542/1395 1633/1571/1422 1602/1544/1397
f 1616/1545/1398 1646/1570/1421 1647/1572/1423
f 1602/1544/1397 1634/1573/1424 1603/1546/1399
f 1617/1548/1400 1647/1574/1423 1648/1575/1425
f 1603/1546/1399 1635/1576/1426 1604/1549/1401
f 1618/1550/1402 1648/1575/1425 1649/1577/1427
f 1604/1549/1401 1636/1578/1428 1605/1551/1403
f 1619/1552/1404 1649/1577/1427 1650/1579/1429
f 1605/1551/1403 1637/1580/1430 1606/1553/1405
f 1593/1554/1406 1281/48/46 1624/1581/1431
f 1620/1555/1407 1650/1579/1429 1651/1582/1432
f 1606/1553/1405 1638/1583/1433 1607/1556/1408
f 1593/1554/1406 1625/1584/1434 1594/1557/1409
f 1621/1558/1410 1651/1582/1432 1652/1585/1435
f 1607/1556/1408 1639/1586/1436 1608/1559/1411
f 1594/1557/1409 1626/1587/1437 1595/1560/1412
f 1622/1529/1384 1652/1585/1435 1653/1588/1438
f 1608/1559/1411 1640/1589/1439 1609/1527/1382
f 1595/1560/1412 1627/1590/1440 1596/1528/1383
f 1623/1530/1385 1653/1588/1438 1654/1591/1441
f 1609/1527/1382 1641/1592/1442 1610/1531/1386
f 1596/1528/1383 1628/1593/1443 1597/1532/1387
f 1468/10/9 1623/1530/1385 1654/1591/1441
f 1644/1566/1417 1674/1594/1444 1675/1595/1445
f 1630/1565/1416 1662/1596/1446 1631/1567/1418
f 1645/1568/1419 1675/1595/1445 1676/1597/1447
f 1631/1567/1418 1663/1598/1448 1632/1569/1420
f 1646/1570/1421 1676/1597/1447 1677/1599/1449
f 1632/1569/1420 1664/1600/1450 1633/1571/1422
f 1647/1572/1423 1677/1599/1449 1678/1601/1451
f 1633/1571/1422 1665/1602/1452 1634/1573/1424
f 1648/1575/1425 1678/1603/1451 1679/1604/1453
f 1634/1573/1424 1666/1605/1454 1635/1576/1426
f 1649/1577/1427 1679/1604/1453 1680/1606/1455
f 1635/1576/1426 1667/1607/1456 1636/1578/1428
f 1650/1579/1429 1680/1606/1455 1681/1608/1457
f 1636/1578/1428 1668/1609/1458 1637/1580/1430
f 1624/1581/1431 1281/48/46 1655/1610/1459
f 1651/1582/1432 1681/1608/1457 1682/1611/1460
f 1637/1580/1430 1669/1612/1461 1638/1583/1433
f 1624/1581/1431 1656/1613/1462 1625/1584/1434
f 1652/1585/1435 1682/1611/1460 1683/1614/1463
f 1638/1583/1433 1670/1615/1464 1639/1586/1436
f 1625/1584/1434 1657/1616/1465 1626/1587/1437
f 1653/1588/1438 1683/1614/1463 1684/1617/1466
f 1639/1586/1436 1671/1618/1467 1640/1589/1439
f 1626/1587/1437 1658/1619/1468 1627/1590/1440
f 1654/1591/1441 1684/1617/1466 1685/1620/1469
f 1640/1589/1439 1672/1621/1470 1641/1592/1442
f 1627/1590/1440 1659/1622/1471 1628/1593/1443
f 1468/10/9 1654/1591/1441 1685/1620/1469
f 1642/1561/1413 1672/1621/1470 1673/1623/1472
f 1628/1624/1443 1660/1625/1473 1629/1563/1414
f 1643/1564/1415 1673/1623/1472 1674/1594/1444
f 1629/1563/1414 1661/1626/1474 1630/1565/1416
f 1677/1599/1449 1707/1627/1475 1708/1628/1476
f 1663/1598/1448 1695/1629/1477 1664/1600/1450
f 1678/1601/1451 1708/1628/1476 1709/1630/1478
f 1664/1600/1450 1696/1631/1479 1665/1602/1452
f 1679/1604/1453 1709/1632/1478 1710/1633/1480
f 1665/1602/1452 1697/1634/1481 1666/1605/1454
f 1680/1606/1455 1710/1633/1480 1711/1635/1482
f 1666/1605/1454 1698/1636/1483 1667/1607/1456
f 1681/1608/1457 1711/1635/1482 1712/1637/1484
f 1667/1607/1456 1699/1638/1485 1668/1609/1458
f 1655/1610/1459 1281/48/46 1686/1639/1486
f 1682/1611/1460 1712/1637/1484 1713/1640/1487
f 1668/1609/1458 1700/1641/1488 1669/1612/1461
f 1655/1610/1459 1687/1642/1489 1656/1613/1462
f 1683/1614/1463 1713/1640/1487 1714/1643/1490
f 1669/1612/1461 1701/1644/1491 1670/1615/1464
f 1656/1613/1462 1688/1645/1492 1657/1616/1465
f 1684/1617/1466 1714/1643/1490 1715/1646/1493
f 1670/1615/1464 1702/1647/1494 1671/1618/1467
f 1657/1616/1465 1689/1648/1495 1658/1619/1468
f 1685/1620/1469 1715/1646/1493 1716/1649/1496
f 1671/1618/1467 1703/1650/1497 1672/1621/1470
f 1658/1619/1468 1690/1651/1498 1659/1622/1471
f 1468/10/9 1685/1620/1469 1716/1649/1496
f 1673/1623/1472 1703/1650/1497 1704/1652/1499
f 1659/1653/1471 1691/1654/1500 1660/1625/1473
f 1674/1594/1444 1704/1652/1499 1705/1655/1501
f 1660/1625/1473 1692/1656/1502 1661/1626/1474
f 1675/1595/1445 1705/1655/1501 1706/1657/1503
f 1661/1626/1474 1693/1658/1504 1662/1596/1446
f 1676/1597/1447 1706/1657/1503 1707/1627/1475
f 1662/1596/1446 1694/1659/1505 1663/1598/1448
f 1710/1633/1480 1740/1660/1506 1741/1661/1507
f 1696/1631/1479 1728/1662/1508 1697/1634/1481
f 1711/1635/1482 1741/1661/1507 1742/1663/1509
f 1697/1634/1481 1729/1664/1510 1698/1636/1483
f 1712/1637/1484 1742/1663/1509 1743/1665/1511
f 1698/1636/1483 1730/1666/1512 1699/1638/1485
f 1686/1639/1486 1281/48/46 1717/1667/1513
f 1713/1640/1487 1743/1665/1511 1744/1668/1514
f 1699/1638/1485 1731/1669/1515 1700/1641/1488
f 1686/1639/1486 1718/1670/1516 1687/1642/1489
f 1714/1643/1490 1744/1668/1514 1745/1671/1517
f 1700/1641/1488 1732/1672/1518 1701/1644/1491
f 1687/1642/1489 1719/1673/1519 1688/1645/1492
f 1715/1646/1493 1745/1671/1517 1746/1674/1520
f 1701/1644/1491 1733/1675/1521 1702/1647/1494
f 1688/1645/1492 1720/1676/1522 1689/1648/1495
f 1716/1649/1496 1746/1674/1520 1747/1677/1523
f 1703/1650/1497 1733/1675/1521 1734/1678/1524
f 1689/1648/1495 1721/1679/1525 1690/1651/1498
f 1468/10/9 1716/1649/1496 1747/1677/1523
f 1704/1652/1499 1734/1678/1524 1735/1680/1526
f 1690/1681/1498 1722/1682/1527 1691/1654/1500
f 1705/1655/1501 1735/1680/1526 1736/1683/1528
f 1691/1654/1500 1723/1684/1529 1692/1656/1502
f 1706/1657/1503 1736/1683/1528 1737/1685/1530
f 1692/1656/1502 1724/1686/1531 1693/1658/1504
f 1707/1627/1475 1737/1685/1530 1738/1687/1532
f 1693/1658/1504 1725/1688/1533 1694/1659/1505
f 1708/1628/1476 1738/1687/1532 1739/1689/1534
f 1694/1659/1505 1726/1690/1535 1695/1629/1477
f 1709/1630/1478 1739/1689/1534 1740/1691/1506
f 1695/1629/1477 1727/1692/1536 1696/1631/1479
f 1743/1665/1511 1773/1693/1537 1774/1694/1538
f 1729/1664/1510 1761/1695/1539 1730/1666/1512
f 1717/1667/1513 1281/48/46 1748/1696/1540
f 1744/1668/1514 1774/1694/1538 1775/1697/1541
f 1730/1666/1512 1762/1698/1542 1731/1669/1515
f 1717/1667/1513 1749/1699/1543 1718/1670/1516
f 1745/1671/1517 1775/1697/1541 1776/1700/1544
f 1731/1669/1515 1763/1701/1545 1732/1672/1518
f 1718/1670/1516 1750/1702/1546 1719/1673/1519
f 1746/1674/1520 1776/1700/1544 1777/1703/1547
f 1732/1672/1518 1764/1704/1548 1733/1675/1521
f 1719/1673/1519 1751/1705/1549 1720/1676/1522
f 1747/1677/1523 1777/1703/1547 1778/1706/1550
f 1734/1678/1524 1764/1704/1548 1765/1707/1551
f 1720/1676/1522 1752/1708/1552 1721/1679/1525
f 1468/10/9 1747/1677/1523 1778/1706/1550
f 1735/1680/1526 1765/1707/1551 1766/1709/1553
f 1721/1710/1525 1753/1711/1554 1722/1682/1527
f 1736/1683/1528 1766/1709/1553 1767/1712/1555
f 1722/1682/1527 1754/1713/1556 1723/1684/1529
f 1737/1685/1530 1767/1712/1555 1768/1714/1557
f 1723/1684/1529 1755/1715/1558 1724/1686/1531
f 1738/1687/1532 1768/1714/1557 1769/1716/1559
f 1724/1686/1531 1756/1717/1560 1725/1688/1533
f 1739/1689/1534 1769/1716/1559 1770/1718/1561
f 1725/1688/1533 1757/1719/1562 1726/1690/1535
f 1740/1691/1506 1770/1718/1561 1771/1720/1563
f 1726/1690/1535 1758/1721/1564 1727/1692/1536
f 1741/1661/1507 1771/1722/1563 1772/1723/1565
f 1727/1692/1536 1759/1724/1566 1728/1662/1508
f 1742/1663/1509 1772/1723/1565 1773/1693/1537
f 1728/1662/1508 1760/1725/1567 1729/1664/1510
f 1776/1700/1544 1806/1726/1568 1807/1727/1569
f 1762/1698/1542 1794/1728/1570 1763/1701/1545
f 1749/1699/1543 1781/1729/1571 1750/1702/1546
f 1777/1703/1547 1807/1727/1569 1808/1730/1572
f 1763/1701/1545 1795/1731/1573 1764/1704/1548
f 1750/1702/1546 1782/1732/1574 1751/1705/1549
f 1778/1706/1550 1808/1730/1572 1809/1733/1575
f 1765/1707/1551 1795/1731/1573 1796/1734/1576
f 1751/1705/1549 1783/1735/1577 1752/1708/1552
f 1468/10/9 1778/1706/1550 1809/1733/1575
f 1766/1709/1553 1796/1734/1576 1797/1736/1578
f 1752/1737/1552 1784/1738/1579 1753/1711/1554
f 1767/1712/1555 1797/1736/1578 1798/1739/1580
f 1753/1711/1554 1785/1740/1581 1754/1713/1556
f 1768/1714/1557 1798/1739/1580 1799/1741/1582
f 1754/1713/1556 1786/1742/1583 1755/1715/1558
f 1769/1716/1559 1799/1741/1582 1800/1743/1584
f 1755/1715/1558 1787/1744/1585 1756/1717/1560
f 1770/1718/1561 1800/1743/1584 1801/1745/1586
f 1756/1717/1560 1788/1746/1587 1757/1719/1562
f 1771/1720/1563 1801/1745/1586 1802/1747/1588
f 1757/1719/1562 1789/1748/1589 1758/1721/1564
f 1772/1723/1565 1802/1749/1588 1803/1750/1590
f 1758/1721/1564 1790/1751/1591 1759/1724/1566
f 1773/1693/1537 1803/1750/1590 1804/1752/1592
f 1759/1724/1566 1791/1753/1593 1760/1725/1567
f 1774/1694/1538 1804/1752/1592 1805/1754/1594
f 1760/1725/1567 1792/1755/1595 1761/1695/1539
f 1748/1696/1540 1281/48/46 1779/1756/1596
f 1775/1697/1541 1805/1754/1594 1806/1726/1568
f 1761/1695/1539 1793/1757/1597 1762/1698/1542
f 1748/1696/1540 1780/1758/1598 1749/1699/1543
f 1809/1733/1575 1839/1759/1599 1840/1760/1600
f 1796/1734/1576 1826/1761/1601 1827/1762/1602
f 1782/1732/1574 1814/1763/1603 1783/1735/1577
f 1468/10/9 1809/1733/1575 1840/1760/1600
f 1797/1736/1578 1827/1762/1602 1828/1764/1604
f 1783/1765/1577 1815/1766/1605 1784/1738/1579
f 1798/1739/1580 1828/1764/1604 1829/1767/1606
f 1784/1738/1579 1816/1768/1607 1785/1740/1581
f 1799/1741/1582 1829/1767/1606 1830/1769/1608
f 1785/1740/1581 1817/1770/1609 1786/1742/1583
f 1800/1743/1584 1830/1769/1608 1831/1771/1610
f 1786/1742/1583 1818/1772/1611 1787/1744/1585
f 1801/1745/1586 1831/1771/1610 1832/1773/1612
f 1787/1744/1585 1819/1774/1613 1788/1746/1587
f 1802/1747/1588 1832/1773/1612 1833/1775/1614
f 1788/1746/1587 1820/1776/1615 1789/1748/1589
f 1803/1750/1590 1833/1777/1614 1834/1778/1616
f 1789/1748/1589 1821/1779/1617 1790/1751/1591
f 1804/1752/1592 1834/1778/1616 1835/1780/1618
f 1790/1751/1591 1822/1781/1619 1791/1753/1593
f 1805/1754/1594 1835/1780/1618 1836/1782/1620
f 1791/1753/1593 1823/1783/1621 1792/1755/1595
f 1779/1756/1596 1281/48/46 1810/1784/1622
f 1806/1726/1568 1836/1782/1620 1837/1785/1623
f 1792/1755/1595 1824/1786/1624 1793/1757/1597
f 1779/1756/1596 1811/1787/1625 1780/1758/1598
f 1807/1727/1569 1837/1785/1623 1838/1788/1626
f 1793/1757/1597 1825/1789/1627 1794/1728/1570
f 1780/1758/1598 1812/1790/1628 1781/1729/1571
f 1808/1730/1572 1838/1788/1626 1839/1759/1599
f 1794/1728/1570 1826/1761/1601 1795/1731/1573
f 1781/1729/1571 1813/1791/1629 1782/1732/1574
f 1831/1771/1610 1861/1792/1630 1862/1793/1631
f 1817/1770/1609 1849/1794/1632 1818/1772/1611
f 1832/1773/1612 1862/1793/1631 1863/1795/1633
f 1818/1772/1611 1850/1796/1634 1819/1774/1613
f 1833/1775/1614 1863/1795/1633 1864/1797/1635
f 1819/1774/1613 1851/1798/1636 1820/1776/1615
f 1834/1778/1616 1864/1799/1635 1865/1800/1637
f 1820/1776/1615 1852/1801/1638 1821/1779/1617
f 1835/1780/1618 1865/1800/1637 1866/1802/1639
f 1821/1779/1617 1853/1803/1640 1822/1781/1619
f 1836/1782/1620 1866/1802/1639 1867/1804/1641
f 1822/1781/1619 1854/1805/1642 1823/1783/1621
f 1810/1784/1622 1281/48/46 1841/1806/1643
f 1837/1785/1623 1867/1804/1641 1868/1807/1644
f 1823/1783/1621 1855/1808/1645 1824/1786/1624
f 1810/1784/1622 1842/1809/1646 1811/1787/1625
f 1838/1788/1626 1868/1807/1644 1869/1810/1647
f 1824/1786/1624 1856/1811/1648 1825/1789/1627
f 1811/1787/1625 1843/1812/1649 1812/1790/1628
f 1839/1759/1599 1869/1810/1647 1870/1813/1650
f 1825/1789/1627 1857/1814/1651 1826/1761/1601
f 1812/1790/1628 1844/1815/1652 1813/1791/1629
f 1840/1760/1600 1870/1813/1650 1871/1816/1653
f 1826/1761/1601 1858/1817/1654 1827/1762/1602
f 1813/1791/1629 1845/1818/1655 1814/1763/1603
f 1468/10/9 1840/1760/1600 1871/1816/1653
f 1828/1764/1604 1858/1817/1654 1859/1819/1656
f 1814/1763/1603 1846/1820/1657 1815/1821/1605
f 1829/1767/1606 1859/1819/1656 1860/1822/1658
f 1815/1766/1605 1847/1823/1659 1816/1768/1607
f 1830/1769/1608 1860/1822/1658 1861/1792/1630
f 1816/1768/1607 1848/1824/1660 1817/1770/1609
f 1864/1797/1635 1894/1825/1661 1895/1826/1662
f 1850/1796/1634 1882/1827/1663 1851/1798/1636
f 1865/1800/1637 1895/1828/1662 1896/1829/1664
f 1851/1798/1636 1883/1830/1665 1852/1801/1638
f 1866/1802/1639 1896/1829/1664 1897/1831/1666
f 1852/1801/1638 1884/1832/1667 1853/1803/1640
f 1867/1804/1641 1897/1831/1666 1898/1833/1668
f 1853/1803/1640 1885/1834/1669 1854/1805/1642
f 1841/1806/1643 1281/48/46 1872/1835/1670
f 1868/1807/1644 1898/1833/1668 1899/1836/1671
f 1854/1805/1642 1886/1837/1672 1855/1808/1645
f 1841/1806/1643 1873/1838/1673 1842/1809/1646
f 1869/1810/1647 1899/1836/1671 1900/1839/1674
f 1855/1808/1645 1887/1840/1675 1856/1811/1648
f 1842/1809/1646 1874/1841/1676 1843/1812/1649
f 1870/1813/1650 1900/1839/1674 1901/1842/1677
f 1856/1811/1648 1888/1843/1678 1857/1814/1651
f 1843/1812/1649 1875/1844/1679 1844/1815/1652
f 1871/1816/1653 1901/1842/1677 1902/1845/1680
f 1857/1814/1651 1889/1846/1681 1858/1817/1654
f 1844/1815/1652 1876/1847/1682 1845/1818/1655
f 1468/10/9 1871/1816/1653 1902/1845/1680
f 1859/1819/1656 1889/1846/1681 1890/1848/1683
f 1845/1818/1655 1877/1849/1684 1846/1820/1657
f 1860/1822/1658 1890/1848/1683 1891/1850/1685
f 1846/1851/1657 1878/1852/1686 1847/1823/1659
f 1861/1792/1630 1891/1850/1685 1892/1853/1687
f 1847/1823/1659 1879/1854/1688 1848/1824/1660
f 1862/1793/1631 1892/1853/1687 1893/1855/1689
f 1848/1824/1660 1880/1856/1690 1849/1794/1632
f 1863/1795/1633 1893/1855/1689 1894/1825/1661
f 1849/1794/1632 1881/1857/1691 1850/1796/1634
f 1897/1831/1666 1927/1858/1692 1928/1859/1693
f 1883/1830/1665 1915/1860/1694 1884/1832/1667
f 1898/1833/1668 1928/1859/1693 1929/1861/1695
f 1884/1832/1667 1916/1862/1696 1885/1834/1669
f 1872/1835/1670 1281/48/46 1903/1863/1697
f 1899/1836/1671 1929/1861/1695 1930/1864/1698
f 1885/1834/1669 1917/1865/1699 1886/1837/1672
f 1872/1835/1670 1904/1866/1700 1873/1838/1673
f 1900/1839/1674 1930/1864/1698 1931/1867/1701
f 1886/1837/1672 1918/1868/1702 1887/1840/1675
f 1873/1838/1673 1905/1869/1703 1874/1841/1676
f 1901/1842/1677 1931/1867/1701 1932/1870/1704
f 1887/1840/1675 1919/1871/1705 1888/1843/1678
f 1874/1841/1676 1906/1872/1706 1875/1844/1679
f 1902/1845/1680 1932/1870/1704 1933/1873/1707
f 1888/1843/1678 1920/1874/1708 1889/1846/1681
f 1875/1844/1679 1907/1875/1709 1876/1847/1682
f 1468/10/9 1902/1845/1680 1933/1873/1707
f 1889/1846/1681 1921/1876/1710 1890/1848/1683
f 1876/1847/1682 1908/1877/1711 1877/1849/1684
f 1891/1850/1685 1921/1876/1710 1922/1878/1712
f 1877/1879/1684 1909/1880/1713 1878/1852/1686
f 1892/1853/1687 1922/1878/1712 1923/1881/1714
f 1878/1852/1686 1910/1882/1715 1879/1854/1688
f 1893/1855/1689 1923/1881/1714 1924/1883/1716
f 1879/1854/1688 1911/1884/1717 1880/1856/1690
f 1894/1825/1661 1924/1883/1716 1925/1885/1718
f 1880/1856/1690 1912/1886/1719 1881/1857/1691
f 1895/1826/1662 1925/1885/1718 1926/1887/1720
f 1881/1857/1691 1913/1888/1721 1882/1827/1663
f 1896/1829/1664 1926/1889/1720 1927/1858/1692
f 1882/1827/1663 1914/1890/1722 1883/1830/1665
f 1930/1864/1698 1960/1891/1723 1961/1892/1724
f 1916/1862/1696 1948/1893/1725 1917/1865/1699
f 1903/1863/1697 1935/1894/1726 1904/1866/1700
f 1931/1867/1701 1961/1892/1724 1962/1895/1727
f 1918/1868/1702 1948/1893/1725 1949/1896/1728
f 1904/1866/1700 1936/1897/1729 1905/1869/1703
f 1932/1870/1704 1962/1895/1727 1963/1898/1730
f 1918/1868/1702 1950/1899/1731 1919/1871/1705
f 1905/1869/1703 1937/1900/1732 1906/1872/1706
f 1933/1873/1707 1963/1898/1730 1964/1901/1733
f 1919/1871/1705 1951/1902/1734 1920/1874/1708
f 1906/1872/1706 1938/1903/1735 1907/1875/1709
f 1468/10/9 1933/1873/1707 1964/1901/1733
f 1920/1874/1708 1952/1904/1736 1921/1876/1710
f 1907/1875/1709 1939/1905/1737 1908/1877/1711
f 1922/1878/1712 1952/1904/1736 1953/1906/1738
f 1908/1877/1711 1940/1907/1739 1909/1908/1713
f 1923/1881/1714 1953/1906/1738 1954/1909/1740
f 1909/1880/1713 1941/1910/1741 1910/1882/1715
f 1924/1883/1716 1954/1909/1740 1955/1911/1742
f 1910/1882/1715 1942/1912/1743 1911/1884/1717
f 1925/1885/1718 1955/1911/1742 1956/1913/1744
f 1911/1884/1717 1943/1914/1745 1912/1886/1719
f 1926/1887/1720 1956/1913/1744 1957/1915/1746
f 1912/1886/1719 1944/1916/1747 1913/1888/1721
f 1927/1858/1692 1957/1917/1746 1958/1918/1748
f 1913/1888/1721 1945/1919/1749 1914/1890/1722
f 1928/1859/1693 1958/1918/1748 1959/1920/1750
f 1914/1890/1722 1946/1921/1751 1915/1860/1694
f 1929/1861/1695 1959/1920/1750 1960/1891/1723
f 1915/1860/1694 1947/1922/1752 1916/1862/1696
f 1903/1863/1697 1281/48/46 1934/1923/1753
f 1963/1898/1730 1993/1924/1754 1994/1925/1755
f 1950/1899/1731 1980/1926/1756 1981/1927/1757
f 1936/1897/1729 1968/1928/1758 1937/1900/1732
f 1964/1901/1733 1994/1925/1755 1995/1929/1759
f 1951/1902/1734 1981/1927/1757 1982/1930/1760
f 1937/1900/1732 1969/1931/1761 1938/1903/1735
f 1468/10/9 1964/1901/1733 1995/1929/1759
f 1952/1904/1736 1982/1930/1760 1983/1932/1762
f 1938/1903/1735 1970/1933/1763 1939/1905/1737
f 1953/1906/1738 1983/1932/1762 1984/1934/1764
f 1939/1905/1737 1971/1935/1765 1940/1907/1739
f 1954/1909/1740 1984/1934/1764 1985/1936/1766
f 1940/1937/1739 1972/1938/1767 1941/1910/1741
f 1955/1911/1742 1985/1936/1766 1986/1939/1768
f 1941/1910/1741 1973/1940/1769 1942/1912/1743
f 1956/1913/1744 1986/1939/1768 1987/1941/1770
f 1942/1912/1743 1974/1942/1771 1943/1914/1745
f 1957/1917/1746 1987/1943/1770 1988/1944/1772
f 1943/1914/1745 1975/1945/1773 1944/1916/1747
f 1958/1918/1748 1988/1944/1772 1989/1946/1774
f 1944/1916/1747 1976/1947/1775 1945/1919/1749
f 1959/1920/1750 1989/1946/1774 1990/1948/1776
f 1945/1919/1749 1977/1949/1777 1946/1921/1751
f 1960/1891/1723 1990/1948/1776 1991/1950/1778
f 1946/1921/1751 1978/1951/1779 1947/1922/1752
f 1934/1923/1753 1281/48/46 1965/1952/1780
f 1961/1892/1724 1991/1950/1778 1992/1953/1781
f 1947/1922/1752 1979/1954/1782 1948/1893/1725
f 1934/1923/1753 1966/1955/1783 1935/1894/1726
f 1962/1895/1727 1992/1953/1781 1993/1924/1754
f 1949/1896/1728 1979/1954/1782 1980/1926/1756
f 1935/1894/1726 1967/1956/1784 1936/1897/1729
f 1468/10/9 1995/1929/1759 2026/1957/1785
f 1983/1958/1762 2013/1959/1786 2014/1960/1787
f 1969/1931/1761 2001/1961/1788 1970/1933/1763
f 1984/1962/1764 2014/1960/1787 2015/1963/1789
f 1970/1933/1763 2002/1964/1790 1971/1935/1765
f 1985/1965/1766 2015/1963/1789 2016/1966/1791
f 1971/1967/1765 2003/1968/1792 1972/1969/1767
f 1986/1970/1768 2016/1966/1791 2017/1971/1793
f 1972/1969/1767 2004/1972/1794 1973/1973/1769
f 1987/1974/1770 2017/1971/1793 2018/1975/1795
f 1973/1973/1769 2005/1976/1796 1974/1977/1771
f 1988/1978/1772 2018/1975/1795 2019/1979/1797
f 1974/1977/1771 2006/1980/1798 1975/1981/1773
f 1989/1946/1774 2019/1982/1797 2020/1983/1799
f 1975/1981/1773 2007/1984/1800 1976/1985/1775
f 1990/1948/1776 2020/1983/1799 2021/1986/1801
f 1976/1985/1775 2008/1987/1802 1977/1988/1777
f 1991/1950/1778 2021/1986/1801 2022/1989/1803
f 1977/1988/1777 2009/1990/1804 1978/1991/1779
f 1965/1952/1780 1281/48/46 1996/1992/1805
f 1992/1953/1781 2022/1989/1803 2023/1993/1806
f 1979/1994/1782 2009/1990/1804 2010/1995/1807
f 1965/1952/1780 1997/1996/1808 1966/1955/1783
f 1993/1924/1754 2023/1993/1806 2024/1997/1809
f 1980/1998/1756 2010/1995/1807 2011/1999/1810
f 1966/1955/1783 1998/2000/1811 1967/1956/1784
f 1994/1925/1755 2024/1997/1809 2025/2001/1812
f 1981/2002/1757 2011/1999/1810 2012/2003/1813
f 1967/1956/1784 1999/2004/1814 1968/1928/1758
f 1995/1929/1759 2025/2001/1812 2026/1957/1785
f 1982/2005/1760 2012/2003/1813 2013/1959/1786
f 1968/1928/1758 2000/2006/1815 1969/1931/1761
f 2016/1966/1791 2044/2007/1816 2045/2008/1817
f 2002/2009/1790 2034/2010/1818 2003/1968/1792
f 2017/1971/1793 2045/2008/1817 2046/2011/1819
f 2003/1968/1792 2035/2012/1820 2004/1972/1794
f 2018/1975/1795 2046/2011/1819 2047/2013/1821
f 2004/1972/1794 2316/2014/1822 2315/2015/1823
f 2019/1979/1797 2047/2013/1821 2048/2016/1824
f 2006/1980/1798 2005/1976/1796 2317/2017/1825
f 2020/1983/1799 2048/2018/1824 2049/2019/1826
f 2321/2020/1827 2322/2021/1828 2007/1984/1800
f 2021/1986/1801 2049/2019/1826 2050/2022/1829
f 2007/1984/1800 2037/2023/1830 2008/1987/1802
f 2022/1989/1803 2050/2022/1829 2051/2024/1831
f 2008/1987/1802 2038/2025/1832 2009/1990/1804
f 1996/1992/1805 1281/48/46 2027/2026/1833
f 2023/1993/1806 2051/2024/1831 2052/2027/1834
f 2010/1995/1807 2038/2025/1832 2039/2028/1835
f 1996/1992/1805 2028/2029/1836 1997/1996/1808
f 2024/1997/1809 2052/2027/1834 2053/2030/1837
f 2011/1999/1810 2039/2028/1835 2040/2031/1838
f 1997/1996/1808 2029/2032/1839 1998/2000/1811
f 2025/2001/1812 2053/2030/1837 2054/2033/1840
f 2012/2003/1813 2040/2031/1838 2041/2034/1841
f 1998/2000/1811 2030/2035/1842 1999/2004/1814
f 2026/1957/1785 2054/2033/1840 2055/2036/1843
f 2013/1959/1786 2041/2034/1841 2042/2037/1844
f 1999/2004/1814 2031/2038/1845 2000/2006/1815
f 1468/10/9 2026/1957/1785 2055/2036/1843
f 2014/1960/1787 2042/2037/1844 2043/2039/1846
f 2000/2006/1815 2032/2040/1847 2001/1961/1788
f 2015/1963/1789 2043/2039/1846 2044/2007/1816
f 2001/2041/1788 2033/2042/1848 2002/2009/1790
f 2047/2013/1821 2074/2043/1849 2075/2044/1850
f 2325/2045/1851 2324/2046/1852 2035/2012/1820
f 2048/2016/1824 2075/2044/1850 2076/2047/1853
f 2049/2019/1826 2076/2048/1853 2077/2049/1854
f 2036/2050/1855 2327/2051/1856 2329/2052/1857
f 2050/2022/1829 2077/2049/1854 2078/2053/1858
f 2037/2023/1830 2036/2050/1855 2328/2054/1859
f 2051/2024/1831 2078/2053/1858 2079/2055/1860
f 2037/2023/1830 2066/2056/1861 2038/2025/1832
f 2027/2026/1833 1281/48/46 2056/2057/1862
f 2052/2027/1834 2079/2055/1860 2080/2058/1863
f 2039/2028/1835 2066/2056/1861 2067/2059/1864
f 2027/2026/1833 2057/2060/1865 2028/2029/1836
f 2053/2030/1837 2080/2058/1863 2081/2061/1866
f 2040/2031/1838 2067/2059/1864 2068/2062/1867
f 2028/2029/1836 2058/2063/1868 2029/2032/1839
f 2054/2033/1840 2081/2061/1866 2082/2064/1869
f 2041/2034/1841 2068/2062/1867 2069/2065/1870
f 2029/2032/1839 2059/2066/1871 2030/2035/1842
f 2055/2036/1843 2082/2064/1869 2083/2067/1872
f 2042/2037/1844 2069/2065/1870 2070/2068/1873
f 2030/2035/1842 2060/2069/1874 2031/2038/1845
f 1468/10/9 2055/2036/1843 2083/2067/1872
f 2043/2039/1846 2070/2068/1873 2071/2070/1875
f 2031/2038/1845 2061/2071/1876 2032/2040/1847
f 2044/2007/1816 2071/2070/1875 2072/2072/1877
f 2032/2073/1847 2062/2074/1878 2033/2042/1848
f 2045/2008/1817 2072/2072/1877 2073/2075/1879
f 2033/2042/1848 2063/2076/1880 2034/2010/1818
f 2046/2011/1819 2073/2075/1879 2074/2043/1849
f 2034/2010/1818 2064/2077/1881 2035/2012/1820
f 2076/2048/1853 2104/2078/1882 2077/2049/1854
f 2093/2079/1883 2332/2080/1884 2331/2081/1885
f 2078/2053/1858 2104/2078/1882 2105/2082/1886
f 2094/2083/1887 2335/2084/1888 2334/2085/1889
f 2079/2055/1860 2105/2082/1886 2106/2086/1890
f 2065/2087/1891 2095/2088/1892 2066/2056/1861
f 2056/2057/1862 1281/48/46 2084/2089/1893
f 2080/2058/1863 2106/2086/1890 2107/2090/1894
f 2067/2059/1864 2095/2088/1892 2096/2091/1895
f 2057/2060/1865 2084/2089/1893 2085/2092/1896
f 2081/2061/1866 2107/2090/1894 2108/2093/1897
f 2242/2094/1898 2241/2095/1899 2067/2059/1864
f 2057/2060/1865 2086/2096/1900 2058/2063/1868
f 2082/2064/1869 2108/2093/1897 2109/2097/1901
f 2245/2098/1902 2246/2099/1903 2069/2065/1870
f 2058/2063/1868 2087/2100/1904 2059/2066/1871
f 2082/2064/1869 2110/2101/1905 2083/2067/1872
f 2069/2065/1870 2247/2102/1906 2248/2103/1907
f 2059/2066/1871 2088/2104/1908 2060/2069/1874
f 1468/10/9 2083/2067/1872 2110/2101/1905
f 2071/2070/1875 2097/2105/1909 2098/2106/1910
f 2060/2107/1874 2089/2108/1911 2061/2109/1876
f 2072/2072/1877 2098/2106/1910 2099/2110/1912
f 2061/2109/1876 2090/2111/1913 2062/2074/1878
f 2073/2075/1879 2099/2110/1912 2100/2112/1914
f 2062/2074/1878 2091/2113/1915 2063/2076/1880
f 2074/2043/1849 2100/2112/1914 2101/2114/1916
f 2063/2076/1880 2092/2115/1917 2064/2077/1881
f 2075/2044/1850 2101/2114/1916 2102/2116/1918
f 2337/2117/1919 2336/2118/1920 2064/2077/1881
f 2076/2047/1853 2102/2116/1918 2103/2119/1921
f 2105/2082/1886 2131/2120/1922 2106/2086/1890
f 2095/2088/1892 2121/2121/1923 2122/2122/1924
f 2084/2089/1893 1281/48/46 2111/2123/1925
f 2106/2086/1890 2132/2124/1926 2107/2090/1894
f 2096/2091/1895 2095/2088/1892 2122/2122/1924
f 2085/2092/1896 2111/2123/1925 2112/2125/1927
f 2107/2090/1894 2133/2126/1928 2108/2093/1897
f 2096/2091/1895 2251/2127/1929 2243/2128/1930
f 2086/2096/1900 2112/2125/1927 2113/2129/1931
f 2108/2093/1897 2134/2130/1932 2109/2097/1901
f 2087/2100/1904 2113/2129/1931 2114/2131/1933
f 2109/2097/1901 2135/2132/1934 2110/2101/1905
f 2253/2133/1935 2097/2105/1909 2252/2134/1936
f 2087/2100/1904 2115/2135/1937 2088/2104/1908
f 1468/10/9 2110/2101/1905 2135/2132/1934
f 2254/2136/1938 2098/2106/1910 2097/2105/1909
f 2088/2137/1908 2116/2138/1939 2089/2108/1911
f 2099/2110/1912 2123/2139/1940 2124/2140/1941
f 2089/2108/1911 2117/2141/1942 2090/2111/1913
f 2100/2112/1914 2124/2140/1941 2125/2142/1943
f 2090/2111/1913 2118/2143/1944 2091/2113/1915
f 2101/2114/1916 2125/2142/1943 2126/2144/1945
f 2091/2113/1915 2119/2145/1946 2092/2115/1917
f 2101/2114/1916 2127/2146/1947 2102/2116/1918
f 2119/2145/1946 2340/2147/1948 2339/2148/1949
f 2102/2116/1918 2128/2149/1950 2103/2119/1921
f 2103/2150/1921 2129/2151/1951 2104/2078/1882
f 2120/2152/1952 2345/2153/1953 2344/2154/1953
f 2104/2078/1882 2130/2155/1954 2105/2082/1886
f 2093/2079/1883 2121/2121/1923 2094/2083/1887
f 2112/2125/1927 2136/2156/1955 2137/2157/1956
f 2132/2124/1926 2160/2158/1957 2133/2126/1928
f 2113/2129/1931 2137/2157/1956 2138/2159/1958
f 2133/2126/1928 2161/2160/1959 2134/2130/1932
f 2114/2131/1933 2138/2159/1958 2139/2161/1960
f 2134/2130/1932 2162/2162/1961 2135/2132/1934
f 2115/2135/1937 2139/2161/1960 2140/2163/1962
f 1468/10/9 2135/2132/1934 2162/2162/1961
f 2255/2164/1963 2256/2165/1964 2123/2139/1940
f 2116/2138/1939 2140/2166/1962 2141/2167/1965
f 2124/2140/1941 2150/2168/1966 2151/2169/1967
f 2116/2138/1939 2142/2170/1968 2117/2141/1942
f 2125/2142/1943 2151/2169/1967 2152/2171/1969
f 2117/2141/1942 2143/2172/1970 2118/2143/1944
f 2126/2144/1945 2152/2171/1969 2153/2173/1971
f 2118/2143/1944 2144/2174/1972 2119/2145/1946
f 2126/2144/1945 2154/2175/1973 2127/2146/1947
f 2145/2176/1974 2347/2177/1975 2342/2178/1976
f 2127/2146/1947 2155/2179/1977 2128/2149/1950
f 2145/2176/1974 2352/2180/1978 2349/2181/1979
f 2128/2182/1950 2156/2183/1980 2129/2151/1951
f 2354/2184/1981 2355/2185/1982 2146/2186/1983
f 2129/2151/1951 2157/2187/1984 2130/2155/1954
f 2120/2152/1952 2148/2188/1985 2121/2121/1923
f 2130/2155/1954 2158/2189/1986 2131/2120/1922
f 2122/2122/1924 2148/2188/1985 2149/2190/1987
f 2111/2123/1925 1281/48/46 2136/2156/1955
f 2131/2120/1922 2159/2191/1988 2132/2124/1926
f 2259/2192/1989 2258/2193/1990 2149/2190/1987
f 2139/2161/1960 2165/2194/1991 2166/2195/1992
f 2161/2160/1959 2188/2196/1993 2162/2162/1961
f 2140/2163/1962 2166/2195/1992 2167/2197/1994
f 1468/10/9 2162/2162/1961 2188/2196/1993
f 2263/2198/1995 2150/2168/1966 2261/2199/1996
f 2141/2167/1965 2167/2200/1994 2168/2201/1997
f 2151/2169/1967 2262/2202/1998 2177/2203/1999
f 2142/2170/1968 2168/2201/1997 2169/2204/2000
f 2152/2171/1969 2177/2203/1999 2178/2205/2001
f 2143/2172/1970 2169/2204/2000 2170/2206/2002
f 2153/2173/1971 2178/2205/2001 2179/2207/2003
f 2144/2174/1972 2170/2206/2002 2171/2208/2004
f 2153/2173/1971 2180/2209/2005 2154/2175/1973
f 2145/2176/1974 2171/2208/2004 2172/2210/2006
f 2154/2175/1973 2181/2211/2007 2155/2179/1977
f 2145/2176/1974 2173/2212/2008 2146/2186/1983
f 2155/2213/1977 2182/2214/2009 2156/2183/1980
f 2146/2186/1983 2174/2215/2010 2147/2216/2011
f 2156/2183/1980 2183/2217/2012 2157/2187/1984
f 2148/2188/1985 2174/2215/2010 2175/2218/2013
f 2157/2187/1984 2184/2219/2014 2158/2189/1986
f 2149/2190/1987 2175/2218/2013 2176/2220/2015
f 2136/2156/1955 1281/48/46 2163/2221/2016
f 2158/2189/1986 2185/2222/2017 2159/2191/1988
f 2266/2223/2018 2265/2224/2019 2176/2220/2015
f 2137/2157/1956 2163/2221/2016 2164/2225/2020
f 2159/2191/1988 2186/2226/2021 2160/2158/1957
f 2138/2159/1958 2164/2225/2020 2165/2194/1991
f 2160/2158/1957 2187/2227/2022 2161/2160/1959
f 2168/2201/1997 4/7/7 2190/11/10
f 2177/2203/1999 2271/2228/2023 2270/2229/2023
f 2169/2204/2000 2190/11/10 2191/16/15
f 2178/2205/2001 9/2230/2024 12/18/17
f 2170/2206/2002 2191/16/15 2192/20/19
f 2178/2205/2001 2196/23/22 2179/2207/2003
f 2171/2208/2004 2192/20/19 2193/24/23
f 2179/2207/2003 2197/27/26 2180/2209/2005
f 2172/2210/2006 2193/24/23 2194/28/27
f 2180/2209/2005 2198/31/30 2181/2211/2007
f 2173/2212/2008 2194/28/27 5/32/31
f 2181/2231/2007 2199/36/34 2182/2214/2009
f 2174/2215/2010 5/32/31 6/37/35
f 2182/2214/2009 2200/40/38 2183/2217/2012
f 2175/2218/2013 6/37/35 7/41/39
f 2183/2217/2012 2201/44/42 2184/2219/2014
f 2176/2220/2015 7/41/39 2195/45/43
f 2163/2221/2016 1281/48/46 1/47/45
f 2184/2219/2014 2202/51/49 2185/2222/2017
f 2273/2232/2025 2274/2233/2026 2195/45/43
f 2164/2225/2020 1/47/45 2/53/51
f 2185/2222/2017 13/56/54 2186/2226/2021
f 2165/2194/1991 2/53/51 3/60/58
f 2186/2226/2021 2203/4/4 2187/2227/2022
f 2166/2195/1992 3/60/58 2189/1/1
f 2187/2227/2022 15/6/6 2188/2196/1993
f 2167/2200/1994 2189/2234/1 4/7/7
f 1468/10/9 2188/2196/1993 15/6/6
f 2270/2235/2027 267/2236/2028 2269/2237/2029
f 2269/2237/2029 267/2236/2028 2272/2238/2030
f 60/2239/2031 2204/2240/2032 2205/2241/2033
f 2272/2238/2030 267/2236/2028 60/2239/2031
f 2204/2240/2032 79/2242/2034 77/2243/2035
f 267/2236/2028 79/2242/2034 60/2239/2031
f 72/2244/2036 2231/2245/2037 2234/2246/2038
f 74/2247/2039 72/2244/2036 2225/2248/2040
f 76/2249/2041 74/2247/2039 2224/2250/2042
f 2208/2251/2043 2207/2252/2044 77/2243/2035
f 2230/2253/2045 105/2254/2046 101/2255/2047
f 2226/2256/2048 86/2257/2049 2222/2258/2048
f 107/2259/2050 72/2244/2036 74/2247/2039
f 90/2260/2051 2229/2261/2052 92/2262/2053
f 109/2263/2054 74/2247/2039 76/2249/2041
f 92/2264/2053 2229/2265/2052 2228/2266/2055
f 111/2267/2056 76/2249/2041 77/2243/2035
f 96/2268/2057 2237/2269/2058 2236/2270/2059
f 113/2271/2060 77/2243/2035 79/2242/2034
f 97/2272/2061 96/2268/2057 2236/2270/2059
f 267/2236/2028 113/2271/2060 79/2242/2034
f 99/2273/2062 97/2272/2061 2239/2274/2063
f 2218/2275/2064 2221/2276/2065 83/2277/2066
f 101/2255/2047 2233/2278/2067 2230/2253/2045
f 83/2277/2066 2223/2279/2068 86/2257/2049
f 142/2280/2069 111/2267/2056 113/2271/2060
f 97/2272/2061 127/2281/2070 96/2268/2057
f 116/2282/2071 2216/2283/2072 2215/2284/2073
f 267/2236/2028 142/2280/2069 113/2271/2060
f 130/2285/2074 97/2272/2061 99/2273/2062
f 2218/2275/2064 117/2286/2075 116/2282/2071
f 131/2287/2076 99/2288/2062 101/2255/2047
f 86/2257/2049 117/2286/2075 83/2277/2066
f 132/2289/2077 101/2255/2047 105/2254/2046
f 90/2260/2051 119/2290/2078 86/2257/2049
f 133/2291/2079 105/2254/2046 107/2259/2050
f 92/2262/2053 121/2292/2080 90/2260/2051
f 137/2293/2081 107/2259/2050 109/2263/2054
f 94/2294/2082 123/2295/2083 92/2264/2053
f 140/2296/2084 109/2263/2054 111/2267/2056
f 96/2268/2057 126/2297/2085 94/2294/2082
f 169/2298/2086 132/2289/2077 133/2291/2079
f 123/2299/2083 150/2300/2087 121/2292/2080
f 175/2301/2088 133/2291/2079 137/2293/2081
f 126/2302/2085 152/2303/2089 123/2299/2083
f 179/2304/2090 137/2293/2081 140/2296/2084
f 127/2281/2070 156/2305/2091 126/2297/2085
f 181/2306/2092 140/2296/2084 142/2280/2069
f 129/2307/2093 159/2308/2094 127/2281/2070
f 145/2309/2095 2212/2310/2096 2214/2311/2097
f 267/2236/2028 181/2306/2092 142/2280/2069
f 164/2312/2098 129/2313/2093 130/2314/2074
f 117/2286/2075 145/2309/2095 116/2282/2071
f 166/2315/2099 130/2316/2074 131/2287/2076
f 119/2290/2078 147/2317/2100 117/2286/2075
f 167/2318/2101 131/2287/2076 132/2289/2077
f 121/2292/2080 148/2319/2102 119/2290/2078
f 145/2309/2095 2213/2320/2103 2212/2310/2096
f 267/2236/2028 219/2321/2104 181/2306/2092
f 201/2322/2105 161/2323/2106 164/2312/2098
f 147/2317/2100 182/2324/2107 145/2309/2095
f 203/2325/2108 164/2326/2098 166/2315/2099
f 148/2319/2102 185/2327/2109 147/2317/2100
f 204/2328/2110 166/2315/2099 167/2318/2101
f 150/2300/2087 186/2329/2111 148/2319/2102
f 205/2330/2112 167/2318/2101 169/2298/2086
f 152/2303/2089 188/2331/2113 150/2300/2087
f 211/2332/2114 169/2298/2086 175/2301/2088
f 156/2333/2091 192/2334/2115 152/2303/2089
f 213/2335/2116 175/2301/2088 179/2304/2090
f 159/2336/2094 195/2337/2117 156/2333/2091
f 219/2321/2104 179/2304/2090 181/2306/2092
f 161/2323/2106 198/2338/2118 159/2339/2094
f 231/2340/2119 188/2331/2113 192/2334/2115
f 211/2332/2114 250/2341/2120 205/2330/2112
f 236/2342/2121 192/2334/2115 195/2337/2117
f 213/2335/2116 256/2343/2122 211/2332/2114
f 240/2344/2123 195/2337/2117 198/2345/2118
f 219/2321/2104 260/2346/2124 213/2335/2116
f 242/2347/2125 198/2338/2118 200/2348/2126
f 221/2349/2127 2213/2320/2103 182/2324/2107
f 267/2236/2028 262/2350/2128 219/2321/2104
f 201/2322/2105 242/2347/2125 200/2348/2126
f 223/2351/2129 182/2324/2107 185/2327/2109
f 203/2352/2108 245/2353/2130 201/2322/2105
f 225/2354/2131 185/2327/2109 186/2329/2111
f 204/2328/2110 246/2355/2132 203/2325/2108
f 228/2356/2133 186/2329/2111 188/2331/2113
f 205/2330/2112 248/2357/2134 204/2328/2110
f 245/2353/2130 289/2358/2135 242/2347/2125
f 221/2349/2127 271/2359/2136 269/2360/2137
f 246/2361/2132 291/2362/2138 245/2353/2130
f 273/2363/2139 223/2351/2129 225/2354/2131
f 248/2357/2134 293/2364/2140 246/2355/2132
f 276/2365/2141 225/2354/2131 228/2356/2133
f 250/2341/2120 295/2366/2142 248/2357/2134
f 280/2367/2143 228/2356/2133 231/2340/2119
f 256/2343/2122 297/2368/2144 250/2341/2120
f 282/2369/2145 231/2340/2119 236/2342/2121
f 260/2346/2124 301/2370/2146 256/2343/2122
f 287/2371/2147 236/2342/2121 240/2344/2123
f 262/2350/2128 306/2372/2148 260/2346/2124
f 289/2358/2135 240/2373/2123 242/2347/2125
f 2209/2374/2149 2210/2375/2149 221/2349/2127
f 267/2236/2028 309/2376/2150 262/2350/2128
f 301/2370/2146 338/2377/2151 297/2368/2144
f 323/2378/2152 280/2367/2143 282/2369/2145
f 306/2372/2148 340/2379/2153 301/2370/2146
f 326/2380/2154 282/2369/2145 287/2371/2147
f 309/2376/2150 342/2381/2155 306/2372/2148
f 330/2382/2156 287/2371/2147 289/2383/2135
f 269/2360/2137 2274/2384/2157 2273/2385/2158
f 267/2236/2028 348/2386/2159 309/2376/2150
f 291/2387/2138 330/2388/2156 289/2389/2135
f 271/2359/2136 2266/2390/2160 2267/2391/2161
f 293/2392/2140 332/2393/2162 291/2387/2138
f 271/2359/2136 316/2394/2163 2265/2395/2164
f 295/2396/2142 334/2397/2165 293/2392/2140
f 273/2363/2139 318/2398/2166 316/2394/2163
f 297/2399/2144 336/2400/2167 295/2396/2142
f 319/2401/2168 276/2365/2141 280/2367/2143
f 334/2397/2165 2245/2402/2169 332/2393/2162
f 316/2394/2163 2260/2403/2170 2265/2395/2164
f 2246/2404/2171 334/2397/2165 336/2400/2167
f 316/2394/2163 2258/2405/2172 2259/2406/2173
f 338/2407/2151 2252/2408/2174 336/2400/2167
f 318/2398/2166 2251/2409/2175 2250/2410/2176
f 340/2411/2153 2255/2412/2177 2254/2413/2178
f 319/2401/2168 2242/2414/2179 2243/2415/2180
f 342/2381/2155 367/2416/2181 2256/2417/2182
f 323/2378/2152 2241/2418/2183 2242/2414/2179
f 367/2416/2181 348/2386/2159 369/2419/2184
f 2241/2420/2183 326/2421/2154 330/2388/2156
f 267/2236/2028 369/2419/2184 348/2386/2159
f 332/2393/2162 2244/2422/2185 330/2388/2156
f 367/2416/2181 2257/2423/2186 2256/2417/2182
f 369/2419/2184 387/2424/2187 2261/2425/2188
f 387/2424/2187 369/2419/2184 267/2236/2028
f 2261/2425/2188 387/2424/2187 2263/2426/2189
f 267/2236/2028 2268/2427/2190 2264/2428/2191
f 267/2236/2028 2271/2429/2192 2268/2427/2190
f 267/2236/2028 2270/2235/2027 2271/2429/2192
f 312/2430/2193 2338/2431/2194 2339/2432/2195
f 8/2433/2196 312/2430/2193 2339/2432/2195
f 315/2434/2197 25/2435/2198 28/2436/2199
f 315/2437/2197 29/2438/2200 10/2439/2201
f 10/2439/2201 31/2440/2202 11/2441/2203
f 11/2441/2203 34/2442/2204 14/2443/2205
f 178/2444/2126 14/2443/2205 34/2442/2204
f 178/2444/2126 34/2442/2204 52/2445/2206
f 25/2435/2198 2340/2446/2207 2341/2447/2208
f 2342/2448/2209 2347/2449/2209 28/2450/2199
f 29/2438/2200 47/2451/2210 49/2452/2211
f 31/2440/2202 49/2452/2211 51/2453/2212
f 31/2440/2202 52/2445/2206 34/2442/2204
f 2349/2454/2213 47/2451/2210 2348/2455/2214
f 49/2452/2211 47/2451/2210 2349/2454/2213
f 49/2452/2211 68/2456/2215 51/2453/2212
f 52/2445/2206 68/2456/2215 70/2457/2216
f 178/2444/2126 52/2445/2206 70/2457/2216
f 178/2444/2126 70/2457/2216 88/2458/2217
f 2351/2459/2218 67/2460/2219 2352/2461/2220
f 67/2460/2219 87/2462/2221 68/2456/2215
f 68/2456/2215 88/2458/2217 70/2457/2216
f 85/2463/2222 2350/2464/2223 2355/2465/2224
f 87/2462/2221 85/2463/2222 2355/2465/2224
f 88/2458/2217 104/2466/2225 106/2467/2226
f 178/2444/2126 88/2458/2217 106/2467/2226
f 2353/2468/2227 104/2466/2225 2354/2469/2228
f 106/2467/2226 118/2470/2229 120/2471/2230
f 178/2444/2126 106/2467/2226 120/2471/2230
f 134/2472/2231 2344/2473/2232 2345/2474/2233
f 2346/2475/2234 2344/2473/2232 136/2476/2235
f 118/2470/2229 139/2477/2236 120/2471/2230
f 178/2444/2126 120/2471/2230 139/2477/2236
f 153/2478/2237 2345/2474/2233 2343/2479/2238
f 136/2476/2235 153/2478/2237 155/2480/2239
f 139/2477/2236 155/2480/2239 157/2481/2240
f 178/2444/2126 139/2477/2236 157/2481/2240
f 153/2478/2237 173/2482/2241 155/2480/2239
f 155/2480/2239 176/2483/2242 157/2481/2240
f 178/2444/2126 157/2481/2240 176/2483/2242
f 2334/2484/2243 2335/2485/2244 170/2486/2245
f 2332/2487/2246 2334/2488/2243 171/2489/2247
f 187/2490/2248 2333/2491/2249 2330/2492/2250
f 170/2486/2245 2335/2485/2244 2333/2491/2249
f 171/2489/2247 190/2493/2251 191/2494/2252
f 173/2482/2241 191/2494/2252 194/2495/2253
f 176/2483/2242 194/2495/2253 196/2496/2254
f 178/2444/2126 176/2483/2242 196/2496/2254
f 196/2496/2254 215/2497/2255 217/2498/2256
f 178/2444/2126 196/2496/2254 217/2498/2256
f 2322/2499/2257 2321/2500/2258 206/2501/2259
f 208/2502/2260 2327/2503/2261 2323/2504/2262
f 187/2505/2248 2329/2506/2263 2327/2503/2261
f 190/2493/2251 210/2507/2264 212/2508/2265
f 190/2493/2251 214/2509/2266 191/2494/2252
f 194/2495/2253 214/2509/2266 215/2497/2255
f 208/2502/2260 233/2510/2267 210/2511/2264
f 212/2512/2265 233/2510/2267 235/2513/2268
f 212/2508/2265 237/2514/2269 214/2509/2266
f 215/2497/2255 237/2514/2269 239/2515/2270
f 215/2497/2255 241/2516/2271 217/2498/2256
f 227/2517/2272 2319/2518/2273 2318/2519/2274
f 178/2444/2126 217/2498/2256 241/2516/2271
f 206/2501/2259 2321/2500/2258 2320/2520/2275
f 206/2501/2259 232/2521/2276 208/2502/2260
f 239/2515/2270 265/2522/2277 241/2516/2271
f 251/2523/2278 2318/2519/2274 2317/2524/2279
f 178/2444/2126 241/2516/2271 265/2522/2277
f 227/2517/2272 253/2525/2280 229/2526/2281
f 229/2526/2281 255/2527/2282 232/2521/2276
f 232/2521/2276 257/2528/2283 233/2510/2267
f 235/2513/2268 257/2528/2283 258/2529/2284
f 235/2530/2268 261/2531/2285 237/2514/2269
f 239/2515/2270 261/2531/2285 263/2532/2286
f 258/2533/2284 277/2534/2287 279/2535/2288
f 258/2533/2284 281/2536/2289 261/2531/2285
f 263/2532/2286 281/2536/2289 283/2537/2290
f 265/2522/2277 283/2537/2290 285/2538/2291
f 251/2523/2278 2317/2524/2279 2314/2539/2292
f 178/2444/2126 265/2522/2277 285/2538/2291
f 251/2523/2278 274/2540/2293 253/2525/2280
f 255/2527/2282 274/2540/2293 275/2541/2294
f 255/2527/2282 277/2542/2287 257/2528/2283
f 272/2543/2295 2316/2544/2296 2324/2545/2297
f 178/2444/2126 285/2538/2291 308/2546/2298
f 274/2547/2293 272/2543/2295 2324/2545/2297
f 275/2548/2294 296/2549/2299 298/2550/2300
f 277/2551/2287 298/2550/2300 300/2552/2301
f 277/2551/2287 302/2553/2302 279/2554/2288
f 281/2536/2289 302/2555/2302 304/2556/2303
f 281/2536/2289 305/2557/2304 283/2537/2290
f 283/2537/2290 308/2546/2298 285/2538/2291
f 302/2553/2302 8/2433/2196 315/2434/2197
f 302/2555/2302 10/2439/2201 304/2556/2303
f 305/2557/2304 10/2439/2201 11/2441/2203
f 305/2557/2304 14/2443/2205 308/2546/2298
f 178/2444/2126 308/2546/2298 14/2443/2205
f 296/2549/2299 2326/2558/2305 2336/2559/2306
f 298/2550/2300 296/2549/2299 2336/2559/2306
f 298/2550/2300 8/2433/2196 300/2552/2301
f 630/2560/2193 2285/2561/2307 2294/2562/2308
f 341/2563/2301 2286/2564/2309 322/2565/2196
f 631/2566/2197 341/2563/2301 322/2565/2196
f 345/2567/2303 631/2568/2197 325/2569/2201
f 346/2570/2304 325/2569/2201 327/2571/2203
f 349/2572/2298 327/2571/2203 329/2573/2205
f 491/2574/2126 349/2572/2298 329/2573/2205
f 491/2574/2126 365/2575/2291 349/2572/2298
f 2288/2576/2310 341/2563/2301 2287/2577/2311
f 2276/2578/2312 2275/2579/2313 343/2580/2302
f 345/2567/2303 359/2581/2314 343/2582/2302
f 346/2570/2304 361/2583/2289 345/2567/2303
f 365/2575/2291 346/2570/2304 349/2572/2298
f 2277/2584/2315 359/2581/2314 2280/2585/2316
f 361/2583/2289 2278/2586/2317 2280/2585/2316
f 382/2587/2286 361/2583/2289 363/2588/2290
f 365/2575/2291 382/2587/2286 363/2588/2290
f 491/2574/2126 383/2589/2277 365/2575/2291
f 491/2574/2126 401/2590/2271 383/2589/2277
f 2278/2586/2317 380/2591/2285 2279/2592/2318
f 399/2593/2270 2281/2594/2319 2279/2592/2318
f 401/2590/2271 382/2587/2286 383/2589/2277
f 399/2593/2270 2283/2595/2320 2282/2596/2321
f 401/2590/2271 415/2597/2255 399/2593/2270
f 491/2574/2126 417/2598/2256 401/2590/2271
f 432/2599/2253 2289/2600/2322 2284/2601/2323
f 417/2598/2256 432/2599/2253 415/2597/2255
f 491/2574/2126 434/2602/2254 417/2598/2256
f 2289/2600/2322 450/2603/2241 2291/2604/2324
f 452/2605/2242 432/2599/2253 434/2602/2254
f 491/2574/2126 452/2605/2242 434/2602/2254
f 2293/2606/2325 2290/2607/2326 466/2608/2237
f 468/2609/2239 2290/2607/2326 450/2603/2241
f 452/2605/2242 468/2609/2239 450/2603/2241
f 491/2574/2126 469/2610/2240 452/2605/2242
f 487/2611/2235 466/2608/2237 468/2609/2239
f 489/2612/2236 468/2609/2239 469/2610/2240
f 491/2574/2126 489/2612/2236 469/2610/2240
f 2299/2613/2327 2297/2614/2328 483/2615/2329
f 485/2616/2330 2297/2617/2328 2292/2618/2331
f 2302/2619/2332 2303/2620/2333 502/2621/2334
f 2298/2622/2335 2299/2613/2327 504/2623/2336
f 485/2616/2330 504/2624/2336 483/2625/2329
f 487/2611/2235 507/2626/2337 485/2616/2330
f 489/2612/2236 508/2627/2229 487/2611/2235
f 491/2574/2126 511/2628/2230 489/2612/2236
f 511/2628/2230 531/2629/2225 508/2627/2229
f 491/2574/2126 532/2630/2226 511/2628/2230
f 2313/2631/2338 521/2632/2339 2312/2633/2340
f 523/2634/2341 2313/2631/2338 2304/2635/2342
f 524/2636/2343 523/2634/2341 2305/2637/2344
f 504/2624/2336 524/2638/2343 502/2639/2334
f 528/2640/2345 504/2624/2336 507/2626/2337
f 508/2627/2229 528/2640/2345 507/2626/2337
f 549/2641/2346 523/2642/2341 524/2638/2343
f 526/2643/2347 549/2641/2346 524/2638/2343
f 552/2644/2222 526/2643/2347 528/2640/2345
f 531/2629/2225 552/2644/2222 528/2640/2345
f 556/2645/2217 531/2629/2225 532/2630/2226
f 543/2646/2348 2310/2647/2349 2311/2648/2350
f 491/2574/2126 556/2645/2217 532/2630/2226
f 545/2649/2351 543/2646/2348 2311/2648/2350
f 547/2650/2352 521/2651/2339 523/2652/2341
f 579/2653/2216 554/2654/2221 556/2645/2217
f 2309/2655/2353 565/2656/2354 2308/2657/2355
f 491/2574/2126 579/2653/2216 556/2645/2217
f 567/2658/2356 543/2646/2348 545/2649/2351
f 569/2659/2357 545/2649/2351 547/2650/2352
f 571/2660/2358 547/2650/2352 549/2661/2346
f 550/2662/2359 571/2663/2358 549/2641/2346
f 575/2664/2219 550/2662/2359 552/2644/2222
f 554/2654/2221 575/2664/2219 552/2644/2222
f 573/2665/2360 595/2666/2361 571/2663/2358
f 599/2667/2211 573/2665/2360 575/2664/2219
f 577/2668/2215 599/2667/2211 575/2664/2219
f 579/2653/2216 601/2669/2212 577/2668/2215
f 588/2670/2362 2307/2671/2363 2306/2672/2364
f 491/2574/2126 603/2673/2206 579/2653/2216
f 590/2674/2365 565/2656/2354 567/2658/2356
f 569/2659/2357 590/2674/2365 567/2658/2356
f 595/2666/2361 569/2675/2357 571/2663/2358
f 2307/2676/2363 588/2677/2362 2300/2678/2366
f 491/2574/2126 625/2679/2204 603/2673/2206
f 612/2680/2367 2301/2681/2368 2300/2682/2366
f 593/2683/2369 612/2680/2367 590/2684/2365
f 595/2685/2361 614/2686/2370 593/2683/2369
f 619/2687/2199 595/2666/2361 597/2688/2210
f 599/2667/2211 619/2687/2199 597/2688/2210
f 623/2689/2202 599/2667/2211 601/2669/2212
f 625/2679/2204 601/2669/2212 603/2673/2206
f 619/2690/2199 322/2565/2196 616/2691/2198
f 325/2569/2201 619/2687/2199 620/2692/2200
f 623/2689/2202 325/2569/2201 620/2692/2200
f 329/2573/2205 623/2689/2202 625/2679/2204
f 491/2574/2126 329/2573/2205 625/2679/2204
f 612/2680/2367 2295/2693/2371 2301/2681/2368
f 630/2560/2193 2294/2562/2308 2296/2694/2372
f 322/2565/2196 614/2686/2370 616/2691/2198
f 2189/1/1 3/60/58 18/2/2
f 2203/4/4 46/61/59 48/5/5
f 4/7/7 2189/2234/1 19/8/3
f 2190/11/10 4/7/7 20/9/8
f 2207/14/13 2208/82/79 36/15/14
f 36/15/14 9/2230/2024 2204/13/12
f 9/2230/2024 2206/2695/2373 2205/2696/2374
f 9/2230/2024 2205/2696/2374 2204/13/12
f 2191/16/15 2190/11/10 21/12/11
f 12/18/17 9/2230/2024 36/15/14
f 2192/20/19 2191/16/15 22/17/16
f 12/18/17 37/19/18 38/22/21
f 2193/24/23 2192/20/19 23/21/20
f 2196/23/22 38/22/21 39/26/25
f 2194/28/27 2193/24/23 24/25/24
f 2197/27/26 39/26/25 40/30/29
f 5/32/31 2194/28/27 26/29/28
f 2198/34/30 40/92/29 41/35/33
f 6/37/35 5/32/31 27/33/32
f 2199/36/34 41/35/33 42/39/37
f 7/41/39 6/37/35 30/38/36
f 2200/40/38 42/39/37 43/43/41
f 2195/45/43 7/41/39 32/42/40
f 2201/44/42 43/43/41 44/50/48
f 35/57/55 2210/52/50 33/46/44
f 2210/52/50 2209/2697/2375 2195/45/43
f 2/53/51 1/47/45 16/49/47
f 2202/51/49 44/50/48 45/55/53
f 2211/2698/2376 2210/52/50 35/57/55
f 35/57/55 2214/2699/2377 2212/58/56
f 2213/59/57 2211/2698/2376 35/57/55
f 3/60/58 2/53/51 17/54/52
f 13/56/54 45/55/53 46/61/59
f 30/38/36 27/33/32 63/62/60
f 41/35/33 81/93/89 82/64/62
f 32/42/40 30/38/36 64/63/61
f 42/39/37 82/64/62 84/66/64
f 33/46/44 32/42/40 65/65/63
f 43/43/41 84/66/64 89/69/67
f 33/46/44 66/67/65 69/70/68
f 17/54/52 16/49/47 50/68/66
f 44/50/48 89/69/67 91/72/70
f 2216/74/72 2214/2699/2377 35/57/55
f 35/57/55 69/70/68 2215/73/71
f 69/70/68 2217/2700/2378 2218/2701/2379
f 69/70/68 2218/2701/2379 2215/73/71
f 18/2/2 17/54/52 53/71/69
f 45/55/53 91/72/70 93/76/74
f 19/3/3 18/2/2 54/75/73
f 46/61/59 93/76/74 95/78/76
f 20/9/8 19/8/3 55/79/75
f 21/12/11 20/9/8 56/80/77
f 2219/83/80 2220/111/106 71/110/105
f 71/110/105 36/15/14 2219/83/80
f 22/17/16 21/12/11 57/81/78
f 36/15/14 71/110/105 73/85/82
f 23/21/20 22/17/16 58/84/81
f 37/19/18 73/85/82 75/87/84
f 24/25/24 23/21/20 59/86/83
f 38/22/21 75/87/84 78/89/86
f 26/29/28 24/25/24 61/88/85
f 39/26/25 78/89/86 80/91/88
f 27/33/32 26/29/28 62/90/87
f 40/92/29 80/2702/88 81/93/89
f 66/67/65 65/65/63 124/94/90
f 84/66/64 151/129/123 154/97/93
f 66/67/65 125/95/91 128/98/94
f 53/71/69 50/68/66 98/96/92
f 89/69/67 154/97/93 158/100/96
f 2221/102/98 2217/2700/2378 69/70/68
f 69/70/68 128/98/94 2221/102/98
f 128/98/94 2222/2703/2380 2223/101/97
f 54/75/73 53/71/69 100/99/95
f 91/72/70 158/100/96 160/104/100
f 55/77/75 54/75/73 102/103/99
f 93/76/74 160/104/100 162/106/102
f 56/80/77 55/79/75 103/107/101
f 57/81/78 56/80/77 108/108/103
f 2224/112/107 2225/146/139 135/145/138
f 135/145/138 71/110/105 2224/112/107
f 58/84/81 57/81/78 110/109/104
f 71/110/105 135/145/138 138/114/109
f 59/86/83 58/84/81 112/113/108
f 73/85/82 138/114/109 141/116/111
f 61/88/85 59/86/83 114/115/110
f 75/87/84 141/116/111 143/118/113
f 2275/119/114 2276/2704/2381 62/90/87
f 62/90/87 61/88/85 115/117/112
f 80/91/88 78/89/86 143/118/113
f 2281/2705/2382 2282/2706/2383 63/62/60
f 62/90/87 2276/2704/2381 2277/2707/2384
f 62/90/87 2277/2707/2384 2280/121/116
f 2281/2705/2382 63/62/60 2279/2708/2382
f 63/62/60 62/90/87 2278/122/117
f 2279/2708/2382 63/62/60 2278/122/117
f 81/93/89 80/2702/88 144/123/115
f 2284/126/120 122/128/122 64/63/61
f 64/63/61 63/62/60 2283/125/119
f 63/62/60 2282/2706/2383 2283/125/119
f 82/64/62 81/93/89 146/124/118
f 65/65/63 64/63/61 122/128/122
f 84/66/64 82/64/62 149/127/121
f 2226/2709/2385 2222/2703/2380 202/131/125
f 2222/2703/2380 128/98/94 202/131/125
f 102/103/99 100/99/95 165/132/126
f 158/100/96 238/168/160 243/134/128
f 2227/135/129 2226/2709/2385 202/131/125
f 202/131/125 2228/206/197 2229/136/130
f 103/105/101 102/103/99 168/133/127
f 160/104/100 243/134/128 244/138/132
f 108/108/103 103/107/101 172/139/131
f 2233/141/134 2232/177/169 207/142/135
f 207/142/135 2231/2710/2386 2230/143/136
f 110/109/104 108/108/103 174/140/133
f 2234/147/140 2231/2710/2386 135/145/138
f 2231/2710/2386 207/142/135 209/180/172
f 135/145/138 2231/2710/2386 209/180/172
f 112/113/108 110/109/104 177/144/137
f 135/145/138 209/180/172 216/149/142
f 114/115/110 112/113/108 180/148/141
f 138/114/109 216/149/142 218/151/144
f 115/117/112 114/115/110 183/150/143
f 141/116/111 218/151/144 220/153/146
f 2275/119/114 115/117/112 2287/2711/2387
f 115/117/112 184/152/145 2286/154/147
f 2287/2711/2387 115/117/112 2288/155/148
f 184/152/145 2285/2712/2388 2286/154/147
f 144/120/115 143/118/113 220/153/146
f 146/124/118 144/123/115 222/157/149
f 2292/2713/2389 189/162/154 2293/160/152
f 189/162/154 122/128/122 2293/160/152
f 122/128/122 2284/126/120 2289/2714/2390
f 122/128/122 2289/2714/2390 2291/2715/2391
f 122/128/122 2291/2715/2391 2290/159/151
f 149/127/121 146/124/118 224/158/150
f 124/94/90 122/128/122 189/162/154
f 151/129/123 149/127/121 226/161/153
f 125/95/91 124/94/90 193/163/155
f 154/97/93 151/129/123 230/164/156
f 125/95/91 197/165/157 199/130/124
f 100/99/95 98/96/92 163/166/158
f 154/97/93 234/167/159 238/168/160
f 2237/170/162 2235/2716/2392 292/171/163
f 292/171/163 294/239/228 2236/169/161
f 294/239/228 2238/2717/2393 2236/169/161
f 174/140/133 172/139/131 254/172/164
f 2239/175/167 2238/2717/2393 294/239/228
f 294/239/228 299/176/168 2239/175/167
f 299/176/168 207/142/135 2232/177/169
f 177/144/137 174/140/133 259/173/165
f 207/142/135 299/176/168 303/179/171
f 180/148/141 177/144/137 264/178/170
f 209/180/172 303/179/171 307/182/174
f 183/150/143 180/148/141 266/181/173
f 216/149/142 307/182/174 310/184/176
f 184/152/145 183/150/143 268/183/175
f 218/151/144 310/184/176 311/186/178
f 2285/2712/2388 184/152/145 2294/188/180
f 184/152/145 270/185/177 2294/188/180
f 270/185/177 2295/2718/2394 2296/187/179
f 220/153/146 311/186/178 313/189/181
f 224/158/150 222/157/149 313/190/181
f 189/162/154 2292/2713/2389 2297/2719/2395
f 2299/193/184 2298/2720/2396 278/192/183
f 189/162/154 2297/2719/2395 2299/193/184
f 226/161/153 224/158/150 314/191/182
f 193/163/155 189/162/154 278/192/183
f 226/161/153 317/194/185 320/196/187
f 197/165/157 193/163/155 284/195/186
f 230/164/156 320/196/187 321/199/190
f 197/165/157 286/197/188 288/200/191
f 165/132/126 163/166/158 247/198/189
f 234/167/159 321/199/190 324/202/193
f 199/130/124 288/200/191 290/203/194
f 168/133/127 165/132/126 249/201/192
f 238/168/160 324/202/193 328/205/196
f 2235/2716/2392 2228/206/197 292/171/163
f 2228/206/197 202/131/125 290/203/194
f 172/137/131 168/133/127 252/204/195
f 243/134/128 328/205/196 331/174/166
f 299/176/168 362/242/230 364/208/198
f 266/181/173 264/178/170 347/209/199
f 303/179/171 364/208/198 366/211/201
f 268/183/175 266/181/173 350/210/200
f 307/182/174 366/211/201 368/213/203
f 270/185/177 268/183/175 351/212/202
f 310/184/176 368/213/203 370/215/205
f 2295/2718/2394 270/185/177 2301/217/207
f 270/185/177 352/214/204 2301/217/207
f 311/186/178 370/215/205 371/218/208
f 313/190/181 371/252/208 372/219/209
f 353/220/210 278/192/183 2302/221/211
f 278/192/183 2298/2720/2396 2303/2721/2397
f 278/192/183 2303/2721/2397 2302/221/211
f 2305/222/211 2304/2722/2398 353/220/210
f 314/191/182 372/219/209 373/223/212
f 284/195/186 278/192/183 353/220/210
f 317/194/185 373/223/212 374/225/214
f 286/197/188 284/195/186 354/224/213
f 320/196/187 374/225/214 375/228/217
f 286/197/188 355/226/215 356/229/218
f 249/201/192 247/198/189 333/227/216
f 321/199/190 375/228/217 376/231/220
f 288/200/191 356/229/218 357/232/221
f 252/204/195 249/201/192 335/230/219
f 324/202/193 376/231/220 377/234/223
f 290/203/194 357/232/221 358/235/224
f 254/207/164 252/204/195 337/233/222
f 328/205/196 377/234/223 378/237/226
f 292/171/163 358/235/224 360/238/227
f 259/173/165 254/172/164 339/240/225
f 294/239/228 360/238/227 362/242/230
f 264/178/170 259/173/165 344/241/229
f 366/211/201 405/280/265 406/243/231
f 352/214/204 351/212/202 390/244/232
f 368/213/203 406/243/231 407/246/234
f 2300/216/206 352/214/204 391/245/233
f 391/245/233 392/250/238 2307/247/235
f 392/250/238 2306/2723/2399 2307/247/235
f 370/215/205 407/246/234 408/248/236
f 2308/249/237 2306/2723/2399 392/250/238
f 393/251/239 2310/2724/2400 2309/2725/2401
f 2309/2725/2401 2308/249/237 393/251/239
f 371/252/208 408/284/236 409/253/240
f 2311/255/242 2310/2724/2400 393/251/239
f 393/251/239 394/257/244 2312/254/241
f 394/257/244 353/220/210 2313/2726/2402
f 2312/254/241 394/257/244 2313/2726/2402
f 353/220/210 2304/2722/2398 2313/2726/2402
f 372/219/209 409/253/240 410/256/243
f 354/224/213 353/220/210 394/257/244
f 373/223/212 410/256/243 411/259/246
f 355/226/215 354/224/213 395/258/245
f 374/225/214 411/259/246 412/262/249
f 355/226/215 396/260/247 397/263/250
f 335/230/219 333/227/216 379/261/248
f 375/228/217 412/262/249 413/265/252
f 356/229/218 397/263/250 398/266/253
f 337/233/222 335/230/219 381/264/251
f 376/231/220 413/265/252 414/268/255
f 357/232/221 398/266/253 400/269/256
f 339/236/225 337/233/222 384/267/254
f 377/234/223 414/268/255 416/271/258
f 358/235/224 400/269/256 402/272/259
f 344/273/229 339/236/225 385/270/257
f 360/238/227 402/272/259 403/275/261
f 347/209/199 344/241/229 386/276/260
f 362/242/230 403/275/261 404/278/263
f 350/210/200 347/209/199 388/277/262
f 364/208/198 404/278/263 405/280/265
f 351/212/202 350/210/200 389/279/264
f 407/246/234 442/313/296 443/281/266
f 393/251/239 392/250/238 427/282/267
f 408/284/236 443/345/266 444/285/269
f 394/257/244 393/251/239 428/283/268
f 409/253/240 444/285/269 445/287/271
f 395/258/245 394/257/244 429/286/270
f 410/256/243 445/287/271 446/289/273
f 396/260/247 395/258/245 430/288/272
f 411/259/246 446/289/273 447/292/276
f 396/260/247 431/290/274 433/293/277
f 381/264/251 379/261/248 418/291/275
f 412/262/249 447/292/276 448/295/279
f 397/263/250 433/293/277 435/296/280
f 384/267/254 381/264/251 419/294/278
f 413/265/252 448/295/279 449/298/282
f 398/266/253 435/296/280 436/299/283
f 385/270/257 384/267/254 420/297/281
f 414/268/255 449/298/282 451/301/285
f 400/269/256 436/299/283 437/302/286
f 386/274/260 385/270/257 421/300/284
f 402/272/259 437/302/286 438/304/288
f 388/277/262 386/276/260 422/305/287
f 403/275/261 438/304/288 439/307/290
f 389/279/264 388/277/262 423/306/289
f 404/278/263 439/307/290 440/309/292
f 390/244/232 389/279/264 424/308/291
f 405/280/265 440/309/292 441/311/294
f 391/245/233 390/244/232 425/310/293
f 406/243/231 441/311/294 442/313/296
f 392/250/238 391/245/233 426/312/295
f 444/285/269 480/347/327 481/314/297
f 430/288/272 429/286/270 464/315/298
f 445/287/271 481/314/297 482/317/300
f 431/290/274 430/288/272 465/316/299
f 446/289/273 482/317/300 484/320/303
f 431/290/274 467/318/301 470/321/304
f 419/294/278 418/291/275 453/319/302
f 447/292/276 484/320/303 486/323/306
f 433/293/277 470/321/304 471/324/307
f 420/297/281 419/294/278 454/322/305
f 448/295/279 486/323/306 488/326/309
f 435/296/280 471/324/307 472/327/310
f 421/300/284 420/297/281 455/325/308
f 449/298/282 488/326/309 490/329/312
f 436/299/283 472/327/310 473/330/313
f 422/303/287 421/300/284 456/328/311
f 437/302/286 473/330/313 474/332/315
f 423/306/289 422/305/287 457/333/314
f 438/304/288 474/332/315 475/335/317
f 424/308/291 423/306/289 458/334/316
f 439/307/290 475/335/317 476/337/319
f 425/310/293 424/308/291 459/336/318
f 440/309/292 476/337/319 477/339/321
f 426/312/295 425/310/293 460/338/320
f 441/311/294 477/339/321 478/341/323
f 427/282/267 426/312/295 461/340/322
f 442/343/296 478/374/323 479/344/325
f 428/283/268 427/282/267 462/342/324
f 443/345/266 479/344/325 480/347/327
f 429/286/270 428/283/268 463/346/326
f 482/317/300 527/381/358 529/348/328
f 470/321/304 467/318/301 509/349/329
f 454/322/305 453/319/302 492/351/331
f 484/320/303 529/348/328 530/353/333
f 470/321/304 510/350/330 512/354/334
f 455/325/308 454/322/305 493/352/332
f 486/323/306 530/353/333 533/356/336
f 471/324/307 512/354/334 513/357/337
f 456/328/311 455/325/308 494/355/335
f 488/326/309 533/356/336 534/359/339
f 472/327/310 513/357/337 514/360/340
f 457/331/314 456/328/311 495/358/338
f 473/330/313 514/360/340 515/362/342
f 458/363/316 457/331/314 496/361/341
f 474/332/315 515/362/342 516/365/344
f 459/336/318 458/334/316 497/366/343
f 475/335/317 516/365/344 517/368/346
f 460/338/320 459/336/318 498/367/345
f 476/337/319 517/368/346 518/370/348
f 461/340/322 460/338/320 499/369/347
f 477/339/321 518/370/348 519/372/350
f 462/342/324 461/340/322 500/371/349
f 478/374/323 519/410/350 520/375/352
f 463/346/326 462/342/324 501/373/351
f 479/344/325 520/375/352 522/377/354
f 464/315/298 463/346/326 503/376/353
f 480/347/327 522/377/354 525/379/356
f 465/316/299 464/315/298 505/378/355
f 481/314/297 525/379/356 527/381/358
f 467/318/301 465/316/299 506/380/357
f 530/353/333 578/428/389 580/382/359
f 513/383/337 512/429/334 558/384/360
f 495/358/338 494/355/335 537/386/362
f 533/356/336 580/382/359 581/388/364
f 514/389/340 513/383/337 559/385/361
f 496/361/341 495/358/338 538/387/363
f 515/392/342 514/389/340 560/390/365
f 497/394/343 496/2727/341 539/395/366
f 516/397/344 515/392/342 561/393/367
f 498/399/345 497/394/343 540/396/368
f 516/365/344 562/2728/369 563/401/371
f 499/402/347 498/399/345 541/400/370
f 517/368/346 563/401/371 564/404/373
f 500/405/349 499/402/347 542/403/372
f 518/370/348 564/404/373 566/407/375
f 501/408/351 500/405/349 544/406/374
f 519/410/350 566/446/375 568/411/377
f 503/412/353 501/408/351 546/409/376
f 520/375/352 568/411/377 570/414/379
f 505/415/355 503/412/353 548/413/378
f 522/377/354 570/414/379 572/417/381
f 506/418/357 505/415/355 551/416/380
f 525/379/356 572/417/381 574/420/383
f 509/421/329 506/418/357 553/419/382
f 527/381/358 574/420/383 576/424/386
f 510/425/330 509/421/329 555/422/384
f 493/352/332 492/351/331 535/423/385
f 529/348/328 576/424/386 578/428/389
f 512/429/334 510/425/330 557/426/387
f 494/355/335 493/352/332 536/427/388
f 561/393/367 560/390/365 607/431/391
f 540/396/368 539/395/366 586/433/393
f 561/393/367 608/432/392 609/435/395
f 541/400/370 540/396/368 587/434/394
f 562/398/369 609/435/395 610/437/397
f 542/403/372 541/400/370 589/436/396
f 563/438/371 610/437/397 611/440/399
f 544/406/374 542/403/372 591/439/398
f 564/441/373 611/440/399 613/443/401
f 546/409/376 544/406/374 592/442/400
f 566/446/375 613/473/401 615/447/403
f 548/413/378 546/409/376 594/445/402
f 568/411/377 615/447/403 617/449/405
f 551/416/380 548/413/378 596/448/404
f 570/414/379 617/449/405 618/451/407
f 553/419/382 551/416/380 598/450/406
f 572/417/381 618/451/407 621/453/409
f 555/422/384 553/419/382 600/452/408
f 574/420/383 621/453/409 622/456/412
f 557/426/387 555/422/384 602/454/410
f 536/427/388 535/423/385 582/455/411
f 576/424/386 622/456/412 624/459/415
f 558/384/360 557/426/387 604/457/413
f 537/386/362 536/427/388 583/458/414
f 578/428/389 624/459/415 626/462/418
f 559/385/361 558/384/360 605/460/416
f 538/387/363 537/386/362 584/461/417
f 580/382/359 626/462/418 627/430/390
f 560/390/365 559/385/361 606/463/419
f 539/391/366 538/387/363 585/464/420
f 609/435/395 649/498/451 650/466/421
f 591/439/398 589/436/396 636/467/422
f 610/437/397 650/466/421 651/469/424
f 592/442/400 591/439/398 637/468/423
f 611/440/399 651/469/424 652/471/426
f 594/445/402 592/442/400 638/470/425
f 613/473/401 652/502/426 653/474/428
f 596/448/404 594/445/402 639/472/427
f 615/447/403 653/474/428 654/476/430
f 598/450/406 596/448/404 640/475/429
f 617/449/405 654/476/430 655/478/432
f 600/452/408 598/450/406 641/477/431
f 618/451/407 655/478/432 656/480/434
f 602/454/410 600/452/408 642/479/433
f 621/453/409 656/480/434 657/483/437
f 604/457/413 602/454/410 643/481/435
f 583/458/414 582/455/411 628/482/436
f 622/456/412 657/483/437 658/486/440
f 605/460/416 604/457/413 644/484/438
f 584/461/417 583/458/414 629/485/439
f 624/459/415 658/486/440 659/489/443
f 606/463/419 605/460/416 645/487/441
f 585/464/420 584/461/417 632/488/442
f 626/462/418 659/489/443 660/492/446
f 607/431/391 606/463/419 646/490/444
f 586/433/393 585/2729/420 633/494/445
f 608/432/392 607/431/391 647/493/447
f 587/434/394 586/433/393 634/495/448
f 608/432/392 648/496/449 649/498/451
f 589/436/396 587/434/394 635/497/450
f 651/469/424 682/531/482 683/499/452
f 639/472/427 638/470/425 669/500/453
f 652/502/426 683/563/452 684/503/455
f 640/475/429 639/472/427 670/501/454
f 653/474/428 684/503/455 685/505/457
f 641/477/431 640/475/429 671/504/456
f 654/476/430 685/505/457 686/507/459
f 642/479/433 641/477/431 672/506/458
f 655/478/432 686/507/459 687/509/461
f 643/481/435 642/479/433 673/508/460
f 656/480/434 687/509/461 688/512/464
f 644/484/438 643/481/435 674/510/462
f 629/485/439 628/482/436 661/511/463
f 657/483/437 688/512/464 689/515/467
f 645/487/441 644/484/438 675/513/465
f 632/488/442 629/485/439 662/514/466
f 658/486/440 689/515/467 690/518/470
f 646/490/444 645/487/441 676/516/468
f 633/491/445 632/488/442 663/517/469
f 659/489/443 690/518/470 691/521/473
f 647/493/447 646/490/444 677/519/471
f 634/495/448 633/494/445 664/523/472
f 647/493/447 678/522/474 679/525/476
f 635/497/450 634/495/448 665/524/475
f 648/496/449 679/525/476 680/527/478
f 636/467/422 635/497/450 666/526/477
f 649/498/451 680/527/478 681/529/480
f 637/468/423 636/467/422 667/528/479
f 650/466/421 681/529/480 682/531/482
f 638/470/425 637/468/423 668/530/481
f 684/503/455 715/564/513 716/532/483
f 672/506/458 671/504/456 702/533/484
f 685/505/457 716/532/483 717/535/486
f 673/508/460 672/506/458 703/534/485
f 686/507/459 717/535/486 718/537/488
f 674/510/462 673/508/460 704/536/487
f 687/509/461 718/537/488 719/540/491
f 675/513/465 674/510/462 705/538/489
f 662/514/466 661/511/463 692/539/490
f 688/512/464 719/540/491 720/543/494
f 676/516/468 675/513/465 706/541/492
f 663/517/469 662/514/466 693/542/493
f 689/515/467 720/543/494 721/546/497
f 677/519/471 676/516/468 707/544/495
f 664/520/472 663/517/469 694/545/496
f 690/518/470 721/546/497 722/549/500
f 678/522/474 677/519/471 708/547/498
f 665/524/475 664/523/472 695/551/499
f 678/522/474 709/550/501 710/553/503
f 666/526/477 665/524/475 696/552/502
f 679/525/476 710/553/503 711/555/505
f 667/528/479 666/526/477 697/554/504
f 680/527/478 711/555/505 712/557/507
f 668/530/481 667/528/479 698/556/506
f 681/529/480 712/557/507 713/559/509
f 669/500/453 668/530/481 699/558/508
f 682/531/482 713/559/509 714/561/511
f 670/501/454 669/500/453 700/560/510
f 683/563/452 714/592/511 715/564/513
f 671/504/456 670/501/454 701/562/512
f 717/535/486 748/597/544 749/565/514
f 705/538/489 704/536/487 735/566/515
f 718/537/488 749/565/514 750/569/518
f 706/541/492 705/538/489 736/567/516
f 693/542/493 692/539/490 723/568/517
f 719/540/491 750/569/518 751/572/521
f 707/544/495 706/541/492 737/570/519
f 694/545/496 693/542/493 724/571/520
f 720/543/494 751/572/521 752/575/524
f 708/547/498 707/544/495 738/573/522
f 695/551/499 694/2730/496 725/577/523
f 721/546/497 752/575/524 753/579/527
f 708/547/498 739/576/525 740/580/528
f 696/552/502 695/551/499 726/578/526
f 709/550/501 740/580/528 741/582/530
f 697/554/504 696/552/502 727/581/529
f 710/553/503 741/582/530 742/584/532
f 698/556/506 697/554/504 728/583/531
f 711/555/505 742/584/532 743/586/534
f 699/558/508 698/556/506 729/585/533
f 712/557/507 743/586/534 744/588/536
f 700/560/510 699/558/508 730/587/535
f 713/559/509 744/588/536 745/590/538
f 701/562/512 700/560/510 731/589/537
f 714/592/511 745/621/538 746/593/540
f 702/533/484 701/562/512 732/591/539
f 715/564/513 746/593/540 747/595/542
f 703/534/485 702/533/484 733/594/541
f 716/532/483 747/595/542 748/597/544
f 704/536/487 703/534/485 734/596/543
f 724/571/520 723/568/517 754/598/545
f 750/569/518 781/630/575 782/600/547
f 738/573/522 737/570/519 768/601/548
f 725/574/523 724/571/520 755/599/546
f 751/572/521 782/600/547 783/604/551
f 739/576/525 738/573/522 769/602/549
f 726/578/526 725/577/523 756/606/550
f 752/575/524 783/604/551 784/608/554
f 739/576/525 770/605/552 771/609/555
f 727/581/529 726/578/526 757/607/553
f 740/580/528 771/609/555 772/611/557
f 728/583/531 727/581/529 758/610/556
f 741/582/530 772/611/557 773/613/559
f 729/585/533 728/583/531 759/612/558
f 742/584/532 773/613/559 774/615/561
f 730/587/535 729/585/533 760/614/560
f 743/586/534 774/615/561 775/617/563
f 731/589/537 730/587/535 761/616/562
f 744/588/536 775/617/563 776/619/565
f 732/591/539 731/589/537 762/618/564
f 745/621/538 776/646/565 777/622/567
f 733/594/541 732/591/539 763/620/566
f 746/593/540 777/622/567 778/624/569
f 734/596/543 733/594/541 764/623/568
f 747/595/542 778/624/569 779/626/571
f 735/566/515 734/596/543 765/625/570
f 748/597/544 779/626/571 780/628/573
f 736/567/516 735/566/515 766/627/572
f 749/565/514 780/628/573 781/630/575
f 737/570/519 736/567/516 767/629/574
f 757/607/553 756/606/550 787/631/576
f 783/604/551 814/662/605 815/633/578
f 770/605/552 801/663/606 802/634/579
f 758/610/556 757/607/553 788/632/577
f 771/609/555 802/634/579 803/636/581
f 759/612/558 758/610/556 789/635/580
f 772/611/557 803/636/581 804/638/583
f 760/614/560 759/612/558 790/637/582
f 773/613/559 804/638/583 805/640/585
f 761/616/562 760/614/560 791/639/584
f 774/615/561 805/640/585 806/642/587
f 762/618/564 761/616/562 792/641/586
f 775/617/563 806/642/587 807/644/589
f 763/620/566 762/618/564 793/643/588
f 776/646/565 807/674/589 808/647/591
f 764/623/568 763/620/566 794/645/590
f 777/622/567 808/647/591 809/649/593
f 765/625/570 764/623/568 795/648/592
f 778/624/569 809/649/593 810/651/595
f 766/627/572 765/625/570 796/650/594
f 779/626/571 810/651/595 811/653/597
f 767/629/574 766/627/572 797/652/596
f 780/628/573 811/653/597 812/656/600
f 768/601/548 767/629/574 798/654/598
f 755/599/546 754/598/545 785/655/599
f 781/630/575 812/656/600 813/659/603
f 769/602/549 768/601/548 799/657/601
f 756/603/550 755/599/546 786/658/602
f 782/600/547 813/659/603 814/662/605
f 770/605/552 769/602/549 800/660/604
f 790/637/582 789/635/580 820/664/607
f 803/636/581 834/696/637 835/666/609
f 791/639/584 790/637/582 821/665/608
f 804/638/583 835/666/609 836/668/611
f 792/641/586 791/639/584 822/667/610
f 805/640/585 836/668/611 837/670/613
f 793/643/588 792/641/586 823/669/612
f 806/642/587 837/670/613 838/672/615
f 794/645/590 793/643/588 824/671/614
f 807/674/589 838/703/615 839/675/617
f 795/648/592 794/645/590 825/673/616
f 808/647/591 839/675/617 840/677/619
f 796/650/594 795/648/592 826/676/618
f 809/649/593 840/677/619 841/679/621
f 797/652/596 796/650/594 827/678/620
f 810/651/595 841/679/621 842/681/623
f 798/654/598 797/652/596 828/680/622
f 811/653/597 842/681/623 843/684/626
f 799/657/601 798/654/598 829/682/624
f 786/658/602 785/655/599 816/683/625
f 812/656/600 843/684/626 844/687/629
f 800/660/604 799/657/601 830/685/627
f 787/661/576 786/658/602 817/686/628
f 813/659/603 844/687/629 845/690/632
f 801/663/606 800/660/604 831/688/630
f 788/632/577 787/631/576 818/692/631
f 814/662/605 845/690/632 846/694/635
f 801/663/606 832/691/633 833/695/636
f 789/635/580 788/632/577 819/693/634
f 802/634/579 833/695/636 834/696/637
f 823/669/612 822/667/610 853/697/638
f 836/668/611 867/729/668 868/699/640
f 824/671/614 823/669/612 854/698/639
f 837/670/613 868/699/640 869/701/642
f 825/673/616 824/671/614 855/700/641
f 838/703/615 869/732/642 870/704/644
f 826/676/618 825/673/616 856/702/643
f 839/675/617 870/704/644 871/706/646
f 827/678/620 826/676/618 857/705/645
f 840/677/619 871/706/646 872/708/648
f 828/680/622 827/678/620 858/707/647
f 841/679/621 872/708/648 873/710/650
f 829/682/624 828/680/622 859/709/649
f 842/681/623 873/710/650 874/713/653
f 830/685/627 829/682/624 860/711/651
f 817/686/628 816/683/625 847/712/652
f 843/684/626 874/713/653 875/716/656
f 831/688/630 830/685/627 861/714/654
f 818/689/631 817/686/628 848/715/655
f 844/687/629 875/716/656 876/719/659
f 832/691/633 831/688/630 862/717/657
f 819/693/634 818/692/631 849/721/658
f 845/690/632 876/719/659 877/723/662
f 833/695/636 832/691/633 863/720/660
f 820/664/607 819/693/634 850/722/661
f 833/695/636 864/724/663 865/726/665
f 821/665/608 820/664/607 851/725/664
f 834/696/637 865/726/665 866/728/667
f 822/667/610 821/665/608 852/727/666
f 835/666/609 866/728/667 867/729/668
f 856/702/643 855/700/641 886/730/669
f 869/732/642 900/793/699 901/733/671
f 857/705/645 856/702/643 887/731/670
f 870/704/644 901/733/671 902/735/673
f 858/707/647 857/705/645 888/734/672
f 871/706/646 902/735/673 903/737/675
f 859/709/649 858/707/647 889/736/674
f 872/708/648 903/737/675 904/739/677
f 860/711/651 859/709/649 890/738/676
f 873/710/650 904/739/677 905/742/680
f 861/714/654 860/711/651 891/740/678
f 848/715/655 847/712/652 878/741/679
f 874/713/653 905/742/680 906/745/683
f 862/717/657 861/714/654 892/743/681
f 849/718/658 848/715/655 879/744/682
f 875/716/656 906/745/683 907/748/686
f 863/720/660 862/717/657 893/746/684
f 850/722/661 849/721/658 880/750/685
f 876/719/659 907/748/686 908/752/689
f 864/724/663 863/720/660 894/749/687
f 851/725/664 850/722/661 881/751/688
f 864/724/663 895/753/690 896/755/692
f 852/727/666 851/725/664 882/754/691
f 865/726/665 896/755/692 897/757/694
f 853/697/638 852/727/666 883/756/693
f 866/728/667 897/757/694 898/759/696
f 854/698/639 853/697/638 884/758/695
f 867/729/668 898/759/696 899/761/698
f 855/700/641 854/698/639 885/760/697
f 868/699/640 899/761/698 900/762/699
f 889/736/674 888/734/672 919/763/700
f 902/735/673 933/795/730 934/765/702
f 890/738/676 889/736/674 920/764/701
f 903/737/675 934/765/702 935/767/704
f 891/740/678 890/738/676 921/766/703
f 904/739/677 935/767/704 936/770/707
f 892/743/681 891/740/678 922/768/705
f 879/744/682 878/741/679 909/769/706
f 905/742/680 936/770/707 937/773/710
f 892/743/681 923/771/708 924/774/711
f 880/747/685 879/744/682 910/772/709
f 906/745/683 937/773/710 938/776/713
f 894/749/687 893/746/684 924/774/711
f 881/751/688 880/750/685 911/778/712
f 907/748/686 938/776/713 939/780/716
f 895/753/690 894/749/687 925/777/714
f 882/754/691 881/751/688 912/779/715
f 896/755/692 895/753/690 926/781/717
f 883/756/693 882/754/691 913/782/718
f 896/755/692 927/783/719 928/785/721
f 884/758/695 883/756/693 914/784/720
f 897/757/694 928/785/721 929/787/723
f 885/760/697 884/758/695 915/786/722
f 898/759/696 929/787/723 930/789/725
f 886/730/669 885/760/697 916/788/724
f 899/761/698 930/789/725 931/791/727
f 887/731/670 886/730/669 917/790/726
f 900/793/699 931/822/727 932/794/729
f 888/734/672 887/731/670 918/792/728
f 901/733/671 932/794/729 933/795/730
f 922/768/705 921/766/703 952/796/731
f 935/767/704 966/828/761 967/799/734
f 923/771/708 922/768/705 953/797/732
f 910/772/709 909/769/706 940/798/733
f 936/770/707 967/799/734 968/802/737
f 923/771/708 954/800/735 955/803/738
f 911/775/712 910/772/709 941/801/736
f 937/773/710 968/802/737 969/805/740
f 924/774/711 955/803/738 956/806/741
f 912/779/715 911/778/712 942/807/739
f 938/776/713 969/805/740 970/809/743
f 925/777/714 956/806/741 957/810/744
f 913/782/718 912/779/715 943/808/742
f 926/781/717 957/810/744 958/812/746
f 914/784/720 913/782/718 944/811/745
f 927/783/719 958/812/746 959/814/748
f 915/786/722 914/784/720 945/813/747
f 928/785/721 959/814/748 960/816/750
f 916/788/724 915/786/722 946/815/749
f 929/787/723 960/816/750 961/818/752
f 917/790/726 916/788/724 947/817/751
f 930/789/725 961/818/752 962/820/754
f 918/792/728 917/790/726 948/819/753
f 931/822/727 962/849/754 963/823/756
f 919/763/700 918/792/728 949/821/755
f 932/794/729 963/823/756 964/825/758
f 920/764/701 919/763/700 950/824/757
f 933/795/730 964/825/758 965/827/760
f 921/766/703 920/764/701 951/826/759
f 934/765/702 965/827/760 966/828/761
f 954/800/735 985/860/791 986/829/762
f 942/804/739 941/801/736 972/830/763
f 968/802/737 999/861/792 1000/832/765
f 955/803/738 986/829/762 987/833/766
f 943/808/742 942/807/739 973/834/764
f 969/805/740 1000/832/765 1001/836/768
f 956/806/741 987/833/766 988/837/769
f 944/811/745 943/808/742 974/835/767
f 957/810/744 988/837/769 989/839/771
f 945/813/747 944/811/745 975/838/770
f 958/812/746 989/839/771 990/841/773
f 946/815/749 945/813/747 976/840/772
f 959/814/748 990/841/773 991/843/775
f 947/817/751 946/815/749 977/842/774
f 960/816/750 991/843/775 992/845/777
f 948/819/753 947/817/751 978/844/776
f 961/818/752 992/845/777 993/847/779
f 949/821/755 948/819/753 979/846/778
f 962/849/754 993/876/779 994/850/781
f 950/824/757 949/821/755 980/848/780
f 963/823/756 994/850/781 995/852/783
f 951/826/759 950/824/757 981/851/782
f 964/825/758 995/852/783 996/854/785
f 952/796/731 951/826/759 982/853/784
f 965/827/760 996/854/785 997/856/787
f 953/797/732 952/796/731 983/855/786
f 966/828/761 997/856/787 998/859/790
f 953/797/732 984/857/788 985/860/791
f 941/801/736 940/798/733 971/858/789
f 967/799/734 998/859/790 999/861/792
f 987/833/766 1018/893/823 1019/862/793
f 975/838/770 974/835/767 1005/863/794
f 988/837/769 1019/862/793 1020/866/797
f 976/840/772 975/838/770 1006/864/795
f 989/839/771 1020/866/797 1021/868/799
f 977/842/774 976/840/772 1007/867/798
f 990/841/773 1021/868/799 1022/870/801
f 978/844/776 977/842/774 1008/869/800
f 991/843/775 1022/870/801 1023/872/803
f 979/846/778 978/844/776 1009/871/802
f 992/845/777 1023/872/803 1024/874/805
f 980/848/780 979/846/778 1010/873/804
f 993/876/779 1024/904/805 1025/877/807
f 981/851/782 980/848/780 1011/875/806
f 994/850/781 1025/877/807 1026/879/809
f 982/853/784 981/851/782 1012/878/808
f 995/852/783 1026/879/809 1027/881/811
f 983/855/786 982/853/784 1013/880/810
f 996/854/785 1027/881/811 1028/883/813
f 984/857/788 983/855/786 1014/882/812
f 997/856/787 1028/883/813 1029/886/816
f 984/857/788 1015/884/814 1016/887/817
f 972/830/763 971/858/789 1002/885/815
f 998/859/790 1029/886/816 1030/889/819
f 985/860/791 1016/887/817 1017/890/820
f 973/831/764 972/830/763 1003/888/818
f 999/861/792 1030/889/819 1031/892/822
f 986/829/762 1017/890/820 1018/893/823
f 974/835/767 973/834/764 1004/894/821
f 1000/832/765 1031/892/822 1032/865/796
f 1020/866/797 1051/928/854 1052/895/824
f 1008/869/800 1007/867/798 1038/896/825
f 1021/868/799 1052/895/824 1053/898/827
f 1009/871/802 1008/869/800 1039/897/826
f 1022/870/801 1053/898/827 1054/900/829
f 1010/873/804 1009/871/802 1040/899/828
f 1023/872/803 1054/900/829 1055/902/831
f 1011/875/806 1010/873/804 1041/901/830
f 1024/904/805 1055/931/831 1056/905/833
f 1012/878/808 1011/875/806 1042/903/832
f 1025/877/807 1056/905/833 1057/907/835
f 1013/880/810 1012/878/808 1043/906/834
f 1026/879/809 1057/907/835 1058/909/837
f 1014/882/812 1013/880/810 1044/908/836
f 1027/881/811 1058/909/837 1059/911/839
f 1015/884/814 1014/882/812 1045/910/838
f 1028/883/813 1059/911/839 1060/914/842
f 1015/884/814 1046/912/840 1047/915/843
f 1003/888/818 1002/885/815 1033/913/841
f 1029/886/816 1060/914/842 1061/917/845
f 1016/887/817 1047/915/843 1048/918/846
f 1004/891/821 1003/888/818 1034/916/844
f 1030/889/819 1061/917/845 1062/920/848
f 1017/890/820 1048/918/846 1049/921/849
f 1005/922/794 1004/891/821 1035/919/847
f 1031/892/822 1062/920/848 1063/924/851
f 1018/893/823 1049/921/849 1050/925/852
f 1006/864/795 1005/863/794 1036/926/850
f 1019/862/793 1050/925/852 1051/928/854
f 1007/867/798 1006/864/795 1037/927/853
f 1042/903/832 1041/901/830 1072/929/855
f 1055/931/831 1086/2731/885 1087/932/857
f 1043/906/834 1042/903/832 1073/930/856
f 1056/905/833 1087/932/857 1088/934/859
f 1044/908/836 1043/906/834 1074/933/858
f 1057/907/835 1088/934/859 1089/936/861
f 1045/910/838 1044/908/836 1075/935/860
f 1058/909/837 1089/936/861 1090/938/863
f 1046/912/840 1045/910/838 1076/937/862
f 1059/911/839 1090/938/863 1091/941/866
f 1046/912/840 1077/939/864 1078/942/867
f 1034/916/844 1033/913/841 1064/940/865
f 1060/914/842 1091/941/866 1092/944/869
f 1047/915/843 1078/942/867 1079/945/870
f 1035/919/847 1034/916/844 1065/943/868
f 1061/917/845 1092/944/869 1093/947/872
f 1048/918/846 1079/945/870 1080/948/873
f 1036/923/850 1035/919/847 1066/946/871
f 1062/920/848 1093/947/872 1094/950/875
f 1049/921/849 1080/948/873 1081/951/876
f 1037/927/853 1036/926/850 1067/952/874
f 1050/925/852 1081/951/876 1082/954/878
f 1038/896/825 1037/927/853 1068/953/877
f 1051/928/854 1082/954/878 1083/956/880
f 1039/897/826 1038/896/825 1069/955/879
f 1052/958/824 1083/998/880 1084/959/882
f 1040/899/828 1039/897/826 1070/957/881
f 1053/960/827 1084/959/882 1085/962/884
f 1041/901/830 1040/899/828 1071/961/883
f 1054/963/829 1085/962/884 1086/964/885
f 1075/966/860 1074/1010/858 1105/967/886
f 1089/936/861 1088/934/859 1119/969/888
f 1076/971/862 1075/966/860 1106/968/887
f 1089/936/861 1120/970/889 1121/973/891
f 1077/974/864 1076/971/862 1107/972/890
f 1090/938/863 1121/973/891 1122/977/894
f 1077/974/864 1108/975/892 1109/978/895
f 1065/943/868 1064/940/865 1095/976/893
f 1091/941/866 1122/977/894 1123/981/897
f 1078/979/867 1109/978/895 1110/982/898
f 1066/946/871 1065/943/868 1096/980/896
f 1092/944/869 1123/981/897 1124/985/900
f 1079/983/870 1110/982/898 1111/986/901
f 1067/949/874 1066/946/871 1097/984/899
f 1093/947/872 1124/985/900 1125/989/903
f 1080/987/873 1111/986/901 1112/990/904
f 1068/953/877 1067/952/874 1098/992/902
f 1081/991/876 1112/990/904 1113/994/906
f 1069/955/879 1068/953/877 1099/993/905
f 1082/995/878 1113/994/906 1114/997/908
f 1070/957/881 1069/955/879 1100/996/907
f 1083/998/880 1114/997/908 1115/1000/910
f 1071/961/883 1070/957/881 1101/999/909
f 1084/959/882 1115/1000/910 1116/1002/912
f 1072/929/855 1071/961/883 1102/1001/911
f 1085/962/884 1116/1002/912 1117/1004/914
f 1073/1005/856 1072/2732/855 1103/1006/913
f 1087/932/857 1086/2731/885 1117/1008/914
f 1074/1010/858 1073/1005/856 1104/1007/915
f 1088/934/859 1087/932/857 1118/1009/916
f 1107/972/890 1138/1047/947 1139/1011/917
f 1122/977/894 1121/973/891 1152/1013/919
f 1108/975/892 1139/1011/917 1140/1015/921
f 1096/980/896 1095/976/893 1126/1012/918
f 1123/981/897 1122/977/894 1153/1014/920
f 1109/978/895 1140/1015/921 1141/1018/924
f 1097/984/899 1096/980/896 1127/1016/922
f 1124/985/900 1123/981/897 1154/1017/923
f 1110/982/898 1141/1018/924 1142/1021/927
f 1098/988/902 1097/984/899 1128/1019/925
f 1125/989/903 1124/985/900 1155/1020/926
f 1111/986/901 1142/1021/927 1143/1024/930
f 1099/1025/905 1098/988/902 1129/1022/928
f 1112/990/904 1143/1024/930 1144/1027/932
f 1100/1028/907 1099/2733/905 1130/1029/931
f 1113/994/906 1144/1027/932 1145/1031/934
f 1101/1032/909 1100/1028/907 1131/1030/933
f 1114/997/908 1145/1031/934 1146/1034/936
f 1102/1035/911 1101/1032/909 1132/1033/935
f 1115/1000/910 1146/1034/936 1147/1037/938
f 1103/1006/913 1102/1035/911 1133/1036/937
f 1117/1004/914 1116/1002/912 1147/1037/938
f 1104/1007/915 1103/1006/913 1134/1038/939
f 1118/1009/916 1117/1008/914 1148/1041/940
f 1105/967/886 1104/1007/915 1135/1040/941
f 1119/969/888 1118/1009/916 1149/1042/942
f 1106/968/887 1105/967/886 1136/1043/943
f 1120/970/889 1119/969/888 1150/1044/944
f 1107/972/890 1106/968/887 1137/1045/945
f 1121/973/891 1120/970/889 1151/1046/946
f 1140/1015/921 1171/1080/977 1172/1048/948
f 1127/1016/922 1158/1081/978 1159/1049/949
f 1155/1020/926 1154/1017/923 1185/1050/950
f 1141/1018/924 1172/1048/948 1173/1052/952
f 1128/1019/925 1159/1049/949 1160/1053/953
f 1156/1023/929 1155/1020/926 1186/1051/951
f 1142/1021/927 1173/1052/952 1174/1055/955
f 1130/1026/931 1129/1022/928 1160/1053/953
f 1143/1024/930 1174/1055/955 1175/1057/957
f 1131/1030/933 1130/1029/931 1161/1058/956
f 1144/1027/932 1175/1057/957 1176/1060/959
f 1132/1033/935 1131/1030/933 1162/1059/958
f 1145/1031/934 1176/1060/959 1177/1062/961
f 1133/1036/937 1132/1033/935 1163/1061/960
f 1146/1034/936 1177/1062/961 1178/1064/963
f 1134/1038/939 1133/1036/937 1164/1063/962
f 1148/1039/940 1147/1037/938 1178/1064/963
f 1135/1040/941 1134/1038/939 1165/1065/964
f 1149/1068/942 1148/1039/940 1179/1066/965
f 1136/1043/943 1135/1040/941 1166/1067/966
f 1150/1044/944 1149/1042/942 1180/1071/967
f 1137/1045/945 1136/1043/943 1167/1070/968
f 1151/1046/946 1150/1044/944 1181/1072/969
f 1138/1047/947 1137/1045/945 1168/1073/970
f 1152/1013/919 1151/1046/946 1182/1074/971
f 1138/1047/947 1169/1075/972 1170/1077/974
f 1153/1014/920 1152/1013/919 1183/1076/973
f 1139/1011/917 1170/1077/974 1171/1080/977
f 1126/1012/918 1157/1078/975 1158/1081/978
f 1154/1017/923 1153/1014/920 1184/1079/976
f 1173/1052/952 1204/1112/1008 1205/1082/979
f 1160/1053/953 1191/1113/1009 1192/1083/980
f 1174/1055/955 1205/1082/979 1206/1085/982
f 1161/1058/956 1192/1145/980 1193/1086/983
f 1175/1057/957 1206/1085/982 1207/1087/984
f 1162/1059/958 1193/1086/983 1194/1088/985
f 1176/1060/959 1207/1087/984 1208/1089/986
f 1163/1061/960 1194/1088/985 1195/1090/987
f 1178/1064/963 1177/1062/961 1208/1089/986
f 1164/1063/962 1195/1090/987 1196/1092/989
f 1179/1066/965 1178/1064/963 1209/1091/988
f 1165/1065/964 1196/1092/989 1197/1094/991
f 1180/1069/967 1179/1066/965 1210/1093/990
f 1166/1067/966 1197/1094/991 1198/1096/993
f 1181/1072/969 1180/1071/967 1211/1097/992
f 1167/1070/968 1198/1096/993 1199/1099/995
f 1182/1074/971 1181/1072/969 1212/1098/994
f 1168/1073/970 1199/1099/995 1200/1101/997
f 1183/1076/973 1182/1074/971 1213/1100/996
f 1169/1075/972 1200/1101/997 1201/1103/999
f 1184/1079/976 1183/1076/973 1214/1102/998
f 1170/1077/974 1201/1103/999 1202/1106/1002
f 1157/1078/975 1188/1104/1000 1189/1107/1003
f 1185/1050/950 1184/1079/976 1215/1105/1001
f 1171/1080/977 1202/1106/1002 1203/1109/1005
f 1158/1081/978 1189/1107/1003 1190/1110/1006
f 1186/1051/951 1185/1050/950 1216/1108/1004
f 1172/1048/948 1203/1109/1005 1204/1112/1008
f 1159/1049/949 1190/1110/1006 1191/1113/1009
f 1187/1054/954 1186/1051/951 1217/1111/1007
f 1206/1085/982 1237/1144/1039 1238/1114/1010
f 1193/1086/983 1224/1146/1040 1225/1115/1011
f 1207/1087/984 1238/1114/1010 1239/1116/1012
f 1194/1088/985 1225/1115/1011 1226/1117/1013
f 1209/1091/988 1208/1089/986 1239/1116/1012
f 1195/1090/987 1226/1117/1013 1227/1119/1015
f 1210/1093/990 1209/1091/988 1240/1118/1014
f 1196/1092/989 1227/1119/1015 1228/1121/1017
f 1211/1095/992 1210/1093/990 1241/1120/1016
f 1197/1094/991 1228/1121/1017 1229/1123/1019
f 1212/1098/994 1211/1097/992 1242/1124/1018
f 1198/1096/993 1229/1123/1019 1230/1126/1021
f 1213/1100/996 1212/1098/994 1243/1125/1020
f 1199/1099/995 1230/1126/1021 1231/1128/1023
f 1214/1102/998 1213/1100/996 1244/1127/1022
f 1200/1101/997 1231/1128/1023 1232/1130/1025
f 1215/1105/1001 1214/1102/998 1245/1129/1024
f 1201/1103/999 1232/1130/1025 1233/1133/1028
f 1188/1104/1000 1219/1131/1026 1220/1134/1029
f 1216/1108/1004 1215/1105/1001 1246/1132/1027
f 1202/1106/1002 1233/1133/1028 1234/1136/1031
f 1189/1107/1003 1220/1134/1029 1221/1137/1032
f 1217/1111/1007 1216/1108/1004 1247/1135/1030
f 1203/1109/1005 1234/1136/1031 1235/1139/1034
f 1190/1110/1006 1221/1137/1032 1222/1140/1035
f 1218/1084/981 1217/1111/1007 1248/1138/1033
f 1204/1112/1008 1235/1139/1034 1236/1142/1037
f 1191/1113/1009 1222/1140/1035 1223/1143/1038
f 1205/1082/979 1236/1142/1037 1237/1144/1039
f 1192/1145/980 1223/1175/1038 1224/1146/1040
f 1240/1118/1014 1239/1116/1012 1270/1147/1041
f 1226/1117/1013 1257/1179/1071 1258/1149/1043
f 1241/1120/1016 1240/1118/1014 1271/1148/1042
f 1227/1119/1015 1258/1149/1043 1259/1151/1045
f 1242/1122/1018 1241/1120/1016 1272/1150/1044
f 1228/1121/1017 1259/1151/1045 1260/1153/1047
f 1243/1125/1020 1242/1124/1018 1273/1154/1046
f 1229/1123/1019 1260/1153/1047 1261/1156/1049
f 1244/1127/1022 1243/1125/1020 1274/1155/1048
f 1230/1126/1021 1261/1156/1049 1262/1158/1051
f 1245/1129/1024 1244/1127/1022 1275/1157/1050
f 1231/1128/1023 1262/1158/1051 1263/1160/1053
f 1246/1132/1027 1245/1129/1024 1276/1159/1052
f 1232/1130/1025 1263/1160/1053 1264/1163/1056
f 1219/1131/1026 1250/1161/1054 1251/1164/1057
f 1247/1135/1030 1246/1132/1027 1277/1162/1055
f 1233/1133/1028 1264/1163/1056 1265/1166/1059
f 1220/1134/1029 1251/1164/1057 1252/1167/1060
f 1248/1138/1033 1247/1135/1030 1278/1165/1058
f 1234/1136/1031 1265/1166/1059 1266/1169/1062
f 1221/1137/1032 1252/1167/1060 1253/1170/1063
f 1249/1141/1036 1248/1138/1033 1279/1168/1061
f 1235/1139/1034 1266/1169/1062 1267/1172/1065
f 1222/1140/1035 1253/1170/1063 1254/1173/1066
f 1236/1142/1037 1267/1172/1065 1268/1174/1067
f 1223/1175/1038 1254/1204/1066 1255/1176/1068
f 1237/1144/1039 1268/1174/1067 1269/1177/1069
f 1224/1146/1040 1255/1176/1068 1256/1178/1070
f 1238/1114/1010 1269/1177/1069 1270/1147/1041
f 1225/1115/1011 1256/1178/1070 1257/1179/1071
f 1273/1152/1046 1272/1150/1044 1304/1180/1072
f 1259/1151/1045 1291/1212/1102 1292/1182/1074
f 1274/1155/1048 1273/1154/1046 1305/1183/1073
f 1260/1153/1047 1292/1182/1074 1293/1185/1076
f 1275/1157/1050 1274/1155/1048 1306/1184/1075
f 1261/1156/1049 1293/1185/1076 1294/1187/1078
f 1276/1159/1052 1275/1157/1050 1307/1186/1077
f 1262/1158/1051 1294/1187/1078 1295/1189/1080
f 1277/1162/1055 1276/1159/1052 1308/1188/1079
f 1264/1163/1056 1263/1160/1053 1295/1189/1080
f 1250/1161/1054 1282/1190/1081 1283/1193/1084
f 1278/1165/1058 1277/1162/1055 1309/1191/1082
f 1265/1166/1059 1264/1163/1056 1296/1192/1083
f 1251/1164/1057 1283/1193/1084 1284/1196/1087
f 1279/1168/1061 1278/1165/1058 1310/1194/1085
f 1266/1169/1062 1265/1166/1059 1297/1195/1086
f 1252/1167/1060 1284/1196/1087 1285/1199/1090
f 1280/1171/1064 1279/1168/1061 1311/1197/1088
f 1267/1172/1065 1266/1169/1062 1298/1198/1089
f 1253/1170/1063 1285/1199/1090 1286/1202/1093
f 1268/1174/1067 1267/1172/1065 1299/1201/1092
f 1254/1204/1066 1286/1231/1093 1287/1205/1095
f 1269/1177/1069 1268/1174/1067 1300/1203/1094
f 1255/1176/1068 1287/1205/1095 1288/1207/1097
f 1270/1147/1041 1269/1177/1069 1301/1206/1096
f 1256/1178/1070 1288/1207/1097 1289/1209/1099
f 1271/1148/1042 1270/1147/1041 1302/1208/1098
f 1257/1179/1071 1289/1209/1099 1290/1211/1101
f 1272/1150/1044 1271/1148/1042 1303/1210/1100
f 1258/1149/1043 1290/1211/1101 1291/1212/1102
f 1306/1184/1075 1337/1243/1132 1338/1213/1103
f 1293/1185/1076 1324/1244/1133 1325/1214/1104
f 1308/1188/1079 1307/1186/1077 1338/1213/1103
f 1294/1187/1078 1325/1214/1104 1326/1216/1106
f 1309/1191/1082 1308/1188/1079 1339/1215/1105
f 1296/1192/1083 1295/1189/1080 1326/1216/1106
f 1282/1190/1081 1313/1217/1107 1314/1220/1110
f 1310/1194/1085 1309/1191/1082 1340/1218/1108
f 1297/1195/1086 1296/1192/1083 1327/1219/1109
f 1283/1193/1084 1314/1220/1110 1315/1223/1113
f 1311/1197/1088 1310/1194/1085 1341/1221/1111
f 1298/1198/1089 1297/1195/1086 1328/1222/1112
f 1284/1196/1087 1315/1223/1113 1316/1226/1116
f 1312/1200/1091 1311/1197/1088 1342/1224/1114
f 1299/1201/1092 1298/1198/1089 1329/1225/1115
f 1285/1199/1090 1316/1226/1116 1317/1229/1119
f 1300/1203/1094 1299/1201/1092 1330/1228/1118
f 1286/1231/1093 1317/1261/1119 1318/1232/1121
f 1301/1206/1096 1300/1203/1094 1331/1230/1120
f 1287/1205/1095 1318/1232/1121 1319/1234/1123
f 1302/1208/1098 1301/1206/1096 1332/1233/1122
f 1288/1207/1097 1319/1234/1123 1320/1236/1125
f 1303/1210/1100 1302/1208/1098 1333/1235/1124
f 1289/1209/1099 1320/1236/1125 1321/1238/1127
f 1304/1180/1072 1303/1210/1100 1334/1237/1126
f 1290/1211/1101 1321/1238/1127 1322/1240/1129
f 1304/1180/1072 1335/1239/1128 1336/1241/1130
f 1291/1212/1102 1322/1240/1129 1323/1242/1131
f 1305/1183/1073 1336/1273/1130 1337/1243/1132
f 1292/1182/1074 1323/1242/1131 1324/1244/1133
f 1340/1218/1108 1339/1215/1105 1370/1246/1135
f 1327/1219/1109 1326/1216/1106 1357/1248/1137
f 1313/1217/1107 1344/1245/1134 1345/1250/1139
f 1341/1221/1111 1340/1218/1108 1371/1247/1136
f 1328/1222/1112 1327/1219/1109 1358/1249/1138
f 1314/1220/1110 1345/1250/1139 1346/1253/1142
f 1342/1224/1114 1341/1221/1111 1372/1251/1140
f 1329/1225/1115 1328/1222/1112 1359/1252/1141
f 1315/1223/1113 1346/1253/1142 1347/1256/1145
f 1343/1227/1117 1342/1224/1114 1373/1254/1143
f 1330/1228/1118 1329/1225/1115 1360/1255/1144
f 1316/1226/1116 1347/1256/1145 1348/1259/1148
f 1331/1230/1120 1330/1228/1118 1361/1258/1147
f 1317/1261/1119 1348/1288/1148 1349/1262/1150
f 1332/1233/1122 1331/1230/1120 1362/1260/1149
f 1318/1232/1121 1349/1262/1150 1350/1264/1152
f 1333/1235/1124 1332/1233/1122 1363/1263/1151
f 1319/1234/1123 1350/1264/1152 1351/1266/1154
f 1334/1237/1126 1333/1235/1124 1364/1265/1153
f 1320/1236/1125 1351/1266/1154 1352/1268/1156
f 1335/1239/1128 1334/1237/1126 1365/1267/1155
f 1321/1238/1127 1352/1268/1156 1353/1270/1158
f 1335/1239/1128 1366/1269/1157 1367/1271/1159
f 1322/1240/1129 1353/1270/1158 1354/1272/1160
f 1336/1273/1130 1367/2734/1159 1368/1274/1161
f 1323/1242/1131 1354/1272/1160 1355/1275/1162
f 1337/1243/1132 1368/1274/1161 1369/1276/1163
f 1324/1244/1133 1355/1275/1162 1356/1277/1164
f 1339/1215/1105 1338/1213/1103 1369/1276/1163
f 1325/1214/1104 1356/1277/1164 1357/1248/1137
f 1345/1250/1139 1376/1310/1195 1377/1278/1165
f 1373/1254/1143 1372/1251/1140 1403/1279/1166
f 1360/1255/1144 1359/1252/1141 1390/1281/1168
f 1346/1253/1142 1377/1278/1165 1378/1283/1170
f 1374/1257/1146 1373/1254/1143 1404/1280/1167
f 1361/1258/1147 1360/1255/1144 1391/1282/1169
f 1347/1256/1145 1378/1283/1170 1379/1286/1173
f 1362/1260/1149 1361/1258/1147 1392/1285/1172
f 1348/1288/1148 1379/1315/1173 1380/1289/1175
f 1363/1263/1151 1362/1260/1149 1393/1287/1174
f 1349/1262/1150 1380/1289/1175 1381/1291/1177
f 1364/1265/1153 1363/1263/1151 1394/1290/1176
f 1350/1264/1152 1381/1291/1177 1382/1293/1179
f 1365/1267/1155 1364/1265/1153 1395/1292/1178
f 1351/1266/1154 1382/1293/1179 1383/1295/1181
f 1366/1269/1157 1365/1267/1155 1396/1294/1180
f 1352/1268/1156 1383/1295/1181 1384/1297/1183
f 1367/1271/1159 1366/1269/1157 1397/1296/1182
f 1353/1270/1158 1384/1297/1183 1385/1299/1185
f 1368/1274/1161 1367/2734/1159 1398/1300/1184
f 1354/1272/1160 1385/1299/1185 1386/1302/1187
f 1369/1276/1163 1368/1274/1161 1399/1301/1186
f 1355/1275/1162 1386/1302/1187 1387/1304/1189
f 1370/1246/1135 1369/1276/1163 1400/1303/1188
f 1356/1277/1164 1387/1304/1189 1388/1306/1191
f 1371/1247/1136 1370/1246/1135 1401/1305/1190
f 1358/1249/1138 1357/1248/1137 1388/1306/1191
f 1344/1245/1134 1375/1307/1192 1376/1310/1195
f 1372/1251/1140 1371/1247/1136 1402/1308/1193
f 1359/1252/1141 1358/1249/1138 1389/1309/1194
f 1378/1283/1170 1409/1343/1226 1410/1311/1196
f 1393/1287/1174 1392/1285/1172 1423/1313/1198
f 1379/1315/1173 1410/2735/1196 1411/1316/1200
f 1394/1290/1176 1393/1287/1174 1424/1314/1199
f 1380/1289/1175 1411/1316/1200 1412/1318/1202
f 1395/1292/1178 1394/1290/1176 1425/1317/1201
f 1381/1291/1177 1412/1318/1202 1413/1320/1204
f 1396/1294/1180 1395/1292/1178 1426/1319/1203
f 1382/1293/1179 1413/1320/1204 1414/1322/1206
f 1397/1296/1182 1396/1294/1180 1427/1321/1205
f 1383/1295/1181 1414/1322/1206 1415/1324/1208
f 1398/1298/1184 1397/1296/1182 1428/1323/1207
f 1384/1297/1183 1415/1324/1208 1416/1326/1210
f 1399/1301/1186 1398/1300/1184 1429/1327/1209
f 1385/1299/1185 1416/1326/1210 1417/1329/1212
f 1400/1303/1188 1399/1301/1186 1430/1328/1211
f 1386/1302/1187 1417/1329/1212 1418/1331/1214
f 1401/1305/1190 1400/1303/1188 1431/1330/1213
f 1387/1304/1189 1418/1331/1214 1419/1333/1216
f 1402/1308/1193 1401/1305/1190 1432/1332/1215
f 1389/1309/1194 1388/1306/1191 1419/1333/1216
f 1375/1307/1192 1406/1334/1217 1407/1337/1220
f 1403/1279/1166 1402/1308/1193 1433/1335/1218
f 1390/1281/1168 1389/1309/1194 1420/1336/1219
f 1376/1310/1195 1407/1337/1220 1408/1340/1223
f 1404/1280/1167 1403/1279/1166 1434/1338/1221
f 1391/1282/1169 1390/1281/1168 1421/1339/1222
f 1377/1278/1165 1408/1340/1223 1409/1343/1226
f 1405/1284/1171 1404/1280/1167 1435/1341/1224
f 1392/1285/1172 1391/1282/1169 1422/1342/1225
f 1411/1316/1200 1442/1406/1257 1443/1344/1227
f 1426/1319/1203 1425/1317/1201 1456/1345/1228
f 1412/1318/1202 1443/1344/1227 1444/1347/1230
f 1427/1321/1205 1426/1319/1203 1457/1346/1229
f 1413/1320/1204 1444/1347/1230 1445/1349/1232
f 1428/1323/1207 1427/1321/1205 1458/1348/1231
f 1414/1322/1206 1445/1349/1232 1446/1351/1234
f 1429/1327/1209 1428/2736/1207 1459/1352/1233
f 1415/1324/1208 1446/1351/1234 1447/1354/1236
f 1430/1328/1211 1429/1327/1209 1460/1353/1235
f 1416/1326/1210 1447/1354/1236 1448/1356/1238
f 1431/1330/1213 1430/1328/1211 1461/1355/1237
f 1417/1329/1212 1448/1356/1238 1449/1358/1240
f 1432/1332/1215 1431/1330/1213 1462/1357/1239
f 1418/1331/1214 1449/1358/1240 1450/1360/1242
f 1433/1335/1218 1432/1332/1215 1463/1359/1241
f 1420/1336/1219 1419/1333/1216 1450/1360/1242
f 1406/1334/1217 1437/1361/1243 1438/1364/1246
f 1434/1338/1221 1433/1335/1218 1464/1362/1244
f 1421/1339/1222 1420/1336/1219 1451/1363/1245
f 1407/1337/1220 1438/1364/1246 1439/1367/1249
f 1435/1341/1224 1434/1338/1221 1465/1365/1247
f 1422/1342/1225 1421/1339/1222 1452/1366/1248
f 1408/1340/1223 1439/1367/1249 1440/1370/1252
f 1436/1312/1197 1435/1341/1224 1466/1368/1250
f 1423/1313/1198 1422/1342/1225 1453/1369/1251
f 1409/1343/1226 1440/1370/1252 1441/1373/1255
f 1424/1314/1199 1423/1313/1198 1454/1372/1254
f 1410/1311/1196 1441/1373/1255 1442/1375/1257
f 1425/1317/1201 1424/1314/1199 1455/1374/1256
f 1444/1347/1230 1476/1409/1288 1477/1377/1258
f 1459/1350/1233 1458/1348/1231 1490/1378/1259
f 1445/1349/1232 1477/1377/1258 1478/1380/1261
f 1460/1353/1235 1459/1352/1233 1491/1381/1260
f 1446/1351/1234 1478/1380/1261 1479/1383/1263
f 1461/1355/1237 1460/1353/1235 1492/1382/1262
f 1447/1354/1236 1479/1383/1263 1480/1385/1265
f 1462/1357/1239 1461/1355/1237 1493/1384/1264
f 1448/1356/1238 1480/1385/1265 1481/1387/1267
f 1463/1359/1241 1462/1357/1239 1494/1386/1266
f 1449/1358/1240 1481/1387/1267 1482/1389/1269
f 1464/1362/1244 1463/1359/1241 1495/1388/1268
f 1451/1363/1245 1450/1360/1242 1482/1389/1269
f 1437/1361/1243 1469/1390/1270 1470/1393/1273
f 1465/1365/1247 1464/1362/1244 1496/1391/1271
f 1452/1366/1248 1451/1363/1245 1483/1392/1272
f 1438/1364/1246 1470/1393/1273 1471/1396/1276
f 1466/1368/1250 1465/1365/1247 1497/1394/1274
f 1453/1369/1251 1452/1366/1248 1484/1395/1275
f 1439/1367/1249 1471/1396/1276 1472/1399/1279
f 1467/1371/1253 1466/1368/1250 1498/1397/1277
f 1454/1372/1254 1453/1369/1251 1485/1398/1278
f 1440/1370/1252 1472/1399/1279 1473/1402/1282
f 1455/1374/1256 1454/1372/1254 1486/1401/1281
f 1441/1373/1255 1473/1402/1282 1474/1404/1284
f 1456/1345/1228 1455/1374/1256 1487/1403/1283
f 1442/1406/1257 1474/2737/1284 1475/1407/1286
f 1457/1346/1229 1456/1345/1228 1488/1405/1285
f 1443/1344/1227 1475/1407/1286 1476/1409/1288
f 1458/1348/1231 1457/1346/1229 1489/1408/1287
f 1478/1410/1261 1509/1458/1319 1510/1411/1289
f 1493/1384/1264 1492/1382/1262 1523/1413/1290
f 1479/1412/1263 1510/1411/1289 1511/1415/1292
f 1494/1386/1266 1493/1384/1264 1524/1414/1291
f 1480/1416/1265 1511/1415/1292 1512/1418/1294
f 1495/1388/1268 1494/1386/1266 1525/1417/1293
f 1481/1419/1267 1512/1418/1294 1513/1421/1296
f 1496/1391/1271 1495/1388/1268 1526/1420/1295
f 1483/1425/1272 1482/1422/1269 1513/1421/1296
f 1469/1390/1270 1500/1423/1297 1501/1427/1300
f 1497/1394/1274 1496/1391/1271 1527/1424/1298
f 1484/1429/1275 1483/1425/1272 1514/1426/1299
f 1470/1393/1273 1501/1427/1300 1502/1431/1303
f 1498/1397/1277 1497/1394/1274 1528/1428/1301
f 1485/1433/1278 1484/1429/1275 1515/1430/1302
f 1471/1396/1276 1502/1431/1303 1503/1435/1306
f 1499/1400/1280 1498/1397/1277 1529/1432/1304
f 1486/1437/1281 1485/1433/1278 1516/1434/1305
f 1472/1399/1279 1503/1435/1306 1504/1439/1309
f 1487/1440/1283 1486/1437/1281 1517/1438/1308
f 1473/1402/1282 1504/1439/1309 1505/1442/1311
f 1488/1443/1285 1487/1440/1283 1518/1441/1310
f 1474/1445/1284 1505/1480/1311 1506/1446/1313
f 1489/1448/1287 1488/1443/1285 1519/1444/1312
f 1475/1447/1286 1506/1446/1313 1507/1450/1315
f 1490/1452/1259 1489/1448/1287 1520/1449/1314
f 1476/1451/1288 1507/1450/1315 1508/1454/1317
f 1491/1456/1260 1490/1452/1259 1521/1453/1316
f 1477/1455/1258 1508/1454/1317 1509/1458/1319
f 1492/1382/1262 1491/1381/1260 1522/1459/1318
f 1511/1415/1292 1542/1492/1350 1543/1460/1320
f 1526/1420/1295 1525/1417/1293 1556/1461/1321
f 1512/1418/1294 1543/1460/1320 1544/1463/1323
f 1527/1424/1298 1526/1420/1295 1557/1462/1322
f 1513/1421/1296 1544/1463/1323 1545/1466/1326
f 1500/1423/1297 1531/1464/1324 1532/1467/1327
f 1528/1428/1301 1527/1424/1298 1558/1465/1325
f 1515/1430/1302 1514/1426/1299 1545/1466/1326
f 1501/1427/1300 1532/1467/1327 1533/1470/1330
f 1529/1432/1304 1528/1428/1301 1559/1468/1328
f 1516/1434/1305 1515/1430/1302 1546/1469/1329
f 1502/1431/1303 1533/1470/1330 1534/1473/1333
f 1530/1436/1307 1529/1432/1304 1560/1471/1331
f 1517/1438/1308 1516/1434/1305 1547/1472/1332
f 1503/1435/1306 1534/1473/1333 1535/1476/1336
f 1518/1441/1310 1517/1438/1308 1548/1475/1335
f 1504/1439/1309 1535/1476/1336 1536/1478/1338
f 1519/1444/1312 1518/1441/1310 1549/1477/1337
f 1505/1480/1311 1536/1508/1338 1537/1481/1340
f 1520/1449/1314 1519/1444/1312 1550/1479/1339
f 1506/1446/1313 1537/1481/1340 1538/1483/1342
f 1521/1453/1316 1520/1449/1314 1551/1482/1341
f 1507/1450/1315 1538/1483/1342 1539/1485/1344
f 1522/1457/1318 1521/1453/1316 1552/1484/1343
f 1508/1454/1317 1539/1485/1344 1540/1487/1346
f 1523/1413/1290 1522/1459/1318 1553/1488/1345
f 1509/1458/1319 1540/1487/1346 1541/1490/1348
f 1524/1414/1291 1523/1413/1290 1554/1489/1347
f 1510/1411/1289 1541/1490/1348 1542/1492/1350
f 1525/1417/1293 1524/1414/1291 1555/1491/1349
f 1544/1463/1323 1575/1525/1380 1576/1493/1351
f 1531/1464/1324 1562/1526/1381 1563/1494/1352
f 1559/1468/1328 1558/1465/1325 1589/1495/1353
f 1546/1469/1329 1545/1466/1326 1576/1493/1351
f 1532/1467/1327 1563/1494/1352 1564/1498/1356
f 1560/1471/1331 1559/1468/1328 1590/1496/1354
f 1547/1472/1332 1546/1469/1329 1577/1497/1355
f 1533/1470/1330 1564/1498/1356 1565/1501/1359
f 1561/1474/1334 1560/1471/1331 1591/1499/1357
f 1548/1475/1335 1547/1472/1332 1578/1500/1358
f 1534/1473/1333 1565/1501/1359 1566/1504/1362
f 1549/1477/1337 1548/1475/1335 1579/1503/1361
f 1535/1476/1336 1566/1504/1362 1567/1506/1364
f 1550/1479/1339 1549/1477/1337 1580/1505/1363
f 1536/1508/1338 1567/1536/1364 1568/1509/1366
f 1551/1482/1341 1550/1479/1339 1581/1507/1365
f 1537/1481/1340 1568/1509/1366 1569/1511/1368
f 1552/1484/1343 1551/1482/1341 1582/1510/1367
f 1538/1483/1342 1569/1511/1368 1570/1513/1370
f 1553/1486/1345 1552/1484/1343 1583/1512/1369
f 1539/1485/1344 1570/1513/1370 1571/1515/1372
f 1554/1516/1347 1553/1486/1345 1584/1514/1371
f 1540/1487/1346 1571/1515/1372 1572/1518/1374
f 1555/1491/1349 1554/1489/1347 1585/1519/1373
f 1541/1490/1348 1572/1518/1374 1573/1521/1376
f 1556/1461/1321 1555/1491/1349 1586/1520/1375
f 1542/1492/1350 1573/1521/1376 1574/1523/1378
f 1557/1462/1322 1556/1461/1321 1587/1522/1377
f 1543/1460/1320 1574/1523/1378 1575/1525/1380
f 1558/1465/1325 1557/1462/1322 1588/1524/1379
f 1577/1497/1355 1608/1559/1411 1609/1527/1382
f 1564/1498/1356 1595/1560/1412 1596/1528/1383
f 1592/1502/1360 1591/1499/1357 1622/1529/1384
f 1578/1500/1358 1609/1527/1382 1610/1531/1386
f 1565/1501/1359 1596/1528/1383 1597/1532/1387
f 1579/1503/1361 1610/1531/1386 1611/1533/1388
f 1566/1534/1362 1597/1562/1387 1598/1535/1389
f 1581/1507/1365 1580/1505/1363 1611/1533/1388
f 1567/1536/1364 1598/1535/1389 1599/1538/1391
f 1582/1510/1367 1581/1507/1365 1612/1537/1390
f 1568/1509/1366 1599/1538/1391 1600/1540/1393
f 1583/1512/1369 1582/1510/1367 1613/1539/1392
f 1569/1511/1368 1600/1540/1393 1601/1542/1395
f 1584/1514/1371 1583/1512/1369 1614/1541/1394
f 1570/1513/1370 1601/1542/1395 1602/1544/1397
f 1585/1517/1373 1584/1514/1371 1615/1543/1396
f 1571/1515/1372 1602/1544/1397 1603/1546/1399
f 1586/1520/1375 1585/1519/1373 1616/1547/1398
f 1572/1518/1374 1603/1546/1399 1604/1549/1401
f 1587/1522/1377 1586/1520/1375 1617/1548/1400
f 1573/1521/1376 1604/1549/1401 1605/1551/1403
f 1588/1524/1379 1587/1522/1377 1618/1550/1402
f 1574/1523/1378 1605/1551/1403 1606/1553/1405
f 1589/1495/1353 1588/1524/1379 1619/1552/1404
f 1575/1525/1380 1606/1553/1405 1607/1556/1408
f 1562/1526/1381 1593/1554/1406 1594/1557/1409
f 1590/1496/1354 1589/1495/1353 1620/1555/1407
f 1576/1493/1351 1607/1556/1408 1608/1559/1411
f 1563/1494/1352 1594/1557/1409 1595/1560/1412
f 1591/1499/1357 1590/1496/1354 1621/1558/1410
f 1610/1531/1386 1641/1592/1442 1642/1561/1413
f 1597/1562/1387 1628/1624/1443 1629/1563/1414
f 1612/1537/1390 1611/1533/1388 1642/1561/1413
f 1598/1535/1389 1629/1563/1414 1630/1565/1416
f 1613/1539/1392 1612/1537/1390 1643/1564/1415
f 1599/1538/1391 1630/1565/1416 1631/1567/1418
f 1614/1541/1394 1613/1539/1392 1644/1566/1417
f 1600/1540/1393 1631/1567/1418 1632/1569/1420
f 1615/1543/1396 1614/1541/1394 1645/1568/1419
f 1601/1542/1395 1632/1569/1420 1633/1571/1422
f 1616/1545/1398 1615/1543/1396 1646/1570/1421
f 1602/1544/1397 1633/1571/1422 1634/1573/1424
f 1617/1548/1400 1616/1547/1398 1647/1574/1423
f 1603/1546/1399 1634/1573/1424 1635/1576/1426
f 1618/1550/1402 1617/1548/1400 1648/1575/1425
f 1604/1549/1401 1635/1576/1426 1636/1578/1428
f 1619/1552/1404 1618/1550/1402 1649/1577/1427
f 1605/1551/1403 1636/1578/1428 1637/1580/1430
f 1620/1555/1407 1619/1552/1404 1650/1579/1429
f 1606/1553/1405 1637/1580/1430 1638/1583/1433
f 1593/1554/1406 1624/1581/1431 1625/1584/1434
f 1621/1558/1410 1620/1555/1407 1651/1582/1432
f 1607/1556/1408 1638/1583/1433 1639/1586/1436
f 1594/1557/1409 1625/1584/1434 1626/1587/1437
f 1622/1529/1384 1621/1558/1410 1652/1585/1435
f 1608/1559/1411 1639/1586/1436 1640/1589/1439
f 1595/1560/1412 1626/1587/1437 1627/1590/1440
f 1623/1530/1385 1622/1529/1384 1653/1588/1438
f 1609/1527/1382 1640/1589/1439 1641/1592/1442
f 1596/1528/1383 1627/1590/1440 1628/1593/1443
f 1644/1566/1417 1643/1564/1415 1674/1594/1444
f 1630/1565/1416 1661/1626/1474 1662/1596/1446
f 1645/1568/1419 1644/1566/1417 1675/1595/1445
f 1631/1567/1418 1662/1596/1446 1663/1598/1448
f 1646/1570/1421 1645/1568/1419 1676/1597/1447
f 1632/1569/1420 1663/1598/1448 1664/1600/1450
f 1647/1572/1423 1646/1570/1421 1677/1599/1449
f 1633/1571/1422 1664/1600/1450 1665/1602/1452
f 1648/1575/1425 1647/1574/1423 1678/1603/1451
f 1634/1573/1424 1665/1602/1452 1666/1605/1454
f 1649/1577/1427 1648/1575/1425 1679/1604/1453
f 1635/1576/1426 1666/1605/1454 1667/1607/1456
f 1650/1579/1429 1649/1577/1427 1680/1606/1455
f 1636/1578/1428 1667/1607/1456 1668/1609/1458
f 1651/1582/1432 1650/1579/1429 1681/1608/1457
f 1637/1580/1430 1668/1609/1458 1669/1612/1461
f 1624/1581/1431 1655/1610/1459 1656/1613/1462
f 1652/1585/1435 1651/1582/1432 1682/1611/1460
f 1638/1583/1433 1669/1612/1461 1670/1615/1464
f 1625/1584/1434 1656/1613/1462 1657/1616/1465
f 1653/1588/1438 1652/1585/1435 1683/1614/1463
f 1639/1586/1436 1670/1615/1464 1671/1618/1467
f 1626/1587/1437 1657/1616/1465 1658/1619/1468
f 1654/1591/1441 1653/1588/1438 1684/1617/1466
f 1640/1589/1439 1671/1618/1467 1672/1621/1470
f 1627/1590/1440 1658/1619/1468 1659/1622/1471
f 1642/1561/1413 1641/1592/1442 1672/1621/1470
f 1628/1624/1443 1659/1653/1471 1660/1625/1473
f 1643/1564/1415 1642/1561/1413 1673/1623/1472
f 1629/1563/1414 1660/1625/1473 1661/1626/1474
f 1677/1599/1449 1676/1597/1447 1707/1627/1475
f 1663/1598/1448 1694/1659/1505 1695/1629/1477
f 1678/1601/1451 1677/1599/1449 1708/1628/1476
f 1664/1600/1450 1695/1629/1477 1696/1631/1479
f 1679/1604/1453 1678/1603/1451 1709/1632/1478
f 1665/1602/1452 1696/1631/1479 1697/1634/1481
f 1680/1606/1455 1679/1604/1453 1710/1633/1480
f 1666/1605/1454 1697/1634/1481 1698/1636/1483
f 1681/1608/1457 1680/1606/1455 1711/1635/1482
f 1667/1607/1456 1698/1636/1483 1699/1638/1485
f 1682/1611/1460 1681/1608/1457 1712/1637/1484
f 1668/1609/1458 1699/1638/1485 1700/1641/1488
f 1655/1610/1459 1686/1639/1486 1687/1642/1489
f 1683/1614/1463 1682/1611/1460 1713/1640/1487
f 1669/1612/1461 1700/1641/1488 1701/1644/1491
f 1656/1613/1462 1687/1642/1489 1688/1645/1492
f 1684/1617/1466 1683/1614/1463 1714/1643/1490
f 1670/1615/1464 1701/1644/1491 1702/1647/1494
f 1657/1616/1465 1688/1645/1492 1689/1648/1495
f 1685/1620/1469 1684/1617/1466 1715/1646/1493
f 1671/1618/1467 1702/1647/1494 1703/1650/1497
f 1658/1619/1468 1689/1648/1495 1690/1651/1498
f 1673/1623/1472 1672/1621/1470 1703/1650/1497
f 1659/1653/1471 1690/1681/1498 1691/1654/1500
f 1674/1594/1444 1673/1623/1472 1704/1652/1499
f 1660/1625/1473 1691/1654/1500 1692/1656/1502
f 1675/1595/1445 1674/1594/1444 1705/1655/1501
f 1661/1626/1474 1692/1656/1502 1693/1658/1504
f 1676/1597/1447 1675/1595/1445 1706/1657/1503
f 1662/1596/1446 1693/1658/1504 1694/1659/1505
f 1710/1633/1480 1709/1632/1478 1740/1660/1506
f 1696/1631/1479 1727/1692/1536 1728/1662/1508
f 1711/1635/1482 1710/1633/1480 1741/1661/1507
f 1697/1634/1481 1728/1662/1508 1729/1664/1510
f 1712/1637/1484 1711/1635/1482 1742/1663/1509
f 1698/1636/1483 1729/1664/1510 1730/1666/1512
f 1713/1640/1487 1712/1637/1484 1743/1665/1511
f 1699/1638/1485 1730/1666/1512 1731/1669/1515
f 1686/1639/1486 1717/1667/1513 1718/1670/1516
f 1714/1643/1490 1713/1640/1487 1744/1668/1514
f 1700/1641/1488 1731/1669/1515 1732/1672/1518
f 1687/1642/1489 1718/1670/1516 1719/1673/1519
f 1715/1646/1493 1714/1643/1490 1745/1671/1517
f 1701/1644/1491 1732/1672/1518 1733/1675/1521
f 1688/1645/1492 1719/1673/1519 1720/1676/1522
f 1716/1649/1496 1715/1646/1493 1746/1674/1520
f 1703/1650/1497 1702/1647/1494 1733/1675/1521
f 1689/1648/1495 1720/1676/1522 1721/1679/1525
f 1704/1652/1499 1703/1650/1497 1734/1678/1524
f 1690/1681/1498 1721/1710/1525 1722/1682/1527
f 1705/1655/1501 1704/1652/1499 1735/1680/1526
f 1691/1654/1500 1722/1682/1527 1723/1684/1529
f 1706/1657/1503 1705/1655/1501 1736/1683/1528
f 1692/1656/1502 1723/1684/1529 1724/1686/1531
f 1707/1627/1475 1706/1657/1503 1737/1685/1530
f 1693/1658/1504 1724/1686/1531 1725/1688/1533
f 1708/1628/1476 1707/1627/1475 1738/1687/1532
f 1694/1659/1505 1725/1688/1533 1726/1690/1535
f 1709/1630/1478 1708/1628/1476 1739/1689/1534
f 1695/1629/1477 1726/1690/1535 1727/1692/1536
f 1743/1665/1511 1742/1663/1509 1773/1693/1537
f 1729/1664/1510 1760/1725/1567 1761/1695/1539
f 1744/1668/1514 1743/1665/1511 1774/1694/1538
f 1730/1666/1512 1761/1695/1539 1762/1698/1542
f 1717/1667/1513 1748/1696/1540 1749/1699/1543
f 1745/1671/1517 1744/1668/1514 1775/1697/1541
f 1731/1669/1515 1762/1698/1542 1763/1701/1545
f 1718/1670/1516 1749/1699/1543 1750/1702/1546
f 1746/1674/1520 1745/1671/1517 1776/1700/1544
f 1732/1672/1518 1763/1701/1545 1764/1704/1548
f 1719/1673/1519 1750/1702/1546 1751/1705/1549
f 1747/1677/1523 1746/1674/1520 1777/1703/1547
f 1734/1678/1524 1733/1675/1521 1764/1704/1548
f 1720/1676/1522 1751/1705/1549 1752/1708/1552
f 1735/1680/1526 1734/1678/1524 1765/1707/1551
f 1721/1710/1525 1752/1737/1552 1753/1711/1554
f 1736/1683/1528 1735/1680/1526 1766/1709/1553
f 1722/1682/1527 1753/1711/1554 1754/1713/1556
f 1737/1685/1530 1736/1683/1528 1767/1712/1555
f 1723/1684/1529 1754/1713/1556 1755/1715/1558
f 1738/1687/1532 1737/1685/1530 1768/1714/1557
f 1724/1686/1531 1755/1715/1558 1756/1717/1560
f 1739/1689/1534 1738/1687/1532 1769/1716/1559
f 1725/1688/1533 1756/1717/1560 1757/1719/1562
f 1740/1691/1506 1739/1689/1534 1770/1718/1561
f 1726/1690/1535 1757/1719/1562 1758/1721/1564
f 1741/1661/1507 1740/1660/1506 1771/1722/1563
f 1727/1692/1536 1758/1721/1564 1759/1724/1566
f 1742/1663/1509 1741/1661/1507 1772/1723/1565
f 1728/1662/1508 1759/1724/1566 1760/1725/1567
f 1776/1700/1544 1775/1697/1541 1806/1726/1568
f 1762/1698/1542 1793/1757/1597 1794/1728/1570
f 1749/1699/1543 1780/1758/1598 1781/1729/1571
f 1777/1703/1547 1776/1700/1544 1807/1727/1569
f 1763/1701/1545 1794/1728/1570 1795/1731/1573
f 1750/1702/1546 1781/1729/1571 1782/1732/1574
f 1778/1706/1550 1777/1703/1547 1808/1730/1572
f 1765/1707/1551 1764/1704/1548 1795/1731/1573
f 1751/1705/1549 1782/1732/1574 1783/1735/1577
f 1766/1709/1553 1765/1707/1551 1796/1734/1576
f 1752/1737/1552 1783/1765/1577 1784/1738/1579
f 1767/1712/1555 1766/1709/1553 1797/1736/1578
f 1753/1711/1554 1784/1738/1579 1785/1740/1581
f 1768/1714/1557 1767/1712/1555 1798/1739/1580
f 1754/1713/1556 1785/1740/1581 1786/1742/1583
f 1769/1716/1559 1768/1714/1557 1799/1741/1582
f 1755/1715/1558 1786/1742/1583 1787/1744/1585
f 1770/1718/1561 1769/1716/1559 1800/1743/1584
f 1756/1717/1560 1787/1744/1585 1788/1746/1587
f 1771/1720/1563 1770/1718/1561 1801/1745/1586
f 1757/1719/1562 1788/1746/1587 1789/1748/1589
f 1772/1723/1565 1771/1722/1563 1802/1749/1588
f 1758/1721/1564 1789/1748/1589 1790/1751/1591
f 1773/1693/1537 1772/1723/1565 1803/1750/1590
f 1759/1724/1566 1790/1751/1591 1791/1753/1593
f 1774/1694/1538 1773/1693/1537 1804/1752/1592
f 1760/1725/1567 1791/1753/1593 1792/1755/1595
f 1775/1697/1541 1774/1694/1538 1805/1754/1594
f 1761/1695/1539 1792/1755/1595 1793/1757/1597
f 1748/1696/1540 1779/1756/1596 1780/1758/1598
f 1809/1733/1575 1808/1730/1572 1839/1759/1599
f 1796/1734/1576 1795/1731/1573 1826/1761/1601
f 1782/1732/1574 1813/1791/1629 1814/1763/1603
f 1797/1736/1578 1796/1734/1576 1827/1762/1602
f 1783/1765/1577 1814/2738/1603 1815/1766/1605
f 1798/1739/1580 1797/1736/1578 1828/1764/1604
f 1784/1738/1579 1815/1766/1605 1816/1768/1607
f 1799/1741/1582 1798/1739/1580 1829/1767/1606
f 1785/1740/1581 1816/1768/1607 1817/1770/1609
f 1800/1743/1584 1799/1741/1582 1830/1769/1608
f 1786/1742/1583 1817/1770/1609 1818/1772/1611
f 1801/1745/1586 1800/1743/1584 1831/1771/1610
f 1787/1744/1585 1818/1772/1611 1819/1774/1613
f 1802/1747/1588 1801/1745/1586 1832/1773/1612
f 1788/1746/1587 1819/1774/1613 1820/1776/1615
f 1803/1750/1590 1802/1749/1588 1833/1777/1614
f 1789/1748/1589 1820/1776/1615 1821/1779/1617
f 1804/1752/1592 1803/1750/1590 1834/1778/1616
f 1790/1751/1591 1821/1779/1617 1822/1781/1619
f 1805/1754/1594 1804/1752/1592 1835/1780/1618
f 1791/1753/1593 1822/1781/1619 1823/1783/1621
f 1806/1726/1568 1805/1754/1594 1836/1782/1620
f 1792/1755/1595 1823/1783/1621 1824/1786/1624
f 1779/1756/1596 1810/1784/1622 1811/1787/1625
f 1807/1727/1569 1806/1726/1568 1837/1785/1623
f 1793/1757/1597 1824/1786/1624 1825/1789/1627
f 1780/1758/1598 1811/1787/1625 1812/1790/1628
f 1808/1730/1572 1807/1727/1569 1838/1788/1626
f 1794/1728/1570 1825/1789/1627 1826/1761/1601
f 1781/1729/1571 1812/1790/1628 1813/1791/1629
f 1831/1771/1610 1830/1769/1608 1861/1792/1630
f 1817/1770/1609 1848/1824/1660 1849/1794/1632
f 1832/1773/1612 1831/1771/1610 1862/1793/1631
f 1818/1772/1611 1849/1794/1632 1850/1796/1634
f 1833/1775/1614 1832/1773/1612 1863/1795/1633
f 1819/1774/1613 1850/1796/1634 1851/1798/1636
f 1834/1778/1616 1833/1777/1614 1864/1799/1635
f 1820/1776/1615 1851/1798/1636 1852/1801/1638
f 1835/1780/1618 1834/1778/1616 1865/1800/1637
f 1821/1779/1617 1852/1801/1638 1853/1803/1640
f 1836/1782/1620 1835/1780/1618 1866/1802/1639
f 1822/1781/1619 1853/1803/1640 1854/1805/1642
f 1837/1785/1623 1836/1782/1620 1867/1804/1641
f 1823/1783/1621 1854/1805/1642 1855/1808/1645
f 1810/1784/1622 1841/1806/1643 1842/1809/1646
f 1838/1788/1626 1837/1785/1623 1868/1807/1644
f 1824/1786/1624 1855/1808/1645 1856/1811/1648
f 1811/1787/1625 1842/1809/1646 1843/1812/1649
f 1839/1759/1599 1838/1788/1626 1869/1810/1647
f 1825/1789/1627 1856/1811/1648 1857/1814/1651
f 1812/1790/1628 1843/1812/1649 1844/1815/1652
f 1840/1760/1600 1839/1759/1599 1870/1813/1650
f 1826/1761/1601 1857/1814/1651 1858/1817/1654
f 1813/1791/1629 1844/1815/1652 1845/1818/1655
f 1828/1764/1604 1827/1762/1602 1858/1817/1654
f 1814/1763/1603 1845/1818/1655 1846/1820/1657
f 1829/1767/1606 1828/1764/1604 1859/1819/1656
f 1815/1766/1605 1846/1851/1657 1847/1823/1659
f 1830/1769/1608 1829/1767/1606 1860/1822/1658
f 1816/1768/1607 1847/1823/1659 1848/1824/1660
f 1864/1797/1635 1863/1795/1633 1894/1825/1661
f 1850/1796/1634 1881/1857/1691 1882/1827/1663
f 1865/1800/1637 1864/1799/1635 1895/1828/1662
f 1851/1798/1636 1882/1827/1663 1883/1830/1665
f 1866/1802/1639 1865/1800/1637 1896/1829/1664
f 1852/1801/1638 1883/1830/1665 1884/1832/1667
f 1867/1804/1641 1866/1802/1639 1897/1831/1666
f 1853/1803/1640 1884/1832/1667 1885/1834/1669
f 1868/1807/1644 1867/1804/1641 1898/1833/1668
f 1854/1805/1642 1885/1834/1669 1886/1837/1672
f 1841/1806/1643 1872/1835/1670 1873/1838/1673
f 1869/1810/1647 1868/1807/1644 1899/1836/1671
f 1855/1808/1645 1886/1837/1672 1887/1840/1675
f 1842/1809/1646 1873/1838/1673 1874/1841/1676
f 1870/1813/1650 1869/1810/1647 1900/1839/1674
f 1856/1811/1648 1887/1840/1675 1888/1843/1678
f 1843/1812/1649 1874/1841/1676 1875/1844/1679
f 1871/1816/1653 1870/1813/1650 1901/1842/1677
f 1857/1814/1651 1888/1843/1678 1889/1846/1681
f 1844/1815/1652 1875/1844/1679 1876/1847/1682
f 1859/1819/1656 1858/1817/1654 1889/1846/1681
f 1845/1818/1655 1876/1847/1682 1877/1849/1684
f 1860/1822/1658 1859/1819/1656 1890/1848/1683
f 1846/1851/1657 1877/1879/1684 1878/1852/1686
f 1861/1792/1630 1860/1822/1658 1891/1850/1685
f 1847/1823/1659 1878/1852/1686 1879/1854/1688
f 1862/1793/1631 1861/1792/1630 1892/1853/1687
f 1848/1824/1660 1879/1854/1688 1880/1856/1690
f 1863/1795/1633 1862/1793/1631 1893/1855/1689
f 1849/1794/1632 1880/1856/1690 1881/1857/1691
f 1897/1831/1666 1896/1829/1664 1927/1858/1692
f 1883/1830/1665 1914/1890/1722 1915/1860/1694
f 1898/1833/1668 1897/1831/1666 1928/1859/1693
f 1884/1832/1667 1915/1860/1694 1916/1862/1696
f 1899/1836/1671 1898/1833/1668 1929/1861/1695
f 1885/1834/1669 1916/1862/1696 1917/1865/1699
f 1872/1835/1670 1903/1863/1697 1904/1866/1700
f 1900/1839/1674 1899/1836/1671 1930/1864/1698
f 1886/1837/1672 1917/1865/1699 1918/1868/1702
f 1873/1838/1673 1904/1866/1700 1905/1869/1703
f 1901/1842/1677 1900/1839/1674 1931/1867/1701
f 1887/1840/1675 1918/1868/1702 1919/1871/1705
f 1874/1841/1676 1905/1869/1703 1906/1872/1706
f 1902/1845/1680 1901/1842/1677 1932/1870/1704
f 1888/1843/1678 1919/1871/1705 1920/1874/1708
f 1875/1844/1679 1906/1872/1706 1907/1875/1709
f 1889/1846/1681 1920/1874/1708 1921/1876/1710
f 1876/1847/1682 1907/1875/1709 1908/1877/1711
f 1891/1850/1685 1890/1848/1683 1921/1876/1710
f 1877/1879/1684 1908/2739/1711 1909/1880/1713
f 1892/1853/1687 1891/1850/1685 1922/1878/1712
f 1878/1852/1686 1909/1880/1713 1910/1882/1715
f 1893/1855/1689 1892/1853/1687 1923/1881/1714
f 1879/1854/1688 1910/1882/1715 1911/1884/1717
f 1894/1825/1661 1893/1855/1689 1924/1883/1716
f 1880/1856/1690 1911/1884/1717 1912/1886/1719
f 1895/1826/1662 1894/1825/1661 1925/1885/1718
f 1881/1857/1691 1912/1886/1719 1913/1888/1721
f 1896/1829/1664 1895/1828/1662 1926/1889/1720
f 1882/1827/1663 1913/1888/1721 1914/1890/1722
f 1930/1864/1698 1929/1861/1695 1960/1891/1723
f 1916/1862/1696 1947/1922/1752 1948/1893/1725
f 1903/1863/1697 1934/1923/1753 1935/1894/1726
f 1931/1867/1701 1930/1864/1698 1961/1892/1724
f 1918/1868/1702 1917/1865/1699 1948/1893/1725
f 1904/1866/1700 1935/1894/1726 1936/1897/1729
f 1932/1870/1704 1931/1867/1701 1962/1895/1727
f 1918/1868/1702 1949/1896/1728 1950/1899/1731
f 1905/1869/1703 1936/1897/1729 1937/1900/1732
f 1933/1873/1707 1932/1870/1704 1963/1898/1730
f 1919/1871/1705 1950/1899/1731 1951/1902/1734
f 1906/1872/1706 1937/1900/1732 1938/1903/1735
f 1920/1874/1708 1951/1902/1734 1952/1904/1736
f 1907/1875/1709 1938/1903/1735 1939/1905/1737
f 1922/1878/1712 1921/1876/1710 1952/1904/1736
f 1908/1877/1711 1939/1905/1737 1940/1907/1739
f 1923/1881/1714 1922/1878/1712 1953/1906/1738
f 1909/1880/1713 1940/1937/1739 1941/1910/1741
f 1924/1883/1716 1923/1881/1714 1954/1909/1740
f 1910/1882/1715 1941/1910/1741 1942/1912/1743
f 1925/1885/1718 1924/1883/1716 1955/1911/1742
f 1911/1884/1717 1942/1912/1743 1943/1914/1745
f 1926/1887/1720 1925/1885/1718 1956/1913/1744
f 1912/1886/1719 1943/1914/1745 1944/1916/1747
f 1927/1858/1692 1926/1889/1720 1957/1917/1746
f 1913/1888/1721 1944/1916/1747 1945/1919/1749
f 1928/1859/1693 1927/1858/1692 1958/1918/1748
f 1914/1890/1722 1945/1919/1749 1946/1921/1751
f 1929/1861/1695 1928/1859/1693 1959/1920/1750
f 1915/1860/1694 1946/1921/1751 1947/1922/1752
f 1963/1898/1730 1962/1895/1727 1993/1924/1754
f 1950/1899/1731 1949/1896/1728 1980/1926/1756
f 1936/1897/1729 1967/1956/1784 1968/1928/1758
f 1964/1901/1733 1963/1898/1730 1994/1925/1755
f 1951/1902/1734 1950/1899/1731 1981/1927/1757
f 1937/1900/1732 1968/1928/1758 1969/1931/1761
f 1952/1904/1736 1951/1902/1734 1982/1930/1760
f 1938/1903/1735 1969/1931/1761 1970/1933/1763
f 1953/1906/1738 1952/1904/1736 1983/1932/1762
f 1939/1905/1737 1970/1933/1763 1971/1935/1765
f 1954/1909/1740 1953/1906/1738 1984/1934/1764
f 1940/1937/1739 1971/2740/1765 1972/1938/1767
f 1955/1911/1742 1954/1909/1740 1985/1936/1766
f 1941/1910/1741 1972/1938/1767 1973/1940/1769
f 1956/1913/1744 1955/1911/1742 1986/1939/1768
f 1942/1912/1743 1973/1940/1769 1974/1942/1771
f 1957/1917/1746 1956/2741/1744 1987/1943/1770
f 1943/1914/1745 1974/1942/1771 1975/1945/1773
f 1958/1918/1748 1957/1917/1746 1988/1944/1772
f 1944/1916/1747 1975/1945/1773 1976/1947/1775
f 1959/1920/1750 1958/1918/1748 1989/1946/1774
f 1945/1919/1749 1976/1947/1775 1977/1949/1777
f 1960/1891/1723 1959/1920/1750 1990/1948/1776
f 1946/1921/1751 1977/1949/1777 1978/1951/1779
f 1961/1892/1724 1960/1891/1723 1991/1950/1778
f 1947/1922/1752 1978/1951/1779 1979/1954/1782
f 1934/1923/1753 1965/1952/1780 1966/1955/1783
f 1962/1895/1727 1961/1892/1724 1992/1953/1781
f 1949/1896/1728 1948/1893/1725 1979/1954/1782
f 1935/1894/1726 1966/1955/1783 1967/1956/1784
f 1983/1958/1762 1982/2005/1760 2013/1959/1786
f 1969/1931/1761 2000/2006/1815 2001/1961/1788
f 1984/1962/1764 1983/1958/1762 2014/1960/1787
f 1970/1933/1763 2001/1961/1788 2002/1964/1790
f 1985/1965/1766 1984/1962/1764 2015/1963/1789
f 1971/1967/1765 2002/2009/1790 2003/1968/1792
f 1986/1970/1768 1985/1965/1766 2016/1966/1791
f 1972/1969/1767 2003/1968/1792 2004/1972/1794
f 1987/1974/1770 1986/1970/1768 2017/1971/1793
f 1973/1973/1769 2004/1972/1794 2005/1976/1796
f 1988/1978/1772 1987/1974/1770 2018/1975/1795
f 1974/1977/1771 2005/1976/1796 2006/1980/1798
f 1989/1946/1774 1988/1944/1772 2019/1982/1797
f 1975/1981/1773 2006/1980/1798 2007/1984/1800
f 1990/1948/1776 1989/1946/1774 2020/1983/1799
f 1976/1985/1775 2007/1984/1800 2008/1987/1802
f 1991/1950/1778 1990/1948/1776 2021/1986/1801
f 1977/1988/1777 2008/1987/1802 2009/1990/1804
f 1992/1953/1781 1991/1950/1778 2022/1989/1803
f 1979/1994/1782 1978/1991/1779 2009/1990/1804
f 1965/1952/1780 1996/1992/1805 1997/1996/1808
f 1993/1924/1754 1992/1953/1781 2023/1993/1806
f 1980/1998/1756 1979/1994/1782 2010/1995/1807
f 1966/1955/1783 1997/1996/1808 1998/2000/1811
f 1994/1925/1755 1993/1924/1754 2024/1997/1809
f 1981/2002/1757 1980/1998/1756 2011/1999/1810
f 1967/1956/1784 1998/2000/1811 1999/2004/1814
f 1995/1929/1759 1994/1925/1755 2025/2001/1812
f 1982/2005/1760 1981/2002/1757 2012/2003/1813
f 1968/1928/1758 1999/2004/1814 2000/2006/1815
f 2016/1966/1791 2015/1963/1789 2044/2007/1816
f 2002/2009/1790 2033/2042/1848 2034/2010/1818
f 2017/1971/1793 2016/1966/1791 2045/2008/1817
f 2003/1968/1792 2034/2010/1818 2035/2012/1820
f 2018/1975/1795 2017/1971/1793 2046/2011/1819
f 2314/2742/2403 2005/1976/1796 2315/2015/1823
f 2005/1976/1796 2004/1972/1794 2315/2015/1823
f 2004/1972/1794 2035/2012/1820 2316/2014/1822
f 2019/1979/1797 2018/1975/1795 2047/2013/1821
f 2318/2743/2404 2319/2744/2405 2006/1980/1798
f 2005/1976/1796 2314/2742/2403 2317/2017/1825
f 2317/2017/1825 2318/2743/2404 2006/1980/1798
f 2020/1983/1799 2019/1982/1797 2048/2018/1824
f 2322/2021/1828 2323/2745/2406 2036/2050/1855
f 2036/2050/1855 2007/1984/1800 2322/2021/1828
f 2007/1984/1800 2006/1980/1798 2320/2746/2407
f 2321/2020/1827 2007/1984/1800 2320/2746/2407
f 2006/1980/1798 2319/2744/2405 2320/2746/2407
f 2021/1986/1801 2020/1983/1799 2049/2019/1826
f 2007/1984/1800 2036/2050/1855 2037/2023/1830
f 2022/1989/1803 2021/1986/1801 2050/2022/1829
f 2008/1987/1802 2037/2023/1830 2038/2025/1832
f 2023/1993/1806 2022/1989/1803 2051/2024/1831
f 2010/1995/1807 2009/1990/1804 2038/2025/1832
f 1996/1992/1805 2027/2026/1833 2028/2029/1836
f 2024/1997/1809 2023/1993/1806 2052/2027/1834
f 2011/1999/1810 2010/1995/1807 2039/2028/1835
f 1997/1996/1808 2028/2029/1836 2029/2032/1839
f 2025/2001/1812 2024/1997/1809 2053/2030/1837
f 2012/2003/1813 2011/1999/1810 2040/2031/1838
f 1998/2000/1811 2029/2032/1839 2030/2035/1842
f 2026/1957/1785 2025/2001/1812 2054/2033/1840
f 2013/1959/1786 2012/2003/1813 2041/2034/1841
f 1999/2004/1814 2030/2035/1842 2031/2038/1845
f 2014/1960/1787 2013/1959/1786 2042/2037/1844
f 2000/2006/1815 2031/2038/1845 2032/2040/1847
f 2015/1963/1789 2014/1960/1787 2043/2039/1846
f 2001/2041/1788 2032/2073/1847 2033/2042/1848
f 2047/2013/1821 2046/2011/1819 2074/2043/1849
f 2324/2046/1852 2316/2014/1822 2035/2012/1820
f 2035/2012/1820 2064/2077/1881 2325/2045/1851
f 2064/2077/1881 2326/2747/2408 2325/2045/1851
f 2048/2016/1824 2047/2013/1821 2075/2044/1850
f 2049/2019/1826 2048/2018/1824 2076/2048/1853
f 2329/2052/1857 2328/2054/1859 2036/2050/1855
f 2036/2050/1855 2323/2745/2406 2327/2051/1856
f 2050/2022/1829 2049/2019/1826 2077/2049/1854
f 2328/2054/1859 2330/2748/2409 2065/2087/1891
f 2065/2087/1891 2037/2023/1830 2328/2054/1859
f 2051/2024/1831 2050/2022/1829 2078/2053/1858
f 2037/2023/1830 2065/2087/1891 2066/2056/1861
f 2052/2027/1834 2051/2024/1831 2079/2055/1860
f 2039/2028/1835 2038/2025/1832 2066/2056/1861
f 2027/2026/1833 2056/2057/1862 2057/2060/1865
f 2053/2030/1837 2052/2027/1834 2080/2058/1863
f 2040/2031/1838 2039/2028/1835 2067/2059/1864
f 2028/2029/1836 2057/2060/1865 2058/2063/1868
f 2054/2033/1840 2053/2030/1837 2081/2061/1866
f 2041/2034/1841 2040/2031/1838 2068/2062/1867
f 2029/2032/1839 2058/2063/1868 2059/2066/1871
f 2055/2036/1843 2054/2033/1840 2082/2064/1869
f 2042/2037/1844 2041/2034/1841 2069/2065/1870
f 2030/2035/1842 2059/2066/1871 2060/2069/1874
f 2043/2039/1846 2042/2037/1844 2070/2068/1873
f 2031/2038/1845 2060/2069/1874 2061/2071/1876
f 2044/2007/1816 2043/2039/1846 2071/2070/1875
f 2032/2073/1847 2061/2109/1876 2062/2074/1878
f 2045/2008/1817 2044/2007/1816 2072/2072/1877
f 2033/2042/1848 2062/2074/1878 2063/2076/1880
f 2046/2011/1819 2045/2008/1817 2073/2075/1879
f 2034/2010/1818 2063/2076/1880 2064/2077/1881
f 2076/2048/1853 2103/2150/1921 2104/2078/1882
f 2078/2053/1858 2077/2049/1854 2104/2078/1882
f 2332/2080/1884 2093/2079/1883 2334/2085/1889
f 2093/2079/1883 2094/2083/1887 2334/2085/1889
f 2094/2083/1887 2065/2087/1891 2335/2084/1888
f 2065/2087/1891 2330/2748/2409 2333/2749/2410
f 2065/2087/1891 2333/2749/2410 2335/2084/1888
f 2079/2055/1860 2078/2053/1858 2105/2082/1886
f 2065/2087/1891 2094/2083/1887 2095/2088/1892
f 2080/2058/1863 2079/2055/1860 2106/2086/1890
f 2067/2059/1864 2066/2056/1861 2095/2088/1892
f 2057/2060/1865 2056/2057/1862 2084/2089/1893
f 2081/2061/1866 2080/2058/1863 2107/2090/1894
f 2241/2095/1899 2240/2750/2411 2068/2062/1867
f 2068/2062/1867 2067/2059/1864 2241/2095/1899
f 2067/2059/1864 2096/2091/1895 2242/2094/1898
f 2096/2091/1895 2243/2128/1930 2242/2094/1898
f 2057/2060/1865 2085/2092/1896 2086/2096/1900
f 2082/2064/1869 2081/2061/1866 2108/2093/1897
f 2246/2099/1903 2247/2102/1906 2069/2065/1870
f 2069/2065/1870 2068/2062/1867 2245/2098/1902
f 2068/2062/1867 2240/2750/2411 2244/2751/2412
f 2068/2062/1867 2244/2751/2412 2245/2098/1902
f 2058/2063/1868 2086/2096/1900 2087/2100/1904
f 2082/2064/1869 2109/2097/1901 2110/2101/1905
f 2248/2103/1907 2097/2105/1909 2070/2068/1873
f 2070/2068/1873 2069/2065/1870 2248/2103/1907
f 2059/2066/1871 2087/2100/1904 2088/2104/1908
f 2071/2070/1875 2070/2068/1873 2097/2105/1909
f 2060/2107/1874 2088/2137/1908 2089/2108/1911
f 2072/2072/1877 2071/2070/1875 2098/2106/1910
f 2061/2109/1876 2089/2108/1911 2090/2111/1913
f 2073/2075/1879 2072/2072/1877 2099/2110/1912
f 2062/2074/1878 2090/2111/1913 2091/2113/1915
f 2074/2043/1849 2073/2075/1879 2100/2112/1914
f 2063/2076/1880 2091/2113/1915 2092/2115/1917
f 2075/2044/1850 2074/2043/1849 2101/2114/1916
f 2336/2118/1920 2326/2747/2408 2064/2077/1881
f 2064/2077/1881 2092/2115/1917 2337/2117/1919
f 2092/2115/1917 2338/2752/2413 2337/2117/1919
f 2076/2047/1853 2075/2044/1850 2102/2116/1918
f 2105/2082/1886 2130/2155/1954 2131/2120/1922
f 2095/2088/1892 2094/2083/1887 2121/2121/1923
f 2106/2086/1890 2131/2120/1922 2132/2124/1926
f 2249/2753/2414 2250/2754/2415 2122/2122/1924
f 2250/2754/2415 2096/2091/1895 2122/2122/1924
f 2085/2092/1896 2084/2089/1893 2111/2123/1925
f 2107/2090/1894 2132/2124/1926 2133/2126/1928
f 2096/2091/1895 2250/2754/2415 2251/2127/1929
f 2086/2096/1900 2085/2092/1896 2112/2125/1927
f 2108/2093/1897 2133/2126/1928 2134/2130/1932
f 2087/2100/1904 2086/2096/1900 2113/2129/1931
f 2109/2097/1901 2134/2130/1932 2135/2132/1934
f 2253/2133/1935 2254/2136/1938 2097/2105/1909
f 2097/2105/1909 2248/2103/1907 2252/2134/1936
f 2087/2100/1904 2114/2131/1933 2115/2135/1937
f 2254/2136/1938 2123/2139/1940 2098/2106/1910
f 2088/2137/1908 2115/2755/1937 2116/2138/1939
f 2099/2110/1912 2098/2106/1910 2123/2139/1940
f 2089/2108/1911 2116/2138/1939 2117/2141/1942
f 2100/2112/1914 2099/2110/1912 2124/2140/1941
f 2090/2111/1913 2117/2141/1942 2118/2143/1944
f 2101/2114/1916 2100/2112/1914 2125/2142/1943
f 2091/2113/1915 2118/2143/1944 2119/2145/1946
f 2101/2114/1916 2126/2144/1945 2127/2146/1947
f 2338/2752/2413 2092/2115/1917 2339/2148/1949
f 2092/2115/1917 2119/2145/1946 2339/2148/1949
f 2119/2145/1946 2342/2178/1976 2341/2756/2416
f 2119/2145/1946 2341/2756/2416 2340/2147/1948
f 2102/2116/1918 2127/2146/1947 2128/2149/1950
f 2103/2150/1921 2128/2182/1950 2129/2151/1951
f 2120/2152/1952 2093/2079/1883 2343/2757/2417
f 2093/2079/1883 2331/2081/1885 2343/2757/2417
f 2344/2154/1953 2346/2758/2418 2120/2152/1952
f 2120/2152/1952 2343/2757/2417 2345/2153/1953
f 2104/2078/1882 2129/2151/1951 2130/2155/1954
f 2093/2079/1883 2120/2152/1952 2121/2121/1923
f 2112/2125/1927 2111/2123/1925 2136/2156/1955
f 2132/2124/1926 2159/2191/1988 2160/2158/1957
f 2113/2129/1931 2112/2125/1927 2137/2157/1956
f 2133/2126/1928 2160/2158/1957 2161/2160/1959
f 2114/2131/1933 2113/2129/1931 2138/2159/1958
f 2134/2130/1932 2161/2160/1959 2162/2162/1961
f 2115/2135/1937 2114/2131/1933 2139/2161/1960
f 2256/2165/1964 2257/2759/2419 2123/2139/1940
f 2257/2759/2419 2150/2168/1966 2123/2139/1940
f 2123/2139/1940 2254/2136/1938 2255/2164/1963
f 2116/2138/1939 2115/2755/1937 2140/2166/1962
f 2124/2140/1941 2123/2139/1940 2150/2168/1966
f 2116/2138/1939 2141/2167/1965 2142/2170/1968
f 2125/2142/1943 2124/2140/1941 2151/2169/1967
f 2117/2141/1942 2142/2170/1968 2143/2172/1970
f 2126/2144/1945 2125/2142/1943 2152/2171/1969
f 2118/2143/1944 2143/2172/1970 2144/2174/1972
f 2126/2144/1945 2153/2173/1971 2154/2175/1973
f 2119/2145/1946 2144/2174/1972 2342/2178/1976
f 2144/2174/1972 2145/2176/1974 2342/2178/1976
f 2127/2146/1947 2154/2175/1973 2155/2179/1977
f 2348/2760/2420 2347/2177/1975 2145/2176/1974
f 2145/2176/1974 2146/2186/1983 2352/2180/1978
f 2146/2186/1983 2350/2761/2421 2351/2762/2422
f 2146/2186/1983 2351/2762/2422 2352/2180/1978
f 2349/2181/1979 2348/2760/2420 2145/2176/1974
f 2128/2182/1950 2155/2213/1977 2156/2183/1980
f 2355/2185/1982 2350/2761/2421 2146/2186/1983
f 2146/2186/1983 2147/2216/2011 2354/2184/1981
f 2147/2216/2011 2120/2152/1952 2353/2763/2423
f 2354/2184/1981 2147/2216/2011 2353/2763/2423
f 2120/2152/1952 2346/2758/2418 2353/2763/2423
f 2129/2151/1951 2156/2183/1980 2157/2187/1984
f 2120/2152/1952 2147/2216/2011 2148/2188/1985
f 2130/2155/1954 2157/2187/1984 2158/2189/1986
f 2122/2122/1924 2121/2121/1923 2148/2188/1985
f 2131/2120/1922 2158/2189/1986 2159/2191/1988
f 2258/2193/1990 2249/2753/2414 2122/2122/1924
f 2122/2122/1924 2149/2190/1987 2258/2193/1990
f 2149/2190/1987 2260/2764/2424 2259/2192/1989
f 2139/2161/1960 2138/2159/1958 2165/2194/1991
f 2161/2160/1959 2187/2227/2022 2188/2196/1993
f 2140/2163/1962 2139/2161/1960 2166/2195/1992
f 2263/2198/1995 2262/2202/1998 2150/2168/1966
f 2150/2168/1966 2257/2759/2419 2261/2199/1996
f 2141/2167/1965 2140/2166/1962 2167/2200/1994
f 2150/2168/1966 2262/2202/1998 2151/2169/1967
f 2262/2202/1998 2264/2765/2425 2177/2203/1999
f 2142/2170/1968 2141/2167/1965 2168/2201/1997
f 2152/2171/1969 2151/2169/1967 2177/2203/1999
f 2143/2172/1970 2142/2170/1968 2169/2204/2000
f 2153/2173/1971 2152/2171/1969 2178/2205/2001
f 2144/2174/1972 2143/2172/1970 2170/2206/2002
f 2153/2173/1971 2179/2207/2003 2180/2209/2005
f 2145/2176/1974 2144/2174/1972 2171/2208/2004
f 2154/2175/1973 2180/2209/2005 2181/2211/2007
f 2145/2176/1974 2172/2210/2006 2173/2212/2008
f 2155/2213/1977 2181/2231/2007 2182/2214/2009
f 2146/2186/1983 2173/2212/2008 2174/2215/2010
f 2156/2183/1980 2182/2214/2009 2183/2217/2012
f 2148/2188/1985 2147/2216/2011 2174/2215/2010
f 2157/2187/1984 2183/2217/2012 2184/2219/2014
f 2149/2190/1987 2148/2188/1985 2175/2218/2013
f 2158/2189/1986 2184/2219/2014 2185/2222/2017
f 2265/2224/2019 2260/2764/2424 2149/2190/1987
f 2149/2190/1987 2176/2220/2015 2265/2224/2019
f 2176/2220/2015 2267/2766/2426 2266/2223/2018
f 2137/2157/1956 2136/2156/1955 2163/2221/2016
f 2159/2191/1988 2185/2222/2017 2186/2226/2021
f 2138/2159/1958 2137/2157/1956 2164/2225/2020
f 2160/2158/1957 2186/2226/2021 2187/2227/2022
f 2168/2201/1997 2167/2200/1994 4/7/7
f 2272/2767/2427 2206/2695/2373 9/2230/2024
f 9/2230/2024 2177/2203/1999 2269/2768/2428
f 2177/2203/1999 2264/2765/2425 2268/2769/2023
f 2177/2203/1999 2268/2769/2023 2271/2228/2023
f 2269/2768/2428 2272/2767/2427 9/2230/2024
f 2270/2229/2023 2269/2768/2428 2177/2203/1999
f 2169/2204/2000 2168/2201/1997 2190/11/10
f 2178/2205/2001 2177/2203/1999 9/2230/2024
f 2170/2206/2002 2169/2204/2000 2191/16/15
f 2178/2205/2001 12/18/17 2196/23/22
f 2171/2208/2004 2170/2206/2002 2192/20/19
f 2179/2207/2003 2196/23/22 2197/27/26
f 2172/2210/2006 2171/2208/2004 2193/24/23
f 2180/2209/2005 2197/27/26 2198/31/30
f 2173/2212/2008 2172/2210/2006 2194/28/27
f 2181/2231/2007 2198/34/30 2199/36/34
f 2174/2215/2010 2173/2212/2008 5/32/31
f 2182/2214/2009 2199/36/34 2200/40/38
f 2175/2218/2013 2174/2215/2010 6/37/35
f 2183/2217/2012 2200/40/38 2201/44/42
f 2176/2220/2015 2175/2218/2013 7/41/39
f 2184/2219/2014 2201/44/42 2202/51/49
f 2274/2233/2026 2267/2766/2426 2195/45/43
f 2267/2766/2426 2176/2220/2015 2195/45/43
f 2195/45/43 2209/2697/2375 2273/2232/2025
f 2164/2225/2020 2163/2221/2016 1/47/45
f 2185/2222/2017 2202/51/49 13/56/54
f 2165/2194/1991 2164/2225/2020 2/53/51
f 2186/2226/2021 13/56/54 2203/4/4
f 2166/2195/1992 2165/2194/1991 3/60/58
f 2187/2227/2022 2203/4/4 15/6/6
f 2167/2200/1994 2166/2770/1992 2189/2234/1
f 2205/2241/2033 2206/2771/2429 60/2239/2031
f 2206/2771/2429 2272/2238/2030 60/2239/2031
f 77/2243/2035 2207/2252/2044 2204/2240/2032
f 2204/2240/2032 60/2239/2031 79/2242/2034
f 72/2244/2036 2230/2253/2045 2231/2245/2037
f 2234/2246/2038 2225/2248/2040 72/2244/2036
f 2225/2248/2040 2224/2250/2042 74/2247/2039
f 2224/2250/2042 2220/2772/2430 76/2249/2041
f 2220/2772/2430 2219/2773/2431 76/2249/2041
f 76/2249/2041 2219/2773/2431 77/2243/2035
f 2219/2773/2431 2208/2251/2043 77/2243/2035
f 2230/2253/2045 72/2244/2036 105/2254/2046
f 2226/2256/2048 2227/2774/2432 86/2257/2049
f 2227/2774/2432 90/2260/2051 86/2257/2049
f 86/2257/2049 2223/2279/2068 2222/2258/2048
f 107/2259/2050 105/2254/2046 72/2244/2036
f 90/2260/2051 2227/2774/2432 2229/2261/2052
f 109/2263/2054 107/2259/2050 74/2247/2039
f 2228/2266/2055 2235/2775/2055 92/2264/2053
f 2235/2775/2055 2237/2269/2058 92/2264/2053
f 2237/2269/2058 94/2294/2082 92/2264/2053
f 111/2267/2056 109/2263/2054 76/2249/2041
f 96/2268/2057 94/2294/2082 2237/2269/2058
f 113/2271/2060 111/2267/2056 77/2243/2035
f 2236/2270/2059 2238/2776/2433 97/2272/2061
f 2238/2776/2433 2239/2274/2063 97/2272/2061
f 2239/2274/2063 2232/2777/2434 99/2273/2062
f 2232/2777/2434 2233/2778/2067 99/2273/2062
f 2218/2275/2064 2217/2779/2435 2221/2276/2065
f 101/2255/2047 99/2288/2062 2233/2278/2067
f 83/2277/2066 2221/2276/2065 2223/2279/2068
f 142/2280/2069 140/2296/2084 111/2267/2056
f 97/2272/2061 129/2307/2093 127/2281/2070
f 130/2285/2074 129/2307/2093 97/2272/2061
f 116/2282/2071 2215/2284/2073 2218/2275/2064
f 2218/2275/2064 83/2277/2066 117/2286/2075
f 131/2287/2076 130/2316/2074 99/2288/2062
f 86/2257/2049 119/2290/2078 117/2286/2075
f 132/2289/2077 131/2287/2076 101/2255/2047
f 90/2260/2051 121/2292/2080 119/2290/2078
f 133/2291/2079 132/2289/2077 105/2254/2046
f 92/2262/2053 123/2299/2083 121/2292/2080
f 137/2293/2081 133/2291/2079 107/2259/2050
f 94/2294/2082 126/2297/2085 123/2295/2083
f 140/2296/2084 137/2293/2081 109/2263/2054
f 96/2268/2057 127/2281/2070 126/2297/2085
f 169/2298/2086 167/2318/2101 132/2289/2077
f 123/2299/2083 152/2303/2089 150/2300/2087
f 175/2301/2088 169/2298/2086 133/2291/2079
f 126/2302/2085 156/2333/2091 152/2303/2089
f 179/2304/2090 175/2301/2088 137/2293/2081
f 127/2281/2070 159/2308/2094 156/2305/2091
f 181/2306/2092 179/2304/2090 140/2296/2084
f 129/2307/2093 161/2780/2106 159/2308/2094
f 2214/2311/2097 2216/2283/2072 116/2282/2071
f 116/2282/2071 145/2309/2095 2214/2311/2097
f 164/2312/2098 161/2323/2106 129/2313/2093
f 117/2286/2075 147/2317/2100 145/2309/2095
f 166/2315/2099 164/2326/2098 130/2316/2074
f 119/2290/2078 148/2319/2102 147/2317/2100
f 167/2318/2101 166/2315/2099 131/2287/2076
f 121/2292/2080 150/2300/2087 148/2319/2102
f 145/2309/2095 182/2324/2107 2213/2320/2103
f 201/2322/2105 200/2348/2126 161/2323/2106
f 147/2317/2100 185/2327/2109 182/2324/2107
f 203/2325/2108 201/2781/2105 164/2326/2098
f 148/2319/2102 186/2329/2111 185/2327/2109
f 204/2328/2110 203/2325/2108 166/2315/2099
f 150/2300/2087 188/2331/2113 186/2329/2111
f 205/2330/2112 204/2328/2110 167/2318/2101
f 152/2303/2089 192/2334/2115 188/2331/2113
f 211/2332/2114 205/2330/2112 169/2298/2086
f 156/2333/2091 195/2337/2117 192/2334/2115
f 213/2335/2116 211/2332/2114 175/2301/2088
f 159/2336/2094 198/2345/2118 195/2337/2117
f 219/2321/2104 213/2335/2116 179/2304/2090
f 161/2323/2106 200/2348/2126 198/2338/2118
f 231/2340/2119 228/2356/2133 188/2331/2113
f 211/2332/2114 256/2343/2122 250/2341/2120
f 236/2342/2121 231/2340/2119 192/2334/2115
f 213/2335/2116 260/2346/2124 256/2343/2122
f 240/2344/2123 236/2342/2121 195/2337/2117
f 219/2321/2104 262/2350/2128 260/2346/2124
f 242/2347/2125 240/2373/2123 198/2338/2118
f 221/2349/2127 2211/2782/2436 2213/2320/2103
f 201/2322/2105 245/2353/2130 242/2347/2125
f 223/2351/2129 221/2349/2127 182/2324/2107
f 203/2352/2108 246/2361/2132 245/2353/2130
f 225/2354/2131 223/2351/2129 185/2327/2109
f 204/2328/2110 248/2357/2134 246/2355/2132
f 228/2356/2133 225/2354/2131 186/2329/2111
f 205/2330/2112 250/2341/2120 248/2357/2134
f 245/2353/2130 291/2362/2138 289/2358/2135
f 221/2349/2127 223/2351/2129 271/2359/2136
f 246/2361/2132 293/2783/2140 291/2362/2138
f 273/2363/2139 271/2359/2136 223/2351/2129
f 248/2357/2134 295/2366/2142 293/2364/2140
f 276/2365/2141 273/2363/2139 225/2354/2131
f 250/2341/2120 297/2368/2144 295/2366/2142
f 280/2367/2143 276/2365/2141 228/2356/2133
f 256/2343/2122 301/2370/2146 297/2368/2144
f 282/2369/2145 280/2367/2143 231/2340/2119
f 260/2346/2124 306/2372/2148 301/2370/2146
f 287/2371/2147 282/2369/2145 236/2342/2121
f 262/2350/2128 309/2376/2150 306/2372/2148
f 289/2358/2135 287/2784/2147 240/2373/2123
f 269/2360/2137 2273/2385/2158 2209/2374/2149
f 2210/2375/2149 2211/2782/2436 221/2349/2127
f 269/2360/2137 2209/2374/2149 221/2349/2127
f 301/2370/2146 340/2379/2153 338/2377/2151
f 323/2378/2152 319/2401/2168 280/2367/2143
f 306/2372/2148 342/2381/2155 340/2379/2153
f 326/2380/2154 323/2378/2152 282/2369/2145
f 309/2376/2150 348/2386/2159 342/2381/2155
f 330/2382/2156 326/2380/2154 287/2371/2147
f 291/2387/2138 332/2393/2162 330/2388/2156
f 2267/2391/2161 2274/2384/2157 269/2360/2137
f 269/2360/2137 271/2359/2136 2267/2391/2161
f 293/2392/2140 334/2397/2165 332/2393/2162
f 2265/2395/2164 2266/2390/2160 271/2359/2136
f 271/2359/2136 273/2363/2139 316/2394/2163
f 295/2396/2142 336/2400/2167 334/2397/2165
f 273/2363/2139 276/2365/2141 318/2398/2166
f 297/2399/2144 338/2407/2151 336/2400/2167
f 319/2401/2168 318/2398/2166 276/2365/2141
f 334/2397/2165 2246/2404/2171 2245/2402/2169
f 316/2394/2163 2259/2406/2173 2260/2403/2170
f 2252/2408/2174 2248/2785/2437 336/2400/2167
f 2248/2785/2437 2247/2786/2437 336/2400/2167
f 2247/2786/2437 2246/2404/2171 336/2400/2167
f 316/2394/2163 318/2398/2166 2258/2405/2172
f 338/2407/2151 2253/2787/2438 2252/2408/2174
f 2249/2788/2176 2258/2405/2172 318/2398/2166
f 318/2398/2166 319/2401/2168 2251/2409/2175
f 2250/2410/2176 2249/2788/2176 318/2398/2166
f 2254/2413/2178 2253/2787/2438 340/2411/2153
f 2253/2787/2438 338/2407/2151 340/2411/2153
f 2243/2415/2180 2251/2409/2175 319/2401/2168
f 319/2401/2168 323/2378/2152 2242/2414/2179
f 2256/2417/2182 2255/2789/2177 342/2381/2155
f 2255/2789/2177 340/2379/2153 342/2381/2155
f 323/2378/2152 326/2380/2154 2241/2418/2183
f 367/2416/2181 342/2381/2155 348/2386/2159
f 2244/2422/2185 2240/2790/2439 330/2388/2156
f 2240/2790/2439 2241/2420/2183 330/2388/2156
f 332/2393/2162 2245/2402/2169 2244/2422/2185
f 2261/2425/2188 2257/2423/2186 369/2419/2184
f 2257/2423/2186 367/2416/2181 369/2419/2184
f 2264/2428/2191 2262/2791/2440 267/2236/2028
f 2262/2791/2440 2263/2426/2189 387/2424/2187
f 267/2236/2028 2262/2791/2440 387/2424/2187
f 312/2430/2193 2337/2792/2441 2338/2431/2194
f 2339/2432/2195 2340/2446/2207 25/2435/2198
f 25/2435/2198 8/2433/2196 2339/2432/2195
f 315/2434/2197 8/2433/2196 25/2435/2198
f 315/2437/2197 28/2450/2199 29/2438/2200
f 10/2439/2201 29/2438/2200 31/2440/2202
f 11/2441/2203 31/2440/2202 34/2442/2204
f 2347/2449/2209 2348/2455/2214 47/2451/2210
f 47/2451/2210 28/2450/2199 2347/2449/2209
f 28/2450/2199 25/2793/2198 2341/2794/2208
f 2342/2448/2209 28/2450/2199 2341/2794/2208
f 29/2438/2200 28/2450/2199 47/2451/2210
f 31/2440/2202 29/2438/2200 49/2452/2211
f 31/2440/2202 51/2453/2212 52/2445/2206
f 2349/2454/2213 2352/2461/2220 67/2460/2219
f 67/2460/2219 49/2452/2211 2349/2454/2213
f 49/2452/2211 67/2460/2219 68/2456/2215
f 52/2445/2206 51/2453/2212 68/2456/2215
f 2351/2459/2218 85/2463/2222 67/2460/2219
f 67/2460/2219 85/2463/2222 87/2462/2221
f 68/2456/2215 87/2462/2221 88/2458/2217
f 85/2463/2222 2351/2459/2218 2350/2464/2223
f 2355/2465/2224 2354/2469/2228 104/2466/2225
f 104/2466/2225 87/2462/2221 2355/2465/2224
f 88/2458/2217 87/2462/2221 104/2466/2225
f 2353/2468/2227 118/2470/2229 104/2466/2225
f 106/2467/2226 104/2466/2225 118/2470/2229
f 134/2472/2231 136/2476/2235 2344/2473/2232
f 136/2476/2235 118/2470/2229 2346/2475/2234
f 118/2470/2229 2353/2468/2227 2346/2475/2234
f 118/2470/2229 136/2476/2235 139/2477/2236
f 153/2478/2237 134/2472/2231 2345/2474/2233
f 136/2476/2235 134/2472/2231 153/2478/2237
f 139/2477/2236 136/2476/2235 155/2480/2239
f 153/2478/2237 171/2489/2247 173/2482/2241
f 155/2480/2239 173/2482/2241 176/2483/2242
f 2334/2488/2243 170/2795/2245 171/2489/2247
f 171/2489/2247 153/2478/2237 2331/2796/2442
f 153/2478/2237 2343/2479/2238 2331/2796/2442
f 2331/2796/2442 2332/2487/2246 171/2489/2247
f 2330/2492/2250 2328/2797/2250 187/2490/2248
f 2328/2797/2250 2329/2798/2263 187/2490/2248
f 187/2490/2248 190/2799/2251 2333/2491/2249
f 190/2799/2251 170/2486/2245 2333/2491/2249
f 171/2489/2247 170/2795/2245 190/2493/2251
f 173/2482/2241 171/2489/2247 191/2494/2252
f 176/2483/2242 173/2482/2241 194/2495/2253
f 196/2496/2254 194/2495/2253 215/2497/2255
f 2322/2499/2257 206/2501/2259 2323/2504/2262
f 206/2501/2259 208/2502/2260 2323/2504/2262
f 2327/2503/2261 208/2502/2260 210/2511/2264
f 210/2511/2264 187/2505/2248 2327/2503/2261
f 190/2493/2251 187/2800/2248 210/2507/2264
f 190/2493/2251 212/2508/2265 214/2509/2266
f 194/2495/2253 191/2494/2252 214/2509/2266
f 208/2502/2260 232/2521/2276 233/2510/2267
f 212/2512/2265 210/2511/2264 233/2510/2267
f 212/2508/2265 235/2530/2268 237/2514/2269
f 215/2497/2255 214/2509/2266 237/2514/2269
f 215/2497/2255 239/2515/2270 241/2516/2271
f 227/2517/2272 2320/2520/2275 2319/2518/2273
f 2320/2520/2275 227/2517/2272 229/2526/2281
f 229/2526/2281 206/2501/2259 2320/2520/2275
f 206/2501/2259 229/2526/2281 232/2521/2276
f 239/2515/2270 263/2532/2286 265/2522/2277
f 251/2523/2278 227/2517/2272 2318/2519/2274
f 227/2517/2272 251/2523/2278 253/2525/2280
f 229/2526/2281 253/2525/2280 255/2527/2282
f 232/2521/2276 255/2527/2282 257/2528/2283
f 235/2513/2268 233/2510/2267 257/2528/2283
f 235/2530/2268 258/2533/2284 261/2531/2285
f 239/2515/2270 237/2514/2269 261/2531/2285
f 258/2533/2284 257/2801/2283 277/2534/2287
f 258/2533/2284 279/2535/2288 281/2536/2289
f 263/2532/2286 261/2531/2285 281/2536/2289
f 265/2522/2277 263/2532/2286 283/2537/2290
f 2315/2802/2443 272/2803/2295 2314/2539/2292
f 272/2803/2295 251/2523/2278 2314/2539/2292
f 251/2523/2278 272/2803/2295 274/2540/2293
f 255/2527/2282 253/2525/2280 274/2540/2293
f 255/2527/2282 275/2541/2294 277/2542/2287
f 272/2543/2295 2315/2804/2443 2316/2544/2296
f 2324/2545/2297 2325/2805/2444 296/2549/2299
f 296/2549/2299 274/2547/2293 2324/2545/2297
f 275/2548/2294 274/2547/2293 296/2549/2299
f 277/2551/2287 275/2548/2294 298/2550/2300
f 277/2551/2287 300/2552/2301 302/2553/2302
f 281/2536/2289 279/2535/2288 302/2555/2302
f 281/2536/2289 304/2556/2303 305/2557/2304
f 283/2537/2290 305/2557/2304 308/2546/2298
f 302/2553/2302 300/2552/2301 8/2433/2196
f 302/2555/2302 315/2437/2197 10/2439/2201
f 305/2557/2304 304/2556/2303 10/2439/2201
f 305/2557/2304 11/2441/2203 14/2443/2205
f 296/2549/2299 2325/2805/2444 2326/2558/2305
f 2336/2559/2306 2337/2792/2441 312/2430/2193
f 312/2430/2193 298/2550/2300 2336/2559/2306
f 298/2550/2300 312/2430/2193 8/2433/2196
f 630/2560/2193 2286/2564/2309 2285/2561/2307
f 2288/2576/2310 2286/2564/2309 341/2563/2301
f 2286/2564/2309 630/2560/2193 322/2565/2196
f 631/2566/2197 343/2580/2302 341/2563/2301
f 345/2567/2303 343/2582/2302 631/2568/2197
f 346/2570/2304 345/2567/2303 325/2569/2201
f 349/2572/2298 346/2570/2304 327/2571/2203
f 2275/2579/2313 2287/2577/2311 343/2580/2302
f 2287/2577/2311 341/2563/2301 343/2580/2302
f 343/2580/2302 359/2806/2314 2276/2578/2312
f 359/2806/2314 2277/2807/2315 2276/2578/2312
f 345/2567/2303 361/2583/2289 359/2581/2314
f 346/2570/2304 363/2588/2290 361/2583/2289
f 365/2575/2291 363/2588/2290 346/2570/2304
f 2280/2585/2316 359/2581/2314 361/2583/2289
f 361/2583/2289 380/2591/2285 2278/2586/2317
f 382/2587/2286 380/2591/2285 361/2583/2289
f 365/2575/2291 383/2589/2277 382/2587/2286
f 380/2591/2285 382/2587/2286 2279/2592/2318
f 382/2587/2286 399/2593/2270 2279/2592/2318
f 401/2590/2271 399/2593/2270 382/2587/2286
f 2282/2596/2321 2281/2594/2319 399/2593/2270
f 399/2593/2270 415/2597/2255 2283/2595/2320
f 401/2590/2271 417/2598/2256 415/2597/2255
f 2284/2601/2323 2283/2595/2320 415/2597/2255
f 415/2597/2255 432/2599/2253 2284/2601/2323
f 417/2598/2256 434/2602/2254 432/2599/2253
f 2289/2600/2322 432/2599/2253 450/2603/2241
f 452/2605/2242 450/2603/2241 432/2599/2253
f 466/2608/2237 2290/2607/2326 468/2609/2239
f 2290/2607/2326 2291/2604/2324 450/2603/2241
f 452/2605/2242 469/2610/2240 468/2609/2239
f 487/2611/2235 485/2616/2330 466/2608/2237
f 489/2612/2236 487/2611/2235 468/2609/2239
f 2293/2606/2325 466/2608/2237 2292/2618/2331
f 466/2608/2237 485/2616/2330 2292/2618/2331
f 485/2616/2330 483/2625/2329 2297/2617/2328
f 2299/2613/2327 483/2615/2329 504/2623/2336
f 504/2623/2336 502/2621/2334 2298/2622/2335
f 502/2621/2334 2303/2620/2333 2298/2622/2335
f 485/2616/2330 507/2626/2337 504/2624/2336
f 487/2611/2235 508/2627/2229 507/2626/2337
f 489/2612/2236 511/2628/2230 508/2627/2229
f 511/2628/2230 532/2630/2226 531/2629/2225
f 2304/2635/2342 2305/2637/2344 523/2634/2341
f 523/2634/2341 521/2632/2339 2313/2631/2338
f 2305/2637/2344 2302/2619/2332 502/2621/2334
f 502/2621/2334 524/2636/2343 2305/2637/2344
f 504/2624/2336 526/2643/2347 524/2638/2343
f 528/2640/2345 526/2643/2347 504/2624/2336
f 508/2627/2229 531/2629/2225 528/2640/2345
f 549/2641/2346 547/2808/2352 523/2642/2341
f 526/2643/2347 550/2662/2359 549/2641/2346
f 552/2644/2222 550/2662/2359 526/2643/2347
f 531/2629/2225 554/2654/2221 552/2644/2222
f 556/2645/2217 554/2654/2221 531/2629/2225
f 543/2646/2348 2309/2655/2353 2310/2647/2349
f 2311/2648/2350 2312/2809/2340 545/2649/2351
f 2312/2809/2340 521/2651/2339 545/2649/2351
f 547/2650/2352 545/2649/2351 521/2651/2339
f 579/2653/2216 577/2668/2215 554/2654/2221
f 2309/2655/2353 543/2646/2348 565/2656/2354
f 567/2658/2356 565/2656/2354 543/2646/2348
f 569/2659/2357 567/2658/2356 545/2649/2351
f 571/2660/2358 569/2659/2357 547/2650/2352
f 550/2662/2359 573/2665/2360 571/2663/2358
f 575/2664/2219 573/2665/2360 550/2662/2359
f 554/2654/2221 577/2668/2215 575/2664/2219
f 573/2665/2360 597/2688/2210 595/2666/2361
f 599/2667/2211 597/2688/2210 573/2665/2360
f 577/2668/2215 601/2669/2212 599/2667/2211
f 579/2653/2216 603/2673/2206 601/2669/2212
f 2308/2657/2355 565/2656/2354 2306/2672/2364
f 565/2656/2354 588/2670/2362 2306/2672/2364
f 590/2674/2365 588/2670/2362 565/2656/2354
f 569/2659/2357 593/2810/2369 590/2674/2365
f 595/2666/2361 593/2811/2369 569/2675/2357
f 588/2812/2362 590/2684/2365 2300/2682/2366
f 590/2684/2365 612/2680/2367 2300/2682/2366
f 593/2683/2369 614/2686/2370 612/2680/2367
f 595/2685/2361 616/2691/2198 614/2686/2370
f 619/2687/2199 616/2813/2198 595/2666/2361
f 599/2667/2211 620/2692/2200 619/2687/2199
f 623/2689/2202 620/2692/2200 599/2667/2211
f 625/2679/2204 623/2689/2202 601/2669/2212
f 619/2690/2199 631/2566/2197 322/2565/2196
f 325/2569/2201 631/2568/2197 619/2687/2199
f 623/2689/2202 327/2571/2203 325/2569/2201
f 329/2573/2205 327/2571/2203 623/2689/2202
f 612/2680/2367 2296/2694/2372 2295/2693/2371
f 612/2680/2367 614/2686/2370 2296/2694/2372
f 614/2686/2370 630/2560/2193 2296/2694/2372
f 322/2565/2196 630/2560/2193 614/2686/2370
o 円柱
v 0.000000 1.097252 -0.932587
v 0.000000 1.957284 -0.932587
v 0.244139 1.097252 -0.893919
v 0.244139 2.497252 -0.893919
v 0.464379 1.097252 -0.781701
v 0.464379 1.957284 -0.781701
v 0.639164 1.097252 -0.606917
v 0.639164 2.497252 -0.606917
v 0.751382 1.097252 -0.386676
v 0.751382 1.957284 -0.386676
v 0.790050 1.097252 -0.142537
v 0.790050 2.497252 -0.142537
v 0.751382 1.097252 0.101601
v 0.751382 1.957284 0.101601
v 0.639164 1.097252 0.321842
v 0.639164 2.497252 0.321842
v 0.464380 1.097252 0.496626
v 0.464380 1.957284 0.496626
v 0.244139 1.097252 0.608845
v 0.244139 2.497252 0.608845
v 0.000000 1.097252 0.647512
v 0.000000 1.957284 0.647512
v -0.244139 1.097252 0.608845
v -0.244139 2.497252 0.608845
v -0.464379 1.097252 0.496626
v -0.464379 1.957284 0.496626
v -0.639164 1.097252 0.321842
v -0.639164 2.497252 0.321842
v -0.751382 1.097252 0.101601
v -0.751382 1.957284 0.101601
v -0.790050 1.097252 -0.142537
v -0.790050 2.497252 -0.142537
v -0.751382 1.097252 -0.386676
v -0.751382 1.957284 -0.386676
v -0.639164 1.097252 -0.606917
v -0.639164 2.497252 -0.606917
v -0.464380 1.097252 -0.781701
v -0.464380 1.957284 -0.781701
v -0.244139 1.097252 -0.893919
v -0.244139 2.497252 -0.893919
v 0.000000 1.097252 -1.092537
v 0.293566 1.097252 -1.046041
v 0.293566 2.497252 -1.046041
v 0.000000 1.957284 -1.092537
v 0.558396 1.097252 -0.911103
v 0.558396 1.957284 -0.911103
v 0.768566 1.097252 -0.700933
v 0.768566 2.497252 -0.700933
v 0.903504 1.097252 -0.436103
v 0.903504 1.957284 -0.436103
v 0.950000 1.097252 -0.142537
v 0.950000 2.497252 -0.142537
v 0.903504 1.097252 0.151029
v 0.903504 1.957284 0.151029
v 0.768566 1.097252 0.415859
v 0.768566 2.497252 0.415859
v 0.558396 1.097252 0.626029
v 0.558396 1.957284 0.626029
v 0.293566 1.097252 0.760966
v 0.293566 2.497252 0.760966
v 0.000000 1.097252 0.807463
v 0.000000 1.957284 0.807463
v -0.293566 1.097252 0.760966
v -0.293566 2.497252 0.760966
v -0.558396 1.097252 0.626029
v -0.558396 1.957284 0.626029
v -0.768566 1.097252 0.415859
v -0.768566 2.497252 0.415859
v -0.903504 1.097252 0.151029
v -0.903504 1.957284 0.151029
v -0.950000 1.097252 -0.142537
v -0.950000 2.497252 -0.142537
v -0.903504 1.097252 -0.436103
v -0.903504 1.957284 -0.436103
v -0.768566 1.097252 -0.700933
v -0.768566 2.497252 -0.700933
v -0.558396 1.097252 -0.911103
v -0.558396 1.957284 -0.911103
v -0.293566 1.097252 -1.046041
v -0.293566 2.497252 -1.046041
v 0.000000 1.556363 -1.092537
v 0.293566 1.556363 -1.046041
v 0.558396 1.556363 -0.911103
v 0.768566 1.556363 -0.700933
v 0.903504 1.556363 -0.436103
v 0.950000 1.556363 -0.142537
v 0.903504 1.556363 0.151029
v 0.768566 1.556363 0.415859
v 0.558396 1.556363 0.626029
v 0.293566 1.556363 0.760966
v 0.000000 1.556363 0.807463
v -0.293566 1.556363 0.760966
v -0.558396 1.556363 0.626029
v -0.768566 1.556363 0.415859
v -0.903504 1.556363 0.151029
v -0.950000 1.556363 -0.142537
v -0.903504 1.556363 -0.436103
v -0.768566 1.556363 -0.700933
v -0.558396 1.556363 -0.911103
v -0.293566 1.556363 -1.046041
vn 0.1564 -0.0000 -0.9877
vn 0.4540 -0.0000 -0.8910
vn 0.7071 -0.0000 -0.7071
vn 0.8910 -0.0000 -0.4540
vn 0.9877 -0.0000 -0.1564
vn 0.9877 -0.0000 0.1564
vn 0.8910 -0.0000 0.4540
vn 0.7071 -0.0000 0.7071
vn 0.4540 -0.0000 0.8910
vn 0.1564 -0.0000 0.9877
vn -0.1564 -0.0000 0.9877
vn -0.4540 -0.0000 0.8910
vn -0.7071 -0.0000 0.7071
vn -0.8910 -0.0000 0.4540
vn -0.9877 -0.0000 0.1564
vn -0.9877 -0.0000 -0.1564
vn -0.8910 -0.0000 -0.4540
vn -0.7071 -0.0000 -0.7071
vn -0.4540 -0.0000 -0.8910
vn -0.1564 -0.0000 -0.9877
vn -0.0000 -1.0000 -0.0000
vn -0.9112 0.4120 -0.0000
vn 0.8666 0.4120 0.2816
vn -0.7372 0.4120 -0.5356
vn 0.5356 0.4120 0.7372
vn -0.2715 0.4776 -0.8356
vn -0.0000 0.4120 0.9112
vn 0.2816 0.4120 -0.8666
vn -0.5356 0.4120 0.7372
vn 0.7372 0.4120 -0.5356
vn -0.8666 0.4120 0.2816
vn 0.9112 0.4120 -0.0000
vn -0.8666 0.4120 -0.2816
vn 0.7372 0.4120 0.5356
vn -0.5356 0.4120 -0.7372
vn 0.2715 0.4776 0.8356
vn -0.0000 0.4120 -0.9112
vn -0.2816 0.4120 0.8666
vn 0.5356 0.4120 -0.7372
vn -0.7372 0.4120 0.5356
vn 0.8666 0.4120 -0.2816
vn -0.8356 0.4776 -0.2715
vn 0.7108 0.4776 0.5164
vn -0.5164 0.4776 -0.7108
vn -0.2715 0.4776 0.8356
vn 0.5164 0.4776 -0.7108
vn -0.7108 0.4776 0.5164
vn 0.8356 0.4776 -0.2715
vn -0.8786 0.4776 -0.0000
vn 0.8356 0.4776 0.2715
vn -0.7108 0.4776 -0.5164
vn 0.5164 0.4776 0.7108
vn 0.2715 0.4776 -0.8356
vn -0.5164 0.4776 0.7108
vn 0.7108 0.4776 -0.5164
vn -0.8356 0.4776 0.2715
vn 0.8786 0.4776 -0.0000
vt 1.000000 1.000000
vt 0.950000 0.750000
vt 1.000000 0.750000
vt 0.900000 1.000000
vt 0.900000 0.750000
vt 0.850000 0.750000
vt 0.800000 1.000000
vt 0.800000 0.750000
vt 0.750000 0.750000
vt 0.700000 1.000000
vt 0.700000 0.750000
vt 0.650000 0.750000
vt 0.600000 1.000000
vt 0.600000 0.750000
vt 0.550000 0.750000
vt 0.500000 1.000000
vt 0.500000 0.750000
vt 0.450000 0.750000
vt 0.400000 1.000000
vt 0.400000 0.750000
vt 0.350000 0.750000
vt 0.300000 1.000000
vt 0.300000 0.750000
vt 0.250000 0.750000
vt 0.200000 1.000000
vt 0.200000 0.750000
vt 0.150000 0.750000
vt 0.100000 1.000000
vt 0.100000 0.750000
vt 0.132683 0.411473
vt 0.688323 0.439823
vt 0.188323 0.439823
vt 0.050000 0.750000
vt -0.000000 1.000000
vt -0.000000 0.750000
vt 0.250000 0.449591
vt 0.750000 0.449591
vt 0.824164 0.478254
vt 0.811677 0.439823
vt 0.311677 0.439823
vt 0.250000 0.490000
vt 0.891068 0.444164
vt 0.867317 0.411473
vt 0.367317 0.411473
vt 0.324164 0.478254
vt 0.944164 0.391068
vt 0.911473 0.367317
vt 0.411473 0.367317
vt 0.391068 0.444164
vt 0.978254 0.324164
vt 0.939823 0.311677
vt 0.439823 0.311677
vt 0.444164 0.391068
vt 0.990000 0.250000
vt 0.949592 0.250000
vt 0.490000 0.250000
vt 0.478254 0.324164
vt 0.978254 0.175836
vt 0.939823 0.188323
vt 0.439823 0.188323
vt 0.449591 0.250000
vt 0.944164 0.108932
vt 0.911473 0.132683
vt 0.411473 0.132683
vt 0.478254 0.175836
vt 0.891068 0.055836
vt 0.867317 0.088527
vt 0.367317 0.088527
vt 0.444164 0.108932
vt 0.824164 0.021746
vt 0.811677 0.060177
vt 0.311677 0.060177
vt 0.391068 0.055836
vt 0.750000 0.010000
vt 0.750000 0.050409
vt 0.250000 0.050409
vt 0.324164 0.021746
vt 0.675836 0.021746
vt 0.688323 0.060177
vt 0.188323 0.060177
vt 0.250000 0.010000
vt 0.608932 0.055836
vt 0.632683 0.088527
vt 0.132683 0.088527
vt 0.175836 0.021746
vt 0.555836 0.108932
vt 0.588527 0.132683
vt 0.088527 0.132683
vt 0.108932 0.055836
vt 0.521746 0.175836
vt 0.560177 0.188323
vt 0.060177 0.188323
vt 0.055836 0.108932
vt 0.510000 0.250000
vt 0.550408 0.250000
vt 0.010000 0.250000
vt 0.021746 0.175836
vt 0.521746 0.324164
vt 0.560177 0.311677
vt 0.060177 0.311677
vt 0.050409 0.250000
vt 0.555836 0.391068
vt 0.588527 0.367317
vt 0.088527 0.367317
vt 0.021746 0.324164
vt 0.608932 0.444164
vt 0.632683 0.411473
vt 0.055836 0.391068
vt 0.675836 0.478254
vt 0.108932 0.444164
vt 0.750000 0.490000
vt 0.175836 0.478254
vt -0.000000 0.500000
vt 0.050000 0.500000
vt 0.100000 0.500000
vt 0.150000 0.500000
vt 0.200000 0.500000
vt 0.250000 0.500000
vt 0.300000 0.500000
vt 0.350000 0.500000
vt 0.400000 0.500000
vt 0.450000 0.500000
vt 0.500000 0.500000
vt 0.550000 0.500000
vt 0.600000 0.500000
vt 0.650000 0.500000
vt 0.700000 0.500000
vt 0.750000 0.500000
vt 0.800000 0.500000
vt 0.850000 0.500000
vt 0.900000 0.500000
vt 0.950000 0.500000
vt 1.000000 0.500000
vt 0.950000 1.000000
vt 0.850000 1.000000
vt 0.750000 1.000000
vt 0.650000 1.000000
vt 0.550000 1.000000
vt 0.450000 1.000000
vt 0.350000 1.000000
vt 0.250000 1.000000
vt 0.150000 1.000000
vt 0.050000 1.000000
s 0
f 2399/2814/2445 2437/2815/2445 2436/2816/2445
f 2437/2815/2446 2401/2817/2446 2438/2818/2446
f 2401/2817/2447 2439/2819/2447 2438/2818/2447
f 2439/2819/2448 2405/2820/2448 2440/2821/2448
f 2405/2820/2449 2441/2822/2449 2440/2821/2449
f 2441/2822/2450 2409/2823/2450 2442/2824/2450
f 2409/2823/2451 2443/2825/2451 2442/2824/2451
f 2443/2825/2452 2413/2826/2452 2444/2827/2452
f 2413/2826/2453 2445/2828/2453 2444/2827/2453
f 2445/2828/2454 2417/2829/2454 2446/2830/2454
f 2417/2829/2455 2447/2831/2455 2446/2830/2455
f 2447/2831/2456 2421/2832/2456 2448/2833/2456
f 2421/2832/2457 2449/2834/2457 2448/2833/2457
f 2449/2834/2458 2425/2835/2458 2450/2836/2458
f 2425/2835/2459 2451/2837/2459 2450/2836/2459
f 2451/2837/2460 2429/2838/2460 2452/2839/2460
f 2429/2838/2461 2453/2840/2461 2452/2839/2461
f 2453/2840/2462 2433/2841/2462 2454/2842/2462
f 2393/2843/2453 2394/2844/2453 2395/2845/2453
f 2433/2841/2463 2455/2846/2463 2454/2842/2463
f 2455/2846/2464 2399/2847/2464 2436/2848/2464
f 2357/2849/2454 2394/2844/2454 2356/2850/2454
f 2356/2850/2465 2397/2851/2465 2358/2852/2465
f 2359/2853/2466 2399/2854/2466 2357/2849/2466
f 2358/2852/2465 2400/2855/2465 2360/2856/2465
f 2361/2857/2467 2398/2858/2467 2359/2853/2467
f 2360/2856/2465 2402/2859/2465 2362/2860/2465
f 2363/2861/2468 2401/2862/2468 2361/2857/2468
f 2362/2860/2465 2404/2863/2465 2364/2864/2465
f 2365/2865/2469 2403/2866/2469 2363/2861/2469
f 2364/2864/2465 2406/2867/2465 2366/2868/2465
f 2365/2865/2470 2407/2869/2470 2405/2870/2470
f 2366/2868/2465 2408/2871/2465 2368/2872/2465
f 2369/2873/2471 2407/2869/2471 2367/2874/2471
f 2368/2872/2465 2410/2875/2465 2370/2876/2465
f 2371/2877/2472 2409/2878/2472 2369/2873/2472
f 2370/2876/2465 2412/2879/2465 2372/2880/2465
f 2373/2881/2473 2411/2882/2473 2371/2877/2473
f 2372/2880/2465 2414/2883/2465 2374/2884/2465
f 2375/2885/2474 2413/2886/2474 2373/2881/2474
f 2374/2884/2465 2416/2887/2465 2376/2888/2465
f 2377/2889/2475 2415/2890/2475 2375/2885/2475
f 2376/2888/2465 2418/2891/2465 2378/2892/2465
f 2379/2893/2476 2417/2894/2476 2377/2889/2476
f 2378/2892/2465 2420/2895/2465 2380/2896/2465
f 2381/2897/2477 2419/2898/2477 2379/2893/2477
f 2380/2896/2465 2422/2899/2465 2382/2900/2465
f 2383/2901/2478 2421/2902/2478 2381/2897/2478
f 2382/2900/2465 2424/2903/2465 2384/2904/2465
f 2385/2905/2479 2423/2906/2479 2383/2901/2479
f 2384/2904/2465 2426/2907/2465 2386/2908/2465
f 2385/2905/2480 2427/2909/2480 2425/2910/2480
f 2386/2908/2465 2428/2911/2465 2388/2912/2465
f 2389/2913/2481 2427/2909/2481 2387/2914/2481
f 2388/2912/2465 2430/2915/2465 2390/2916/2465
f 2391/2917/2482 2429/2918/2482 2389/2913/2482
f 2390/2916/2465 2432/2919/2465 2392/2920/2465
f 2393/2843/2483 2431/2921/2483 2391/2917/2483
f 2392/2920/2465 2434/2922/2465 2394/2844/2465
f 2395/2845/2484 2433/2923/2484 2393/2843/2484
f 2394/2844/2465 2396/2924/2465 2356/2850/2465
f 2357/2849/2485 2435/2925/2485 2395/2845/2485
f 2393/2843/2452 2390/2916/2452 2392/2920/2452
f 2389/2913/2451 2390/2916/2451 2391/2917/2451
f 2389/2913/2450 2386/2908/2450 2388/2912/2450
f 2385/2905/2449 2386/2908/2449 2387/2914/2449
f 2385/2905/2448 2382/2900/2448 2384/2904/2448
f 2381/2897/2447 2382/2900/2447 2383/2901/2447
f 2381/2897/2446 2378/2892/2446 2380/2896/2446
f 2377/2889/2445 2378/2892/2445 2379/2893/2445
f 2377/2889/2464 2374/2884/2464 2376/2888/2464
f 2373/2881/2463 2374/2884/2463 2375/2885/2463
f 2373/2881/2462 2370/2876/2462 2372/2880/2462
f 2369/2873/2461 2370/2876/2461 2371/2877/2461
f 2369/2873/2460 2366/2868/2460 2368/2872/2460
f 2365/2865/2459 2366/2868/2459 2367/2874/2459
f 2365/2865/2458 2362/2860/2458 2364/2864/2458
f 2361/2857/2457 2362/2860/2457 2363/2861/2457
f 2361/2857/2456 2358/2852/2456 2360/2856/2456
f 2357/2849/2455 2358/2852/2455 2359/2853/2455
f 2455/2846/2464 2396/2926/2464 2434/2927/2464
f 2454/2842/2463 2434/2927/2463 2432/2928/2463
f 2453/2840/2462 2432/2928/2462 2430/2929/2462
f 2452/2839/2461 2430/2929/2461 2428/2930/2461
f 2451/2837/2460 2428/2930/2460 2426/2931/2460
f 2450/2836/2459 2426/2931/2459 2424/2932/2459
f 2449/2834/2458 2424/2932/2458 2422/2933/2458
f 2448/2833/2457 2422/2933/2457 2420/2934/2457
f 2447/2831/2456 2420/2934/2456 2418/2935/2456
f 2446/2830/2455 2418/2935/2455 2416/2936/2455
f 2445/2828/2454 2416/2936/2454 2414/2937/2454
f 2444/2827/2453 2414/2937/2453 2412/2938/2453
f 2443/2825/2452 2412/2938/2452 2410/2939/2452
f 2442/2824/2451 2410/2939/2451 2408/2940/2451
f 2441/2822/2450 2408/2940/2450 2406/2941/2450
f 2440/2821/2449 2406/2941/2449 2404/2942/2449
f 2439/2819/2448 2404/2942/2448 2402/2943/2448
f 2438/2818/2447 2402/2943/2447 2400/2944/2447
f 2437/2815/2446 2400/2944/2446 2397/2945/2446
f 2436/2816/2445 2397/2945/2445 2396/2946/2445
f 2399/2814/2445 2398/2947/2445 2437/2815/2445
f 2437/2815/2446 2398/2947/2446 2401/2817/2446
f 2401/2817/2447 2403/2948/2447 2439/2819/2447
f 2439/2819/2448 2403/2948/2448 2405/2820/2448
f 2405/2820/2449 2407/2949/2449 2441/2822/2449
f 2441/2822/2450 2407/2949/2450 2409/2823/2450
f 2409/2823/2451 2411/2950/2451 2443/2825/2451
f 2443/2825/2452 2411/2950/2452 2413/2826/2452
f 2413/2826/2453 2415/2951/2453 2445/2828/2453
f 2445/2828/2454 2415/2951/2454 2417/2829/2454
f 2417/2829/2455 2419/2952/2455 2447/2831/2455
f 2447/2831/2456 2419/2952/2456 2421/2832/2456
f 2421/2832/2457 2423/2953/2457 2449/2834/2457
f 2449/2834/2458 2423/2953/2458 2425/2835/2458
f 2425/2835/2459 2427/2954/2459 2451/2837/2459
f 2451/2837/2460 2427/2954/2460 2429/2838/2460
f 2429/2838/2461 2431/2955/2461 2453/2840/2461
f 2453/2840/2462 2431/2955/2462 2433/2841/2462
f 2393/2843/2453 2392/2920/2453 2394/2844/2453
f 2433/2841/2463 2435/2956/2463 2455/2846/2463
f 2455/2846/2464 2435/2956/2464 2399/2847/2464
f 2357/2849/2454 2395/2845/2454 2394/2844/2454
f 2356/2850/2465 2396/2924/2465 2397/2851/2465
f 2359/2853/2486 2398/2858/2486 2399/2854/2486
f 2358/2852/2465 2397/2851/2465 2400/2855/2465
f 2361/2857/2487 2401/2862/2487 2398/2858/2487
f 2360/2856/2465 2400/2855/2465 2402/2859/2465
f 2363/2861/2488 2403/2866/2488 2401/2862/2488
f 2362/2860/2465 2402/2859/2465 2404/2863/2465
f 2365/2865/2480 2405/2870/2480 2403/2866/2480
f 2364/2864/2465 2404/2863/2465 2406/2867/2465
f 2365/2865/2481 2367/2874/2481 2407/2869/2481
f 2366/2868/2465 2406/2867/2465 2408/2871/2465
f 2369/2873/2489 2409/2878/2489 2407/2869/2489
f 2368/2872/2465 2408/2871/2465 2410/2875/2465
f 2371/2877/2490 2411/2882/2490 2409/2878/2490
f 2370/2876/2465 2410/2875/2465 2412/2879/2465
f 2373/2881/2491 2413/2886/2491 2411/2882/2491
f 2372/2880/2465 2412/2879/2465 2414/2883/2465
f 2375/2885/2492 2415/2890/2492 2413/2886/2492
f 2374/2884/2465 2414/2883/2465 2416/2887/2465
f 2377/2889/2493 2417/2894/2493 2415/2890/2493
f 2376/2888/2465 2416/2887/2465 2418/2891/2465
f 2379/2893/2494 2419/2898/2494 2417/2894/2494
f 2378/2892/2465 2418/2891/2465 2420/2895/2465
f 2381/2897/2495 2421/2902/2495 2419/2898/2495
f 2380/2896/2465 2420/2895/2465 2422/2899/2465
f 2383/2901/2496 2423/2906/2496 2421/2902/2496
f 2382/2900/2465 2422/2899/2465 2424/2903/2465
f 2385/2905/2470 2425/2910/2470 2423/2906/2470
f 2384/2904/2465 2424/2903/2465 2426/2907/2465
f 2385/2905/2471 2387/2914/2471 2427/2909/2471
f 2386/2908/2465 2426/2907/2465 2428/2911/2465
f 2389/2913/2497 2429/2918/2497 2427/2909/2497
f 2388/2912/2465 2428/2911/2465 2430/2915/2465
f 2391/2917/2498 2431/2921/2498 2429/2918/2498
f 2390/2916/2465 2430/2915/2465 2432/2919/2465
f 2393/2843/2499 2433/2923/2499 2431/2921/2499
f 2392/2920/2465 2432/2919/2465 2434/2922/2465
f 2395/2845/2500 2435/2925/2500 2433/2923/2500
f 2394/2844/2465 2434/2922/2465 2396/2924/2465
f 2357/2849/2501 2399/2854/2501 2435/2925/2501
f 2393/2843/2452 2391/2917/2452 2390/2916/2452
f 2389/2913/2451 2388/2912/2451 2390/2916/2451
f 2389/2913/2450 2387/2914/2450 2386/2908/2450
f 2385/2905/2449 2384/2904/2449 2386/2908/2449
f 2385/2905/2448 2383/2901/2448 2382/2900/2448
f 2381/2897/2447 2380/2896/2447 2382/2900/2447
f 2381/2897/2446 2379/2893/2446 2378/2892/2446
f 2377/2889/2445 2376/2888/2445 2378/2892/2445
f 2377/2889/2464 2375/2885/2464 2374/2884/2464
f 2373/2881/2463 2372/2880/2463 2374/2884/2463
f 2373/2881/2462 2371/2877/2462 2370/2876/2462
f 2369/2873/2461 2368/2872/2461 2370/2876/2461
f 2369/2873/2460 2367/2874/2460 2366/2868/2460
f 2365/2865/2459 2364/2864/2459 2366/2868/2459
f 2365/2865/2458 2363/2861/2458 2362/2860/2458
f 2361/2857/2457 2360/2856/2457 2362/2860/2457
f 2361/2857/2456 2359/2853/2456 2358/2852/2456
f 2357/2849/2455 2356/2850/2455 2358/2852/2455
f 2455/2846/2464 2436/2848/2464 2396/2926/2464
f 2454/2842/2463 2455/2846/2463 2434/2927/2463
f 2453/2840/2462 2454/2842/2462 2432/2928/2462
f 2452/2839/2461 2453/2840/2461 2430/2929/2461
f 2451/2837/2460 2452/2839/2460 2428/2930/2460
f 2450/2836/2459 2451/2837/2459 2426/2931/2459
f 2449/2834/2458 2450/2836/2458 2424/2932/2458
f 2448/2833/2457 2449/2834/2457 2422/2933/2457
f 2447/2831/2456 2448/2833/2456 2420/2934/2456
f 2446/2830/2455 2447/2831/2455 2418/2935/2455
f 2445/2828/2454 2446/2830/2454 2416/2936/2454
f 2444/2827/2453 2445/2828/2453 2414/2937/2453
f 2443/2825/2452 2444/2827/2452 2412/2938/2452
f 2442/2824/2451 2443/2825/2451 2410/2939/2451
f 2441/2822/2450 2442/2824/2450 2408/2940/2450
f 2440/2821/2449 2441/2822/2449 2406/2941/2449
f 2439/2819/2448 2440/2821/2448 2404/2942/2448
f 2438/2818/2447 2439/2819/2447 2402/2943/2447
f 2437/2815/2446 2438/2818/2446 2400/2944/2446
f 2436/2816/2445 2437/2815/2445 2397/2945/2445
